P0,ndot,tads,alpha,beta,PI,Pl,purity_s1,recovery_s1,productivity_s1,energy_s1,final_purity,final_recovery,overall_recovery
100146.484375,1.441162109375,376.591796875,0.20532226562500003,0.28911132812500007,12299.598217010498,7261.71875,0.43436333020198414,0.9981623592104825,3.6687932045244826e-5,193.80805185765138,0.43436333020198414,0.9981623592104825,0.9981623592104825
100219.7265625,0.9705810546875,309.6044921875,0.32404785156250004,0.19587402343750002,47006.895899772644,7884.765625,0.31195850466089226,1.000130166050725,2.6744455031061635e-5,229.16066444804983,0.31195850466089226,1.000130166050725,1.000130166050725
100439.453125,1.064697265625,212.236328125,0.24604492187500002,0.26713867187500007,18776.16262435913,8753.90625,0.32842171856930497,1.0003208979212654,3.035852788736699e-5,191.29124199972367,0.32842171856930497,1.0003208979212654,1.0003208979212654
100732.421875,0.688232421875,239.130859375,0.25161132812500003,0.3951660156250001,33195.40739059448,4277.34375,0.3057402062822455,1.0000846795154719,2.178650304105759e-5,267.097221865998,0.3057402062822455,1.0000846795154719,1.0000846795154719
100805.6640625,1.7235107421875,340.8154296875,0.22150878906250002,0.11325683593750001,19775.334239006042,4900.390625,0.3936326372108172,0.9971736472317653,4.340072437429005e-5,235.72394093791956,0.3936326372108172,0.9971736472317653,0.9971736472317653
101025.390625,1.817626953125,94.697265625,0.292333984375,0.34858398437500004,27757.3561668396,3769.53125,0.2951488791996392,1.0000106479502766,5.176177995923242e-5,298.832459416653,0.2951488791996392,1.0000106479502766,1.0000106479502766
101098.6328125,0.5941162109375,165.8349609375,0.17844238281250002,0.1428466796875,24104.241251945496,3392.578125,0.25870649662940814,0.9999799878869667,2.2062616842359024e-5,260.9802380011171,0.25870649662940814,0.9999799878869667,0.9999799878869667
101318.359375,1.060302734375,117.607421875,0.337744140625,0.17075195312500002,50141.97492599487,4605.46875,0.2473709092794156,1.0002070343663714,3.4504028532660196e-5,292.1718467475478,0.2473709092794156,1.0002070343663714,1.0002070343663714
101391.6015625,1.5272216796875,228.5888671875,0.1517822265625,0.34001464843750007,6803.728938102722,4228.515625,0.420803616186194,0.9993484588826892,4.0566722240510864e-5,213.9611450116646,0.420803616186194,0.9993484588826892,0.9993484588826892
101611.328125,1.433837890625,303.876953125,0.38081054687500004,0.12299804687500002,44632.508754730225,3097.65625,0.2950548155197266,0.999146243893792,3.7502924463554686e-5,385.66528804333217,0.2950548155197266,0.999146243893792,0.999146243893792
101684.5703125,1.1536865234375,360.4052734375,0.11105957031250001,0.3660888671875,12176.358103752136,3720.703125,0.4733786749184814,0.9987757704425024,3.0575884577383535e-5,200.34102637249723,0.4733786749184814,0.9987757704425024,0.9987757704425024
101904.296875,1.807373046875,150.146484375,0.12153320312500002,0.22055664062500002,19067.431926727295,7621.09375,0.3958918277101346,0.9990576727268207,4.828430715359395e-5,155.97539923964226,0.3958918277101346,0.9990576727268207,0.9990576727268207
101977.5390625,0.7801513671875,89.7998046875,0.3867431640625001,0.27614746093750003,37436.05124950409,7244.140625,0.2173426932248634,1.0010881629514101,3.102638845371847e-5,258.1045103861657,0.2173426932248634,1.0010881629514101,1.0010881629514101
102197.265625,0.686767578125,356.337890625,0.164599609375,0.18569335937500003,24295.75490951538,8113.28125,0.35803411792168294,0.9999925910064967,1.991974091612922e-5,167.9259098154023,0.35803411792168294,0.9999925910064967,0.9999925910064967
102270.5078125,1.9007568359375,244.1943359375,0.34602050781250004,0.31745605468750004,33155.04539012909,8736.328125,0.351549030211693,0.9994762553868177,4.8363944552052056e-5,236.8658140191995,0.351549030211693,0.9994762553868177,0.9994762553868177
102490.234375,0.562255859375,187.998046875,0.3951660156250001,0.3570800781250001,15131.370067596436,9949.21875,0.24599917248633416,1.0012208445188524,2.010200511980313e-5,227.97872405820826,0.24599917248633416,1.0012208445188524,1.0012208445188524
102563.4765625,1.9666748046875,131.6357421875,0.1342041015625,0.15134277343750002,43936.78176403046,9322.265625,0.3781573262693954,0.99887889963185,5.218585299308717e-5,146.62452385773935,0.3781573262693954,0.99887889963185,0.99887889963185
102783.203125,1.685791015625,395.517578125,0.36088867187500007,0.38666992187500004,7121.804714202881,6441.40625,0.3806744216750823,0.9909731987686368,4.193969700744699e-5,292.243915975896,0.3806744216750823,0.9909731987686368,0.9909731987686368
102856.4453125,0.8431396484375,284.7021484375,0.1661376953125,0.1047607421875,48803.242564201355,6814.453125,0.3456402375256787,0.9999808032956489,2.4397863315607313e-5,181.4966977209578,0.3456402375256787,0.9999808032956489,0.9999808032956489
103076.171875,1.309326171875,71.787109375,0.14145507812500002,0.252197265625,33062.22867965698,2964.84375,0.2632808894963151,1.0000055280913496,4.476749417321315e-5,260.19893268721336,0.2632808894963151,1.0000055280913496,1.0000055280913496
103149.4140625,1.2196044921875,184.0966796875,0.3316650390625,0.23278808593750003,23434.231638908386,2337.890625,0.28972754829402375,0.9995865336564588,3.5169758171125296e-5,382.21199424542897,0.28972754829402375,0.9995865336564588,0.9995865336564588
103369.140625,0.938720703125,256.728515625,0.107177734375,0.304052734375,39653.67269515991,5457.03125,0.38812975385514786,0.9995619834661645,2.7073879413150096e-5,176.77788252242075,0.38812975385514786,0.9995619834661645,0.9995619834661645
103442.3828125,1.5902099609375,317.2412109375,0.36359863281250004,0.21081542968750003,19890.95389842987,5830.078125,0.3244798650085045,0.9990564541638576,4.08290727873849e-5,293.5779651115609,0.3244798650085045,0.9990564541638576,0.9990564541638576
103662.109375,1.939208984375,279.638671875,0.22290039062500003,0.18247070312500002,40021.5220451355,2167.96875,0.3949195616587765,0.9973774886038116,4.9099324595424356e-5,330.7132751049244,0.3949195616587765,0.9973774886038116,0.9973774886038116
103735.3515625,0.5311279296875,379.9951171875,0.26662597656250003,0.31423339843750003,11825.892329216003,2541.015625,0.3083215236751665,0.9996449294768769,1.646764328632431e-5,331.7809065870746,0.3083215236751665,0.9996449294768769,0.9996449294768769
103955.078125,0.812744140625,136.533203125,0.190966796875,0.22377929687500003,46346.17757797241,5660.15625,0.2693384793897572,1.0005133323673463,2.828877006066328e-5,220.94461999474046,0.2693384793897572,1.0005133323673463,1.0005133323673463
104028.3203125,1.6575927734375,203.6865234375,0.3009033203125,0.27937011718750004,8692.120432853699,5033.203125,0.33701381669421404,0.9996890245479578,4.407901977233758e-5,276.82736132445575,0.33701381669421404,0.9996890245479578,0.9996890245479578
104248.046875,1.186279296875,333.427734375,0.30668945312500007,0.133837890625,30255.435466766357,9183.59375,0.3243376174366816,1.0000726063546732,3.148857996725044e-5,210.44060483948402,0.3243376174366816,1.0000726063546732,1.0000726063546732
104321.2890625,1.2840576171875,262.4560546875,0.2015869140625,0.3769287109375,33302.964091300964,9556.640625,0.3993951865985362,1.0000157660637365,3.449718831490455e-5,174.08071783498022,0.3993951865985362,1.0000157660637365,1.0000157660637365
104541.015625,1.565673828125,167.744140625,0.274755859375,0.159912109375,23484.384059906006,6675.78125,0.3123140439695393,1.0000645610942827,4.295571406322644e-5,229.91325236436194,0.3123140439695393,1.0000645610942827,1.0000645610942827
104614.2578125,0.9046630859375,66.2255859375,0.23586425781250003,0.32917480468750004,37388.37516307831,6048.828125,0.22275493865273496,1.0009814063654474,3.770846133503057e-5,240.66300497162132,0.22275493865273496,1.0009814063654474,1.0009814063654474
104833.984375,1.136474609375,296.904296875,0.15375976562500002,0.24692382812500002,31222.388744354248,6386.71875,0.40238905962447,0.9997136315189495,3.092521066260712e-5,184.01464125264746,0.40238905962447,0.9997136315189495,0.9997136315189495
104907.2265625,1.4158935546875,368.0419921875,0.3381103515625,0.26618652343750004,28390.71547985077,6759.765625,0.34813224408977433,0.9989380452711037,3.64736913752654e-5,266.5273791945933,0.34813224408977433,0.9989380452711037,0.9989380452711037
105126.953125,1.510009765625,121.923828125,0.110107421875,0.196826171875,38203.28664779663,9878.90625,0.3472453850314069,0.9984532742723906,4.329981472930625e-5,142.16124677725975,0.3472453850314069,0.9984532742723906,0.9984532742723906
105200.1953125,1.0423583984375,223.6083984375,0.3794189453125001,0.2899169921875,24650.280833244324,9251.953125,0.2899655083378657,1.0003695607917014,2.993181333399355e-5,236.33169495183265,0.2899655083378657,1.0003695607917014,1.0003695607917014
105419.921875,1.883544921875,350.693359375,0.387548828125,0.146728515625,15127.200603485107,5402.34375,0.3115337314676039,0.9966896675184282,4.714097868811041e-5,322.1222454424706,0.3115337314676039,0.9966896675184282,0.9966896675184282
105493.1640625,0.6688232421875,250.5029296875,0.1230712890625,0.3523193359375001,42414.29603099823,5775.390625,0.33382785057321557,1.0000812115222646,2.132519058301533e-5,188.77417789533828,0.33382785057321557,1.0000812115222646,1.0000812115222646
105712.890625,0.762939453125,153.134765625,0.34389648437500003,0.109521484375,7456.483364105225,2894.53125,0.2348917760636975,0.9998272365594782,2.678761144081176e-5,350.23506313770656,0.2348917760636975,0.9998272365594782,0.9998272365594782
105786.1328125,1.7894287109375,86.1474609375,0.16437988281250002,0.39128417968750007,47442.42179393768,2267.578125,0.3111076644166974,0.9996739773072852,5.294343338192733e-5,285.94527468005566,0.3111076644166974,0.9996739773072852,0.9996739773072852
106005.859375,1.364990234375,218.544921875,0.32368164062500004,0.3629394531250001,25142.646312713623,5730.46875,0.3319404213573062,0.9998333203346641,3.743745095249787e-5,275.2036858919988,0.3319404213573062,0.9998333203346641,0.9998333203346641
106079.1015625,1.0819091796875,106.4013671875,0.20334472656250002,0.11970214843750002,33975.14617443085,5103.515625,0.26250053127984346,1.0002353213503994,3.638284145515142e-5,233.33649928711299,0.26250053127984346,1.0002353213503994,1.0002353213503994
106298.828125,0.988525390625,372.939453125,0.28237304687500003,0.34331054687500007,17117.738246917725,2222.65625,0.3579815533752289,0.9988293063274317,2.7004666183012093e-5,370.38843063738557,0.3579815533752289,0.9988293063274317,0.9988293063274317
106372.0703125,1.4583740234375,312.5927734375,0.24699707031250004,0.17390136718750002,39340.39008617401,2595.703125,0.3636561403970584,0.9986735782603814,3.8195863320439e-5,325.45780553386834,0.3636561403970584,0.9986735782603814,0.9986735782603814
106591.796875,0.612060546875,102.333984375,0.21997070312500003,0.31899414062500003,45954.30326461792,6746.09375,0.22584150574377793,1.001143947525113,2.6998399618866164e-5,226.53869107867578,0.22584150574377793,1.001143947525113,1.001143947525113
106665.0390625,1.8348388671875,158.8623046875,0.25080566406250004,0.18708496093750002,12885.315775871277,6119.140625,0.3310678743103607,0.9999497650288446,4.927684471071332e-5,231.51966494273088,0.3310678743103607,0.9999497650288446,0.9999497650288446
106884.765625,1.741455078125,234.150390625,0.17866210937500002,0.274755859375,51435.067653656006,9238.28125,0.41455304040716345,0.9994865636846465,4.523537628105655e-5,168.795099218897,0.41455304040716345,0.9994865636846465,0.9994865636846465
106958.0078125,0.7054443359375,345.1318359375,0.29445800781250003,0.21901855468750003,10885.804057121277,9611.328125,0.30752124285281696,1.000396183934484,2.062301833663195e-5,203.8740859922596,0.30752124285281696,1.000396183934484,1.000396183934484
107177.734375,1.663818359375,140.185546875,0.26860351562500007,0.108642578125,40321.21992111206,8824.21875,0.2998048251548227,1.0003154739722837,4.613268118667544e-5,201.22730598580148,0.2998048251548227,1.0003154739722837,1.0003154739722837
107250.9765625,0.8182373046875,200.6982421875,0.22326660156250003,0.3904052734375001,21010.252833366394,8447.265625,0.3094815615276114,1.0006841850235362,2.580052346446386e-5,197.36405424519714,0.3094815615276114,1.0006841850235362,1.0006841850235362
107470.703125,0.537353515625,273.330078125,0.29995117187500003,0.147607421875,34854.989528656006,7316.40625,0.26135684722613023,1.0003957092687337,1.7996594735128135e-5,231.82524035377708,0.26135684722613023,1.0003957092687337,1.0003957092687337
107543.9453125,1.9447021484375,385.6396484375,0.1895751953125,0.35319824218750007,26010.624766349792,7939.453125,0.47316552443140575,0.928082852229268,4.4680568070100046e-5,198.38127711164026,0.47316552443140575,0.928082852229268,0.928082852229268
107763.671875,0.910888671875,172.724609375,0.202392578125,0.210009765625,5916.781902313232,3839.84375,0.29182282983249974,0.9999114926655553,2.9189604953753457e-5,256.77363056270775,0.29182282983249974,0.9999114926655553,0.9999114926655553
107836.9140625,1.5711669921875,61.9091796875,0.3082275390625,0.3031005859375,52674.31342601776,3462.890625,0.24066899275882112,1.0002450891684405,5.2317250814760624e-5,316.9815326965911,0.24066899275882112,1.0002450891684405,1.0002450891684405
108056.640625,1.290283203125,325.791015625,0.23374023437500002,0.23374023437500002,12363.999843597412,4332.03125,0.37385809960273925,0.9992812422699717,3.429664712788791e-5,262.2149947429667,0.37385809960273925,0.9992812422699717,0.9992812422699717
108129.8828125,1.1917724609375,269.4287109375,0.2745361328125,0.25300292968750004,46859.124064445496,4955.078125,0.3362002442352362,0.9997618689364126,3.283077230527343e-5,267.7019651492072,0.3362002442352362,0.9997618689364126,0.9997618689364126
108349.609375,0.837646484375,391.201171875,0.133837890625,0.28090820312500003,20444.770336151123,3042.96875,0.4051323126632006,0.9992748190938395,2.3482922803857745e-5,235.11788556492894,0.4051323126632006,0.9992748190938395,0.9992748190938395
108422.8515625,1.6795654296875,289.6826171875,0.3931884765625,0.22517089843750002,36083.68957042694,3666.015625,0.31063061417231314,0.9989038460438745,4.34964549409039e-5,380.34826271433315,0.31063061417231314,0.9989038460438745,0.9989038460438745
108642.578125,1.961181640625,194.970703125,0.167529296875,0.312841796875,27264.665126800537,4535.15625,0.41159559859860595,0.9993379134188608,5.128441904974908e-5,223.73800450769124,0.41159559859860595,0.9993379134188608,0.9993379134188608
108715.8203125,0.5560302734375,123.9990234375,0.3618408203125001,0.18093261718750003,30814.541697502136,4158.203125,0.20975193670347045,1.0002090060277278,2.4476173559274802e-5,312.4999847296845,0.20975193670347045,1.0002090060277278,1.0002090060277278
108935.546875,1.584716796875,253.740234375,0.33012695312500007,0.326025390625,50411.50236129761,8058.59375,0.34539852103977353,0.9998301287318465,4.169672905452839e-5,244.91293653271123,0.34539852103977353,0.9998301287318465,0.9998301287318465
109008.7890625,0.9324951171875,320.8935546875,0.1406494140625,0.1566162109375,13458.57322216034,8681.640625,0.3837123483708323,0.999688628472333,2.6137502918204474e-5,159.11351289276158,0.3837123483708323,0.999688628472333,0.999688628472333
109228.515625,1.214111328125,77.431640625,0.36381835937500007,0.380224609375,44755.746364593506,7550.78125,0.23839966773475768,1.0012210330169917,4.242995853700725e-5,253.12296116764827,0.23839966773475768,1.0012210330169917,1.0012210330169917
109301.7578125,1.3031005859375,177.7880859375,0.10930175781250001,0.1369873046875,17826.027750968933,7173.828125,0.36491334223995303,0.9994906418395128,3.7291643007352095e-5,162.97433381826679,0.36491334223995303,0.9994906418395128,0.9994906418395128
109521.484375,0.738037109375,68.466796875,0.28969726562500003,0.20473632812500003,18639.258861541748,5011.71875,0.20301707634800137,1.0008703479509946,3.530440303988017e-5,272.58485757877776,0.20301707634800137,1.0008703479509946,1.0008703479509946
109594.7265625,1.7674560546875,171.4794921875,0.18342285156250002,0.29899902343750007,40430.26626110077,5634.765625,0.3746122733216754,0.9998107579731589,4.7728324299354936e-5,213.98953122944428,0.3746122733216754,0.9998107579731589,0.9998107579731589
109814.453125,1.861572265625,265.361328125,0.25541992187500007,0.23901367187500003,23357.76662826538,2503.90625,0.3741725875761669,0.9983051685638712,4.795931761631524e-5,343.067217075084,0.3741725875761669,0.9983051685638712,0.9983051685638712
110107.421875,1.485107421875,207.255859375,0.24223632812500004,0.10454101562500001,53641.33024215698,6027.34375,0.32614251203957034,0.9998517490618446,4.0617149327861126e-5,230.45732644312614,0.32614251203957034,0.9998517490618446,0.9998517490618446
110180.6640625,1.0203857421875,138.9404296875,0.28713378906250003,0.3851318359375,8861.882090568542,6650.390625,0.27811776636219093,1.0006686045618114,3.314447505509724e-5,243.83829420372086,0.27811776636219093,1.0006686045618114,1.0006686045618114
110400.390625,1.114501953125,381.572265625,0.20795898437500002,0.15170898437500002,48664.8268699646,9519.53125,0.3791916903311047,0.9998936728971887,2.9684296325675117e-5,177.6444076440267,0.3791916903311047,0.9998936728971887,0.9998936728971887
110473.6328125,1.3909912109375,282.7099609375,0.3190673828125,0.35847167968750004,16423.577189445496,9142.578125,0.35406762000136854,0.9999866129476914,3.699142327260287e-5,229.08882621744672,0.35406762000136854,0.9999866129476914,0.9999866129476914
110693.359375,1.763427734375,319.482421875,0.15961914062500002,0.33012695312500007,38133.24689865112,6855.46875,0.46948929166755604,0.9975300399784807,4.482177808613935e-5,190.51425217354708,0.46948929166755604,0.9975300399784807,0.9975300399784807
110766.6015625,0.7303466796875,260.4638671875,0.34865722656250003,0.1618896484375,22943.285822868347,6478.515625,0.26498980737401145,1.0002584219681236,2.279255647775146e-5,265.50056424936764,0.26498980737401145,1.0002584219681236,1.0002584219681236
110986.328125,0.636962890625,187.001953125,0.127685546875,0.3761230468750001,33659.669399261475,9347.65625,0.2923825825851434,1.0006337532816099,2.248370675506781e-5,167.2287855840425,0.2923825825851434,1.0006337532816099,1.0006337532816099
111059.5703125,1.8568115234375,73.5302734375,0.3829345703125,0.1317138671875,30959.46967601776,9970.703125,0.23873779834069891,1.0009805390502478,5.5359496436283584e-5,225.5747080190664,0.23873779834069891,1.0009805390502478,1.0009805390502478
111279.296875,1.010498046875,288.271484375,0.3746582031250001,0.28618164062500007,11241.626262664795,5871.09375,0.2989456461231643,0.9999312299194834,2.8621472450303376e-5,297.2956375938514,0.2989456461231643,0.9999312299194834,0.9999312299194834
111352.5390625,1.4832763671875,397.9248046875,0.1148681640625,0.22927246093750003,51106.46140575409,5494.140625,0.49708518907451554,0.9954073200625208,3.778525387953613e-5,182.02404515154822,0.49708518907451554,0.9954073200625208,0.9954073200625208
111572.265625,1.389892578125,133.212890625,0.34272460937500004,0.30756835937500004,14127.78615951538,2363.28125,0.27655705522904495,0.9996978989675296,4.1848740244678356e-5,389.1581917694244,0.27655705522904495,0.9996978989675296,0.9996978989675296
111645.5078125,1.1038818359375,191.0693359375,0.14914550781250002,0.17683105468750002,44974.25925731659,2986.328125,0.33144755123834774,0.9996162759526139,3.3096006014368084e-5,250.42038979439215,0.33144755123834774,0.9996162759526139,0.9996162759526139
111865.234375,1.265380859375,241.123046875,0.10454101562500001,0.14145507812500002,28209.128856658936,3699.21875,0.3968664214532217,0.999374428989297,3.52731545763487e-5,204.7227928574254,0.3968664214532217,0.999374428989297,0.999374428989297
111938.4765625,1.1697998046875,354.7607421875,0.36857910156250007,0.34821777343750004,31832.411646842957,3072.265625,0.3323908160040729,0.9989807280591168,3.1503547613694624e-5,393.32755115081636,0.3323908160040729,0.9989807280591168,0.9989807280591168
112158.203125,0.888916015625,87.392578125,0.145263671875,0.11479492187500001,22813.21096420288,4191.40625,0.23787571760368328,1.0001872481357506,3.562348664595381e-5,241.2646626290722,0.23787571760368328,1.0001872481357506,1.0001872481357506
112231.4453125,1.5462646484375,146.5771484375,0.32551269531250004,0.3953857421875,38583.760142326355,4564.453125,0.3076921427279977,0.9998940153057327,4.430981404874255e-5,304.76165335979147,0.3076921427279977,0.9998940153057327,0.9998940153057327
112451.171875,0.512451171875,358.662109375,0.3570800781250001,0.24282226562500003,45577.42643356323,8714.84375,0.26961073744692293,1.0004547559702877,1.6403858676033044e-5,238.38661527227285,0.26961073744692293,1.0004547559702877,1.0004547559702877
112524.4140625,1.9227294921875,300.9716796875,0.1722900390625,0.26091308593750007,18190.85395336151,8087.890625,0.4501021973517213,0.9974269632640899,4.858532840929022e-5,183.48563897011647,0.4501021973517213,0.9974269632640899,0.9974269632640899
112744.140625,1.641845703125,224.853515625,0.397802734375,0.200927734375,51258.71419906616,7207.03125,0.2916317098137479,1.0000296630750014,4.3792989968049875e-5,284.58581562881494,0.2916317098137479,1.0000296630750014,1.0000296630750014
112817.3828125,0.7933349609375,115.3662109375,0.12922363281250002,0.29519042968750003,11859.734416007996,7580.078125,0.2601993867358026,1.000775679396074,3.0202133699856074e-5,188.6600192342129,0.2601993867358026,1.000775679396074,1.000775679396074
113037.109375,1.236083984375,162.763671875,0.269775390625,0.323095703125,37564.857006073,8417.96875,0.30552026437168733,1.0004162339755645,3.6688489612424685e-5,216.12800462459717,0.30552026437168733,1.0004162339755645,1.0004162339755645
113110.3515625,1.3280029296875,93.1201171875,0.23850097656250002,0.19235839843750002,28230.189204216003,8791.015625,0.2625623031649149,1.000664612369142,4.3166005370853786e-5,201.1861941045134,0.2625623031649149,1.000664612369142,1.000664612369142
113330.078125,1.609619140625,338.408203125,0.312841796875,0.27065429687500003,43119.37093734741,7910.15625,0.35963956634844324,0.9991014335921375,4.1426998754540876e-5,246.9220549027034,0.35963956634844324,0.9991014335921375,0.9991014335921375
113403.3203125,0.9544677734375,235.5615234375,0.19777832031250003,0.21374511718750003,21942.2425031662,7283.203125,0.3258602049475813,1.0001467295596742,2.8413538607998412e-5,200.87108686918916,0.3258602049475813,1.0001467295596742,1.0001467295596742
113623.046875,1.983154296875,110.302734375,0.184814453125,0.36821289062500007,11278.689861297607,3433.59375,0.33704882122396446,0.9997149456121002,5.5814134044593165e-5,263.03642183385205,0.33704882122396446,0.9997149456121002,0.9997149456121002
113696.2890625,0.5809326171875,209.3310546875,0.30471191406250003,0.1238037109375,48288.46824169159,3806.640625,0.24114541999272981,1.0000022070815633,2.1170765639009636e-5,305.11768297817935,0.24114541999272981,1.0000022070815633,1.0000022070815633
113916.015625,0.862548828125,305.869140625,0.22788085937500002,0.33803710937500003,6221.505641937256,4925.78125,0.34163955953360015,0.9998220176328406,2.5224907359211706e-5,251.22764447526046,0.34163955953360015,0.9998220176328406,0.9998220176328406
113989.2578125,1.7015380859375,374.3505859375,0.26398925781250004,0.1697998046875,54820.41251659393,4298.828125,0.3735802177972933,0.9969984723387065,4.323161042473831e-5,290.67039958583075,0.3735802177972933,0.9969984723387065,0.9969984723387065
114208.984375,1.839599609375,180.029296875,0.35063476562500007,0.25629882812500004,47612.708568573,4136.71875,0.30726055618878423,0.9996836301899887,4.95520651229256e-5,334.58205215740355,0.30726055618878423,0.9996836301899887,0.9996836301899887
114282.2265625,0.6190185546875,81.1669921875,0.15998535156250002,0.23806152343750003,11332.823634147644,4509.765625,0.21067120093208455,1.000602495465009,3.1552862705559665e-5,251.5255676556642,0.21067120093208455,1.000602495465009,1.000602495465009
114501.953125,0.713134765625,323.798828125,0.3819824218750001,0.29995117187500003,54292.33694076538,3628.90625,0.2809151124563307,0.9998106634709797,2.1700102289623517e-5,360.91388606677646,0.2809151124563307,0.9998106634709797,0.9998106634709797
114794.921875,1.086669921875,127.568359375,0.115673828125,0.36235351562500007,28472.171306610107,7152.34375,0.30452944880172794,1.0003515203294877,3.568183880129785e-5,182.59462185513254,0.30452944880172794,1.0003515203294877,1.0003515203294877
114868.1640625,1.3719482421875,197.3779296875,0.3761962890625,0.1554443359375,38657.39905834198,7525.390625,0.2752073921645205,1.0002414147263217,3.867570115870329e-5,265.74534260572347,0.2752073921645205,1.0002414147263217,1.0002414147263217
115087.890625,1.466064453125,291.259765625,0.147021484375,0.38139648437500007,23806.214809417725,8644.53125,0.4453814399439541,0.9992593292100826,3.8777574326633796e-5,172.97521817275583,0.4453814399439541,0.9992593292100826,0.9992593292100826
115161.1328125,0.9925537109375,394.2724609375,0.3425048828125,0.1006591796875,44500.10001659393,8017.578125,0.2977620094619598,1.0000605141787258,2.7083885569021988e-5,248.66869953310461,0.2977620094619598,1.0000605141787258,1.0000605141787258
115380.859375,0.661865234375,271.669921875,0.18305664062500002,0.128564453125,17519.538402557373,7980.46875,0.3014912143906157,1.000275515210839,2.122975373280224e-5,189.91197680277438,0.3014912143906157,1.000275515210839,1.000275515210839
115454.1015625,1.8787841796875,329.5263671875,0.2877197265625,0.3728271484375001,45564.10491466522,7353.515625,0.4029108793338554,0.9971114771969927,4.7538358945767896e-5,252.03744782582856,0.4029108793338554,0.9971114771969927,0.9971114771969927
115673.828125,1.785400390625,64.814453125,0.21674804687500002,0.16518554687500003,12112.306118011475,8472.65625,0.2582109342505235,1.0013005882326798,5.648308025776993e-5,200.15162265688033,0.2582109342505235,1.0013005882326798,1.0013005882326798
115747.0703125,0.7552490234375,174.4677734375,0.25637207031250003,0.33327636718750003,52116.116404533386,8845.703125,0.2711468415101175,1.0008187275232465,2.6039636007587524e-5,210.27542977769446,0.2711468415101175,1.0008187275232465,1.0008187275232465
115966.796875,1.408935546875,389.208984375,0.28559570312500004,0.17836914062500003,34723.83451461792,4996.09375,0.35268141628435895,0.9988942160122063,3.667077697427607e-5,285.0464622148843,0.35268141628435895,0.9988942160122063,0.9988942160122063
116040.0390625,1.1317138671875,275.7373046875,0.24143066406250002,0.3089599609375,30500.367045402527,4369.140625,0.34745454101176004,0.9996307475008729,3.1878503001068506e-5,271.83855022530224,0.34745454101176004,0.9996307475008729,0.9996307475008729
116259.765625,1.038330078125,202.275390625,0.31928710937500004,0.22788085937500002,40280.648708343506,3488.28125,0.2803349898945299,0.9998104290940814,3.1630983379322905e-5,330.72924965872704,0.2803349898945299,0.9998104290940814,0.9998104290940814
116333.0078125,1.5023193359375,143.2568359375,0.21008300781250003,0.2846435546875,24106.446146965027,3861.328125,0.3180891598868702,0.999817953394845,4.4044486183356866e-5,265.9040458452705,0.3180891598868702,0.999817953394845,0.999817953394845
116552.734375,0.960693359375,342.060546875,0.24047851562500003,0.399267578125,53951.83515548706,2574.21875,0.36351713440031036,0.9992015560753504,2.717009879444719e-5,330.0733612873267,0.36351713440031036,0.9992015560753504,0.9992015560753504
116625.9765625,1.6151123046875,232.5732421875,0.2701416015625,0.1185302734375,9033.629298210144,2197.265625,0.32354338033725466,0.9991058553157375,4.3588583795955036e-5,365.36068808048157,0.32354338033725466,0.9991058553157375,0.9991058553157375
116845.703125,1.334228515625,156.455078125,0.196826171875,0.34448242187500006,48392.465114593506,5066.40625,0.324699523705728,1.000025093390765,3.9744095532423034e-5,237.22581549372222,0.324699523705728,1.000025093390765,1.000025093390765
116918.9453125,1.2415771484375,98.7646484375,0.31145019531250007,0.1375732421875,18250.676035881042,5689.453125,0.24074445824041268,1.0003594231299735,4.1870532731365746e-5,266.6236857819857,0.24074445824041268,1.0003594231299735,1.0003594231299735
117138.671875,1.707763671875,310.849609375,0.305517578125,0.29438476562500004,25398.166179656982,9589.84375,0.3651774347009142,0.9994358046171672,4.403588344183198e-5,227.75225433310848,0.3651774347009142,0.9994358046171672,0.9994358046171672
117211.9140625,0.8680419921875,370.0341796875,0.18635253906250002,0.19997558593750003,40409.146189689636,9212.890625,0.3639816126947379,1.000020710207025,2.45136150548888e-5,180.19008841813485,0.3639816126947379,1.000020710207025,1.000020710207025
117431.640625,0.587158203125,102.666015625,0.26186523437500003,0.26186523437500003,29392.014980316162,6082.03125,0.2122091770488513,1.0009660431004488,2.8113078247154273e-5,249.1232375965726,0.2122091770488513,1.0009660431004488,1.0009660431004488
117504.8828125,1.9886474609375,216.3037109375,0.22766113281250003,0.24362792968750002,33224.32792186737,6705.078125,0.3752612366736858,0.9996376192988211,5.194272974979051e-5,226.7623204291772,0.3752612366736858,0.9996376192988211,0.9996376192988211
117724.609375,1.540771484375,83.076171875,0.36821289062500007,0.21528320312500002,12221.625804901123,9292.96875,0.24069757754365995,1.0008709073897466,4.9282326282307704e-5,234.9009335154642,0.24069757754365995,1.0008709073897466,1.0008709073897466
117797.8515625,0.8826904296875,151.5576171875,0.1025634765625,0.27204589843750004,58169.44396495819,9916.015625,0.3000629905127068,0.9995570817269762,2.9880928676479774e-5,157.81686247206287,0.3000629905127068,0.9995570817269762,0.9995570817269762
118017.578125,1.164306640625,248.095703125,0.326904296875,0.190966796875,15939.591884613037,6785.15625,0.29630039799094177,1.0000445073761923,3.312494197981879e-5,262.681501663556,0.29630039799094177,1.0000445073761923,1.0000445073761923
118090.8203125,1.2591552734375,347.1240234375,0.14621582031250002,0.32155761718750003,52452.908396720886,6408.203125,0.43396486417627556,0.9993426479631643,3.373281690007376e-5,195.53670384295793,0.43396486417627556,0.9993426479631643,0.9993426479631643
118310.546875,0.787841796875,221.865234375,0.17075195312500002,0.16665039062500003,41751.52921676636,2308.59375,0.2974466242131369,0.9995667538604193,2.5761129448836717e-5,291.59489985287246,0.2974466242131369,0.9995667538604193,0.9995667538604193
118383.7890625,1.6356201171875,119.0185546875,0.35627441406250004,0.33474121093750003,17587.326884269714,2931.640625,0.2763815318009963,0.999829362913316,4.8679360733984675e-5,374.06997071035033,0.2763815318009963,0.999829362913316,0.999829362913316
118603.515625,1.917236328125,364.306640625,0.129443359375,0.127099609375,36391.427516937256,5800.78125,0.48035370501703695,0.9856980453530892,4.752825054062545e-5,191.97083623597428,0.48035370501703695,0.9856980453530892,0.9856980453530892
118676.7578125,0.5062255859375,294.6630859375,0.3999267578125001,0.3713623046875001,25944.527506828308,5423.828125,0.2556068549963146,1.0001985673411453,1.7653772227345324e-5,312.5740841138403,0.2556068549963146,1.0001985673411453,1.0001985673411453
118896.484375,0.972412109375,227.841796875,0.111572265625,0.120361328125,49183.6314201355,6761.71875,0.3455832215565585,0.9997781523684314,2.9387571369596335e-5,177.06133669455454,0.3455832215565585,0.9997781523684314,0.9997781523684314
118969.7265625,1.4393310546875,118.3544921875,0.38029785156250007,0.3646240234375,19076.414942741394,6384.765625,0.2674346540830998,1.000313384373144,4.4347109404020607e-5,287.99651366830864,0.2674346540830998,1.000313384373144,1.000313384373144
119189.453125,1.345947265625,360.986328125,0.15229492187500002,0.173388671875,56030.55715560913,9253.90625,0.42524554448039725,0.9992267366059232,3.544027599416819e-5,169.31678049634775,0.42524554448039725,0.9992267366059232,0.9992267366059232
119482.421875,1.719482421875,90.380859375,0.34536132812500003,0.18891601562500002,29518.283367156982,5777.34375,0.2510698646551194,1.0003072192792697,5.279815639388995e-5,281.29485765173393,0.2510698646551194,1.0003072192792697,1.0003072192792697
119555.6640625,0.6922607421875,149.5654296875,0.16525878906250002,0.31950683593750007,33372.38013744354,5400.390625,0.2591728178581289,1.0005968258551459,2.6643471909005283e-5,228.60352820973569,0.2591728178581289,1.0005968258551459,1.0005968258551459
119775.390625,0.598876953125,243.447265625,0.386083984375,0.217333984375,21034.8219871521,2269.53125,0.24060561258381388,0.999755422851629,2.1081011918293653e-5,414.3077396049579,0.24060561258381388,0.999755422851629,0.999755422851629
119848.6328125,1.8128662109375,357.0849609375,0.12219238281250001,0.27409667968750007,38634.880900382996,2892.578125,0.4974906933399043,0.9920926004793117,4.5782144431917025e-5,244.635401108788,0.4974906933399043,0.9920926004793117,0.9920926004793117
120068.359375,1.529052734375,308.857421875,0.281494140625,0.264501953125,14787.726879119873,5105.46875,0.35719857440120245,0.9992646883111669,4.043276742386828e-5,284.390747886573,0.35719857440120245,0.9992646883111669,0.9992646883111669
120141.6015625,1.0584716796875,377.3388671875,0.24553222656250004,0.24626464843750004,52893.26751232147,5728.515625,0.3574272311378674,0.9996201434580292,2.9022411772101206e-5,251.34890810794084,0.3574272311378674,0.9996201434580292,0.9996201434580292
120361.328125,1.152587890625,112.626953125,0.324560546875,0.291748046875,5943.543910980225,2597.65625,0.24868369528055137,0.9998471310885398,3.952496712539215e-5,363.7667623488718,0.24868369528055137,0.9998471310885398,0.9998471310885398
120434.5703125,1.4349365234375,211.6552734375,0.20480957031250002,0.19733886718750002,59750.027537345886,2220.703125,0.34078598191553,0.9992490196932569,4.0417103088352656e-5,319.083505195761,0.34078598191553,0.9992490196932569,0.9992490196932569
120654.296875,0.776123046875,341.396484375,0.177783203125,0.351806640625,37379.565715789795,6121.09375,0.355811374535333,0.9999310329449026,2.3064089764625286e-5,215.79424919095575,0.355811374535333,0.9999310329449026,0.9999310329449026
120727.5390625,1.8114013671875,238.5498046875,0.29299316406250003,0.1448974609375,26995.49949169159,6744.140625,0.3269349453983018,0.9997417220963128,4.7821308226208806e-5,255.3521187257764,0.3269349453983018,0.9997417220963128,0.9997417220963128
120947.265625,1.905517578125,165.087890625,0.22084960937500003,0.391943359375,44654.27541732788,9613.28125,0.368016354079938,1.000014752717615,5.1606413218604957e-5,197.9213049213859,0.368016354079938,1.000014752717615,1.000014752717615
121020.5078125,0.6820068359375,95.4443359375,0.25227050781250004,0.1112060546875,22743.30222606659,9236.328125,0.21254909051153456,1.0013286951860318,3.100642725220533e-5,207.3118176411652,0.21254909051153456,1.0013286951860318,1.0013286951860318
121240.234375,1.968505859375,379.248046875,0.30141601562500003,0.22583007812500003,57384.910106658936,8449.21875,0.37124855702901005,0.9912415827733941,4.898801230235897e-5,246.7668080512779,0.37124855702901005,0.9912415827733941,0.9912415827733941
121313.4765625,0.5604248046875,280.3857421875,0.19045410156250003,0.2825927734375,9467.665553092957,8822.265625,0.2923525785043205,1.0007087977209213,1.9098350799033054e-5,193.16595988242477,0.2923525785043205,1.0007087977209213,1.0007087977209213
121533.203125,0.842041015625,204.267578125,0.26713867187500007,0.180419921875,51661.47756576538,7941.40625,0.2738810317899693,1.0003523409577897,2.7357198936045564e-5,223.9465957604479,0.2738810317899693,1.0003523409577897,1.0003523409577897
121606.4453125,1.6868896484375,135.9521484375,0.22238769531250002,0.3110107421875,14196.431040763855,7314.453125,0.3217811589501867,1.0001794386335618,4.8569720876471345e-5,219.17490460018803,0.3217811589501867,1.0001794386335618,1.0001794386335618
121826.171875,1.215576171875,263.037109375,0.23520507812500002,0.158447265625,21108.859539031982,3464.84375,0.32840831066044807,0.9994991930801652,3.437329772507517e-5,293.3240586464904,0.32840831066044807,0.9994991930801652,0.9994991930801652
121899.4140625,1.3133544921875,332.8466796875,0.27541503906250003,0.3265380859375,46155.850291252136,3837.890625,0.3623701609792409,0.999101839182088,3.5422118004026114e-5,315.1517107501818,0.3623701609792409,0.999101839182088,0.999101839182088
122119.140625,1.594970703125,65.478515625,0.200927734375,0.135302734375,28926.621913909912,4957.03125,0.24541967719037075,1.0002905564974565,5.478976082305814e-5,245.79357768739595,0.24541967719037075,1.0002905564974565,1.0002905564974565
122192.3828125,0.9339599609375,168.4912109375,0.3073486328125,0.37956542968750007,39462.42606639862,4330.078125,0.2722029489241775,1.0000864364750586,3.114941367191944e-5,304.04264000472364,0.2722029489241775,1.0000864364750586,1.0000864364750586
122412.109375,0.532958984375,130.888671875,0.16665039062500003,0.38872070312500007,7966.468334197998,3667.96875,0.2279221185130384,1.0004870226807836,2.5109368870821708e-5,269.73608992239696,0.2279221185130384,1.0004870226807836,1.0004870226807836
122485.3515625,1.9373779296875,188.7451171875,0.3603759765625001,0.1079833984375,54010.0964307785,3041.015625,0.28384614543222303,0.9994472364225511,5.217770460989409e-5,385.89318363658083,0.28384614543222303,0.9994472364225511,0.9994472364225511
122705.078125,1.656494140625,285.283203125,0.13471679687500002,0.35502929687500007,15079.209804534912,4160.15625,0.44941648125586653,0.998810493033504,4.3737262915871194e-5,227.5492298224148,0.44941648125586653,0.998810493033504,0.998810493033504
122778.3203125,0.8138427734375,394.9365234375,0.3946533203125,0.1481201171875,48049.6643781662,4533.203125,0.2727530662696072,0.9998630138591983,2.346693844736064e-5,346.8797380474206,0.2727530662696072,0.9998630138591983,0.9998630138591983
122998.046875,1.280029296875,184.677734375,0.3629394531250001,0.302587890625,44504.21476364136,8683.59375,0.2854849760934061,1.0003390965493855,3.766570746620404e-5,253.43735877420468,0.2854849760934061,1.0003390965493855,1.0003390965493855
123071.2890625,1.1903076171875,71.2060546875,0.10783691406250001,0.2081787109375,27837.082743644714,8056.640625,0.24735527429230242,1.0006431559537843,4.5437233800701834e-5,185.1838023808774,0.24735527429230242,1.0006431559537843,1.0006431559537843
123291.015625,0.909423828125,316.494140625,0.33100585937500004,0.253662109375,37469.247341156006,7175.78125,0.30017939454766124,1.0000736246570585,2.6503022826028174e-5,264.11674593584746,0.30017939454766124,1.0000736246570585,1.0000736246570585
123364.2578125,1.5609130859375,257.4755859375,0.1421142578125,0.23542480468750002,34073.61686229706,7548.828125,0.41055106425918114,0.9995899882576357,4.199646822965754e-5,185.1439508978954,0.41055106425918114,0.9995899882576357,0.9995899882576357
123583.984375,1.417724609375,105.654296875,0.24750976562500002,0.340673828125,26864.112377166748,7886.71875,0.27741713178609373,1.0007078947792478,4.541623587284259e-5,223.20284921044325,0.27741713178609373,1.0007078947792478,1.0007078947792478
123657.2265625,1.1346435546875,219.2919921875,0.2818603515625,0.17243652343750002,43323.69887828827,7259.765625,0.2948931011735663,1.0001941198038051,3.352892061093409e-5,240.53649198070335,0.2948931011735663,1.0001941198038051,1.0001941198038051
123876.953125,1.041259765625,313.173828125,0.20385742187500003,0.365576171875,33877.23684310913,8378.90625,0.3709345395642421,1.0000660750812933,2.9480852250544366e-5,204.77629590358634,0.3709345395642421,1.0000660750812933,1.0000660750812933
123950.1953125,1.5111083984375,372.3583984375,0.32316894531250007,0.12116699218750002,37637.463450431824,8751.953125,0.32389902563603973,0.9995842139516987,3.935333318330689e-5,245.53607122694154,0.32389902563603973,0.9995842139516987,0.9995842139516987
124169.921875,0.664794921875,159.443359375,0.293798828125,0.27797851562500003,55970.21818161011,4902.34375,0.238199710826287,1.000356665526843,2.598167965175356e-5,281.93103452628634,0.238199710826287,1.000356665526843,1.000356665526843
124243.1640625,1.8875732421875,101.7529296875,0.1793212890625,0.22106933593750003,9627.85804271698,4275.390625,0.3046390578873999,0.9999287718488449,5.5931193244521815e-5,247.61851169793434,0.3046390578873999,0.9999287718488449,0.9999287718488449
124462.890625,1.794189453125,344.384765625,0.25014648437500003,0.315771484375,49217.225551605225,3394.53125,0.4018575774028217,0.9969755123068526,4.605790434412645e-5,323.28829665770076,0.4018575774028217,0.9969755123068526,0.9969755123068526
124536.1328125,0.7581787109375,234.8974609375,0.2206298828125,0.18503417968750002,15750.466227531433,3767.578125,0.2835064358979595,0.9999251151318581,2.506931051879668e-5,277.44182028749424,0.2835064358979595,0.9999251151318581,0.9999251151318581
124755.859375,1.083740234375,367.294921875,0.37993164062500007,0.19418945312500002,46279.48713302612,4230.46875,0.2935674489829786,0.9995388883067258,2.9970457063142863e-5,357.54674604047295,0.2935674489829786,0.9995388883067258,0.9995388883067258
124829.1015625,1.3631591796875,297.6513671875,0.10959472656250001,0.2884521484375,21356.860041618347,4603.515625,0.4327513036376274,0.999229506080364,3.713534877962098e-5,206.13908279094682,0.4327513036376274,0.999229506080364,0.999229506080364
125048.828125,1.457275390625,224.189453125,0.338623046875,0.24956054687500004,39296.571254730225,3722.65625,0.3029816520902933,0.9995609928197402,4.0814687220557525e-5,348.81692113398503,0.3029816520902933,0.9995609928197402,0.9995609928197402
125122.0703125,0.9896240234375,121.3427734375,0.1532470703125,0.26765136718750004,27703.54926586151,3095.703125,0.26617927526872837,0.9997782654009584,3.5889085507836734e-5,268.9370610816617,0.26617927526872837,0.9997782654009584,0.9997782654009584
125341.796875,1.830810546875,251.083984375,0.16372070312500003,0.112744140625,8896.93021774292,7246.09375,0.39552827029966353,0.9995246419495145,4.822399780611118e-5,196.7108351008249,0.39552827029966353,0.9995246419495145,0.9995246419495145
125415.0390625,0.6160888671875,350.1123046875,0.34455566406250004,0.3933349609375001,60273.19419384003,7619.140625,0.29181755932633324,1.000211571531296,1.9497851993650784e-5,264.2986005341341,0.29181755932633324,1.000211571531296,1.000211571531296
125634.765625,0.710205078125,85.400390625,0.12241210937500001,0.14350585937500002,16422.372341156006,8738.28125,0.22132539239284707,1.0004047992720626,3.3815531592965184e-5,188.9786386818486,0.22132539239284707,1.0004047992720626,1.0004047992720626
125708.0078125,1.7366943359375,153.8818359375,0.3882080078125001,0.35026855468750007,54180.17661571503,8111.328125,0.292332850828229,1.0001758476183829,4.906539534869328e-5,276.0664348128347,0.292332850828229,1.0001758476183829,1.0001758476183829
125927.734375,0.820068359375,288.935546875,0.36235351562500007,0.31489257812500004,30303.39765548706,9324.21875,0.2860149779193619,1.0003968058043706,2.4986542335996293e-5,248.24977122067037,0.2860149779193619,1.0003968058043706,1.0003968058043706
126000.9765625,1.6619873046875,391.9482421875,0.16701660156250003,0.18415527343750002,41279.234766960144,9947.265625,0.44580910027976345,0.9945174012642608,4.216239310330446e-5,178.0404644779841,0.44580910027976345,0.9945174012642608,0.9945174012642608
126220.703125,1.943603515625,124.580078125,0.3937011718750001,0.27885742187500007,22621.591091156006,6816.40625,0.27411394003344713,1.0001247686196943,5.524080940826629e-5,294.870354412188,0.27411394003344713,1.0001247686196943,1.0001247686196943
126293.9453125,0.5384521484375,194.3896484375,0.1333251953125,0.22194824218750003,46519.59693431854,6439.453125,0.2579120358943024,1.0004582812350291,2.1558038413565168e-5,207.38778687406727,0.2579120358943024,1.0004582812350291,1.0004582812350291
126513.671875,1.567138671875,321.474609375,0.108642578125,0.378759765625,54363.19303512573,2339.84375,0.4732490400742969,0.9980083788665555,4.144578095633616e-5,257.3650485580739,0.4732490400742969,0.9980083788665555,0.9980083788665555
126586.9140625,0.9149169921875,253.1591796875,0.3644775390625,0.13435058593750002,12787.228465080261,2962.890625,0.26005832861868994,0.9997208094391914,2.8243665094342082e-5,380.90104550433887,0.26005832861868994,0.9997208094391914,0.9997208094391914
126806.640625,1.196533203125,177.041015625,0.13999023437500002,0.327490234375,61913.43832015991,5832.03125,0.33306652150645427,0.9999260842052455,3.669552614149392e-5,209.7675260474931,0.33306652150645427,0.9999260842052455,0.9999260842052455
126879.8828125,1.2855224609375,78.1787109375,0.3307861328125,0.15925292968750002,7819.207072257996,5455.078125,0.2233021067366914,1.0004964990771783,4.7258343525390026e-5,280.885420669729,0.2233021067366914,1.0004964990771783,1.0004964990771783
127099.609375,1.681396484375,199.951171875,0.19008789062500003,0.149658203125,34744.33088302612,2542.96875,0.34723111035663645,0.9992920345364649,4.665066651618941e-5,300.6015739898817,0.34723111035663645,0.9992920345364649,0.9992920345364649
127172.8515625,0.8358154296875,140.9326171875,0.2994384765625,0.3564208984375,30042.12462902069,2166.015625,0.24564648014569238,0.9997006402267965,3.1405695645895144e-5,374.13079529751536,0.24564648014569238,0.9997006402267965,0.9997006402267965
127392.578125,0.554931640625,386.220703125,0.22377929687500003,0.106591796875,42815.44637680054,5035.15625,0.2913038654216734,0.9999619708712726,1.785395383302226e-5,252.4615797092227,0.2913038654216734,0.9999619708712726,0.9999619708712726
127465.8203125,1.9622802734375,272.7490234375,0.26809082031250003,0.3871826171875,25607.205271720886,5658.203125,0.3933984099370357,0.9987650419973291,5.09407608304052e-5,280.18418738485417,0.3933984099370357,0.9987650419973291,0.9987650419973291
127685.546875,0.928466796875,62.490234375,0.27387695312500004,0.23227539062500002,21777.835369110107,9558.59375,0.20590913293971702,1.0017359059263773,4.3178141832520825e-5,212.80243572066252,0.20590913293971702,1.0017359059263773,1.0017359059263773
127758.7890625,1.5887451171875,172.1435546875,0.23439941406250003,0.2503662109375,52488.48044872284,9181.640625,0.3252090398619475,1.0002592138292787,4.5191280795452545e-5,208.16787684990925,0.3252090398619475,1.0002592138292787,1.0002592138292787
127978.515625,1.307861328125,268.681640625,0.30756835937500004,0.211474609375,12020.028591156006,6050.78125,0.312664726774315,0.9998506545277179,3.655346779027028e-5,278.58012988867995,0.312664726774315,0.9998506545277179,0.9998506545277179
128051.7578125,1.2093505859375,326.5380859375,0.2030517578125,0.30573730468750004,58971.16935253143,6673.828125,0.3792809225644835,0.9998165070497155,3.335403192305156e-5,226.8109949261847,0.3792809225644835,0.9998165070497155,0.9998165070497155
128271.484375,1.769287109375,259.716796875,0.3834472656250001,0.37348632812500004,39476.78327560425,4511.71875,0.3311822601371231,0.9992505836604698,4.7064598118116445e-5,365.27575526009684,0.3311822601371231,0.9992505836604698,0.9992505836604698
128344.7265625,0.7362060546875,320.2294921875,0.12717285156250002,0.1302490234375,27865.44692516327,4134.765625,0.3361789464123644,0.9996769994965689,2.2940762202331033e-5,225.26873106302023,0.3361789464123644,0.9996769994965689,0.9996769994965689
128564.453125,0.642822265625,74.111328125,0.34916992187500007,0.332763671875,46539.04104232788,3003.90625,0.19293695034552688,1.0001231519273661,3.629945615798821e-5,341.5195373424963,0.19293695034552688,1.0001231519273661,1.0001231519273661
128857.421875,1.016357421875,398.505859375,0.148486328125,0.310791015625,16557.101726531982,7527.34375,0.4107317276425876,0.9996640321848742,2.81399005786039e-5,194.74549072023794,0.4107317276425876,0.9996640321848742,0.9996640321848742
128930.6640625,1.4891357421875,287.6904296875,0.3433837890625,0.1788818359375,56335.45386791229,7150.390625,0.3074809734418136,0.9998775327493902,4.0254485670122437e-5,278.71066467831474,0.3074809734418136,0.9998775327493902,0.9998775327493902
129150.390625,1.395751953125,190.322265625,0.114208984375,0.282958984375,10532.5026512146,8019.53125,0.3685033095964852,0.999586097933794,4.047862924588827e-5,177.4659719758855,0.3685033095964852,0.999586097933794,0.999586097933794
129223.6328125,1.1097412109375,133.9599609375,0.37531738281250004,0.2272216796875,62958.428263664246,8642.578125,0.2429610621987707,1.0005648830258085,3.7261529125543166e-5,253.51912192735904,0.2429610621987707,1.0005648830258085,1.0005648830258085
129443.359375,0.732177734375,170.732421875,0.215869140625,0.23637695312500004,33601.63068771362,7355.46875,0.2577501547311031,1.0005667109266054,2.707704100794252e-5,222.0219431835991,0.2577501547311031,1.0005667109266054,1.0005667109266054
129516.6015625,1.7615966796875,69.2138671875,0.25490722656250003,0.25563964843750003,37740.77117443085,7978.515625,0.2509686808607956,1.0010160732061932,5.81603209168889e-5,226.4043366803253,0.2509686808607956,1.0010160732061932,1.0010160732061932
129736.328125,1.855712890625,335.751953125,0.18393554687500002,0.20737304687500002,27858.521938323975,8847.65625,0.4265773940488728,0.9978172063239749,4.7494464308284443e-5,198.00359440766385,0.4265773940488728,0.9978172063239749,0.9978172063239749
129809.5703125,0.6380615234375,264.7802734375,0.2891845703125,0.30046386718750007,45050.90034008026,8470.703125,0.27244746597415026,1.000412664936238,2.16888902700979e-5,233.66905955296812,0.27244746597415026,1.000412664936238,1.000412664936238
130029.296875,1.479248046875,139.521484375,0.31840820312500007,0.154931640625,52607.593059539795,4371.09375,0.2653455678465328,0.9999249002842442,4.5201301420126587e-5,310.7537780280101,0.2653455678465328,0.9999249002842442,0.9999249002842442
130102.5390625,1.0145263671875,206.6748046875,0.20861816406250003,0.36052246093750007,18292.92380809784,4994.140625,0.31178644258747185,1.0000469878240217,3.192067091499823e-5,254.27088256258176,0.31178644258747185,1.0000469878240217,1.0000469878240217
130322.265625,1.108642578125,281.962890625,0.286474609375,0.101318359375,59504.25100326538,3863.28125,0.2959477121408638,0.9996732440700241,3.210094464465828e-5,314.208170502265,0.2959477121408638,0.9996732440700241,0.9996732440700241
130395.5078125,1.3851318359375,382.3193359375,0.24289550781250002,0.3830810546875001,10100.41892528534,3486.328125,0.3994403730585872,0.9984537598233871,3.6819630985341784e-5,319.11694056384636,0.3994403730585872,0.9984537598233871,0.9984537598233871
130615.234375,1.171630859375,92.373046875,0.198291015625,0.272705078125,43644.919872283936,2199.21875,0.24682323986311197,0.9998722452062763,4.385573409041733e-5,322.3245753398553,0.24682323986311197,0.9998722452062763,0.9998722452062763
130688.4765625,1.2635498046875,163.5107421875,0.31232910156250004,0.2169677734375,24931.715846061707,2572.265625,0.27113521301071053,0.9997028347406511,3.9421794670641405e-5,370.8665960706158,0.27113521301071053,0.9997028347406511,0.9997028347406511
130908.203125,1.545166015625,236.142578125,0.23901367187500003,0.321044921875,38344.94924545288,5691.40625,0.354640507331845,0.9997469591032934,4.2727557837458686e-5,259.77734293456865,0.354640507331845,0.9997469591032934,0.9997469591032934
130981.4453125,0.8900146484375,337.8271484375,0.2692626953125,0.1891357421875,33610.554575920105,5064.453125,0.309294082437295,0.9997844379174416,2.6223521950899354e-5,279.14112703071163,0.309294082437295,0.9997844379174416,0.9997844379174416
131201.171875,1.918701171875,209.912109375,0.26333007812500003,0.33657226562500003,14198.153972625732,9214.84375,0.35935579642460475,1.000050651870241,5.140670009851986e-5,227.28473677171212,0.35935579642460475,1.000050651870241,1.000050651870241
131274.4140625,0.5164794921875,109.7216796875,0.22854003906250003,0.1671630859375,59876.27875804901,9587.890625,0.20533045698429922,1.0015726204959214,2.725729378061268e-5,205.0271889205446,0.20533045698429922,1.0015726204959214,1.0015726204959214
131494.140625,0.798095703125,373.603515625,0.304052734375,0.36967773437500007,19016.648769378662,6707.03125,0.3211175898008236,1.0000055983913803,2.362717136775134e-5,270.985592451334,0.3211175898008236,1.0000055983913803,1.0000055983913803
131567.3828125,1.6370849609375,306.6162109375,0.1854736328125,0.12644042968750002,52359.124064445496,6080.078125,0.38622124157815696,0.9993141384930028,4.339274790565623e-5,227.0645279201803,0.38622124157815696,0.9993141384930028,0.9993141384930028
131787.109375,1.329833984375,354.013671875,0.326025390625,0.116845703125,26344.398021697998,9917.96875,0.30990074004662865,1.0000205029455824,3.576871013715055e-5,237.71361840416859,0.30990074004662865,1.0000205029455824,1.0000205029455824
131860.3515625,1.2342529296875,241.8701171875,0.14475097656250002,0.39860839843750007,50041.89574718475,9291.015625,0.3797373103632025,0.9998243877225685,3.5529334588223885e-5,183.25523898223443,0.3797373103632025,0.9998243877225685,0.9998243877225685
132080.078125,0.953369140625,147.158203125,0.36909179687500004,0.139404296875,30838.609218597412,6410.15625,0.23209301502267757,1.0003086116864341,3.356774142274497e-5,282.2203604922161,0.23209301502267757,1.0003086116864341,1.0003086116864341
132153.3203125,1.6107177734375,86.8115234375,0.1040283203125,0.34499511718750003,42900.67756175995,6783.203125,0.29043758604267716,1.0002690648566246,5.293603772518856e-5,195.19640152166124,0.29043758604267716,1.0002690648566246,1.0002690648566246
132373.046875,0.576904296875,301.552734375,0.128564453125,0.199462890625,63623.05021286011,2933.59375,0.2993863045156399,0.9997098239900527,1.9969319079762972e-5,259.40690180410877,0.2993863045156399,0.9997098239900527,0.9997098239900527
132446.2890625,1.9871826171875,358.0810546875,0.3984619140625001,0.29255371093750004,3976.3344526290894,2306.640625,0.3309411169891416,0.9956893907723237,5.0614748880197424e-5,498.62982300248666,0.3309411169891416,0.9956893907723237,0.9956893907723237
132666.015625,1.706298828125,114.619140625,0.171630859375,0.24428710937500003,56429.635524749756,5425.78125,0.30430361436199105,1.0000445767840576,5.203058783714967e-5,231.74658682381406,0.30430361436199105,1.0000445767840576,1.0000445767840576
132739.2578125,0.8577880859375,225.6005859375,0.35773925781250004,0.2635498046875,14656.716227531433,5798.828125,0.2621758215843494,1.0000532982660033,2.7978685021397048e-5,299.0779618729781,0.2621758215843494,1.0000532982660033,1.0000532982660033
132958.984375,0.620849609375,328.779296875,0.25688476562500007,0.16254882812500002,6141.761302947998,5636.71875,0.27978124847805114,1.0000072814995418,2.0368918837987272e-5,260.682636841956,0.27978124847805114,1.0000072814995418,1.0000072814995418
133032.2265625,1.8377685546875,272.4169921875,0.2162353515625,0.33181152343750003,62957.274317741394,5009.765625,0.39726595055958785,0.9990009278742603,4.8546978998245385e-5,266.96195253340306,0.39726595055958785,0.9990009278742603,0.9990009278742603
133251.953125,1.744384765625,175.048828125,0.28823242187500003,0.13120117187500002,10663.43069076538,2128.90625,0.2947729183384675,0.9993398727955706,4.947689668515999e-5,388.1536701274468,0.2947729183384675,0.9993398727955706,0.9993398727955706
133544.921875,1.367919921875,276.318359375,0.20942382812500002,0.23110351562500003,50949.83243942261,6652.34375,0.35755389843232904,0.9997830459523495,3.802476625755255e-5,232.4857487991823,0.35755389843232904,0.9997830459523495,0.9997830459523495
133618.1640625,1.0906982421875,388.6279296875,0.3199462890625,0.28669433593750004,24946.09534740448,6025.390625,0.3297302693169986,0.9996454477596083,3.019739258846566e-5,295.01718362375726,0.3297302693169986,0.9996454477596083,0.9996454477596083
133837.890625,0.997314453125,142.509765625,0.24077148437500004,0.17514648437500002,45112.489223480225,9144.53125,0.2582625289374612,1.0006689438300114,3.472131260072108e-5,211.89608957307257,0.2582625289374612,1.0006689438300114,1.0006689438300114
133911.1328125,1.4613037109375,203.0224609375,0.2862548828125,0.30690917968750003,33847.39005565643,9517.578125,0.31808598003425453,1.0001654157218693,4.178291787961906e-5,230.28026282226907,0.31808598003425453,1.0001654157218693,1.0001654157218693
134130.859375,1.880615234375,80.419921875,0.12680664062500002,0.29731445312500004,59758.55207443237,6480.46875,0.29065248730971965,1.0001975315270941,5.961655385680911e-5,205.88118319324576,0.29065248730971965,1.0001975315270941,1.0001975315270941
134204.1015625,0.6600341796875,180.7763671875,0.3814697265625,0.20407714843750002,11133.868098258972,6853.515625,0.2256661932280921,1.0005544398993558,2.5485888335046874e-5,278.6032020718224,0.2256661932280921,1.0005544398993558,1.0005544398993558
134423.828125,0.754150390625,256.064453125,0.16049804687500002,0.25893554687500003,53544.923305511475,9972.65625,0.30932230317639026,1.0004884379818273,2.467096157792077e-5,183.6263369193115,0.30932230317639026,1.0004884379818273,1.0004884379818273
134497.0703125,1.7864990234375,323.2177734375,0.3501220703125001,0.23952636718750003,20640.713572502136,9345.703125,0.33087269690427995,0.9994498392764579,4.653983896857658e-5,264.22612760101873,0.33087269690427995,0.9994498392764579,0.9994498392764579
134716.796875,1.127685546875,197.958984375,0.34184570312500007,0.384619140625,28603.83939743042,5496.09375,0.2869144994452037,0.9999662562311353,3.504340043522021e-5,305.9791216224861,0.2869144994452037,0.9999662562311353,0.9999662562311353
134790.0390625,1.4129638671875,126.9873046875,0.14768066406250002,0.10270996093750001,47372.07114696503,5869.140625,0.2933744774211089,0.9999912818070532,4.508334955923046e-5,216.03306377686783,0.2933744774211089,0.9999912818070532,0.9999912818070532
135009.765625,1.507080078125,393.525390625,0.37553710937500007,0.359130859375,34333.016872406006,2988.28125,0.34364714034371663,0.9980440166609399,3.9667170833759775e-5,434.60226576266234,0.34364714034371663,0.9980440166609399,0.9980440166609399
135083.0078125,1.0335693359375,292.0068359375,0.1163330078125,0.15339355468750002,38881.95884227753,2361.328125,0.36340461044525546,0.999163777513995,3.0550732173477985e-5,263.9557548959609,0.36340461044525546,0.999163777513995,0.999163777513995
135302.734375,1.616943359375,150.810546875,0.146728515625,0.19301757812500003,18241.01972579956,3074.21875,0.32840245905725385,0.9994886563649725,4.808390029986873e-5,264.44856633732735,0.32840245905725385,0.9994886563649725,0.9994886563649725
135375.9765625,0.9588623046875,83.8232421875,0.3263916015625,0.32478027343750004,55486.632227897644,3697.265625,0.2152642449097768,1.0002955299636487,4.158116849307987e-5,322.8617772897129,0.2152642449097768,1.0002955299636487,1.0002955299636487
135595.703125,1.240478515625,347.705078125,0.10307617187500001,0.21323242187500002,12439.462184906006,4566.40625,0.4269878243959335,0.9992228795807151,3.418526107039691e-5,211.3398851234661,0.4269878243959335,0.9992228795807151,0.9992228795807151
135668.9453125,1.3353271484375,247.5146484375,0.3677001953125001,0.26882324218750003,63095.28052806854,4189.453125,0.29283454916609075,0.999700252216358,3.820937651537091e-5,357.6874789552209,0.29283454916609075,0.999700252216358,0.999700252216358
135888.671875,0.864013671875,119.599609375,0.399267578125,0.125634765625,38630.83219528198,8089.84375,0.2121300171515872,1.0006458487568792,3.420062941200575e-5,261.8696556114118,0.2121300171515872,1.0006458487568792,1.0006458487568792
135961.9140625,1.7117919921875,221.2841796875,0.13010253906250002,0.36872558593750004,35033.352732658386,8712.890625,0.4118829590778657,0.9995147477738646,4.688207200911659e-5,185.7045624984349,0.4118829590778657,0.9995147477738646,0.9995147477738646
136181.640625,1.993408203125,293.916015625,0.3556152343750001,0.16811523437500003,45725.02279281616,7582.03125,0.3148355891470427,0.9993435822575094,5.176129902878847e-5,289.55938964693945,0.3148355891470427,0.9993435822575094,0.9993435822575094
136254.8828125,0.5823974609375,365.0537109375,0.17141113281250003,0.3373779296875,26823.38798046112,7205.078125,0.3178866671494918,1.0001378846406017,1.9037282379352043e-5,213.94187473198684,0.3178866671494918,1.0001378846406017,1.0001378846406017
136474.609375,0.884521484375,231.826171875,0.31196289062500004,0.346533203125,60603.58381271362,8792.96875,0.28331480649751806,1.0004156916526652,2.8446557417687906e-5,244.9142983733724,0.28331480649751806,1.0004156916526652,1.0004156916526652
136547.8515625,1.5389404296875,342.8076171875,0.19631347656250003,0.1407958984375,18747.93517589569,8416.015625,0.3844577571358886,0.9994682464372745,4.082768444680003e-5,210.49112788284717,0.3844577571358886,0.9994682464372745,0.9994682464372745
136767.578125,1.258056640625,99.345703125,0.27065429687500003,0.397216796875,67637.95614242554,7285.15625,0.2537253544716855,1.0007094938718135,4.4841298057276756e-5,246.68190158637768,0.2537253544716855,1.0007094938718135,1.0007094938718135
136840.8203125,1.1654052734375,155.8740234375,0.23996582031250002,0.1153076171875,11675.442576408386,7908.203125,0.2705458359691572,1.000204320632654,3.7867611156638604e-5,225.2834104930474,0.2705458359691572,1.000204320632654,1.000204320632654
137060.546875,1.631591796875,370.615234375,0.22700195312500002,0.26040039062500003,28490.054607391357,3808.59375,0.3947548008533886,0.997967635074214,4.2699973138492754e-5,304.0524983860778,0.3947548008533886,0.997967635074214,0.997967635074214
137133.7890625,0.7918701171875,310.2685546875,0.26252441406250004,0.24099121093750003,40754.013895988464,3431.640625,0.2956834120966673,0.9996894043731677,2.4853442335535744e-5,318.77407123547454,0.2956834120966673,0.9996894043731677,0.9996894043731677
137353.515625,0.510986328125,215.556640625,0.18569335937500003,0.29584960937500004,20992.013454437256,4300.78125,0.24814364811577178,1.0001407383572167,2.113419885589303e-5,263.2072929803909,0.24814364811577178,1.0001407383572167,1.0001407383572167
137426.7578125,1.9124755859375,103.4130859375,0.30617675781250003,0.20261230468750002,49137.33756542206,4923.828125,0.26606595067863087,1.000168259432312,5.8077078044805895e-5,297.6417128843907,0.26606595067863087,1.000168259432312,1.000168259432312
137646.484375,0.503662109375,249.091796875,0.24282226562500003,0.25161132812500003,53239.2954826355,8261.71875,0.25019076887977304,1.000559379095959,1.9603330055244842e-5,225.27484270387816,0.25019076887977304,1.000559379095959,1.000559379095959
137719.7265625,1.9080810546875,352.1044921875,0.28654785156250007,0.23337402343750002,26968.077540397644,8884.765625,0.3679610283681771,0.9981662488378188,4.893959228492323e-5,249.50991463088397,0.3679610283681771,0.9981662488378188,0.9981662488378188
137939.453125,1.627197265625,84.736328125,0.208544921875,0.30463867187500004,45505.65481185913,7753.90625,0.2651851263538549,1.0005269010394922,5.4419825832094205e-5,221.84305970543954,0.2651851263538549,1.0005269010394922,1.0005269010394922
138232.421875,1.250732421875,366.630859375,0.28911132812500007,0.357666015625,3438.0831718444824,3277.34375,0.3552796182511666,0.9990269505360003,3.435734193463964e-5,357.04973191899904,0.3552796182511666,0.9990269505360003,0.9990269505360003
138305.6640625,1.1610107421875,298.3154296875,0.1840087890625,0.1507568359375,66014.46998119354,3900.390625,0.34573008270063993,0.9994667147284869,3.338413014768783e-5,266.9434435053014,0.34573008270063993,0.9994667147284869,0.9994667147284869
138525.390625,0.880126953125,222.197265625,0.25483398437500004,0.386083984375,13681.4284324646,4769.53125,0.29041467616906447,1.000026269699437,2.9067717109247985e-5,284.25802152150936,0.29041467616906447,1.000026269699437,1.000026269699437
138598.6328125,1.5316162109375,123.3349609375,0.21594238281250003,0.1053466796875,57240.227580070496,4392.578125,0.2758937205585071,0.9999464554603563,4.851183258198145e-5,268.9479062763702,0.2758937205585071,0.9999464554603563,0.9999464554603563
138818.359375,1.997802734375,160.107421875,0.375244140625,0.13325195312500002,27542.853832244873,3605.46875,0.26972898603661866,0.9996855435932351,5.602393612657277e-5,377.955262097998,0.26972898603661866,0.9996855435932351,0.9996855435932351
138891.6015625,0.5897216796875,101.0888671875,0.1142822265625,0.37751464843750004,48284.07561779022,3228.515625,0.21339578850269286,1.0000680307165741,3.184739856881224e-5,271.57296418117096,0.21339578850269286,1.0000680307165741,1.0000680307165741
139111.328125,0.871337890625,346.376953125,0.34331054687500007,0.16049804687500002,36539.002895355225,4097.65625,0.2786245269004682,0.9997280015760145,2.6104237018877858e-5,343.64204726862414,0.2786245269004682,0.9997280015760145,0.9997280015760145
139184.5703125,1.7161865234375,232.9052734375,0.1485595703125,0.3285888671875,40688.320994377136,4720.703125,0.3981498841517242,0.9995032041006525,4.7180167242915316e-5,238.77867285819028,0.3981498841517242,0.9995032041006525,0.9995032041006525
139404.296875,1.244873046875,107.646484375,0.15903320312500002,0.18305664062500002,62931.933879852295,8621.09375,0.26600620546821885,1.000573840601291,4.371573740184146e-5,198.29133783266053,0.26600620546821885,1.000573840601291,1.000573840601291
139477.5390625,1.3426513671875,217.2998046875,0.34924316406250006,0.31364746093750007,12252.70164012909,8244.140625,0.2956952165827304,1.0001776684171728,3.923645045264244e-5,271.17432622780444,0.2956952165827304,1.0001776684171728,1.0001776684171728
139697.265625,1.624267578125,313.837890625,0.127099609375,0.223193359375,54256.69240951538,7113.28125,0.43502021753294456,0.9990646133924873,4.329343261041836e-5,198.373984144917,0.43502021753294456,0.9990646133924873,0.9990646133924873
139770.5078125,0.9632568359375,371.6943359375,0.3835205078125,0.27995605468750007,20223.77097606659,7736.328125,0.2947865412132114,1.0000398193331943,2.7712348310630214e-5,294.5053420368422,0.2947865412132114,1.0000398193331943,1.0000398193331943
139990.234375,1.499755859375,60.498046875,0.357666015625,0.39458007812500007,38502.952098846436,6949.21875,0.22190222409111054,1.0008616961019663,5.766161312757626e-5,272.9213649482979,0.22190222409111054,1.0008616961019663,1.0008616961019663
140063.4765625,1.0291748046875,174.1357421875,0.17170410156250002,0.1138427734375,34988.41750621796,6322.265625,0.2837804330894759,1.000051792870494,3.434897378129788e-5,223.22381317791297,0.2837804330894759,1.000051792870494,1.000051792870494
140283.203125,1.123291015625,268.017578125,0.39838867187500004,0.34916992187500007,48297.83010482788,9441.40625,0.29076044683386676,1.0002498340375772,3.300609683820436e-5,275.9053909685697,0.29076044683386676,1.0002498340375772,1.0002498340375772
140356.4453125,1.4056396484375,327.2021484375,0.12863769531250002,0.1422607421875,28899.189829826355,9814.453125,0.41252316859435995,0.9993217016451044,3.814131365392011e-5,176.4426419613638,0.41252316859435995,0.9993217016451044,0.9993217016451044
140576.171875,0.746826171875,199.287109375,0.103955078125,0.28969726562500003,21700.168132781982,5964.84375,0.28801088280418574,1.0000338377268645,2.7066644175897423e-5,208.52392563255717,0.28801088280418574,1.0000338377268645,1.0000338377268645
140649.4140625,1.7821044921875,141.5966796875,0.3691650390625001,0.19528808593750002,57552.639842033386,5337.890625,0.2652740457507995,1.0000126882208917,5.252670317024949e-5,321.7827917229314,0.2652740457507995,1.0000126882208917,1.0000126882208917
140869.140625,1.876220703125,384.228515625,0.144677734375,0.26655273437500004,10257.188320159912,2457.03125,0.4716900809379811,0.9895495451492751,4.7616985073020875e-5,295.10790372509064,0.4716900809379811,0.9895495451492751,0.9895495451492751
140942.3828125,0.6527099609375,274.7412109375,0.32609863281250007,0.24831542968750003,65830.77323436737,2830.078125,0.25634789107210676,0.9997358964937245,2.2749513549488516e-5,369.2128445718854,0.25634789107210676,0.9997358964937245,0.9997358964937245
141162.109375,1.001708984375,322.138671875,0.18540039062500002,0.21997070312500003,30496.375560760498,5167.96875,0.34337755550746196,0.9996536714407391,2.9476182427687936e-5,247.37287400202987,0.34337755550746196,0.9996536714407391,0.9996536714407391
141235.3515625,1.4686279296875,252.4951171875,0.30412597656250007,0.2767333984375,42194.300532341,5541.015625,0.31935963452296673,0.9997163338867439,4.1313752710781504e-5,300.19016727615053,0.31935963452296673,0.9997163338867439,0.9997163338867439
141455.078125,1.375244140625,179.033203125,0.22846679687500002,0.186279296875,19909.654140472412,2660.15625,0.297675022756677,0.999521333632056,4.200285801577584e-5,327.63986701250553,0.297675022756677,0.999521333632056,0.999521333632056
141528.3203125,1.0950927734375,76.1865234375,0.2634033203125,0.3168701171875,50342.8772687912,2033.203125,0.2190257347421802,0.9997243280951877,4.717191489342761e-5,361.89544973864844,0.2190257347421802,0.9997243280951877,0.9997243280951877
141748.046875,1.748779296875,290.927734375,0.26918945312500003,0.17133789062500002,62187.56437301636,6183.59375,0.3417934347352524,0.99945124089241,4.671751986925848e-5,275.2827157149576,0.3417934347352524,0.99945124089241,0.99945124089241
141821.2890625,0.7215576171875,389.9560546875,0.23908691406250002,0.33942871093750004,18293.076395988464,6556.640625,0.32358499136910324,1.000051258229008,2.2138507276928522e-5,252.87399452328404,0.32358499136910324,1.000051258229008,1.000051258229008
142041.015625,0.628173828125,125.244140625,0.312255859375,0.12241210937500001,70631.112575531,9675.78125,0.2079336229720977,1.000819158423047,2.9248604895929294e-5,224.3651731097231,0.2079336229720977,1.000819158423047,1.000819158423047
142114.2578125,1.8421630859375,193.7255859375,0.1983642578125,0.3666748046875,12303.658366203308,9048.828125,0.36806810980338717,0.9999602580944345,5.108355163136671e-5,213.88438975747817,0.36806810980338717,0.9999602580944345,0.9999602580944345
142333.984375,1.698974609375,339.404296875,0.11625976562500001,0.20942382812500002,19552.711009979248,9386.71875,0.4647883943359242,0.9962992904766494,4.423120612227146e-5,178.10005199521754,0.4647883943359242,0.9962992904766494,0.9962992904766494
142407.2265625,0.8533935546875,240.5419921875,0.3756103515625,0.3036865234375,61888.02993297577,9759.765625,0.2638236325352691,1.0004802559782973,2.7836181754448388e-5,256.93083036539605,0.2638236325352691,1.0004802559782973,1.0004802559782973
142626.953125,0.572509765625,164.423828125,0.147607421875,0.23432617187500002,9364.41946029663,6878.90625,0.238146870251046,1.0008259394468424,2.5255129003130523e-5,217.5866800206542,0.238146870251046,1.0008259394468424,1.0008259394468424
142700.1953125,1.9798583984375,96.1083984375,0.3419189453125,0.2524169921875,70062.75641918182,6251.953125,0.2585944021090112,1.0001818100545072,6.0867157914479756e-5,290.173201510788,0.2585944021090112,1.0001818100545072,1.0001818100545072
142919.921875,0.946044921875,308.193359375,0.35004882812500004,0.10922851562500001,42494.87638473511,2402.34375,0.2668850204762026,0.9995654934970261,2.8703436566072358e-5,415.4212500953651,0.2668850204762026,0.9995654934970261,0.9995654934970261
142993.1640625,1.6063232421875,378.0029296875,0.1605712890625,0.38981933593750007,30609.48646068573,2775.390625,0.4542783785535687,0.9969758161532141,4.2205123436114235e-5,298.10559274666207,0.4542783785535687,0.9969758161532141,0.9969758161532141
143212.890625,1.325439453125,110.634765625,0.38139648437500007,0.147021484375,52964.540004730225,5894.53125,0.2285752999127852,1.0001772937701854,4.592491637615261e-5,301.92989171667494,0.2285752999127852,1.0001772937701854,1.0001772937701854
143286.1328125,1.2269287109375,213.6474609375,0.1268798828125,0.3537841796875001,23012.001872062683,5267.578125,0.34956141298114307,0.9997372833954999,3.728020682247447e-5,223.78741983554167,0.34956141298114307,0.9997372833954999,0.9997372833954999
143505.859375,0.802490234375,91.044921875,0.28618164062500007,0.325439453125,56957.58771896362,2730.46875,0.2100411394844027,1.0000262620751834,3.8610093313834434e-5,340.25528818825927,0.2100411394844027,1.0000262620751834,1.0000262620751834
143579.1015625,1.6444091796875,148.9013671875,0.24084472656250003,0.15720214843750002,17942.797541618347,2103.515625,0.2897097107671703,0.9994567738989824,4.9713990665482146e-5,359.79135441847785,0.2897097107671703,0.9994567738989824,0.9994567738989824
143798.828125,1.926025390625,245.439453125,0.31987304687500007,0.38081054687500004,66397.27926254272,5222.65625,0.3486974411420568,0.9993800110946316,5.176973534210486e-5,326.34368630164585,0.3486974411420568,0.9993800110946316,0.9993800110946316
143872.0703125,0.5208740234375,355.0927734375,0.20949707031250003,0.1364013671875,12317.196726799011,5595.703125,0.2757136665894104,0.9999716761476342,1.8208132230692913e-5,249.47603783166832,0.2757136665894104,0.9999716761476342,0.9999716761476342
144091.796875,1.549560546875,229.833984375,0.18247070312500002,0.281494140625,38857.86771774292,9746.09375,0.363366250097835,1.0000252901406352,4.3620514838068417e-5,201.80545694551674,0.363366250097835,1.0000252901406352,1.0000252901406352
144165.0390625,0.8973388671875,116.3623046875,0.2883056640625,0.22458496093750002,41753.72397899628,9119.140625,0.2280623982252826,1.0009590874496879,3.6152322133627555e-5,230.09454918731154,0.2280623982252826,1.0009590874496879,1.0009590874496879
144384.765625,1.178955078125,361.650390625,0.21616210937500002,0.312255859375,27976.083278656006,6238.28125,0.3691219277839747,0.9996676983631808,3.297053564181033e-5,253.4711825664584,0.3691219277839747,0.9996676983631808,0.9996676983631808
144458.0078125,1.2679443359375,302.6318359375,0.2569580078125,0.1815185546875,49528.74839305878,6611.328125,0.3254031740596313,0.9998826927889166,3.5903717241850275e-5,261.1519090842276,0.3254031740596313,0.9998826927889166,0.9998826927889166
144677.734375,1.101318359375,182.685546875,0.30610351562500004,0.146142578125,12895.92695236206,7824.21875,0.26047965002666723,1.000280180554636,3.57789607013709e-5,254.1704002570523,0.26047965002666723,1.000280180554636,1.000280180554636
144750.9765625,1.3807373046875,73.1982421875,0.18576660156250002,0.3529052734375,66082.3963880539,7447.265625,0.24141960610483745,1.000891178776054,5.303609687869379e-5,224.15627436225884,0.24141960610483745,1.000891178776054,1.000891178776054
144970.703125,1.474853515625,315.830078125,0.262451171875,0.110107421875,22322.030544281006,8316.40625,0.3291258023698897,0.9999054003598582,4.0258697362216137e-5,242.65251716641004,0.3291258023698897,0.9999054003598582,0.9999054003598582
145043.9453125,1.0072021484375,258.1396484375,0.22707519531250003,0.39069824218750004,57852.66578197479,8939.453125,0.32377680360811584,1.000300215626883,3.097330571076131e-5,225.399273056113,0.32377680360811584,1.000300215626883,1.000300215626883
145263.671875,1.848388671875,130.224609375,0.23989257812500003,0.24750976562500002,50023.47135543823,4839.84375,0.2967371977318779,0.9999316333143496,5.5295581686519954e-5,279.7878803324003,0.2967371977318779,0.9999316333143496,0.9999316333143496
145336.9140625,0.6336669921875,189.4091796875,0.2707275390625,0.2656005859375,28358.15131664276,4462.890625,0.23792099360633057,1.00006112959327,2.5605046964294886e-5,293.17127532048187,0.23792099360633057,1.00006112959327,1.00006112959327
145556.640625,0.727783203125,283.291015625,0.19624023437500002,0.19624023437500002,40598.37484359741,3332.03125,0.28925119170311764,0.9996282313636272,2.4452266858286966e-5,290.6013290156142,0.28925119170311764,0.9996282313636272,0.9996282313636272
145629.8828125,1.7542724609375,396.9287109375,0.31203613281250003,0.2905029296875,36888.787150382996,3955.078125,0.36320747002203074,0.9968293504735137,4.544626176725349e-5,364.55345103747453,0.36320747002203074,0.9968293504735137,0.9968293504735137
145849.609375,1.400146484375,263.701171875,0.17133789062500002,0.31840820312500007,70536.81135177612,4042.96875,0.37000834573611086,0.9994506364227045,3.987161953956474e-5,267.5338179582255,0.37000834573611086,0.9994506364227045,0.9994506364227045
145922.8515625,1.1170654296875,332.1826171875,0.3556884765625,0.1876708984375,5783.152461051941,4666.015625,0.28799984241697646,0.9996491836041488,3.216703366486552e-5,344.9301677509828,0.28799984241697646,0.9996491836041488,0.9996491836041488
146142.578125,1.023681640625,67.470703125,0.130029296875,0.27534179687500004,61357.43856430054,3535.15625,0.2167387280454665,1.0000454792113822,4.865132986283047e-5,268.3574075070796,0.2167387280454665,1.0000454792113822,1.0000454792113822
146215.8203125,1.4935302734375,166.4990234375,0.39934082031250007,0.2184326171875,14070.767283439636,3158.203125,0.2571973819231461,0.9997548892472287,4.559759323875692e-5,406.2600682337996,0.2571973819231461,0.9997548892472287,0.9997548892472287
146435.546875,0.647216796875,381.240234375,0.36762695312500004,0.363525390625,26085.818767547607,7058.59375,0.2812199144381976,1.0001142400787897,2.0742445749249973e-5,297.5535885667469,0.2812199144381976,1.0001142400787897,1.0001142400787897
146508.7890625,1.8699951171875,278.3935546875,0.1031494140625,0.11911621093750001,55500.44333934784,7681.640625,0.4403382781866435,0.998683555887235,4.9630310654901344e-5,186.69934070837581,0.4403382781866435,0.998683555887235,0.998683555887235
146728.515625,1.776611328125,204.931640625,0.32631835937500003,0.34272460937500004,35482.553005218506,8550.78125,0.3192752508502877,1.0000971741522826,4.967970277061983e-5,270.04669656427274,0.3192752508502877,1.0000971741522826,1.0000971741522826
146801.7578125,0.7406005859375,135.2880859375,0.14680175781250002,0.1744873046875,47268.65470409393,8173.828125,0.23994103766501862,1.0008773505315485,3.136292120541222e-5,205.51526536280448,0.23994103766501862,1.0008773505315485,1.0008773505315485
147021.484375,1.300537109375,195.966796875,0.252197265625,0.24223632812500004,66284.03425216675,2011.71875,0.29507115090063807,0.9993660185229283,4.010724197207655e-5,376.32669240478197,0.29507115090063807,0.9993660185229283,0.9993660185229283
147094.7265625,1.2049560546875,128.9794921875,0.22092285156250002,0.26149902343750003,8503.752589225769,2634.765625,0.26216205970335504,0.9997049631304995,4.236283081955884e-5,324.8618716569176,0.26216205970335504,0.9997049631304995,0.9997049631304995
147314.453125,0.924072265625,392.861328125,0.29291992187500004,0.20151367187500002,58182.96194076538,5503.90625,0.3082574991070388,0.9997177891344061,2.6961973774597132e-5,296.83150835301774,0.3082574991070388,0.9997177891344061,0.9997177891344061
147607.421875,0.547607421875,79.755859375,0.20473632812500003,0.14204101562500002,31452.365398406982,9027.34375,0.190246628975924,1.0016415834238972,3.5512011269837116e-5,211.81842645873,0.190246628975924,1.0016415834238972,1.0016415834238972
147680.6640625,1.9578857421875,181.4404296875,0.32463378906250007,0.3476318359375,52699.65064525604,9650.390625,0.3186629429239808,1.0002333395296372,5.450917018524347e-5,257.64296362841185,0.3186629429239808,1.0002333395296372,1.0002333395296372
147900.390625,1.677001953125,254.072265625,0.24545898437500002,0.114208984375,39016.6335105896,6519.53125,0.3282916295033593,0.999754785778078,4.6252709508098334e-5,259.83201476488415,0.3282916295033593,0.999754785778078,0.999754785778078
147973.6328125,0.8284912109375,325.2099609375,0.28156738281250004,0.3959716796875,42300.774455070496,6142.578125,0.3099745668954919,0.9998831962664103,2.5823762354288665e-5,282.069932089993,0.3099745668954919,0.9998831962664103,0.9998831962664103
148193.359375,1.200927734375,276.982421875,0.12211914062500001,0.36762695312500004,11141.547679901123,9855.46875,0.3850151226701013,0.999591313144339,3.491973661259133e-5,185.14941634282147,0.3850151226701013,0.999591313144339,0.999591313144339
148266.6015625,1.2928466796875,387.9638671875,0.38615722656250007,0.12438964843750001,71655.07781505585,9478.515625,0.2855353088043068,0.9999438274085616,3.527644616949993e-5,279.82811781821744,0.2855353088043068,0.9999438274085616,0.9999438274085616
148486.328125,1.574462890625,144.501953125,0.16518554687500003,0.338623046875,16657.960414886475,6347.65625,0.3167509865915071,1.00003296633958,4.8648826798783144e-5,230.48176341304944,0.3167509865915071,1.00003296633958,1.00003296633958
148559.5703125,0.9193115234375,201.0302734375,0.3454345703125,0.16921386718750003,63220.45600414276,6970.703125,0.24703022038322778,1.0002114233397805,3.1347708324608396e-5,280.34070261074186,0.24703022038322778,1.0002114233397805,1.0002114233397805
148779.296875,1.947998046875,330.771484375,0.337158203125,0.32368164062500004,55287.768840789795,2871.09375,0.35137088166891667,0.9976642221879726,5.08733862018191e-5,425.8256693681451,0.35137088166891667,0.9976642221879726,0.9976642221879726
148852.5390625,0.5457763671875,270.4248046875,0.1523681640625,0.1917724609375,22918.22898387909,2494.140625,0.26603861474250906,0.9995893705472643,2.0963387202110533e-5,295.7155496998177,0.26603861474250906,0.9995893705472643,0.9995893705472643
149072.265625,0.827392578125,175.712890625,0.380224609375,0.27006835937500007,46535.98928451538,5363.28125,0.2343478030700134,1.0000842704486859,3.0803350070324606e-5,317.802812419817,0.2343478030700134,1.0000842704486859,1.0000842704486859
149145.5078125,1.6663818359375,63.5693359375,0.1116455078125,0.21433105468750002,34770.52390575409,5986.328125,0.24733048327131038,1.000317778629601,6.203159732533944e-5,219.42093736799623,0.24733048327131038,1.000317778629601,1.000317778629601
149365.234375,0.702880859375,368.623046875,0.14204101562500002,0.103955078125,63781.882762908936,4699.21875,0.3214876180695826,0.9998013343707327,2.239745763430569e-5,238.32498625439374,0.3214876180695826,0.9998013343707327,0.9998013343707327
149438.4765625,1.7322998046875,312.2607421875,0.33107910156250003,0.3857177734375,15990.492701530457,4072.265625,0.35304622163856386,0.9987903364483003,4.643853433746655e-5,371.4324322394166,0.35304622163856386,0.9987903364483003,0.9987903364483003
149658.203125,1.826416015625,214.892578125,0.10776367187500001,0.15229492187500002,73674.78322982788,3191.40625,0.39051563449686616,0.9991347662130765,5.0954772176039724e-5,248.66011261270478,0.39051563449686616,0.9991347662130765,0.9991347662130765
149731.4453125,0.6087646484375,104.0771484375,0.3630126953125,0.3578857421875,6053.730845451355,3564.453125,0.19822164468247097,1.0002903273690156,3.331449446951049e-5,335.527794515468,0.19822164468247097,1.0002903273690156,1.0002903273690156
149951.171875,1.449951171875,231.162109375,0.39458007812500007,0.20532226562500003,34678.25651168823,7714.84375,0.2734325811039167,1.000107151708012,4.194178295215632e-5,302.3644478028236,0.2734325811039167,1.000107151708012,1.000107151708012
150024.4140625,0.9852294921875,343.4716796875,0.1347900390625,0.29841308593750004,46804.37934398651,7087.890625,0.37165074403392007,0.9997771934220643,2.908648694636629e-5,210.96606411591895,0.37165074403392007,0.9997771934220643,0.9997771934220643
150244.140625,1.079345703125,97.353515625,0.36030273437500004,0.23842773437500003,26340.745449066162,8207.03125,0.2183193386878081,1.0006785268398384,4.336238943061357e-5,260.17189930100113,0.2183193386878081,1.0006785268398384,1.0006785268398384
150317.3828125,1.3558349609375,157.8662109375,0.16672363281250002,0.2576904296875,56027.092814445496,8580.078125,0.30504563825244174,1.0002697359116641,4.306249233276731e-5,208.7021099911427,0.30504563825244174,1.0002697359116641,1.0002697359116641
150537.109375,1.798583984375,120.263671875,0.30727539062500003,0.28559570312500004,23088.538646697998,7417.96875,0.2740808161191556,1.0003003038413616,5.547364772765116e-5,268.5718798827097,0.2740808161191556,1.0003003038413616,1.0003003038413616
150610.3515625,0.7655029296875,220.6201171875,0.20100097656250002,0.22985839843750003,60585.902094841,7791.015625,0.2721925942819054,1.0003419588069196,2.7255330493246013e-5,226.12107347762486,0.2721925942819054,1.0003419588069196,1.0003419588069196
150830.078125,0.672119140625,295.908203125,0.27534179687500004,0.30815429687500007,15372.300624847412,8910.15625,0.276578830948269,1.000366904370112,2.29212381214158e-5,240.8448574751419,0.276578830948269,1.000366904370112,1.000366904370112
150903.3203125,1.8919677734375,363.0615234375,0.23527832031250004,0.17624511718750002,70187.7259016037,8283.203125,0.38230980045095864,0.9978113972268424,4.894301096962673e-5,244.65687945949358,0.38230980045095864,0.9978113972268424,0.9978113972268424
151123.046875,1.045654296875,152.802734375,0.22231445312500003,0.33071289062500003,41560.42814254761,4433.59375,0.2667125954298359,1.00005154475929,3.7267457369126e-5,282.41966649256807,0.2667125954298359,1.00005154475929,1.00005154475929
151196.2890625,1.5184326171875,81.8310546875,0.2672119140625,0.1613037109375,37627.21335887909,4806.640625,0.23343318588045506,1.000150026292912,5.553199910960218e-5,285.57397275912695,0.23343318588045506,1.000150026292912,1.000150026292912
151416.015625,1.425048828125,348.369140625,0.19038085937500002,0.37553710937500007,50577.218532562256,3925.78125,0.4006302559913081,0.998924888228812,3.9060806536568606e-5,290.4386933242875,0.4006302559913081,0.998924888228812,0.998924888228812
151489.2578125,1.1390380859375,246.8505859375,0.3014892578125,0.13229980468750002,27476.906657218933,3298.828125,0.2772106809800682,0.9996453550388764,3.494881980761787e-5,352.2241915369857,0.2772106809800682,0.9996453550388764,0.9996453550388764
151708.984375,0.902099609375,137.529296875,0.38813476562500004,0.293798828125,35554.358959198,3136.71875,0.22448143489756242,0.9998749412858781,3.5670529501412133e-5,378.4216751155312,0.22448143489756242,0.9998749412858781,0.9998749412858781
151782.2265625,1.5565185546875,208.6669921875,0.12248535156250001,0.2005615234375,40036.192774772644,3509.765625,0.35965440617377353,0.9994171983045018,4.5436962073154544e-5,252.77334039009943,0.35965440617377353,0.9994171983045018,0.9994171983045018
152001.953125,1.275634765625,281.298828125,0.34448242187500006,0.262451171875,27455.42287826538,4628.90625,0.2966980991676612,0.999694941498875,3.7029161711427785e-5,346.4188687648852,0.2966980991676612,0.999694941498875,0.999694941498875
152294.921875,1.649169921875,170.068359375,0.15317382812500002,0.39985351562500004,62501.95646286011,8152.34375,0.34809812945481505,1.0000207487451764,4.8870525576331186e-5,212.66859239442812,0.34809812945481505,1.0000207487451764,1.0000207487451764
152368.1640625,0.8094482421875,69.8779296875,0.33869628906250004,0.1179443359375,25357.47230052948,8525.390625,0.1896634338422947,1.000947745768535,4.415452270031844e-5,240.0860192930516,0.1896634338422947,1.000947745768535,1.000947745768535
152587.890625,0.528564453125,333.759765625,0.109521484375,0.34389648437500003,71835.75582504272,7644.53125,0.2996622159489618,1.0000697506918461,1.9052854446550033e-5,201.57316308105842,0.2996622159489618,1.0000697506918461,1.0000697506918461
152661.1328125,1.9300537109375,266.7724609375,0.3800048828125,0.13815917968750002,14717.141032218933,7017.578125,0.2888543397601975,0.9996960121434543,5.184978340041403e-5,318.37013743889577,0.2888543397601975,0.9996960121434543,0.9996960121434543
152880.859375,1.599365234375,399.169921875,0.22055664062500002,0.166064453125,47223.15168380737,8980.46875,0.3820851841061085,0.9990574948525717,4.211624028814242e-5,231.93275017344087,0.3820851841061085,0.9990574948525717,0.9990574948525717
152954.1015625,0.9412841796875,287.0263671875,0.2502197265625,0.3353271484375,34481.95159435272,8353.515625,0.3100255975430857,1.0001288409716103,2.9291738781930083e-5,243.96069675414168,0.3100255975430857,1.0001288409716103,1.0001288409716103
153173.828125,1.222900390625,192.314453125,0.179248046875,0.127685546875,55764.894008636475,7472.65625,0.2999069768768283,1.0000692623372303,3.867748903397665e-5,222.39342921274044,0.2999069768768283,1.0000692623372303,1.0000692623372303
153247.0703125,1.3177490234375,131.9677734375,0.29387207031250007,0.37077636718750007,25560.696482658386,7845.703125,0.26551497485971737,1.0004859516658289,4.4621891358212235e-5,259.6453932643379,0.26551497485971737,1.0004859516658289,1.0004859516658289
153466.796875,0.846435546875,261.708984375,0.323095703125,0.215869140625,17527.78959274292,3996.09375,0.2632218035803921,0.9998359101956228,2.810282069021469e-5,339.00519449729677,0.2632218035803921,0.9998359101956228,0.9998359101956228
153540.0390625,1.6942138671875,318.2373046875,0.20393066406250002,0.2714599609375,66645.14243602753,3369.140625,0.38655159757833624,0.9986524297427115,4.5669245945772956e-5,312.94133291447764,0.38655159757833624,0.9986524297427115,0.9986524297427115
153759.765625,1.975830078125,74.775390625,0.28178710937500007,0.19038085937500002,7987.679958343506,4488.28125,0.24237373441929405,1.0000792936711478,6.642389825794694e-5,301.24751734874496,0.24237373441929405,1.0000792936711478,1.0000792936711478
153833.0078125,0.5648193359375,185.7568359375,0.24758300781250003,0.3221435546875,76758.17954540253,4861.328125,0.23072785235270618,1.0003335414429941,2.4984992220114173e-5,281.44746449546955,0.23072785235270618,1.0003335414429941,1.0003335414429941
154052.734375,1.898193359375,299.560546875,0.20297851562500002,0.36176757812500004,26821.46406173706,5574.21875,0.4092941244147362,0.99876098145113,5.0424290168286816e-5,270.83388610771397,0.4092941244147362,0.99876098145113,0.99876098145113
154125.9765625,0.6776123046875,360.0732421875,0.30764160156250003,0.1560302734375,58868.468165397644,5197.265625,0.2682979418059503,0.9999481899496002,2.2160554440126126e-5,304.65513854327634,0.2682979418059503,0.9999481899496002,0.9999481899496002
154345.703125,0.771728515625,113.955078125,0.23432617187500002,0.3819824218750001,34888.803005218506,2066.40625,0.22140972790218483,0.9998109633935117,3.604047716718755e-5,353.10666292998354,0.22140972790218483,0.9998109633935117,0.9998109633935117
154418.9453125,1.8040771484375,226.2646484375,0.27395019531250003,0.10007324218750001,48372.99048900604,2689.453125,0.306667505894743,0.9992955090626353,5.048826779013885e-5,370.2882075729626,0.306667505894743,0.9992955090626353,0.9992955090626353
154638.671875,1.145263671875,353.349609375,0.26801757812500004,0.25688476562500007,73623.99625778198,6589.84375,0.32960936379446265,0.999790853874468,3.278561362931214e-5,277.1759489732425,0.32960936379446265,0.999790853874468,0.999790853874468
154711.9140625,1.4305419921875,242.5341796875,0.22385253906250002,0.23747558593750004,6681.851267814636,6212.890625,0.32936660874574103,0.99982351834755,4.156215787002265e-5,260.8555175255277,0.32936660874574103,0.99982351834755,0.99982351834755
154931.640625,1.524658203125,145.166015625,0.29936523437500007,0.29936523437500007,65011.15560531616,9082.03125,0.27735387014331336,1.0003271763037538,4.79626758051218e-5,250.5853843753205,0.27735387014331336,1.0003271763037538,1.0003271763037538
155004.8828125,1.0511474609375,88.8037109375,0.19016113281250002,0.20612792968750002,18825.28007030487,9705.078125,0.2275170610058979,1.0011811770950805,4.474199202992413e-5,207.75702807235587,0.2275170610058979,1.0011811770950805,1.0011811770950805
155224.609375,0.603271484375,210.576171875,0.33071289062500003,0.177783203125,55081.24494552612,6292.96875,0.22692556890551693,1.0000809328633726,2.455626932163432e-5,282.3838814197406,0.22692556890551693,1.0000809328633726,1.0000809328633726
155297.8515625,1.8201904296875,109.0576171875,0.1400634765625,0.3095458984375,32387.46154308319,6916.015625,0.30166972839821055,1.000050884244394,5.773728214293718e-5,219.59559912909063,0.30166972839821055,1.000050884244394,1.000050884244394
155517.578125,1.726806640625,375.595703125,0.3644042968750001,0.22846679687500002,47190.56844711304,9785.15625,0.32180627328118694,0.99937610523096,4.545477133259174e-5,284.97907822185823,0.32180627328118694,0.99937610523096,0.99937610523096
155590.8203125,0.6966552734375,304.6240234375,0.1087158203125,0.2840576171875,43585.110545158386,9408.203125,0.3178079628423103,1.0002072066485255,2.348899510125085e-5,188.23381683282466,0.3178079628423103,1.0002072066485255,1.0002072066485255
155810.546875,1.350341796875,94.365234375,0.13325195312500002,0.129150390625,10306.704998016357,5308.59375,0.25292887692435756,1.000138668517003,5.055431677486355e-5,235.3660325623934,0.25292887692435756,1.000138668517003,1.000138668517003
155883.7890625,1.0731201171875,161.5185546875,0.3937744140625,0.37224121093750007,69696.57981395721,5931.640625,0.24853286030570984,1.000180324195018,3.75667457739738e-5,322.84037290331526,0.24853286030570984,1.000180324195018,1.000180324195018
156103.515625,0.979736328125,236.806640625,0.16694335937500002,0.164599609375,17608.468532562256,2800.78125,0.2996130232958387,0.9995625616748566,3.2081755441042356e-5,296.42957050832854,0.2996130232958387,0.9995625616748566,0.9995625616748566
156176.7578125,1.4437255859375,337.1630859375,0.3624267578125,0.3338623046875,59597.11539745331,2423.828125,0.32029015315953285,0.9988116977588909,3.998041258184179e-5,460.4108619635933,0.32029015315953285,0.9988116977588909,0.9988116977588909
156396.484375,1.909912109375,100.341796875,0.149072265625,0.157861328125,39201.4536857605,9761.71875,0.2898770064953084,1.0001948710885824,6.040282388768894e-5,196.71455438448376,0.2898770064953084,1.0001948710885824,1.0001948710885824
156469.7265625,0.5018310546875,160.8544921875,0.34279785156250003,0.3271240234375,51659.666895866394,9384.765625,0.20913993841723674,1.0010557021780728,2.508219473610552e-5,243.8432360184611,0.20913993841723674,1.0010557021780728,1.0010557021780728
156689.453125,0.783447265625,233.486328125,0.11479492187500001,0.135888671875,28183.87746810913,6253.90625,0.29154755859894316,0.9999824090761851,2.7667331287725983e-5,215.8825956811228,0.29154755859894316,0.9999824090761851,0.9999824090761851
156982.421875,1.156982421875,217.880859375,0.38286132812500007,0.22641601562500002,64479.70914840698,2777.34375,0.2580021114095872,0.9996821592417008,3.676115825827216e-5,419.87418117053636,0.2580021114095872,0.9996821592417008,0.9996821592417008
157055.6640625,1.2547607421875,107.0654296875,0.12775878906250002,0.28200683593750003,13012.883067131042,2400.390625,0.2600096909005732,0.9995857093319126,4.723783339204753e-5,293.2004315642168,0.2600096909005732,0.9995857093319126,0.9995857093319126
157275.390625,1.536376953125,370.947265625,0.34858398437500004,0.17983398437500003,75019.4411277771,5269.53125,0.30989287279643535,0.9992874113296304,4.150602645092022e-5,346.83312701930413,0.30989287279643535,0.9992874113296304,0.9992874113296304
157348.6328125,0.8753662109375,314.5849609375,0.1596923828125,0.31159667968750004,6016.960978507996,5892.578125,0.33105420260439594,0.999919778771137,2.7568214912017545e-5,239.65073937183325,0.33105420260439594,0.999919778771137,0.999919778771137
157568.359375,0.591552734375,351.357421875,0.31899414062500003,0.302001953125,44376.10578536987,2105.46875,0.26416775413271737,0.9994360105241603,2.0640802245500922e-5,413.15795836005765,0.26416775413271737,0.9994360105241603,0.9994360105241603
157641.6015625,1.9959716796875,249.8388671875,0.20803222656250003,0.20876464843750003,40235.91887950897,2728.515625,0.36445510615000853,0.9988003578447475,5.414811273495548e-5,335.9316150300891,0.36445510615000853,0.9988003578447475,0.9988003578447475
157861.328125,1.715087890625,155.126953125,0.28706054687500004,0.254248046875,55691.834926605225,5597.65625,0.2869590714455629,0.9999748727286102,5.195177931810842e-5,295.90192485855414,0.2869590714455629,0.9999748727286102,0.9999748727286102
157934.5703125,0.8724365234375,84.1552734375,0.24230957031250003,0.23483886718750002,32281.521677970886,5220.703125,0.2072011856333889,1.0003762066281496,4.3363546165086354e-5,270.8174446045439,0.2072011856333889,1.0003762066281496,1.0003762066281496
158154.296875,1.338623046875,298.896484375,0.21528320312500002,0.3893066406250001,23228.442668914795,9121.09375,0.3651800333641961,0.9999952042239247,3.81531402719044e-5,234.6111209629223,0.3651800333641961,0.9999952042239247,0.9999952042239247
158227.5390625,1.2489013671875,366.0498046875,0.2554931640625,0.10739746093750001,61957.65769481659,9744.140625,0.32522089107865293,0.9999576426113121,3.496659647499013e-5,236.13259988943915,0.32522089107865293,0.9999576426113121,0.9999576426113121
158447.265625,0.968017578125,122.587890625,0.183349609375,0.35444335937500004,11257.79104232788,6613.28125,0.24632649732270032,1.0003992340965728,3.899304673352802e-5,240.2934835275265,0.24632649732270032,1.0003992340965728,1.0003992340965728
158520.5078125,1.6195068359375,222.9443359375,0.2897705078125,0.1487060546875,71112.80906200409,6236.328125,0.2978539065502202,0.9998502321110383,4.6623834703735713e-5,289.2690999689307,0.2978539065502202,0.9998502321110383,0.9998502321110383
158740.234375,1.031005859375,251.748046875,0.263916015625,0.18833007812500002,29959.617137908936,7449.21875,0.28539934598250605,1.00012037882179,3.2630987138751496e-5,258.1803385946935,0.28539934598250605,1.00012037882179,1.00012037882179
158813.4765625,1.4979248046875,322.8857421875,0.2279541015625,0.32009277343750003,53453.87160778046,7822.265625,0.36988033916021223,0.9997652910513284,4.1338425381612885e-5,253.3157300122286,0.36988033916021223,0.9997652910513284,0.9997652910513284
159033.203125,1.404541015625,76.767578125,0.30463867187500004,0.21791992187500003,40886.33108139038,8941.40625,0.22187462729530222,1.0008910997720524,5.5090209224079565e-5,242.88859781405995,0.22187462729530222,1.0008910997720524,1.0008910997720524
159106.4453125,1.1243896484375,178.4521484375,0.18488769531250002,0.27351074218750004,44194.722056388855,8314.453125,0.2889646363479891,1.0003041095334964,3.769163519593959e-5,223.2410983574306,0.2889646363479891,1.0003041095334964,1.0003041095334964
159326.171875,1.778076171875,390.537109375,0.19770507812500002,0.12094726562500001,74559.29899215698,4464.84375,0.39258920324989277,0.9967526926121418,4.644308729952808e-5,286.68286957456274,0.39258920324989277,0.9967526926121418,0.9967526926121418
159399.4140625,0.7508544921875,290.3466796875,0.31291503906250007,0.3640380859375001,13519.375681877136,4837.890625,0.27473678543171803,0.9998289283435637,2.549304725219539e-5,321.38163968943354,0.27473678543171803,0.9998289283435637,0.9998289283435637
159619.140625,0.657470703125,192.978515625,0.23842773437500003,0.17280273437500002,64809.43441390991,3957.03125,0.23593810249995523,0.99989993295822,2.7135547012392976e-5,297.56702134735576,0.23593810249995523,0.99989993295822,0.99989993295822
159692.3828125,1.8714599609375,125.9912109375,0.26984863281250004,0.34206542968750003,21992.08915233612,3330.078125,0.28678172429990145,0.9996847622391325,5.798788159916176e-5,341.27681433173933,0.28678172429990145,0.9996847622391325,0.9996847622391325
159912.109375,1.470458984375,173.388671875,0.129150390625,0.3512207031250001,57347.571849823,4667.96875,0.33057959644635515,0.9997006104680206,4.582086583391706e-5,245.54520331110785,0.33057959644635515,0.9997006104680206,0.9997006104680206
159985.3515625,0.9998779296875,61.2451171875,0.39787597656250007,0.14548339843750002,23084.559321403503,4041.015625,0.18663901194132554,1.0001569725066295,5.309701428589479e-5,326.77847838806036,0.18663901194132554,1.0001569725066295,1.0001569725066295
160205.078125,1.093994140625,327.783203125,0.17221679687500002,0.39252929687500004,46703.23324203491,3160.15625,0.3614241524588083,0.999216525472527,3.246548084490583e-5,299.94884666922854,0.3614241524588083,0.999216525472527,0.999216525472527
160278.3203125,1.3763427734375,267.4365234375,0.3571533203125,0.1106201171875,33438.7024641037,3533.203125,0.2719607082906635,0.9995685088021486,4.016164254147894e-5,386.4948627733582,0.2719607082906635,0.9995685088021486,0.9995685088021486
160498.046875,0.717529296875,142.177734375,0.325439453125,0.26508789062500004,11545.718669891357,7683.59375,0.21783920320054012,1.0006023346828383,3.182309355288951e-5,262.65770650795383,0.21783920320054012,1.0006023346828383,1.0006023346828383
160571.2890625,1.7528076171875,198.7060546875,0.14533691406250002,0.24567871093750002,79910.20286083221,7056.640625,0.35790607858936624,0.9997185360283927,5.054386748962145e-5,223.16937011029762,0.35790607858936624,0.9997185360283927,0.9997185360283927
160791.015625,1.846923828125,273.994140625,0.368505859375,0.29116210937500003,21258.553981781006,8175.78125,0.3142498691798336,0.9998006838145679,5.023912660981248e-5,308.1360921058856,0.3142498691798336,0.9998006838145679,0.9998006838145679
160864.2578125,0.6234130859375,384.9755859375,0.1046142578125,0.1979248046875,70727.18131542206,8548.828125,0.3253770857973845,1.0000600690789951,2.0683514619376056e-5,194.7847448836425,0.3253770857973845,1.0000600690789951,1.0000600690789951
161083.984375,0.855224609375,148.154296875,0.210009765625,0.378173828125,78897.55964279175,8886.71875,0.24911263173489653,1.0007174132067664,3.4149048835297806e-5,226.925518627059,0.24911263173489653,1.0007174132067664,1.0007174132067664
161157.2265625,1.6971435546875,91.7919921875,0.31936035156250003,0.1349365234375,10855.193018913269,8259.765625,0.23513690522184402,1.0003112818557822,5.835591934454538e-5,258.64939122737053,0.23513690522184402,1.0003112818557822,1.0003112818557822
161376.953125,1.978759765625,355.673828125,0.24135742187500003,0.32807617187500004,69770.79153060913,7378.90625,0.404101797781433,0.9964095043252873,5.13068346522844e-5,273.1364160965795,0.404101797781433,0.9964095043252873,0.9964095043252873
161450.1953125,0.5736083984375,244.8583984375,0.28566894531250003,0.15866699218750002,19991.345286369324,7751.953125,0.2352577880022968,1.0003353834694975,2.286590620741123e-5,254.49695631455435,0.2352577880022968,1.0003353834694975,1.0003353834694975
161669.921875,1.602294921875,116.943359375,0.25629882812500004,0.31547851562500007,24525.393962860107,3902.34375,0.26740854852143664,0.999862632502429,5.354227112974118e-5,315.29083496482565,0.26740854852143664,0.999862632502429,0.999862632502429
161743.1640625,0.9500732421875,229.2529296875,0.21682128906250003,0.18356933593750002,58952.93128490448,3275.390625,0.27893333022173805,0.9996560975470445,3.206375047930443e-5,312.04750145174603,0.27893333022173805,0.9996560975470445,0.9996560975470445
161962.890625,1.231689453125,301.884765625,0.28764648437500007,0.27827148437500004,35320.985317230225,4394.53125,0.3134942027411459,0.9995681190024365,3.613732902315951e-5,331.50989628116434,0.3134942027411459,0.9995681190024365,0.9995681190024365
162036.1328125,1.3206787109375,362.3974609375,0.18312988281250003,0.22253417968750003,48980.20255565643,4767.578125,0.3724934823865128,0.999287041960442,3.697395793567195e-5,272.9750370447516,0.3724934823865128,0.999287041960442,0.999287041960442
162255.859375,1.646240234375,239.794921875,0.34243164062500003,0.23168945312500003,10875.678539276123,3230.46875,0.29463996418834926,0.9994061865690862,4.707763956687085e-5,398.2188139424021,0.29463996418834926,0.9994061865690862,0.9994061865690862
162329.1015625,0.8006591796875,340.1513671875,0.1470947265625,0.2509521484375,74555.95672130585,3603.515625,0.3243154497000938,0.9995579383284464,2.5725073539823142e-5,272.1712324967303,0.3243154497000938,0.9995579383284464,0.9995579383284464
162548.828125,0.519775390625,96.689453125,0.3761230468750001,0.21206054687500003,22328.065395355225,4722.65625,0.1832084956498668,1.0003650491765854,3.4492743818106244e-5,303.3058966330957,0.1832084956498668,1.0003650491765854,1.0003650491765854
162622.0703125,1.9271240234375,163.8427734375,0.1157470703125,0.3051513671875,65004.57465648651,4095.703125,0.35733338780915497,0.999479874390197,5.6486782465097673e-5,248.8766239960018,0.35733338780915497,0.999479874390197,0.999479874390197
162841.796875,0.893310546875,378.583984375,0.126220703125,0.15024414062500002,56159.86967086792,8246.09375,0.3545360227844004,0.9998159630455594,2.6990975060372735e-5,204.7667895892968,0.3545360227844004,0.9998159630455594,0.9998159630455594
162915.0390625,1.5535888671875,307.6123046875,0.3820556640625,0.3558349609375,32714.844584465027,8619.140625,0.3168834159311885,0.9998875081254304,4.307490714360772e-5,310.43071166274643,0.3168834159311885,0.9998875081254304,0.9998875081254304
163134.765625,1.272705078125,212.900390625,0.159912109375,0.10600585937500001,45914.559841156006,7738.28125,0.3126433199704233,1.0000134210861757,3.961358097804285e-5,220.08571705008018,0.3126433199704233,1.0000134210861757,1.0000134210861757
163208.0078125,1.1741943359375,111.3818359375,0.3507080078125,0.38776855468750004,41866.08970165253,7111.328125,0.234424137835535,1.0004792182422466,4.5244606256721483e-5,286.1078039835605,0.234424137835535,1.0004792182422466,1.0004792182422466
163427.734375,1.382568359375,331.435546875,0.39985351562500004,0.27739257812500007,64081.22968673706,6324.21875,0.2944544774392143,0.9996732370285303,3.892148007505942e-5,350.479633436847,0.2944544774392143,0.9996732370285303,0.9996732370285303
163500.9765625,1.0994873046875,264.4482421875,0.1295166015625,0.22165527343750002,23073.058009147644,6947.265625,0.33799687025888625,0.9998924549208925,3.407531440364511e-5,219.04361358339278,0.33799687025888625,0.9998924549208925,0.9998924549208925
163720.703125,1.006103515625,167.080078125,0.356201171875,0.31635742187500004,75071.053981781,9816.40625,0.24580439193486356,1.000501774126026,3.61406148109108e-5,260.4588393039703,0.24580439193486356,1.000501774126026,1.000501774126026
163793.9453125,1.4759521484375,66.8896484375,0.1708251953125,0.1844482421875,15365.544199943542,9439.453125,0.22888387266560226,1.000963348555626,5.9831749422066854e-5,209.9670846115711,0.22888387266560226,1.000963348555626,1.000963348555626
164013.671875,0.629638671875,278.974609375,0.146142578125,0.34125976562500004,42063.63248825073,5339.84375,0.2820667566039502,1.0000761144781247,2.331942710157524e-5,246.6090717656645,0.2820667566039502,1.0000761144781247,1.0000761144781247
164086.9140625,1.8524169921875,380.6591796875,0.32697753906250004,0.17185058593750002,46882.19916820526,5962.890625,0.32816347725785255,0.9984078787921614,4.861654218363211e-5,331.8607947228136,0.32816347725785255,0.9984078787921614,0.9984078787921614
164306.640625,1.759033203125,134.541015625,0.102490234375,0.364990234375,30524.766445159912,2832.03125,0.3242406859824335,0.9993890318442722,5.5397289793715485e-5,269.2675646567296,0.3242406859824335,0.9993890318442722,0.9993890318442722
164379.8828125,0.7230224609375,205.6787109375,0.3682861328125,0.12175292968750001,55540.276408195496,2455.078125,0.221651441455881,0.9996279340848196,2.837080920859523e-5,404.9297979926196,0.221651441455881,0.9996279340848196,0.9996279340848196
164599.609375,1.118896484375,72.451171875,0.227587890625,0.11215820312500001,17273.871898651123,5542.96875,0.20835600590282974,1.0002407274614737,5.229035812465104e-5,263.06668865298167,0.20835600590282974,1.0002407274614737,1.0002407274614737
164672.8515625,1.3983154296875,183.4326171875,0.2619384765625,0.3939208984375,69129.28283214569,5166.015625,0.2990284549483845,0.9999614963039742,4.407940428341139e-5,300.68562588549105,0.2990284549483845,0.9999614963039742,0.9999614963039742
164892.578125,1.492431640625,258.720703125,0.186279296875,0.144091796875,3566.422939300537,2035.15625,0.3364853809072806,0.998992850994912,4.330479247307829e-5,346.459114529588,0.3364853809072806,0.998992850994912,0.998992850994912
164965.8203125,1.0247802734375,315.2490234375,0.30559082031250007,0.34968261718750004,79968.89960765839,2658.203125,0.30308951726394195,0.9993059837709584,3.1436034806549565e-5,397.95121502690597,0.30308951726394195,0.9993059837709584,0.9993059837709584
165185.546875,1.865966796875,189.990234375,0.311376953125,0.19477539062500002,52186.52677536011,6558.59375,0.29234454256268977,0.999944280977926,5.3830255150776387e-5,299.0396733599742,0.29234454256268977,0.999944280977926,0.999944280977926
165258.7890625,0.6512451171875,129.6435546875,0.1968994140625,0.28786621093750003,38041.09275341034,6181.640625,0.21725382998189055,1.0004214989667088,3.2400413560466066e-5,250.63523028229415,0.21725382998189055,1.0004214989667088,1.0004214989667088
165478.515625,0.745361328125,396.181640625,0.27006835937500007,0.24897460937500002,62698.007106781006,9050.78125,0.29712630028832404,1.0002806452567587,2.3483858146970878e-5,251.05977424970993,0.29712630028832404,1.0002806452567587,1.0002806452567587
165551.7578125,1.7718505859375,284.0380859375,0.24055175781250002,0.26823730468750007,30644.265055656433,9673.828125,0.3579634374283238,0.9997990653368722,4.848030041804206e-5,244.67114097880776,0.3579634374283238,0.9997990653368722,0.9997990653368722
165771.484375,1.206787109375,387.216796875,0.34594726562500006,0.33598632812500007,20293.433666229248,3511.71875,0.31929119937752837,0.9991639287288716,3.426090050462358e-5,402.1661940303909,0.31929119937752837,0.9991639287288716,0.9991639287288716
165844.7265625,1.2987060546875,277.7294921875,0.1646728515625,0.16774902343750003,64592.25356578827,3134.765625,0.34063834812713545,0.9994292943214914,3.8489766349434334e-5,294.8060923903479,0.34063834812713545,0.9994292943214914,0.9994292943214914
166064.453125,1.580322265625,201.611328125,0.38666992187500004,0.3702636718750001,10756.81447982788,4003.90625,0.2859251472899351,0.9996242451743003,4.731756209553468e-5,394.1524892946853,0.2859251472899351,0.9996242451743003,0.9996242451743003
166357.421875,1.953857421875,271.005859375,0.110986328125,0.273291015625,48368.13688278198,8527.34375,0.43595370325055255,0.9988590988762559,5.26821791614204e-5,204.32791403948997,0.43595370325055255,0.9988590988762559,0.9988590988762559
166430.6640625,0.5516357421875,330.1904296875,0.3808837890625001,0.21638183593750002,44418.33961009979,8150.390625,0.23768276752409484,1.0001822333118864,2.0315532446924422e-5,286.0096688371951,0.23768276752409484,1.0001822333118864,1.0001822333118864
166650.390625,0.833251953125,62.822265625,0.15170898437500002,0.32045898437500003,58101.1061668396,7019.53125,0.1965208931677918,1.0010138026243556,5.0154831308378866e-5,231.57484671417225,0.1965208931677918,1.0010138026243556,1.0010138026243556
166723.6328125,1.6722412109375,176.4599609375,0.33781738281250007,0.18972167968750003,33800.469279289246,7642.578125,0.2722292087899308,1.0000900405706483,5.038095354283587e-5,289.9399001853083,0.2722292087899308,1.0000900405706483,1.0000900405706483
166943.359375,1.294677734375,128.232421875,0.17836914062500003,0.19887695312500003,70891.18146896362,8355.46875,0.2650559362794796,1.0004917931401183,4.601651271223409e-5,223.8151971093498,0.2650559362794796,1.0004917931401183,1.0004917931401183
167016.6015625,1.1990966796875,196.7138671875,0.29240722656250007,0.29313964843750007,20096.117854118347,8978.515625,0.27710548417078146,1.0003293474402235,3.8962640479739134e-5,258.1752232457568,0.27710548417078146,1.0003293474402235,1.0003293474402235
167236.328125,0.918212890625,293.251953125,0.22143554687500003,0.24487304687500003,80917.35982894897,7847.65625,0.3005074018904111,1.000066103742559,2.94401154161196e-5,246.6434813901117,0.3005074018904111,1.000066103742559,1.000066103742559
167309.5703125,1.5755615234375,392.2802734375,0.2516845703125,0.26296386718750003,9237.667918205261,7470.703125,0.3693155501427013,0.9990599764701743,4.2324102541250525e-5,276.35162543233224,0.3693155501427013,0.9990599764701743,0.9990599764701743
167529.296875,0.541748046875,182.021484375,0.28090820312500003,0.117431640625,37169.360637664795,3371.09375,0.21167677162557846,0.9999016544268747,2.5994574211902784e-5,324.9609140078061,0.21167677162557846,0.9999016544268747,0.9999016544268747
167602.5390625,1.9520263671875,79.1748046875,0.24611816406250003,0.39802246093750004,51593.94919872284,3994.140625,0.25543170128972026,1.000014618520668,6.758156801338252e-5,310.7002357108588,0.25543170128972026,1.000014618520668,1.000014618520668
167822.265625,1.671142578125,324.462890625,0.323974609375,0.138818359375,27211.28225326538,4863.28125,0.30647332896179574,0.9993665721860447,4.578447001835624e-5,348.1515969075115,0.30647332896179574,0.9993665721860447,0.9993665721860447
167895.5078125,0.8226318359375,254.8193359375,0.20539550781250002,0.34558105468750006,62666.21482372284,4486.328125,0.285524844525485,0.9999693497224805,2.8654036220555086e-5,286.4874925423282,0.285524844525485,0.9999693497224805,0.9999693497224805
168115.234375,1.734130859375,219.873046875,0.23579101562500002,0.31020507812500003,7702.048778533936,5199.21875,0.333844827161934,0.9996230156950877,4.998197127137482e-5,295.3860599284404,0.333844827161934,0.9996230156950877,0.9996230156950877
168188.4765625,0.7010498046875,121.0107421875,0.27482910156250007,0.17946777343750003,82618.1172132492,5572.265625,0.2071016680574191,1.0003164566139615,3.4956051340003316e-5,277.1654932761495,0.2071016680574191,1.0003164566139615,1.0003164566139615
168408.203125,0.607666015625,363.642578125,0.20151367187500002,0.283544921875,16661.59963607788,2691.40625,0.28605943346597645,0.9995238134413028,2.125144414165557e-5,327.63447183207217,0.28605943346597645,0.9995238134413028,0.9995238134413028
168481.4453125,1.8275146484375,295.3271484375,0.3067626953125,0.22663574218750002,71701.6190290451,2064.453125,0.32463774378379134,0.9986407051199718,4.997653433302331e-5,449.77587392353496,0.32463774378379134,0.9986407051199718,0.9986407051199718
168701.171875,0.981201171875,82.412109375,0.30083007812500007,0.37407226562500007,61955.23405075073,6214.84375,0.20872205611782704,1.000583253372363,4.760039166640217e-5,277.4003596464558,0.20872205611782704,1.000583253372363,1.000583253372363
168774.4140625,1.4539794921875,152.2216796875,0.1910400390625,0.1296630859375,27766.17133617401,6587.890625,0.28166137360212806,1.0000725588929351,4.757408148215347e-5,246.5084561147247,0.28166137360212806,1.0000725588929351,1.0000725588929351
168994.140625,1.360595703125,246.103515625,0.26655273437500004,0.33217773437500003,53346.72689437866,9707.03125,0.31657782992213335,1.000271755363738,4.0628576298118545e-5,251.4127288750716,0.31657782992213335,1.000271755363738,1.000271755363738
169067.3828125,1.0745849609375,349.1162109375,0.22297363281250004,0.1639404296875,39272.576212882996,9080.078125,0.3225640214261434,1.0000128410152704,3.1819218871112404e-5,238.1276642762859,0.3225640214261434,1.0000128410152704,1.0000128410152704
169287.109375,0.767333984375,311.513671875,0.363525390625,0.154345703125,78305.579662323,6917.96875,0.24930410770693545,1.0000730869095544,2.5782835330923323e-5,304.1441740809907,0.24930410770693545,1.0000730869095544,1.0000730869095544
169360.3515625,1.7967529296875,369.3701171875,0.1072509765625,0.3611083984375001,13697.413325309753,6291.015625,0.48482110885398894,0.9953617549944147,4.722033287728495e-5,226.36883508296484,0.48482110885398894,0.9953617549944147,0.9953617549944147
169580.078125,1.890869140625,104.658203125,0.33159179687500007,0.10190429687500001,68558.33578109741,9410.15625,0.24179446753071043,1.0004094721096348,6.141469782541704e-5,257.8253852287916,0.24179446753071043,1.0004094721096348,1.0004094721096348
169653.3203125,0.6732177734375,214.3115234375,0.1415283203125,0.38249511718750007,27353.19221019745,9783.203125,0.26599236786285363,1.000356083124285,2.6710994638030416e-5,207.59645996326475,0.26599236786285363,1.000356083124285,1.000356083124285
169873.046875,1.514404296875,344.052734375,0.166064453125,0.23696289062500003,32357.913494110107,5933.59375,0.3894214877957073,0.9992718441704348,4.187740921412749e-5,254.7964369196614,0.3894214877957073,0.9992718441704348,0.9992718441704348
169946.2890625,1.0496826171875,230.5810546875,0.3609619140625,0.25505371093750007,57179.33738231659,5306.640625,0.2588412571660252,1.000016792832496,3.4652130418027946e-5,336.41567914287657,0.2588412571660252,1.000016792832496,1.000016792832496
170166.015625,1.143798828125,157.119140625,0.13413085937500002,0.20678710937500003,40646.676540374756,2425.78125,0.27621750886488333,0.9995125109832689,4.106442745037761e-5,299.7749745973171,0.27621750886488333,0.9995125109832689,0.9995125109832689
170239.2578125,1.4202880859375,98.1005859375,0.3952392578125,0.30104980468750003,45707.74161815643,2798.828125,0.22412816915065942,0.9998658101745946,5.3845687845637995e-5,404.5239299206072,0.22412816915065942,0.9998658101745946,0.9998658101745946
170458.984375,1.558349609375,286.279296875,0.29438476562500004,0.125048828125,54942.786693573,2636.71875,0.3014549593929745,0.9991118373712164,4.433418736630843e-5,398.6346588835179,0.3014549593929745,0.9991118373712164,0.9991118373712164
170532.2265625,0.9002685546875,399.9169921875,0.17873535156250003,0.36931152343750007,28413.573145866394,2009.765625,0.3490325590608051,0.9989699187176746,2.7382913373569774e-5,349.38822469850845,0.3490325590608051,0.9989699187176746,0.9989699187176746
170751.953125,1.181884765625,132.548828125,0.250732421875,0.168701171875,45840.18850326538,5128.90625,0.24336725682069885,1.0000247684002388,4.398240412695582e-5,286.7664766231161,0.24336725682069885,1.0000247684002388,1.0000247684002388
171044.921875,0.805419921875,318.818359375,0.24692382812500002,0.193603515625,18135.867595672607,9652.34375,0.2844834473828956,1.0003201995058135,2.6429311028351143e-5,238.6468519008939,0.2844834473828956,1.0003201995058135,1.0003201995058135
171118.1640625,1.6531982421875,261.1279296875,0.2824462890625,0.3241943359375,80682.30140209198,9025.390625,0.3320398050487493,1.0000016980871738,4.682798772247383e-5,269.71954114048225,0.3320398050487493,1.0000016980871738,1.0000016980871738
171337.890625,1.934814453125,185.009765625,0.20327148437500003,0.21264648437500003,25831.483364105225,6144.53125,0.32746809355513307,0.9997834046285201,5.60966126978731e-5,264.7837263896415,0.32746809355513307,0.9997834046285201,0.9997834046285201
171411.1328125,0.5238037109375,75.5224609375,0.32375488281250003,0.2694091796875,69755.83732128143,6517.578125,0.17850041126442664,1.0007852103973771,4.095470192698192e-5,263.04593703738533,0.17850041126442664,1.0007852103973771,1.0007852103973771
171630.859375,0.943115234375,207.919921875,0.164306640625,0.25981445312500007,28899.665355682373,9480.46875,0.284127610319113,1.0003941088039539,3.312055518369911e-5,215.63282155795437,0.284127610319113,1.0003941088039539,1.0003941088039539
171704.1015625,1.5975341796875,138.2763671875,0.3439697265625,0.24157714843750003,62751.91009044647,9853.515625,0.2562114607605444,1.0003703168880702,5.1795652655619695e-5,264.89675290523707,0.2562114607605444,1.0003703168880702,1.0003703168880702
171923.828125,1.316650390625,383.564453125,0.12299804687500002,0.29643554687500007,37480.714321136475,6972.65625,0.4152698642322437,0.9993692685321814,3.6841037862786665e-5,226.5538013284087,0.4152698642322437,0.9993692685321814,0.9993692685321814
171997.0703125,1.2239990234375,280.7177734375,0.38762207031250007,0.2020263671875,51753.262400627136,6345.703125,0.268004575258422,0.9998795612829711,3.6949845544004145e-5,337.1020269905138,0.268004575258422,0.9998795612829711,0.9998795612829711
172216.796875,1.690185546875,70.458984375,0.37934570312500004,0.34711914062500004,85985.91947555542,2496.09375,0.219258991013441,0.9998358008824285,6.585425233900403e-5,405.10775297693954,0.219258991013441,0.9998358008824285,0.9998358008824285
172290.0390625,0.8504638671875,169.4873046875,0.1101806640625,0.14020996093750002,6996.338725090027,2869.140625,0.25854958286834095,0.9994894376635728,3.398140846417321e-5,277.9330663393284,0.25854958286834095,0.9994894376635728,0.9994894376635728
172509.765625,0.569580078125,266.025390625,0.33803710937500003,0.3966308593750001,75084.969997406,5988.28125,0.24170975629432506,1.0001703163447924,2.285073731715609e-5,307.64303544478105,0.24170975629432506,1.0001703163447924,1.0001703163447924
172583.0078125,1.9710693359375,334.5068359375,0.1538330078125,0.11589355468750001,20357.910990715027,5361.328125,0.4117943894271921,0.9973015317544359,5.203521884504326e-5,256.909172497802,0.4117943894271921,0.9973015317544359,0.9973015317544359
172802.734375,0.679443359375,108.310546875,0.10922851562500001,0.230517578125,54282.52363204956,4074.21875,0.21199462039889605,1.0000844966357474,3.7164573271106365e-5,261.49621607868636,0.21199462039889605,1.0000844966357474,1.0000844966357474
172875.9765625,1.8963623046875,211.3232421875,0.3638916015625,0.28728027343750007,40199.400782585144,4697.265625,0.29361416358190195,0.9995981067433165,5.426466872981084e-5,372.48700384416924,0.29361416358190195,0.9995981067433165,0.9995981067433165
173095.703125,1.802978515625,305.205078125,0.14057617187500002,0.17573242187500002,65761.971950531,3566.40625,0.4013368891817226,0.9986540888323828,4.924485527941891e-5,280.297304713949,0.4013368891817226,0.9986540888323828,0.9986540888323828
173168.9453125,0.7728271484375,375.0146484375,0.3302001953125,0.30632324218750007,28252.751231193542,3189.453125,0.2803438696361277,0.9995067064647423,2.4975396163176544e-5,389.2579755763673,0.2803438696361277,0.9995067064647423,0.9995067064647423
173388.671875,1.426513671875,162.099609375,0.36176757812500004,0.163134765625,17856.662273406982,7089.84375,0.24733024549038016,1.0001434951483237,4.6666681834650125e-5,302.82154758669424,0.24733024549038016,1.0001434951483237,1.0001434951483237
173461.9140625,1.1492919921875,93.7841796875,0.1676025390625,0.33122558593750007,72435.94062328339,7712.890625,0.23395516184847182,1.0005940837981628,4.895643034632136e-5,231.82125839135068,0.23395516184847182,1.0005940837981628,1.0005940837981628
173681.640625,1.055908203125,336.416015625,0.39311523437500007,0.130615234375,9002.366542816162,8582.03125,0.2602251200676453,1.0000348706686137,3.188519290737713e-5,303.46343336039564,0.2602251200676453,1.0000348706686137,1.0000348706686137
173754.8828125,1.5198974609375,237.5537109375,0.1339111328125,0.3748779296875,82709.49637889862,8205.078125,0.3682081348402304,0.9996872510635458,4.4797090011565894e-5,221.88382354265727,0.3682081348402304,0.9996872510635458,0.9996872510635458
173974.609375,1.822021484375,359.326171875,0.27446289062500007,0.384033203125,47119.45295333862,7792.96875,0.3840562857084002,0.9984460245353147,4.8478576538925344e-5,294.0455927890781,0.3840562857084002,0.9984460245353147,0.9984460245353147
174047.8515625,0.6014404296875,300.3076171875,0.23381347656250004,0.1032958984375,51009.89806652069,7416.015625,0.252481549599034,1.0002033342652934,2.25555718344982e-5,251.86820251354519,0.252481549599034,1.0002033342652934,1.0002033342652934
174267.578125,0.695556640625,226.845703125,0.30815429687500007,0.359716796875,36890.88582992554,8285.15625,0.2459950206264275,1.0004414351625104,2.7106982646928333e-5,268.8219448489969,0.2459950206264275,1.0004414351625104,1.0004414351625104
174340.8203125,1.7279052734375,113.3740234375,0.20246582031250002,0.15280761718750002,62694.363474845886,8908.203125,0.26833533759518563,1.0002121420904848,5.758651991463436e-5,230.52673036275462,0.26833533759518563,1.0002121420904848,1.0002121420904848
174560.546875,1.069091796875,243.115234375,0.189501953125,0.29790039062500007,67185.85538864136,4808.59375,0.3034668059011951,0.9998195156800023,3.492757623350955e-5,279.0154635268217,0.3034668059011951,0.9998195156800023,0.9998195156800023
174633.7890625,1.3543701171875,352.7685546875,0.3000244140625,0.20349121093750003,20842.759013175964,4431.640625,0.3133560638670459,0.9993375614833637,3.849651981547154e-5,349.3829206717945,0.3133560638670459,0.9993375614833637,0.9993375614833637
174853.515625,1.448486328125,88.056640625,0.223193359375,0.25834960937500007,77691.47634506226,3300.78125,0.23475386496799527,0.9998104983435181,5.70248978892231e-5,315.95657668008965,0.23475386496799527,0.9998104983435181,0.9998104983435181
174926.7578125,0.9749755859375,145.9130859375,0.2686767578125,0.24011230468750003,9614.144206047058,3923.828125,0.2357567332211236,0.9999359001447727,3.8831855205770846e-5,319.11316196569544,0.2357567332211236,0.9999359001447727,0.9999359001447727
175146.484375,1.066162109375,121.591796875,0.28032226562500007,0.364111328125,77210.7310295105,9261.71875,0.23621199604595589,1.0007566518635491,4.290722169400845e-5,248.76618161554478,0.23621199604595589,1.0007566518635491,1.0007566518635491
175219.7265625,1.3455810546875,224.6044921875,0.24904785156250003,0.1208740234375,23604.308009147644,9884.765625,0.2890131807437324,1.0001725218196944,4.147242724130292e-5,240.29148473188943,0.2890131807437324,1.0001725218196944,1.0001725218196944
175439.453125,1.439697265625,297.236328125,0.321044921875,0.342138671875,87047.64699935913,6753.90625,0.3183046056607463,0.9997317823886412,4.149779941259567e-5,317.2240359008237,0.3183046056607463,0.9997317823886412,0.9997317823886412
175732.421875,1.813232421875,154.130859375,0.17661132812500002,0.320166015625,34582.12614059448,2277.34375,0.31374875971465427,0.9993155650018558,5.6138335962556e-5,335.8472887512249,0.31374875971465427,0.9993155650018558,0.9993155650018558
175805.6640625,0.5985107421875,85.8154296875,0.2965087890625,0.18825683593750003,51938.66431713104,2900.390625,0.18448960023663333,1.0000339580619133,4.0904864408560566e-5,332.70579883936904,0.18448960023663333,1.0000339580619133,1.0000339580619133
176025.390625,0.692626953125,349.697265625,0.217333984375,0.27358398437500003,27414.5827293396,5769.53125,0.288001570594539,1.0000376202968186,2.3659012056636493e-5,275.23329902445874,0.288001570594539,1.0000376202968186,1.0000376202968186
176098.6328125,1.7191162109375,250.8349609375,0.25344238281250003,0.21784667968750002,62360.344767570496,5392.578125,0.32389941559130436,0.9996006963697633,4.9099688762049136e-5,305.12931001322056,0.32389941559130436,0.9996006963697633,0.9996006963697633
176318.359375,1.435302734375,372.607421875,0.112744140625,0.24575195312500003,23033.088207244873,2605.46875,0.4183116383415167,0.9983795526725547,3.996550679986951e-5,288.40317481356396,0.4183116383415167,0.9983795526725547,0.9983795526725547
176391.6015625,1.1522216796875,313.5888671875,0.37678222656250004,0.2650146484375,71468.27971935272,2228.515625,0.2783351387703237,0.9992554775748083,3.4930838887058376e-5,474.4871137199478,0.2783351387703237,0.9992554775748083,0.9992554775748083
176611.328125,1.058837890625,218.876953125,0.155810546875,0.197998046875,15132.997035980225,5097.65625,0.2935884439664287,0.999864524349806,3.582440642767933e-5,258.79059011225775,0.2935884439664287,0.999864524349806,0.999864524349806
176684.5703125,1.5286865234375,105.4052734375,0.3360595703125,0.29108886718750004,82512.78388500214,5720.703125,0.23767570956608922,1.0001875869778156,5.5388597507059644e-5,311.7692336075928,0.23767570956608922,1.0001875869778156,1.0001875869778156
176904.296875,0.682373046875,235.146484375,0.346533203125,0.145556640625,50152.881145477295,9621.09375,0.22841569239280535,1.0003607837691944,2.6557586568344596e-5,260.4243889904599,0.22841569239280535,1.0003607837691944,1.0003607837691944
176977.5390625,1.9051513671875,344.7998046875,0.1617431640625,0.35114746093750004,44126.48093700409,9244.140625,0.4400962922876428,0.9973241787003191,5.036713468478318e-5,232.4806752824186,0.4400962922876428,0.9973241787003191,0.9973241787003191
177197.265625,1.811767578125,101.337890625,0.38959960937500004,0.11069335937500001,57787.45412826538,6113.28125,0.22533913536586248,1.0000557828694987,6.180176093057906e-5,321.25975343171615,0.22533913536586248,1.0000557828694987,1.0000557828694987
177270.5078125,0.7757568359375,159.1943359375,0.12102050781250001,0.3924560546875,33429.45945262909,6736.328125,0.24907776851343738,1.0000050481029061,3.330517025748303e-5,231.71373976681028,0.24907776851343738,1.0000050481029061,1.0000050481029061
177490.234375,1.687255859375,272.998046875,0.170166015625,0.282080078125,78685.08100509644,7949.21875,0.3734672983459734,0.9997294551298863,4.763150712237452e-5,241.08853167892462,0.3734672983459734,0.9997294551298863,0.9997294551298863
177563.4765625,0.8416748046875,386.6357421875,0.35920410156250004,0.22634277343750003,13427.748560905457,7322.265625,0.2728883087065136,0.9999718853338475,2.6376379809093904e-5,312.51132383297414,0.2728883087065136,0.9999718853338475,0.9999718853338475
177783.203125,0.560791015625,140.517578125,0.135888671875,0.31166992187500003,69996.80471420288,8441.40625,0.21500246695327738,1.0012552639408832,3.041266454542804e-5,219.5641918762169,0.21500246695327738,1.0012552639408832,1.0012552639408832
177856.4453125,1.9681396484375,199.7021484375,0.3911376953125001,0.17976074218750002,24129.170298576355,8814.453125,0.2707191427441191,1.0001269499276748,5.646335602589471e-5,308.01026098432845,0.2707191427441191,1.0001269499276748,1.0001269499276748
178076.171875,0.934326171875,326.787109375,0.366455078125,0.32719726562500007,36040.74430465698,4964.84375,0.2773646745139235,0.9997896329990251,2.971888532793107e-5,360.8052217556437,0.2773646745139235,0.9997896329990251,0.9997896329990251
178149.4140625,1.5946044921875,269.0966796875,0.10666503906250001,0.15778808593750002,61829.007029533386,4337.890625,0.38175504220297224,0.9992496282409462,4.590624984106402e-5,249.44134599323985,0.38175504220297224,0.9992496282409462,0.9992496282409462
178369.140625,1.313720703125,171.728515625,0.33217773437500003,0.3790527343750001,45441.75863265991,3457.03125,0.2661377747255218,0.999688484922646,4.430338079399644e-5,377.13000710804295,0.2661377747255218,0.999688484922646,0.999688484922646
178442.3828125,1.2152099609375,62.2412109375,0.1385986328125,0.13581542968750002,51341.39335155487,3830.078125,0.20814104363968028,0.999920211357399,6.0740628689383354e-5,274.46646579448696,0.20814104363968028,0.999920211357399,0.999920211357399
178662.109375,0.814208984375,194.638671875,0.29790039062500007,0.10747070312500001,5207.557201385498,4167.96875,0.23111267855073564,0.9998176220663486,3.197080450175041e-5,324.74352583073147,0.23111267855073564,0.9998176220663486,0.9998176220663486
178735.3515625,1.6561279296875,124.9951171875,0.19162597656250002,0.38923339843750004,84128.138422966,4541.015625,0.2835242658197631,0.9999191562141458,5.573968692194198e-5,287.16348373629836,0.2835242658197631,0.9999191562141458,0.9999191562141458
178955.078125,1.937744140625,391.533203125,0.265966796875,0.14877929687500002,14680.650234222412,3660.15625,0.3541819224169544,0.9961550476713154,5.0763324885374966e-5,365.4153735376965,0.3541819224169544,0.9961550476713154,0.9961550476713154
179028.3203125,0.5325927734375,288.6865234375,0.22590332031250002,0.3543701171875,74629.1321516037,3033.203125,0.24983080520626996,0.9997903030004656,2.1839452292627693e-5,330.9688689380498,0.24983080520626996,0.9997903030004656,0.9997903030004656
179248.046875,1.561279296875,78.427734375,0.23168945312500003,0.20883789062500002,68249.08781051636,7183.59375,0.2294278839840662,1.0006000649354418,6.163661564684938e-5,255.05477285505944,0.2294278839840662,1.0006000649354418,1.0006000649354418
179321.2890625,0.9090576171875,177.4560546875,0.2765869140625,0.30192871093750007,32793.198466300964,7556.640625,0.24601632740270196,1.0003585891973803,3.4930864432617954e-5,269.3912833246806,0.24601632740270196,1.0003585891973803,1.0003585891973803
179541.015625,1.190673828125,252.744140625,0.199755859375,0.23491210937500004,58845.223903656006,8675.78125,0.31013286618343494,1.000079768617284,3.736546434092655e-5,240.7546679571872,0.31013286618343494,1.000079768617284,1.000079768617284
179614.2578125,1.2796630859375,321.2255859375,0.31086425781250004,0.25417480468750003,42999.70328807831,8048.828125,0.3049022377552691,0.9998995977710181,3.753445850487959e-5,293.2017317140631,0.3049022377552691,0.9998995977710181,0.9998995977710181
179833.984375,1.511474609375,211.904296875,0.378759765625,0.171923828125,31993.873119354248,8386.71875,0.2610376127232256,1.0001513978740673,4.61029406030129e-5,303.96340443741633,0.2610376127232256,1.0001513978740673,1.0001513978740673
179907.2265625,1.0408935546875,113.0419921875,0.1131103515625,0.3411865234375,67494.47524547577,8759.765625,0.24414719439050134,1.0005897325237119,4.4172593653650086e-5,212.95404585212572,0.24414719439050134,1.0005897325237119,1.0005897325237119
180126.953125,1.135009765625,376.923828125,0.33510742187500003,0.12182617187500001,41868.32571029663,7878.90625,0.28327423145221403,0.9999459128441066,3.3264544514055006e-5,300.41437965824866,0.28327423145221403,0.9999459128441066,0.9999459128441066
180200.1953125,1.4173583984375,308.6083984375,0.1544189453125,0.36491699218750007,57393.689036369324,7251.953125,0.37968452913553263,0.9996294640524812,4.092511185332541e-5,244.48330753335873,0.37968452913553263,0.9996294640524812,0.9996294640524812
180419.921875,0.758544921875,95.693359375,0.16254882812500002,0.221728515625,86352.78654098511,3402.34375,0.20540642000995332,0.9997808565357096,4.2379810161624834e-5,291.7603900368845,0.20540642000995332,0.9997808565357096,0.9997808565357096
180493.1640625,1.7938232421875,165.5029296875,0.34807128906250007,0.2773193359375,6372.05970287323,3775.390625,0.27259016472765263,0.9997413542518544,5.523241641539718e-5,382.8816553551263,0.27259016472765263,0.9997413542518544,0.9997413542518544
180712.890625,1.887939453125,238.134765625,0.118896484375,0.18452148437500002,76794.37398910522,4894.53125,0.3825055521245709,0.9992821145087937,5.347538045309105e-5,250.77153341141735,0.3825055521245709,0.9992821145087937,0.9992821145087937
180786.1328125,0.6644287109375,341.1474609375,0.3893798828125,0.3162841796875,16526.162028312683,4267.578125,0.2510830598274439,0.9998156592983272,2.3488898372035853e-5,377.8393230972673,0.2510830598274439,0.9998156592983272,0.9998156592983272
181005.859375,0.989990234375,303.544921875,0.24868164062500003,0.287939453125,61056.22053146362,3730.46875,0.2974515498878224,0.9995277772121888,3.17243706136212e-5,334.65843226527545,0.2974515498878224,0.9995277772121888,0.9995277772121888
181079.1015625,1.4569091796875,361.4013671875,0.27834472656250003,0.1947021484375,33906.78679943085,3103.515625,0.3245302988869221,0.9989486459991808,4.0959288107600215e-5,383.80624492397794,0.3245302988869221,0.9989486459991808,0.9989486459991808
181298.828125,1.363525390625,117.939453125,0.20737304687500002,0.268310546875,51107.484340667725,4222.65625,0.251719647084388,0.9998685081635891,5.0917615810229775e-5,295.2647821367654,0.251719647084388,0.9998685081635891,0.9998685081635891
181372.0703125,1.0833740234375,227.5927734375,0.3219970703125,0.24890136718750003,45602.10883617401,4595.703125,0.2624820288574926,0.9998603161368548,3.634944187436072e-5,341.8464452029338,0.2624820288574926,0.9998603161368548,0.9998603161368548
181591.796875,1.737060546875,357.333984375,0.29497070312500007,0.39399414062500004,16318.07279586792,8746.09375,0.3680629489314679,0.9991348472231485,4.7002773992557324e-5,296.8462856209144,0.3680629489314679,0.9991348472231485,0.9991348472231485
181665.0390625,0.7098388671875,243.8623046875,0.17580566406250003,0.1120849609375,82007.87436962128,8119.140625,0.2581888916631779,1.0002717918182782,2.72009820750894e-5,232.4875150008633,0.2581888916631779,1.0002717918182782,1.0002717918182782
181884.765625,0.616455078125,149.150390625,0.253662109375,0.34975585937500003,24363.290309906006,7238.28125,0.2141892932362905,1.000550139213116,3.127409309595903e-5,260.2716607220546,0.2141892932362905,1.000550139213116,1.000550139213116
181958.0078125,1.8304443359375,90.1318359375,0.21945800781250002,0.14401855468750002,72559.14390087128,7611.328125,0.24758942013285817,1.0002867777409186,6.468898396509388e-5,250.09904716306653,0.24758942013285817,1.0002867777409186,1.0002867777409186
182177.734375,0.538818359375,395.185546875,0.193603515625,0.183642578125,45047.78242111206,6824.21875,0.2751504286004824,0.9999194034936919,1.956894832727061e-5,253.70494760769117,0.2751504286004824,0.9999194034936919,0.9999194034936919
182250.9765625,1.9432373046875,285.6982421875,0.29826660156250007,0.3154052734375,51163.817286491394,6447.265625,0.3406613965685467,0.9993276390858344,5.330069895512252e-5,323.06689469423895,0.3406613965685467,0.9993276390858344,0.9993276390858344
182470.703125,1.662353515625,188.330078125,0.22495117187500002,0.22260742187500004,37436.044216156006,9316.40625,0.3042394932772741,1.0001834128285636,5.069940866040196e-5,245.94258389760742,0.3042394932772741,1.0001834128285636,1.0001834128285636
182543.9453125,0.8197021484375,130.6396484375,0.26457519531250007,0.2781982421875,62340.94703197479,9939.453125,0.22033580095947525,1.0007749885663886,3.740873739053077e-5,237.8586953959588,0.22033580095947525,1.0007749885663886,1.0007749885663886
182763.671875,1.285888671875,257.724609375,0.27739257812500007,0.135009765625,73546.66471481323,5839.84375,0.283852822049531,0.9998858768093489,3.96797840669207e-5,303.7642993886208,0.283852822049531,0.9998858768093489,0.9998858768093489
182836.9140625,1.1961669921875,316.9091796875,0.23322753906250002,0.37810058593750007,24832.27241039276,5462.890625,0.33336902423909526,0.9996619087386941,3.602409034255715e-5,301.25550799074153,0.33336902423909526,0.9996619087386941,0.9996619087386941
183056.640625,0.915283203125,70.791015625,0.30874023437500003,0.158740234375,83645.24984359741,2332.03125,0.18918992329358694,0.9997507678517462,5.303747267586237e-5,361.9491062546005,0.18918992329358694,0.9997507678517462,0.9997507678517462
183129.8828125,1.5667724609375,184.4287109375,0.19953613281250002,0.3280029296875,12105.950236320496,2955.078125,0.3079982847816981,0.9993930153789753,4.93776769703394e-5,331.5618020523264,0.3079982847816981,0.9993930153789753,0.9993930153789753
183349.609375,1.962646484375,136.201171875,0.35883789062500004,0.35590820312500004,56184.51642990112,5042.96875,0.27062986315358395,1.0000451017324286,6.145146923344444e-5,355.3508877558608,0.27062986315358395,1.0000451017324286,1.0000451017324286
183422.8515625,0.5545654296875,204.6826171875,0.16818847656250002,0.1501708984375,39340.52550792694,5666.015625,0.23026588509135906,1.0001098302582263,2.594718656408621e-5,256.3176220588656,0.23026588509135906,1.0001098302582263,1.0001098302582263
183642.578125,0.836181640625,279.970703125,0.39252929687500004,0.3878417968750001,65619.64559555054,2535.15625,0.25772584178267516,0.999569190510915,2.916670421510318e-5,449.4321188042946,0.25772584178267516,0.999569190510915,0.999569190510915
183715.8203125,1.6810302734375,378.9990234375,0.1368408203125,0.10593261718750001,27364.346385002136,2158.203125,0.40919894856234745,0.9971665818334811,4.547657288666168e-5,323.6412754091347,0.40919894856234745,0.9971665818334811,0.9971665818334811
183935.546875,1.209716796875,168.740234375,0.105126953125,0.25102539062500007,20027.225017547607,6058.59375,0.29120126202276597,0.9998487975454473,4.254554438826332e-5,233.6973431444374,0.29120126202276597,0.9998487975454473,0.9998487975454473
184008.7890625,1.3074951171875,65.8935546875,0.36564941406250007,0.23161621093750004,79568.43650341034,6681.640625,0.19887399425880375,1.000555765762969,6.171409139029019e-5,288.17103365507967,0.19887399425880375,1.000555765762969,1.000555765762969
184228.515625,1.589111328125,332.431640625,0.138818359375,0.30522460937500007,12896.859645843506,9550.78125,0.40741343008112485,0.9994838453254377,4.421966138707626e-5,223.4071893318852,0.40741343008112485,0.9994838453254377,0.9994838453254377
184301.7578125,0.9281005859375,262.7880859375,0.33430175781250004,0.21198730468750002,90023.78165721893,9173.828125,0.25691617248405785,1.0002478824878323,3.146960857211635e-5,277.4140965556018,0.25691617248405785,1.0002478824878323,1.0002478824878323
184521.484375,1.863037109375,323.466796875,0.21469726562500002,0.12973632812500002,49771.58308029175,3011.71875,0.3559441986328274,0.9984253157462608,5.0789544930631e-5,349.7210609478046,0.3559441986328274,0.9984253157462608,0.9984253157462608
184594.7265625,0.6424560546875,256.4794921875,0.2584228515625,0.3739990234375,44221.28188610077,3634.765625,0.2499455484411022,0.9998178949644975,2.567811455371308e-5,332.72797945480096,0.2499455484411022,0.9998178949644975,0.9998178949644975
184814.453125,0.736572265625,180.361328125,0.180419921875,0.16401367187500002,61460.79397201538,4503.90625,0.23657572280930833,0.9998481957784902,3.17031023044348e-5,278.847987379287,0.23657572280930833,0.9998481957784902,0.9998481957784902
185107.421875,1.110107421875,292.255859375,0.317236328125,0.17954101562500002,26723.849773406982,8027.34375,0.2757609040787933,1.0001067035608238,3.4736378438074336e-5,290.77477953104375,0.2757609040787933,1.0001067035608238,1.0001067035608238
185180.6640625,1.3953857421875,393.9404296875,0.21213378906250002,0.31013183593750004,75437.56568431854,8650.390625,0.3743294152416523,0.9995861202186107,3.896032219194582e-5,260.4706761743163,0.3743294152416523,0.9995861202186107,0.9995861202186107
185400.390625,1.489501953125,126.572265625,0.282958984375,0.22670898437500003,16628.2057762146,7519.53125,0.24919923305287847,1.0001936056500143,5.254612038684938e-5,275.74648920507366,0.24919923305287847,1.0001936056500143,1.0001936056500143
185473.6328125,1.0159912109375,197.7099609375,0.24406738281250004,0.28347167968750003,84858.6357831955,7142.578125,0.26356289501951136,1.0002093661345601,3.6514741015825716e-5,270.52835734414396,0.26356289501951136,1.0002093661345601,1.0002093661345601
185693.359375,0.638427734375,64.482421875,0.384619140625,0.255126953125,42033.63752365112,8855.46875,0.17569900707949734,1.0011229475244965,4.9513551498942764e-5,248.18063318723802,0.17569900707949734,1.0011229475244965,1.0011229475244965
185766.6015625,1.8553466796875,175.4638671875,0.12365722656250001,0.23688964843750002,57996.26433849335,8478.515625,0.3403616839252493,0.9998303676552754,5.594278440095162e-5,221.13340760740206,0.3403616839252493,0.9998303676552754,0.9998303676552754
185986.328125,1.761962890625,272.001953125,0.3526855468750001,0.301123046875,31059.083461761475,7347.65625,0.3071894271972644,0.9997318917368025,4.990272946912671e-5,330.34368468047774,0.3071894271972644,0.9997318917368025,0.9997318917368025
186059.5703125,0.7318115234375,328.5302734375,0.15793457031250002,0.2067138671875,68421.62787914276,7970.703125,0.29452289025811457,1.0000924720983715,2.536234492599931e-5,234.6465706221432,0.29452289025811457,1.0000924720983715,1.0000924720983715
186279.296875,1.385498046875,203.271484375,0.149658203125,0.361181640625,80455.4934501648,3871.09375,0.31878221783949195,0.9995573158427696,4.454349501688876e-5,286.2398520448772,0.31878221783949195,0.9995573158427696,0.9995573158427696
186352.5390625,1.1082763671875,142.9248046875,0.33986816406250003,0.15427246093750002,17747.81882762909,3494.140625,0.22456860290726186,0.9997895772142337,4.31963189049863e-5,362.77281304377215,0.22456860290726186,0.9997895772142337,0.9997895772142337
186572.265625,1.014892578125,388.212890625,0.11772460937500001,0.382568359375,90637.55178451538,4363.28125,0.37381253865974917,0.9993958391493004,3.0734324096527245e-5,264.3823548815837,0.37381253865974917,0.9993958391493004,0.9993958391493004
186645.5078125,1.4788818359375,276.0693359375,0.3741455078125,0.1018310546875,8932.99949169159,4986.328125,0.2642273639913213,0.9996932306338444,4.366903968990939e-5,370.0702268338745,0.2642273639913213,0.9996932306338444,0.9996932306338444
186865.234375,0.890380859375,156.123046875,0.32954101562500004,0.21645507812500003,68800.43745040894,5699.21875,0.2226434481721697,1.0001007364424988,3.71042897845923e-5,308.1166674847978,0.2226434481721697,1.0001007364424988,1.0001007364424988
186938.4765625,1.5447998046875,99.7607421875,0.1435791015625,0.27321777343750003,31034.560084342957,5072.265625,0.25580849796752436,1.000001552622294,5.8189978980385224e-5,261.3650872303944,0.25580849796752436,1.000001552622294,1.000001552622294
187158.203125,1.263916015625,342.392578125,0.3702636718750001,0.18979492187500002,57836.16018295288,2191.40625,0.27794861271715937,0.9991268716381528,3.733038137991185e-5,483.68171392158433,0.27794861271715937,0.9991268716381528,0.9991268716381528
187231.4453125,1.1712646484375,231.5771484375,0.10051269531250001,0.32038574218750004,39887.471079826355,2564.453125,0.323764454992251,0.9993276816380242,3.861612724979375e-5,287.6837765741323,0.323764454992251,0.9993276816380242,0.9993276816380242
187451.171875,1.637451171875,103.662109375,0.132080078125,0.16782226562500002,8966.586589813232,6714.84375,0.26351319721808797,1.000091081896501,5.921363717520336e-5,237.072547522073,0.26351319721808797,1.000091081896501,1.000091081896501
187524.4140625,0.7977294921875,215.9716796875,0.39729003906250004,0.3359130859375,90230.40473461151,6087.890625,0.23361108662822636,1.0001675005239938,3.0966674649672534e-5,333.97746698143584,0.23361108662822636,1.0001675005239938,1.0001675005239938
187744.140625,0.516845703125,309.853515625,0.17280273437500002,0.12592773437500002,21567.796230316162,9207.03125,0.2527575686860463,1.0001243685761372,2.1029004119297336e-5,225.74536740677286,0.2527575686860463,1.0001243685761372,1.0001243685761372
187817.3828125,1.9183349609375,370.3662109375,0.3542236328125,0.37019042968750004,80217.644572258,9580.078125,0.34996859439763583,0.9982966208363028,5.09683726355485e-5,319.06304694962796,0.34996859439763583,0.9982966208363028,0.9982966208363028
188037.109375,1.611083984375,247.763671875,0.19477539062500002,0.3980957031250001,37600.013256073,6417.96875,0.35088678747174995,0.9996438939290254,4.749557216393885e-5,275.992504611314,0.35088678747174995,0.9996438939290254,0.9996438939290254
188110.3515625,0.9530029296875,348.1201171875,0.31350097656250003,0.11735839843750001,64122.034907341,6791.015625,0.2705690065582038,0.9998558964999003,3.0083953232066014e-5,305.6368236448299,0.2705690065582038,0.9998558964999003,0.9998558964999003
188330.078125,1.234619140625,83.408203125,0.23784179687500004,0.34565429687500004,49692.61312484741,9910.15625,0.2205642880963654,1.0008618540497718,5.506496317331291e-5,236.14677345779145,0.2205642880963654,1.0008618540497718,1.0008618540497718
188403.3203125,1.3294677734375,150.5615234375,0.27277832031250004,0.13874511718750002,55702.2522687912,9283.203125,0.24927218962420694,1.000344321802654,4.67993010422755e-5,254.8316606047168,0.24927218962420694,1.000344321802654,1.000344321802654
188623.046875,0.858154296875,365.302734375,0.25981445312500007,0.293212890625,85154.66642379761,5433.59375,0.29608809129448016,0.9997834304113216,2.7672013285842687e-5,310.2396007768826,0.29608809129448016,0.9997834304113216,0.9997834304113216
188696.2890625,1.7059326171875,294.3310546875,0.22971191406250002,0.19880371093750002,13653.45847606659,5806.640625,0.33909485619630464,0.99950531809293,4.821594390491527e-5,298.40542592550565,0.33909485619630464,0.99950531809293,0.99950531809293
188916.015625,1.987548828125,220.869140625,0.30288085937500003,0.263037109375,73854.31814193726,2925.78125,0.3076171823490448,0.999214682858564,5.710235698105163e-5,406.84792641687505,0.3076171823490448,0.999214682858564,0.999214682858564
188989.2578125,0.5765380859375,119.3505859375,0.18898925781250003,0.24479980468750004,21543.801188468933,2298.828125,0.19856450151606322,0.9997899407482065,3.557033879871622e-5,332.2463444569373,0.19856450151606322,0.9997899407482065,0.9997899407482065
189208.984375,0.714599609375,265.029296875,0.125634765625,0.331298828125,8683.509349822998,2136.71875,0.2766880880214452,0.9994017981848706,2.731399026311494e-5,316.3236618329338,0.2766880880214452,0.9994017981848706,0.9994017981848706
189282.2265625,1.7440185546875,336.1669921875,0.3849853515625,0.16306152343750002,83552.06191539764,2509.765625,0.28587514977286826,0.9988865198564164,4.8299237609465726e-5,490.57780819751787,0.28587514977286826,0.9988865198564164,0.9988865198564164
189501.953125,1.838134765625,68.798828125,0.156982421875,0.37495117187500004,22992.04397201538,5628.90625,0.24026929451351844,1.000086095971747,7.201309452841685e-5,260.8789215662443,0.24026929451351844,1.000086095971747,1.000086095971747
189794.921875,1.461669921875,382.568359375,0.340673828125,0.287353515625,66971.68302536011,9152.34375,0.31917875870253515,0.9997149272000856,4.08722953712367e-5,308.4607735315277,0.31917875870253515,0.9997149272000856,0.9997149272000856
189868.1640625,0.9969482421875,282.3779296875,0.15119628906250002,0.23044433593750002,41449.39124584198,9525.390625,0.31199540870969783,1.0001133624289502,3.265885940744925e-5,224.60891516242563,0.31199540870969783,1.0001133624289502,1.0001133624289502
190087.890625,1.091064453125,206.259765625,0.37202148437500004,0.306396484375,56153.382778167725,6644.53125,0.25027651642983345,1.0001220884139668,3.8061455988603634e-5,326.20939169827165,0.25027651642983345,1.0001220884139668,1.0001220884139668
190161.1328125,1.3675537109375,139.2724609375,0.11750488281250002,0.1756591796875,49309.67032909393,6017.578125,0.2756924549584813,0.9999211450223018,4.9185466949201945e-5,241.27400873648412,0.2756924549584813,0.9999211450223018,0.9999211450223018
190380.859375,1.786865234375,186.669921875,0.258056640625,0.20356445312500002,90239.26496505737,9980.46875,0.29495074377321756,1.0002058839060994,5.4103737998771605e-5,256.61733717402376,0.29495074377321756,1.0002058839060994,1.0002058839060994
190454.1015625,0.7537841796875,74.5263671875,0.21271972656250002,0.2978271484375,10087.298274040222,9353.515625,0.19140881130813722,1.00116010194231,4.872650157729381e-5,228.7274249657715,0.19140881130813722,1.00116010194231,1.00116010194231
190673.828125,0.660400390625,319.814453125,0.291748046875,0.24018554687500002,79672.85299301147,6472.65625,0.2539251203853979,1.0000736874271738,2.428848304985297e-5,297.1557303927654,0.2539251203853979,1.0000736874271738,1.0000736874271738
190747.0703125,1.8802490234375,259.4677734375,0.18137207031250002,0.2582763671875,18581.692576408386,6845.703125,0.36387694730419207,0.9995679910233155,5.3117784585690457e-5,266.25130073855263,0.36387694730419207,0.9995679910233155,0.9995679910233155
190966.796875,1.033935546875,134.208984375,0.21059570312500003,0.10336914062500001,31762.89701461792,2996.09375,0.2307505397513003,0.9996597984124674,4.3178043263427494e-5,323.75553833420116,0.2307505397513003,0.9996597984124674,0.9996597984124674
191040.0390625,1.5067138671875,190.7373046875,0.31643066406250003,0.38395996093750007,71026.97837352753,2369.140625,0.28259919415746804,0.9994082156016332,4.837770085688564e-5,427.2714820543011,0.28259919415746804,0.9994082156016332,0.9994082156016332
191259.765625,1.413330078125,287.275390625,0.24428710937500003,0.152880859375,43648.812770843506,5488.28125,0.3080920521153498,0.999634880889227,4.2096889643650996e-5,305.3327764083183,0.3080920521153498,0.999634880889227,0.999634880889227
191333.0078125,1.1273193359375,398.2568359375,0.28508300781250007,0.3596435546875001,61792.23716259003,5861.328125,0.32786236689646836,0.9995300032927842,3.3264735170493166e-5,327.7046993726577,0.32786236689646836,0.9995300032927842,0.9995300032927842
191552.734375,1.335693359375,87.060546875,0.31547851562500007,0.32426757812500007,20294.12031173706,4574.21875,0.2174905278351694,1.0001075904156154,5.755720577712429e-5,323.96190583222074,0.2174905278351694,1.0001075904156154,1.0001075904156154
191625.9765625,1.2401123046875,147.5732421875,0.19514160156250002,0.1935302734375,84070.25039196014,4197.265625,0.2564873757167357,0.9997150332064619,4.598952617991903e-5,295.89168637926895,0.2564873757167357,0.9997150332064619,0.9997150332064619
191845.703125,0.959228515625,241.455078125,0.271826171875,0.26948242187500004,8824.594020843506,3066.40625,0.26439939238724347,0.9996053253239323,3.3795351441040526e-5,363.875314174325,0.26439939238724347,0.9996053253239323,0.9996053253239323
191918.9453125,1.6165771484375,353.7646484375,0.23645019531250003,0.2125732421875,94855.65650463104,3689.453125,0.34791773033899637,0.9988015204326071,4.5059035803020925e-5,349.63933967401886,0.34791773033899637,0.9988015204326071,0.9988015204326071
192138.671875,0.582763671875,225.849609375,0.230517578125,0.369384765625,58266.81852340698,7589.84375,0.23544658280673214,1.000488747392844,2.5950615729769455e-5,261.1522635786977,0.23544658280673214,1.000488747392844,1.000488747392844
192211.9140625,1.9930419921875,115.0341796875,0.2613525390625,0.12497558593750001,41133.755564689636,7212.890625,0.2577768496732672,1.0001689609138145,6.537380067656388e-5,276.98925655865025,0.2577768496732672,1.0001689609138145,1.0001689609138145
192431.640625,1.712158203125,357.666015625,0.18686523437500002,0.33686523437500004,69147.38607406616,8082.03125,0.4008259955488215,0.99896041490804,4.6808068575424984e-5,262.89668451086794,0.4008259955488215,0.99896041490804,0.99896041490804
192504.8828125,0.8636474609375,301.3037109375,0.30266113281250007,0.1686279296875,31425.49979686737,8705.078125,0.26103673184602355,1.0001237014875084,2.9333070489856535e-5,277.21874066476084,0.26103673184602355,1.0001237014875084,1.0001237014875084
192724.609375,1.165771484375,338.076171875,0.143212890625,0.140283203125,79357.36799240112,7292.96875,0.34391249185638717,0.999853118963508,3.524772926383269e-5,241.5301133452985,0.34391249185638717,0.999853118963508,0.999853118963508
192797.8515625,1.2576904296875,236.5576171875,0.32756347656250007,0.34704589843750006,28719.00451183319,7916.015625,0.28110558811250946,1.000118962896743,4.0379310633123296e-5,304.59033809591057,0.28110558811250946,1.000118962896743,1.000118962896743
193017.578125,1.539306640625,163.095703125,0.10190429687500001,0.115966796875,89955.21688461304,8785.15625,0.3091815030900203,0.999687061097445,5.0620630286264796e-5,213.6128123467709,0.3091815030900203,0.999687061097445,0.999687061097445
193090.8203125,0.8841552734375,92.1240234375,0.3712158203125,0.39655761718750004,19403.836131095886,8408.203125,0.20003274583248826,1.0008704775797408,4.695658684902116e-5,274.4109173497893,0.20003274583248826,1.0008704775797408,1.0008704775797408
193310.546875,1.912841796875,306.865234375,0.395751953125,0.24165039062500002,45296.45109176636,4308.59375,0.29425887491410807,0.9991683235456746,5.284014621576292e-5,426.1674927257253,0.29425887491410807,0.9991683235456746,0.9991683235456746
193383.7890625,0.5106201171875,374.0185546875,0.1312744140625,0.2597412109375,51775.071024894714,4931.640625,0.27352949139797106,0.9998893797964018,1.986416943183828e-5,262.3245092143659,0.27352949139797106,0.9998893797964018,0.9998893797964018
193603.515625,0.792236328125,109.306640625,0.35444335937500004,0.20209960937500002,33726.388454437256,3800.78125,0.19618312055453124,1.0000121984717325,4.219418536145427e-5,340.5301554207071,0.19618312055453124,1.0000121984717325,1.0000121984717325
193676.7578125,1.6312255859375,209.6630859375,0.1749267578125,0.2963623046875,62332.46695995331,3423.828125,0.3248535458893216,0.9993048080862327,5.014852565457443e-5,313.7591200978385,0.3248535458893216,0.9993048080862327,0.9993048080862327
193896.484375,1.347412109375,312.841796875,0.33657226562500003,0.195361328125,13627.479076385498,8761.71875,0.28660661164865436,0.9999332201758464,3.9938639399892045e-5,301.80547331762943,0.28660661164865436,0.9999332201758464,0.9999332201758464
193969.7265625,1.0643310546875,373.3544921875,0.1552978515625,0.28962402343750004,96011.4735364914,8384.765625,0.35136911712474134,0.9999049444818839,3.227880216626395e-5,241.47773610756687,0.35136911712474134,0.9999049444818839,0.9999049444818839
194189.453125,0.970947265625,105.986328125,0.377294921875,0.24838867187500002,23353.31106185913,7253.90625,0.20375453495617987,1.0003937749608736,4.6112848079081755e-5,292.3938939032432,0.20375453495617987,1.0003937749608736,1.0003937749608736
194482.421875,0.594482421875,345.380859375,0.120361328125,0.113916015625,68261.93571090698,3777.34375,0.277163292216238,0.9996714040505837,2.247411509616563e-5,273.5707358999591,0.277163292216238,0.9996714040505837,0.9996714040505837
194555.6640625,1.8172607421875,234.5654296875,0.3902587890625,0.3945068359375,28221.989512443542,3400.390625,0.29819215740610067,0.999320774901815,5.314612618749162e-5,448.1581490820685,0.29819215740610067,0.999320774901815,0.999320774901815
194775.390625,1.723876953125,158.447265625,0.16108398437500002,0.142333984375,57876.1305809021,4269.53125,0.29551005359823646,0.9996785297819084,5.557967803585277e-5,284.7605531136474,0.29551005359823646,0.9996785297819084,0.9996785297819084
194848.6328125,0.6878662109375,102.0849609375,0.34719238281250003,0.3490966796875,39750.115275382996,4892.578125,0.19275653887425176,1.0003219277758557,4.15212708011041e-5,312.5663568843725,0.19275653887425176,1.0003219277758557,1.0003219277758557
195068.359375,1.154052734375,223.857421875,0.20649414062500002,0.33950195312500003,90571.90656661987,3105.46875,0.28987039014259497,0.9994899546539414,3.911392700702206e-5,335.7030452659535,0.28987039014259497,0.9994899546539414,0.9994899546539414
195141.6015625,1.4334716796875,122.3388671875,0.3205322265625,0.1712646484375,14794.390559196472,3728.515625,0.23125568794473267,0.999837835868455,5.351960174080325e-5,355.612318990124,0.23125568794473267,0.999837835868455,0.999837835868455
195361.328125,1.527587890625,367.626953125,0.24956054687500004,0.36674804687500007,79818.54391098022,4597.65625,0.36158330198193217,0.9989469348320507,4.291797907794108e-5,343.12504553027514,0.36158330198193217,0.9989469348320507,0.9989469348320507
195434.5703125,1.0599365234375,296.6552734375,0.27980957031250003,0.1223388671875,26841.580271720886,4220.703125,0.2747603521281911,0.999576779834638,3.423020425155657e-5,341.3223632335298,0.2747603521281911,0.999576779834638,0.999576779834638
195654.296875,1.901123046875,86.396484375,0.252783203125,0.27680664062500004,37424.487590789795,8121.09375,0.2432922042067147,1.0005495194403633,6.906161294191732e-5,264.6051340475338,0.2432922042067147,1.0005495194403633,1.0005495194403633
195727.5390625,0.6864013671875,153.5498046875,0.21799316406250002,0.2198974609375,64683.24363231659,8744.140625,0.21746230241134662,1.0005040759357144,3.3558037285320874e-5,242.7128970872799,0.21746230241134662,1.0005040759357144,1.0005040759357144
195947.265625,0.780517578125,250.087890625,0.29584960937500004,0.31694335937500007,47278.29885482788,7613.28125,0.25125466445814487,1.0001546446615872,2.9481983020350018e-5,287.3055194902164,0.25125466445814487,1.0001546446615872,1.0001546446615872
196020.5078125,1.8070068359375,350.4443359375,0.17727050781250003,0.1862060546875,53842.17917919159,7236.328125,0.38755845244450454,0.9986896335034412,4.919867081399272e-5,264.7834866035511,0.38755845244450454,0.9986896335034412,0.9986896335034412
196240.234375,0.843505859375,124.248046875,0.22641601562500002,0.15083007812500002,23682.273387908936,6449.21875,0.2143949422631471,1.0003977856531294,4.0764091070898284e-5,266.5231128899193,0.2143949422631471,1.0003977856531294,1.0003977856531294
196313.4765625,1.6854248046875,195.3857421875,0.26545410156250004,0.35759277343750007,76460.34133434296,6822.265625,0.3025872782361549,0.9999960319678379,5.210378575884531e-5,300.480895185202,0.3025872782361549,0.9999960319678379,0.9999960319678379
196533.203125,1.967041015625,289.267578125,0.192138671875,0.105419921875,16798.68459701538,9941.40625,0.35748146323281393,0.9995963928063394,5.423025996714969e-5,244.0557510684938,0.35748146323281393,0.9995963928063394,0.9995963928063394
196606.4453125,0.5618896484375,390.9521484375,0.29738769531250003,0.3860107421875001,87505.51307201385,9314.453125,0.2650443848400868,1.0004191570178043,2.0679327125450778e-5,275.4766009040009,0.2650443848400868,1.0004191570178043,1.0004191570178043
196826.171875,1.590576171875,178.037109375,0.31020507812500003,0.23344726562500004,57248.99625778198,5464.84375,0.2679434352378232,0.9998529764432841,5.130238340069992e-5,331.165383921004,0.2679434352378232,0.9998529764432841,0.9998529764432841
196899.4140625,0.9383544921875,77.8466796875,0.20041503906250002,0.25153808593750004,51307.217478752136,5837.890625,0.19983386091540767,1.0004318075535383,5.305387705935755e-5,266.18523639825435,0.19983386091540767,1.0004318075535383,1.0004318075535383
197119.140625,1.219970703125,320.478515625,0.27592773437500007,0.21030273437500002,67703.47738265991,2957.03125,0.2972549315291875,0.9992704826259518,3.730033009570337e-5,386.6280465755359,0.2972549315291875,0.9992704826259518,0.9992704826259518
197192.3828125,1.3089599609375,253.4912109375,0.23234863281250004,0.3045654296875,37842.30887889862,2330.078125,0.3038292435561062,0.999203333391889,4.1406968128737154e-5,382.732921380682,0.3038292435561062,0.999203333391889,0.999203333391889
197412.109375,1.657958984375,385.888671875,0.39165039062500007,0.313720703125,82397.132396698,5667.96875,0.3125287341543283,0.9990202109268006,4.561436014009194e-5,397.83363001571144,0.3125287341543283,0.9990202109268006,0.9990202109268006
197485.3515625,0.8123779296875,273.7451171875,0.1353759765625,0.1829833984375,16822.352290153503,5041.015625,0.28347977147075165,0.9996801789539274,2.9504583119390313e-5,263.5731423825456,0.28347977147075165,0.9996801789539274,0.9996801789539274
197705.078125,0.531494140625,200.283203125,0.359716796875,0.280029296875,93139.75667953491,2160.15625,0.20571697487433913,0.9996443970539236,2.7098044063036935e-5,410.8285734030135,0.20571697487433913,0.9996443970539236,0.9996443970539236
197778.3203125,1.9388427734375,139.9365234375,0.16965332031250002,0.22312011718750002,4015.2405500411987,2533.203125,0.2945606314642319,0.9993816556061353,6.235637854628302e-5,332.347822738162,0.2945606314642319,0.9993816556061353,0.9993816556061353
197998.046875,0.905029296875,269.677734375,0.137939453125,0.3775878906250001,46215.15226364136,6683.59375,0.30096209722442324,1.000050059387251,3.164753470019027e-5,250.79866011111733,0.30096209722442324,1.000050059387251,1.000050059387251
198071.2890625,1.5653076171875,326.2060546875,0.33283691406250004,0.1331787109375,63691.819071769714,6056.640625,0.28977867301156923,0.9995774830321066,4.4820549789842736e-5,344.5799685288392,0.28977867301156923,0.9995774830321066,0.9995774830321066
198291.015625,1.284423828125,61.494140625,0.10600585937500001,0.32866210937500007,36720.223903656006,9175.78125,0.21113551032345304,1.000692852365105,6.544231415095591e-5,217.59009311217656,0.21113551032345304,1.000692852365105,1.000692852365105
198364.2578125,1.1859130859375,172.4755859375,0.36711425781250007,0.1604248046875,75876.59537792206,9548.828125,0.2328442990978202,1.0003149720816082,4.2801019660192174e-5,283.92272833553454,0.2328442990978202,1.0003149720816082,1.0003149720816082
198583.984375,1.042724609375,360.654296875,0.322509765625,0.26567382812500007,63713.23347091675,9886.71875,0.28966309772035476,1.000179735038147,3.220100042187705e-5,288.0211068725355,0.28966309772035476,1.000179735038147,1.000179735038147
198657.2265625,1.5096435546875,304.2919921875,0.20686035156250002,0.24743652343750003,46268.03481578827,9259.765625,0.34193230810882064,0.999888131925785,4.396258161575684e-5,257.72928995430294,0.34193230810882064,0.999888131925785,0.999888131925785
198876.953125,1.416259765625,228.173828125,0.27885742187500007,0.29057617187500007,73947.06106185913,6378.90625,0.2898490956086572,0.9999238113851917,4.474153877930311e-5,310.422456869964,0.2898490956086572,0.9999238113851917,0.9999238113851917
198950.1953125,1.1361083984375,117.3583984375,0.24816894531250003,0.1961669921875,33894.299387931824,6751.953125,0.22553116119605238,1.000253227922151,4.8217187898579673e-5,274.15717852910615,0.22553116119605238,1.000253227922151,1.000253227922151
199169.921875,1.789794921875,244.443359375,0.218798828125,0.35297851562500004,16734.378337860107,2902.34375,0.34024708212023713,0.9990795850568907,5.244166666168215e-5,363.9997049571128,0.34024708212023713,0.9990795850568907,0.9990795850568907
199243.1640625,0.7625732421875,356.7529296875,0.25432128906250007,0.14606933593750002,84292.40882396698,2275.390625,0.2684741651329828,0.9996108679734312,2.6295671526735614e-5,388.3524392473733,0.2684741651329828,0.9996108679734312,0.9996108679734312
199462.890625,0.669189453125,89.384765625,0.17514648437500002,0.3907714843750001,8112.245082855225,5394.53125,0.19373207226042324,1.000404407731927,4.477515840297703e-5,268.44819120830863,0.19373207226042324,1.000404407731927,1.000404407731927
199536.1328125,1.8831787109375,149.8974609375,0.2956298828125,0.11003417968750001,95522.43888378143,5767.578125,0.2600732635450231,0.9998604845678793,6.008807797396235e-5,317.18834551489044,0.2600732635450231,0.9998604845678793,0.9998604845678793
199755.859375,1.458740234375,112.294921875,0.154931640625,0.11918945312500001,48431.83088302612,2230.46875,0.24790495821118608,0.9994424681378533,5.633258236953374e-5,328.97487008748834,0.24790495821118608,0.9994424681378533,0.9994424681378533
199829.1015625,0.9881591796875,212.6513671875,0.3345947265625,0.36345214843750007,55131.51824474335,2603.515625,0.2508910640917793,0.9996082929453736,3.644277283985962e-5,414.9380793531187,0.2508910640917793,0.9996082929453736,0.9996082929453736
200048.828125,1.082275390625,309.189453125,0.11362304687500001,0.174560546875,39197.938442230225,5722.65625,0.332760987898249,0.9996756822731931,3.453119738784947e-5,249.36150792586713,0.332760987898249,0.9996756822731931,0.9996756822731931
200122.0703125,1.3646240234375,376.3427734375,0.37824707031250004,0.3426513671875,68135.43403148651,5095.703125,0.30522968303402526,0.9993713650444873,3.9390468498596276e-5,397.97427260596527,0.30522968303402526,0.9993713650444873,0.9993713650444873
200341.796875,0.705810546875,166.083984375,0.38872070312500007,0.187744140625,80147.90678024292,9246.09375,0.20565709723679998,1.0003238669711294,3.318039355842055e-5,277.06645726317583,0.20565709723679998,1.0003238669711294,1.0003238669711294
200415.0390625,1.7410888671875,95.1123046875,0.11955566406250001,0.3183349609375,28263.184428215027,9619.140625,0.2630010313297146,1.0003540142314313,6.440512474829644e-5,220.37588255334074,0.2630010313297146,1.0003540142314313,1.0003540142314313
200634.765625,1.835205078125,340.400390625,0.34741210937500006,0.21850585937500003,90219.247341156,6738.28125,0.3092001663795466,0.9993314108080293,5.0551776085970294e-5,351.76500237374785,0.3092001663795466,0.9993314108080293,0.9993314108080293
200708.0078125,0.6116943359375,238.8818359375,0.1632080078125,0.2752685546875,14739.502787590027,6111.328125,0.24368824320176538,1.0001461733524661,2.6618790471809796e-5,261.65660908346575,0.24368824320176538,1.0001461733524661,1.0001461733524661
200927.734375,1.945068359375,203.935546875,0.137353515625,0.389892578125,67037.28437423706,7324.21875,0.36074823338550366,0.9997314062700419,5.7561038517161235e-5,250.84430156448875,0.36074823338550366,0.9997314062700419,0.9997314062700419
201000.9765625,0.5369873046875,136.9482421875,0.39201660156250007,0.1091552734375,39468.687891960144,7947.265625,0.1869560404953509,1.0003215232991693,3.294425330596687e-5,274.73142202524747,0.1869560404953509,1.0003215232991693,1.0003215232991693
201220.703125,0.818603515625,379.580078125,0.168701171875,0.353857421875,57537.118434906006,8816.40625,0.3188896496551246,1.0001457414514374,2.6911514919331705e-5,246.68417408638092,0.3188896496551246,1.0001457414514374,1.0001457414514374
201293.9453125,1.6634521484375,279.3896484375,0.35832519531250007,0.14694824218750002,50558.65943431854,8439.453125,0.2779559406699612,0.999990549380186,4.833702868687074e-5,318.85169101779917,0.2779559406699612,0.999990549380186,0.999990549380186
201513.671875,1.192138671875,66.474609375,0.33364257812500003,0.30375976562500007,14367.587566375732,4339.84375,0.195474573960662,1.000218122525975,6.333045906964314e-5,324.18809458361056,0.195474573960662,1.000218122525975,1.000218122525975
201586.9140625,1.2899169921875,168.1591796875,0.13947753906250002,0.20935058593750003,92441.03705883026,4962.890625,0.27845455322102614,0.9997926512029536,4.60366079888192e-5,269.15250418545065,0.27845455322102614,0.9997926512029536,0.9997926512029536
201806.640625,1.571533203125,262.041015625,0.364990234375,0.25249023437500007,25587.754726409912,3832.03125,0.2802594835495315,0.9995240926961988,4.712328540015392e-5,413.0856189046358,0.2802594835495315,0.9995240926961988,0.9995240926961988
201879.8828125,0.9105224609375,333.1787109375,0.1057861328125,0.23425292968750003,80543.328166008,3455.078125,0.3263496553429562,0.9992338687405268,3.023728223479227e-5,278.7016129536691,0.3263496553429562,0.9992338687405268,0.9992338687405268
202099.609375,0.556396484375,284.951171875,0.26508789062500004,0.224658203125,31355.659008026123,4542.96875,0.23360234650047312,0.9999449134024921,2.3706526333177678e-5,317.78136256175054,0.23360234650047312,0.9999449134024921,0.9999449134024921
202172.8515625,1.9608154296875,395.9326171875,0.22443847656250004,0.28142089843750007,72384.16564464569,4166.015625,0.3932726417720534,0.9946338198773318,5.187788292221329e-5,347.72642528225424,0.3932726417720534,0.9946338198773318,0.9946338198773318
202392.578125,1.679931640625,131.220703125,0.29877929687500004,0.18159179687500002,41714.86043930054,3035.15625,0.24668623374705048,0.9996467886448446,5.839600503834035e-5,378.14590693199597,0.24668623374705048,0.9996467886448446,0.9996467886448446
202465.8203125,0.8372802734375,187.7490234375,0.19309082031250002,0.31218261718750007,61569.363474845886,3658.203125,0.24493592339565506,0.9998823157300295,3.4914152442180276e-5,311.70158118328595,0.24493592339565506,0.9998823157300295,0.9998823157300295
202685.546875,1.303466796875,317.490234375,0.19887695312500003,0.157275390625,99007.32755661011,7558.59375,0.3225236184734573,0.999804296171564,3.931975606677553e-5,267.8303048228478,0.3225236184734573,0.999804296171564,0.999804296171564
202758.7890625,1.2137451171875,257.1435546875,0.30939941406250004,0.32536621093750007,11114.21287059784,7181.640625,0.2822390746019618,1.000013652668041,3.925329217268307e-5,313.6193236877556,0.2822390746019618,1.000013652668041,1.000013652668041
202978.515625,0.932861328125,183.681640625,0.23256835937500003,0.136474609375,87756.356716156,8050.78125,0.24066929530297557,1.0002740627148878,3.6986535103585514e-5,260.4763006999076,0.24066929530297557,1.0002740627148878,1.0002740627148878
203051.7578125,1.5843505859375,71.5380859375,0.2780517578125,0.3807373046875,23703.347086906433,8673.828125,0.21918173357201123,1.0006711607214698,6.833821354788221e-5,264.3297837384383,0.21918173357201123,1.0006711607214698,1.0006711607214698
203271.484375,0.644287109375,174.716796875,0.158447265625,0.29848632812500003,35859.59577560425,2511.71875,0.22502308738541513,0.9995279584035773,3.1935621658024725e-5,323.7886563607646,0.22502308738541513,0.9995279584035773,0.9995279584035773
203344.7265625,1.8612060546875,65.2294921875,0.3521728515625,0.2052490234375,66362.76137828827,2134.765625,0.20813410917824463,0.9997325471213891,7.72092831940703e-5,413.78535002016736,0.20813410917824463,0.9997325471213891,0.9997325471213891
203564.453125,1.767822265625,329.111328125,0.124169921875,0.25776367187500004,49565.40822982788,5003.90625,0.4099430614551164,0.9986309420719431,4.920664658591518e-5,270.7365668903242,0.4099430614551164,0.9986309420719431,0.9986309420719431
203857.421875,1.391357421875,143.505859375,0.37348632812500004,0.38579101562500007,93491.67203903198,9527.34375,0.24518723961442082,1.000521134921011,5.040751526583553e-5,296.4028577563473,0.24518723961442082,1.000521134921011,1.000521134921011
203930.6640625,1.1141357421875,202.6904296875,0.11838378906250001,0.1038818359375,19188.725352287292,9150.390625,0.28640762608578146,0.9997118442456092,3.957918072959875e-5,222.6022377556511,0.28640762608578146,0.9997118442456092,0.9997118442456092
204150.390625,1.020751953125,275.322265625,0.339208984375,0.35795898437500007,82329.3776512146,6019.53125,0.27048078455188357,0.9998618737977762,3.444028261730979e-5,340.87341062138455,0.27048078455188357,0.9998618737977762,0.9998618737977762
204223.6328125,1.4847412109375,388.9599609375,0.1503173828125,0.1522216796875,27689.629435539246,6642.578125,0.38203778453798926,0.9991575660268437,4.178352199775227e-5,262.42940508149746,0.38203778453798926,0.9991575660268437,0.9991575660268437
204443.359375,1.857177734375,255.732421875,0.290869140625,0.161376953125,75060.12678146362,9355.46875,0.30175152837313896,0.9999692645315108,5.3527923647218914e-5,288.0175332938479,0.30175152837313896,0.9999692645315108,0.9999692645315108
204516.6015625,0.6365966796875,324.2138671875,0.17990722656250002,0.33063964843750004,35278.85711193085,9978.515625,0.27240125546094907,1.000504778037504,2.4144576945945484e-5,238.89081926975408,0.27240125546094907,1.000504778037504,1.000504778037504
204736.328125,0.730712890625,80.751953125,0.25893554687500003,0.132373046875,63143.189907073975,6847.65625,0.18628926009996558,1.0001016544647223,4.920736138373739e-5,262.33126898643263,0.18628926009996558,1.0001016544647223,1.0001016544647223
204809.5703125,1.7630615234375,179.7802734375,0.21418457031250002,0.3754638671875,44671.01752758026,6470.703125,0.3083180121457629,0.9998637216170413,5.550424763817784e-5,289.48608895044293,0.3083180121457629,0.9998637216170413,0.9998637216170413
205029.296875,1.104248046875,394.521484375,0.24340820312500003,0.22993164062500002,6918.628215789795,2371.09375,0.3150663014612853,0.9989900278364692,3.3479596457755e-5,398.03842679641497,0.3150663014612853,0.9989900278364692,0.9989900278364692
205102.5390625,1.3895263671875,291.6748046875,0.28361816406250007,0.2855224609375,99707.47458934784,2994.140625,0.30293618151660706,0.9992586064015282,4.230568831320214e-5,398.1613344027582,0.30293618151660706,0.9992586064015282,0.9992586064015282
205322.265625,1.483642578125,196.962890625,0.211474609375,0.176318359375,21129.73928451538,5863.28125,0.28594920968404364,0.9998698102921793,4.8403210221308186e-5,289.0683557163042,0.28594920968404364,0.9998698102921793,0.9998698102921793
205395.5078125,1.0101318359375,127.3193359375,0.31789550781250003,0.3080810546875,88813.79783153534,5486.328125,0.21855593808532306,1.0001550225502738,4.501773670377189e-5,315.58815445843686,0.21855593808532306,1.0001550225502738,1.0001550225502738
205615.234375,1.546630859375,347.373046875,0.273291015625,0.34770507812500007,44307.029247283936,4199.21875,0.340910276269929,1.0015340934253985,4.436373697060685e-5,368.9847381618374,0.340910276269929,1.0015340934253985,1.0015340934253985
205688.4765625,0.8885498046875,248.5107421875,0.23732910156250003,0.1419677734375,64144.85061168671,4572.265625,0.25507588246008817,0.9998746596062107,3.2735106492525726e-5,313.7510582582951,0.25507588246008817,0.9998746596062107,0.9998746596062107
205908.203125,1.170166015625,151.142578125,0.31401367187500007,0.39604492187500007,33111.55080795288,3691.40625,0.24196574677691507,0.9997963672377392,4.5630809680829276e-5,365.2645431417696,0.24196574677691507,0.9997963672377392,0.9997963672377392
205981.4453125,1.2650146484375,82.8271484375,0.1942626953125,0.1141357421875,75252.4002790451,3064.453125,0.21231561669918472,0.9999464649951224,5.9931412511747376e-5,318.32923173901486,0.21231561669918472,0.9999464649951224,0.9999464649951224
206201.171875,0.793701171875,294.912109375,0.18833007812500002,0.261572265625,87603.42741012573,7214.84375,0.27672990952287774,1.0001267911780136,2.875937148122835e-5,264.72188467901816,0.27672990952287774,1.0001267911780136,1.0001267911780136
206274.4140625,1.6414794921875,364.7216796875,0.30354003906250004,0.24216308593750002,21654.35492992401,7587.890625,0.32439412840322707,0.9994957315351437,4.5929032836390034e-5,323.45054745285466,0.32439412840322707,0.9994957315351437,0.9994957315351437
206494.140625,1.923095703125,118.603515625,0.229052734375,0.294677734375,99323.28939437866,8707.03125,0.26918282541850125,1.000292860533943,6.505057227442928e-5,264.4547908729616,0.26918282541850125,1.000292860533943,1.000292860533943
206567.3828125,0.5120849609375,221.6162109375,0.2604736328125,0.20144042968750003,10474.114298820496,8080.078125,0.22044943379812357,1.0001887422805857,2.558772150467747e-5,262.51615454994703,0.22044943379812357,1.0001887422805857,1.0001887422805857
206787.109375,0.954833984375,99.013671875,0.101025390625,0.19184570312500002,59804.847240448,7917.96875,0.21796854410781236,1.0003461212411635,4.8812513184936474e-5,228.6733676795362,0.21796854410781236,1.0003461212411635,1.0003461212411635
206860.3515625,1.6092529296875,156.8701171875,0.3697509765625,0.3236083984375,52426.66137218475,7291.015625,0.25428197461677543,1.0001542501243443,5.4201307057646885e-5,328.8890833121781,0.25428197461677543,1.0001542501243443,1.0001542501243443
207080.078125,1.328369140625,232.158203125,0.144091796875,0.214404296875,71164.29281234741,8410.15625,0.313036304111743,0.9999615331164143,4.302293858981181e-5,241.93038449062186,0.313036304111743,0.9999615331164143,0.9999615331164143
207153.3203125,1.2357177734375,341.8115234375,0.32902832031250007,0.2699951171875,42826.45881175995,8783.203125,0.29342831200682273,0.999932430792557,3.738602042133818e-5,310.3915321171434,0.29342831200682273,0.999932430792557,0.999932430792557
207373.046875,1.701904296875,216.552734375,0.35356445312500007,0.12446289062500002,25619.632244110107,4933.59375,0.26102563345845353,0.9997761858844392,5.22870346123892e-5,370.00301668095614,0.26102563345845353,0.9997761858844392,0.9997761858844392
207446.2890625,0.8621826171875,103.0810546875,0.1734619140625,0.3675537109375,81466.08054637909,4306.640625,0.20988365316564458,1.0001598901163993,4.670609323642722e-5,290.1233851073963,0.20988365316564458,1.0001598901163993,1.0001598901163993
207666.015625,0.581298828125,369.619140625,0.3966308593750001,0.16928710937500002,12201.608180999756,3425.78125,0.2275104851482043,0.9997304410949353,2.2243623338163292e-5,409.06556207315936,0.2275104851482043,0.9997304410949353,0.9997304410949353
207739.2578125,1.9827880859375,310.6005859375,0.1327392578125,0.33854980468750007,93486.30607128143,3798.828125,0.4201504437594873,0.9975888045382132,5.449150879624391e-5,299.35467421018024,0.4201504437594873,0.9975888045382132,0.9975888045382132
207958.984375,1.745849609375,73.779296875,0.181884765625,0.23754882812500003,79726.722240448,3636.71875,0.22813333023847104,0.9997237146766236,7.247805864602386e-5,306.4380648289964,0.22813333023847104,0.9997237146766236,0.9997237146766236
208032.2265625,0.7127685546875,187.4169921875,0.2912353515625,0.2568115234375,22416.991114616394,3009.765625,0.21969757785537453,0.9997175675033062,3.274106086853644e-5,362.7157838564474,0.21969757785537453,0.9997175675033062,0.9997175675033062
208251.953125,0.619384765625,260.048828125,0.21323242187500002,0.20620117187500003,92358.74319076538,4128.90625,0.23877420528139692,0.9998731379080188,2.64504026597917e-5,310.1377918363046,0.23877420528139692,0.9998731379080188,0.9998731379080188
208544.921875,0.992919921875,191.318359375,0.284423828125,0.15610351562500002,55201.78556442261,8652.34375,0.23807600778930849,1.0001915508366106,3.81543421601162e-5,273.82612558712293,0.23807600778930849,1.0001915508366106,1.0001915508366106
208618.1640625,1.4656982421875,133.6279296875,0.24494628906250002,0.3616943359375,62067.43323802948,8025.390625,0.2568602633120239,1.000349605329461,5.379969399425486e-5,275.6952521966733,0.2568602633120239,1.000349605329461,1.000349605329461
208837.890625,1.372314453125,397.509765625,0.315771484375,0.10014648437500001,43384.950160980225,7144.53125,0.29271685788596397,0.9997272963285786,3.948131143487432e-5,326.6481072717929,0.29271685788596397,0.9997272963285786,0.9997272963285786
208911.1328125,1.0863037109375,288.0224609375,0.21125488281250002,0.38190917968750004,72813.45450878143,7517.578125,0.3065476146263855,1.0000516384356932,3.565827165572873e-5,278.91689719429525,0.3065476146263855,1.0000516384356932,1.0000516384356932
209130.859375,0.755615234375,335.419921875,0.351806640625,0.372314453125,20913.337230682373,8480.46875,0.2612145445183013,1.0001612166207772,2.684755134963305e-5,310.95457045003536,0.2612145445183013,1.0001612166207772,1.0001612166207772
209204.1015625,1.7850341796875,265.7763671875,0.15646972656250002,0.1290771484375,87467.36419200897,8853.515625,0.35098911419369866,0.9996922803556387,5.179228177962499e-5,246.64081772928571,0.35098911419369866,0.9996922803556387,0.9996922803556387
209423.828125,1.879150390625,171.064453125,0.385498046875,0.33393554687500004,9059.083461761475,7972.65625,0.26800800719500684,1.0000245509950423,5.894964623457911e-5,336.05162719118107,0.26800800719500684,1.0000245509950423,1.0000245509950423
209497.0703125,0.6614990234375,68.2177734375,0.1251220703125,0.16452636718750002,99398.03779125214,7345.703125,0.18260916908068897,1.000792603313422,5.340716196293992e-5,237.56211802024055,0.18260916908068897,1.000792603313422,1.000792603313422
209716.796875,1.502685546875,282.958984375,0.116845703125,0.30961914062500007,66699.05424118042,3496.09375,0.3635925359241071,0.9991084295801704,4.528636775652891e-5,292.5665745885202,0.3635925359241071,0.9991084295801704,0.9991084295801704
209790.0390625,1.0379638671875,381.9873046875,0.3726806640625,0.17770996093750002,46760.74302196503,3869.140625,0.26505659252535335,0.9995223216808153,3.23845997902825e-5,414.0051553738216,0.26505659252535335,0.9995223216808153,0.9995223216808153
210009.765625,1.132080078125,138.525390625,0.150537109375,0.28413085937500004,78584.481716156,4988.28125,0.24764464790494503,0.9998012640128484,4.6591325241316994e-5,276.7735264290419,0.24764464790494503,0.9998012640128484,0.9998012640128484
210083.0078125,1.4085693359375,207.0068359375,0.34133300781250003,0.22839355468750003,35602.66196727753,4361.328125,0.2583705420615156,0.9997426214397154,4.6624717310581355e-5,374.63809929068964,0.2583705420615156,0.9997426214397154,0.9997426214397154
210302.734375,1.241943359375,235.810546875,0.3717285156250001,0.11801757812500001,103636.52753829956,5074.21875,0.24329316962356265,0.9998346369977097,4.141057029218394e-5,366.5202943818039,0.24329316962356265,0.9998346369977097,0.9998346369977097
210375.9765625,1.3338623046875,338.8232421875,0.1013916015625,0.3997802734375,11599.669337272644,5697.265625,0.38612932277539946,0.9994355813544238,3.985909178996472e-5,257.54982489159755,0.38612932277539946,0.9994355813544238,0.9994355813544238
210595.703125,1.615478515625,92.705078125,0.32807617187500004,0.138232421875,92406.259059906,2566.40625,0.21610676195867934,0.999703797180228,6.502049271737712e-5,394.43413236939983,0.21610676195867934,0.999703797180228,0.999703797180228
210668.9453125,0.9603271484375,162.5146484375,0.1427001953125,0.34382324218750004,20295.231699943542,2189.453125,0.24788787977551938,0.999434174150588,4.056095966181195e-5,332.9810899372143,0.24788787977551938,0.999434174150588,0.999434174150588
210888.671875,1.989013671875,374.599609375,0.17426757812500002,0.20063476562500002,31947.238445281982,6089.84375,0.40356779402611986,0.995871407703612,5.3144903988453116e-5,289.3988652021515,0.40356779402611986,0.995871407703612,0.995871407703612
210961.9140625,0.5867919921875,306.2841796875,0.3551025390625,0.29372558593750003,75266.99531078339,6712.890625,0.23161392316764534,1.0001034105832618,2.4049800530764104e-5,320.6245615683046,0.23161392316764534,1.0001034105832618,1.0001034105832618
211181.640625,0.868408203125,208.916015625,0.130615234375,0.24311523437500002,46100.99935531616,9582.03125,0.2627905487170059,1.0004236661010184,3.435305741363285e-5,229.16165167138482,0.2627905487170059,1.0004236661010184,1.0004236661010184
211254.8828125,1.7073974609375,110.0537109375,0.39641113281250007,0.26237792968750007,64360.74149608612,9205.078125,0.2277745124577364,1.0003369997808553,6.253241843863861e-5,302.47167818133397,0.2277745124577364,1.0003369997808553,1.0003369997808553
211474.609375,1.259521484375,146.826171875,0.23696289062500003,0.27153320312500007,18822.822093963623,6792.96875,0.24755943663767818,1.0001646004219673,4.8289060359319e-5,284.1381581263255,0.24755943663767818,1.0001646004219673,1.0001646004219673
211547.8515625,1.1639404296875,87.8076171875,0.27131347656250004,0.21579589843750002,98084.36095714569,6416.015625,0.20654446538844576,1.000251786743433,5.688841219182362e-5,284.265002362497,0.20654446538844576,1.000251786743433,1.000251786743433
211767.578125,0.883056640625,354.345703125,0.19565429687500002,0.32221679687500004,32255.631923675537,9285.15625,0.3052336977787259,1.0000625124279579,2.933857546203069e-5,257.9964057378194,0.3052336977787259,1.0000625124279579,1.0000625124279579
211840.8203125,1.5404052734375,240.8740234375,0.31496582031250003,0.1903076171875,87894.68085765839,9908.203125,0.2780015274101498,1.0001237888808938,4.757175672826162e-5,290.17974267726817,0.2780015274101498,1.0001237888808938,1.0001237888808938
212060.546875,0.506591796875,115.615234375,0.302001953125,0.33540039062500004,69083.31632614136,5808.59375,0.1852556199192763,1.0005304719812544,3.726523959364164e-5,288.43854299550884,0.1852556199192763,1.0005304719812544,1.0005304719812544
212133.7890625,1.9168701171875,225.2685546875,0.18752441406250003,0.16599121093750002,37936.631083488464,5431.640625,0.32657662474182436,0.9995799434809374,5.6810655849548315e-5,295.3864181309709,0.32657662474182436,0.9995799434809374,0.9995799434809374
212353.515625,1.635986328125,300.556640625,0.26069335937500004,0.370849609375,55202.462673187256,2300.78125,0.334710015586368,0.9987939001012999,4.787106470988466e-5,427.72934509695676,0.334710015586368,0.9987939001012999,0.9987939001012999
212426.7578125,0.7874755859375,358.4130859375,0.23117675781250002,0.1276123046875,48693.00162792206,2923.828125,0.2757254102375355,0.9992626091912773,2.737583853095083e-5,357.810607298914,0.2757254102375355,0.9992626091912773,0.9992626091912773
212646.484375,1.628662109375,164.091796875,0.31782226562500004,0.32661132812500004,55559.6079826355,6261.71875,0.26489912734666,1.000034904501909,5.459243273768313e-5,330.4681160892063,0.26489912734666,1.000034904501909,1.000034904501909
212719.7265625,0.7830810546875,97.1044921875,0.21154785156250003,0.1583740234375,61746.641993522644,6884.765625,0.19627330170466487,1.000485537581664,4.689222471276507e-5,260.6918035844235,0.19627330170466487,1.000485537581664,1.000485537581664
212939.453125,0.502197265625,339.736328125,0.283544921875,0.379638671875,45219.52199935913,9753.90625,0.24179925742164785,1.0004502375156303,2.114289985429345e-5,270.36080427097306,0.24179925742164785,1.0004502375156303,1.0004502375156303
213232.421875,0.875732421875,111.630859375,0.21411132812500003,0.28266601562500004,81528.90348434448,5277.34375,0.2094320503805036,1.00029834455074,4.587959763853665e-5,287.1941764622949,0.2094320503805036,1.00029834455074,1.00029834455074
213305.6640625,1.5360107421875,213.3154296875,0.2590087890625,0.2257568359375,26242.741465568542,5900.390625,0.28412298902603206,0.999802732737104,4.917919525346725e-5,315.66335668731455,0.28412298902603206,0.999802732737104,0.999802732737104
213525.390625,1.255126953125,307.197265625,0.17983398437500003,0.31108398437500007,95134.5534324646,2769.53125,0.326842046280662,0.9991743187695608,3.9282827882212926e-5,347.0545986925729,0.326842046280662,0.9991743187695608,0.9991743187695608
213598.6328125,1.1566162109375,378.3349609375,0.29094238281250007,0.1803466796875,9096.428751945496,2392.578125,0.2920499225168888,0.9991072570620398,3.5339412749312154e-5,430.6970162824012,0.2920499225168888,0.9991072570620398,0.9991072570620398
213818.359375,0.872802734375,245.107421875,0.15024414062500002,0.20825195312500003,67782.59992599487,5605.46875,0.26973551079713826,0.9999047480612554,3.299172684855453e-5,271.4063694765683,0.26973551079713826,0.9999047480612554,0.9999047480612554
213891.6015625,1.7147216796875,356.0888671875,0.33928222656250007,0.30251464843750003,49009.66155529022,5228.515625,0.31937156641497577,0.9990523222450656,4.814164270112996e-5,388.5442798423577,0.31937156641497577,0.9990523222450656,0.9990523222450656
214111.328125,1.996337890625,91.376953125,0.118310546875,0.23549804687500003,80354.92086410522,2097.65625,0.26022506764909603,0.9994012799638328,7.355606233503809e-5,324.3127707933782,0.26022506764909603,0.9994012799638328,0.9994012799638328
214184.5703125,0.5911865234375,147.9052734375,0.3735595703125001,0.25358886718750007,34495.938181877136,2720.703125,0.19294538302634578,0.9997316500270901,3.463903515540099e-5,383.7847800297426,0.19294538302634578,0.9997316500270901,0.9997316500270901
214404.296875,1.619873046875,362.646484375,0.384033203125,0.108056640625,20617.969036102295,6621.09375,0.2737645929214005,0.999592313938902,4.597998157211475e-5,369.82864375910435,0.2737645929214005,0.999592313938902,0.999592313938902
214477.5390625,0.9676513671875,302.2998046875,0.12424316406250001,0.3886474609375,88573.50242137909,6244.140625,0.3157914814364776,0.9998122733691821,3.2898729787790734e-5,260.984062627417,0.3157914814364776,0.9998122733691821,0.9998122733691821
214697.265625,1.249267578125,228.837890625,0.35209960937500007,0.148193359375,9257.18069076538,9113.28125,0.24833189049428586,1.0000870070005987,4.1954543421292006e-5,301.98572665680393,0.24833189049428586,1.0000870070005987,1.0000870070005987
214770.5078125,1.3382568359375,116.6943359375,0.15852050781250002,0.3549560546875,102593.39988231659,9736.328125,0.24786083860651376,1.000332463791539,5.4125264753796314e-5,237.9058422170953,0.24786083860651376,1.000332463791539,1.000332463791539
214990.234375,1.124755859375,315.498046875,0.13266601562500002,0.319580078125,33633.811473846436,8949.21875,0.33501030135451976,0.9999823008846691,3.591351443988555e-5,242.71173815053726,0.33501030135451976,0.9999823008846691,0.9999823008846691
215063.4765625,1.4041748046875,259.1357421875,0.3967041015625,0.1888427734375,77764.05227184296,8322.265625,0.25608283697354123,1.0000165938522638,4.40974296195135e-5,335.4060439085104,0.25608283697354123,1.0000165938522638,1.0000165938522638
215283.203125,1.498291015625,183.017578125,0.173388671875,0.274169921875,46533.18166732788,7441.40625,0.29170925062838177,1.0000195823367863,5.035613578885777e-5,265.13360842815166,0.29170925062838177,1.0000195823367863,1.0000195823367863
215356.4453125,1.0306396484375,72.2021484375,0.3536376953125,0.21726074218750002,64353.535532951355,7814.453125,0.18828034156108372,1.000528929466129,5.9944550564877855e-5,277.25896680252805,0.18828034156108372,1.000528929466129,1.000528929466129
215576.171875,1.871826171875,284.287109375,0.328955078125,0.36469726562500004,107230.44157028198,3964.84375,0.3200800891424077,0.9991570238496688,5.371277454517972e-5,413.8800396691761,0.3200800891424077,0.9991570238496688,0.9991570238496688
215649.4140625,0.6571044921875,396.5966796875,0.1441650390625,0.12028808593750001,8924.466013908386,3337.890625,0.28489607837297276,0.9995427200963286,2.3729297269818468e-5,304.8811218594677,0.28489607837297276,0.9995427200963286,0.9995427200963286
215869.140625,0.751220703125,129.228515625,0.36967773437500007,0.341552734375,93938.82894515991,4457.03125,0.2000130325081641,1.0000735306453454,4.064635948895361e-5,342.89820572661273,0.2000130325081641,1.0000735306453454,1.0000735306453454
215942.3828125,1.7777099609375,189.7412109375,0.1010986328125,0.17331542968750002,23539.51346874237,4830.078125,0.32851820095115264,0.9995160469783103,5.6155913727785465e-5,264.28516683648775,0.32851820095115264,0.9995160469783103,0.9995160469783103
216162.109375,1.376708984375,67.138671875,0.26040039062500003,0.14497070312500002,70019.3247795105,3167.96875,0.1993478215014776,0.9996544514229885,6.971448058076395e-5,336.7151394343238,0.1993478215014776,0.9996544514229885,0.9996544514229885
216235.3515625,1.0936279296875,167.4951171875,0.22912597656250003,0.35173339843750007,36297.816157341,3541.015625,0.2486816048609908,0.9997623802343346,4.3346597830911736e-5,338.3667124038522,0.2486816048609908,0.9997623802343346,0.9997623802343346
216455.078125,1.000244140625,264.033203125,0.303466796875,0.111279296875,56797.83773422241,4660.15625,0.24877947371285536,0.9998380035110364,3.521270391773608e-5,346.8553841177608,0.24877947371285536,0.9998380035110364,0.9998380035110364
216528.3203125,1.4700927734375,331.1865234375,0.1884033203125,0.3918701171875001,51237.4085187912,4033.203125,0.3589253179372815,0.9991292882170745,4.344855519317137e-5,331.0878844422179,0.3589253179372815,0.9991292882170745,0.9991292882170745
216748.046875,0.623779296875,205.927734375,0.19418945312500002,0.24633789062500003,19777.896404266357,8183.59375,0.225912554557579,1.0004275689029594,2.973296299752307e-5,255.1422835424132,0.225912554557579,1.0004275689029594,1.0004275689029594
216821.2890625,1.8465576171875,134.9560546875,0.3140869140625,0.26442871093750003,101657.82248973846,8556.640625,0.255130229473482,1.0001975211190266,6.2496242761043e-5,298.0742777755337,0.255130229473482,1.0001975211190266,1.0001975211190266
217041.015625,1.753173828125,380.244140625,0.23725585937500002,0.19741210937500003,32246.835231781006,7675.78125,0.35278828940010404,0.9988586686829817,4.83440853687401e-5,301.55810347267766,0.35278828940010404,0.9988586686829817,0.9988586686829817
217114.2578125,0.7171630859375,278.7255859375,0.27336425781250007,0.29167480468750007,88508.24820995331,7048.828125,0.24715704246989487,1.0003311673139677,2.824560858978839e-5,297.14416848668117,0.24715704246989487,1.0003311673139677,1.0003311673139677
217333.984375,0.573974609375,84.404296875,0.34125976562500004,0.134423828125,100012.67194747925,7386.71875,0.17631655093460424,1.0007288426132983,4.702126644638009e-5,267.1923645158148,0.17631655093460424,1.0007288426132983,1.0007288426132983
217407.2265625,1.9783935546875,155.5419921875,0.15061035156250002,0.3786865234375001,17691.49672985077,7759.765625,0.31455775557554244,0.9999177647807175,6.314429666642612e-5,259.6536912152301,0.31455775557554244,0.9999177647807175,0.9999177647807175
217626.953125,1.697509765625,249.423828125,0.37260742187500007,0.159326171875,87684.73196029663,8878.90625,0.26611792064620743,0.99998093953909,5.1118035294245785e-5,325.7293756467259,0.26611792064620743,0.99998093953909,0.99998093953909
217700.1953125,0.8548583984375,351.1083984375,0.11691894531250001,0.32741699218750003,31412.121653556824,8251.953125,0.3172664661502615,0.9999524276520283,2.9080952459905416e-5,242.3644650311208,0.3172664661502615,0.9999524276520283,0.9999524276520283
217919.921875,1.321044921875,223.193359375,0.125048828125,0.18422851562500003,38965.57950973511,4402.34375,0.30488298712750495,0.99954503930011,4.430593892406672e-5,281.44142513006403,0.30488298712750495,0.99954503930011,0.99954503930011
217993.1640625,1.2313232421875,123.0029296875,0.38557128906250004,0.3148193359375,73043.32435131073,4775.390625,0.2180162911572291,0.9999345084073538,5.1867449723618205e-5,360.2085811690724,0.2180162911572291,0.9999345084073538,0.9999345084073538
218212.890625,0.950439453125,365.634765625,0.156396484375,0.22202148437500002,52955.750942230225,3894.53125,0.3144525541764886,0.9994132768770105,3.110429532669705e-5,306.5242834979396,0.3144525541764886,0.9994132768770105,0.9994132768770105
218286.1328125,1.6019287109375,298.6474609375,0.35187988281250004,0.2787841796875,58040.56632518768,3267.578125,0.2917914771884952,0.9992645945487032,4.751063824621015e-5,442.30069188071934,0.2917914771884952,0.9992645945487032,0.9992645945487032
218505.859375,1.927490234375,346.044921875,0.21118164062500003,0.25043945312500004,8456.122875213623,4730.46875,0.3720282068736805,0.9978282902111302,5.294538058699865e-5,333.44045600773194,0.3720282068736805,0.9978282902111302,0.9978282902111302
218579.1015625,0.5194091796875,233.9013671875,0.31584472656250007,0.23220214843750003,106901.29363536835,4103.515625,0.2095245417758854,0.9999927142863959,2.61593109194022e-5,342.0973283612478,0.2095245417758854,0.9999927142863959,0.9999927142863959
218798.828125,0.801025390625,160.439453125,0.24487304687500003,0.30581054687500003,21005.189418792725,3222.65625,0.22068276551217253,0.9997403621134038,3.806139592820872e-5,343.3522374130257,0.22068276551217253,0.9997403621134038,0.9997403621134038
218872.0703125,1.6458740234375,100.0927734375,0.28449707031250004,0.21140136718750002,93699.52094554901,3595.703125,0.2277653485510432,0.9998493951275206,6.500920731808195e-5,352.8681767679128,0.2277653485510432,0.9998493951275206,0.9998493951275206
219091.796875,1.174560546875,314.833984375,0.25747070312500003,0.35649414062500007,80765.58256149292,7746.09375,0.3053479160435142,0.9998930533563168,3.732715231612641e-5,302.4322733083061,0.3053479160435142,0.9998930533563168,0.9998930533563168
219165.0390625,1.2723388671875,371.3623046875,0.2133056640625,0.1495849609375,34611.14585399628,7119.140625,0.32148970042129765,0.9996820333478649,3.814047454820627e-5,290.3875430046927,0.32148970042129765,0.9996820333478649,0.9996820333478649
219384.765625,1.553955078125,106.650390625,0.29116210937500003,0.38725585937500007,67040.048122406,8238.28125,0.2368421153570783,1.0003518687015711,6.123204002863912e-5,288.63102820351014,0.2368421153570783,1.0003518687015711,1.0003518687015711
219458.0078125,0.8929443359375,217.6318359375,0.18195800781250002,0.1065185546875,49468.20151805878,8611.328125,0.2510817761838652,1.0002857873216615,3.508062990886217e-5,251.64653854011743,0.2510817761838652,1.0002857873216615,1.0002857873216615
219677.734375,1.476318359375,267.685546875,0.23110351562500003,0.22114257812500002,92697.68476486206,9824.21875,0.3065972991801397,1.000050001534793,4.554541216184359e-5,271.2328731483823,0.3065972991801397,1.000050001534793,1.000050001534793
219750.9765625,1.0057373046875,328.1982421875,0.26076660156250003,0.27790527343750004,24820.433497428894,9447.265625,0.2875937661162554,1.0001121771942239,3.3129028018161603e-5,281.97385138513806,0.2875937661162554,1.0001121771942239,1.0001121771942239
219970.703125,1.099853515625,60.830078125,0.18745117187500002,0.185107421875,106695.077419281,6316.40625,0.19147444425542723,1.0003091234885593,6.771406836959782e-5,264.07634371750703,0.19147444425542723,1.0003091234885593,1.0003091234885593
220043.9453125,1.3822021484375,173.1396484375,0.30207519531250004,0.31569824218750003,8927.616953849792,6939.453125,0.25627536064219464,1.0000833680501904,4.911542802377248e-5,315.1291801725727,0.25627536064219464,1.0000833680501904,1.0000833680501904
220263.671875,0.723388671875,385.224609375,0.31489257812500004,0.17250976562500003,47527.37760543823,2839.84375,0.25466349049867687,0.999432243693427,2.567665086087245e-5,408.12843189634316,0.25466349049867687,0.999432243693427,0.999432243693427
220336.9140625,1.7586669921875,274.4091796875,0.1957275390625,0.34060058593750003,67123.04389476776,2462.890625,0.3471777799555186,0.9987870844103808,5.1848744564844284e-5,378.22744025893144,0.3471777799555186,0.9987870844103808,0.9987870844103808
220556.640625,1.852783203125,198.291015625,0.271240234375,0.121240234375,35411.85140609741,5332.03125,0.2781750529377275,0.9996924188024677,5.7588269141778625e-5,332.9314013569143,0.2781750529377275,0.9996924188024677,0.9996924188024677
220629.8828125,0.6292724609375,141.9287109375,0.23703613281250002,0.3655029296875001,81957.390666008,5955.078125,0.2038471390710385,1.000325436535079,3.6552110057199484e-5,286.566280407084,0.2038471390710385,1.000325436535079,1.000325436535079
220849.609375,1.025146484375,178.701171875,0.396337890625,0.393408203125,25381.049633026123,2042.96875,0.23052541375235022,0.9995218814364882,4.1364448903124456e-5,473.6560551439259,0.23052541375235022,0.9995218814364882,0.9995218814364882
220922.8515625,1.4920654296875,77.1826171875,0.13068847656250002,0.1126708984375,85275.82824230194,2666.015625,0.21989220385675803,0.9996699815943159,6.88858629736127e-5,313.3554817023299,0.21989220385675803,0.9996699815943159,0.9996699815943159
221142.578125,1.398681640625,322.470703125,0.35502929687500007,0.350341796875,14100.114345550537,5535.15625,0.2959875123830158,0.9995268866597277,4.232722013918733e-5,383.5589622349432,0.2959875123830158,0.9995268866597277,0.9995268866597277
221215.8203125,1.1185302734375,251.4990234375,0.17434082031250003,0.1434326171875,100696.25556468964,5158.203125,0.2832110748205995,0.9997900001320229,3.863329241692895e-5,291.4398716660148,0.2832110748205995,0.9997900001320229,0.9997900001320229
221435.546875,1.772216796875,126.240234375,0.142626953125,0.28852539062500004,63710.33048629761,9058.59375,0.27676105342155477,1.0001176519831894,6.253223233506422e-5,244.13476579681296,0.27676105342155477,1.0001176519831894,1.0001176519831894
221508.7890625,0.7449951171875,193.3935546875,0.32814941406250003,0.19411621093750003,58120.56052684784,9681.640625,0.2158746241451477,1.0005492696125677,3.357049715238856e-5,275.0893892193194,0.2158746241451477,1.0005492696125677,1.0005492696125677
221728.515625,0.651611328125,289.931640625,0.101318359375,0.26772460937500003,75974.2522239685,6550.78125,0.265735939910356,0.999925861758336,2.662007532985849e-5,249.73857740846904,0.265735939910356,0.999925861758336,0.999925861758336
221801.7578125,1.8656005859375,390.2880859375,0.3718017578125,0.24948730468750002,42761.81876659393,6173.828125,0.31027880680619774,0.9985671873738247,5.099868946441535e-5,393.5725181917714,0.31027880680619774,0.9985671873738247,0.9985671873738247
222021.484375,0.925537109375,280.966796875,0.17719726562500002,0.167236328125,19946.631908416748,4011.71875,0.2757444635373588,0.9996493522866611,3.322950684927459e-5,310.8991191666624,0.2757444635373588,0.9996493522866611,0.9996493522866611
222094.7265625,1.5799560546875,383.9794921875,0.29592285156250003,0.33649902343750004,93251.31118297577,4634.765625,0.33621984536085125,0.9988987674521104,4.486460347539866e-5,385.02906852742467,0.33621984536085125,0.9988987674521104,0.9988987674521104
222314.453125,1.299072265625,137.861328125,0.21791992187500003,0.126513671875,5974.465847015381,3503.90625,0.23744657477895695,0.9997034082953393,5.169812357710073e-5,331.13040941339443,0.23744657477895695,0.9997034082953393,0.9997034082953393
222607.421875,1.672607421875,334.755859375,0.27973632812500004,0.21704101562500003,69196.01774215698,7027.34375,0.318373860534137,0.999543383862235,4.8060151604077386e-5,327.9056832894981,0.318373860534137,0.999543383862235,0.999543383862235
222680.6640625,0.8328857421875,266.4404296875,0.24963378906250003,0.27263183593750007,51268.01002025604,7650.390625,0.2556887995279225,1.0002665971645808,3.16013419342247e-5,287.90187382026204,0.2556887995279225,1.0002665971645808,1.0002665971645808
222900.390625,0.552001953125,169.072265625,0.32045898437500003,0.189208984375,83857.9421043396,8519.53125,0.19654169811406202,1.0005129248475826,3.1724254525703495e-5,272.5183357831338,0.19654169811406202,1.0005129248475826,1.0005129248475826
222973.6328125,1.9534912109375,70.2099609375,0.20656738281250003,0.32097167968750007,37384.758830070496,8142.578125,0.2290308985821998,1.0003749934366373,7.980677361865528e-5,263.5333754925326,0.2290308985821998,1.0003749934366373,1.0003749934366373
223193.359375,1.575927734375,191.982421875,0.34711914062500004,0.29262695312500003,87738.22736740112,7855.46875,0.2625813933033738,1.0000692599865264,5.202563140046286e-5,327.17627111722123,0.2625813933033738,1.0000692599865264,1.0000692599865264
223266.6015625,0.9178466796875,132.9638671875,0.1611572265625,0.1993896484375,29524.950861930847,7478.515625,0.22274889679659904,1.0002907195679307,4.4037730274231446e-5,254.8451768681957,0.22274889679659904,1.0002907195679307,1.0002907195679307
223486.328125,1.199462890625,399.501953125,0.39018554687500007,0.26362304687500004,101595.46041488647,8347.65625,0.2799045345604357,0.9998108603430759,3.610097675911427e-5,351.5833161185147,0.2799045345604357,0.9998108603430759,0.9998108603430759
223559.5703125,1.2943115234375,286.0302734375,0.12043457031250002,0.24421386718750002,17780.75873851776,8970.703125,0.3354234005981186,0.9999160467380467,4.104723400470467e-5,242.4903505715532,0.3354234005981186,0.9999160467380467,0.9999160467380467
223779.296875,0.822998046875,75.771484375,0.11215820312500001,0.398681640625,56551.440715789795,4871.09375,0.1934384642460026,0.9999122195840849,5.6531349381103406e-5,271.3057849765634,0.1934384642460026,0.9999122195840849,0.9999122195840849
223852.5390625,1.6707763671875,185.4248046875,0.37736816406250007,0.11677246093750002,61855.97312450409,4494.140625,0.24170713320500775,0.9998313993681209,5.486923892440106e-5,391.0413193538819,0.24170713320500775,0.9998313993681209,0.9998313993681209
224072.265625,1.952392578125,260.712890625,0.15522460937500002,0.345068359375,40878.76272201538,3363.28125,0.368736798491931,0.9988541169997693,5.672334290359081e-5,329.76939526988645,0.368736798491931,0.9988541169997693,0.9988541169997693
224145.5078125,0.5413818359375,318.5693359375,0.3366455078125,0.1393310546875,76369.40085887909,3986.328125,0.22195244582898246,0.9995043155571776,2.3438069953879252e-5,362.98326281722973,0.22195244582898246,0.9995043155571776,0.9995043155571776
224365.234375,1.827880859375,113.623046875,0.367041015625,0.178955078125,13016.746044158936,2699.21875,0.22671536947339513,0.9997465214099016,6.683641020926159e-5,427.38390767359766,0.22671536947339513,0.9997465214099016,0.9997465214099016
224438.4765625,0.6072998046875,227.2607421875,0.1060791015625,0.31071777343750007,103264.41848278046,2072.265625,0.23653044806889562,0.9994555214265931,2.90086364902544e-5,325.0827439548801,0.23653044806889562,0.9994555214265931,0.9994555214265931
224658.203125,0.701416015625,299.892578125,0.332763671875,0.22729492187500003,30249.49026107788,5191.40625,0.2355659229513824,0.9999113296473539,2.762765566102308e-5,346.989469401298,0.2355659229513824,0.9999113296473539,0.9999113296473539
224731.4453125,1.7337646484375,359.0771484375,0.13801269531250002,0.28288574218750007,89394.06287670135,5564.453125,0.40331195333760994,0.9982275760023648,4.858639208772665e-5,286.0478549515511,0.40331195333760994,0.9982275760023648,0.9982275760023648
224951.171875,1.074951171875,146.162109375,0.16958007812500003,0.13032226562500002,76599.64323043823,9714.84375,0.23698811762636915,1.0004913625223997,4.5515672167004105e-5,241.3574252969025,0.23698811762636915,1.0004913625223997,1.0004913625223997
225024.4140625,1.3602294921875,88.4716796875,0.35979003906250007,0.3734130859375,43705.74653148651,9087.890625,0.21073279976230633,1.0006590464544545,6.239579710615094e-5,288.5601419444903,0.21073279976230633,1.0006590464544545,1.0006590464544545
225244.140625,1.454345703125,352.353515625,0.135302734375,0.16342773437500002,61648.85091781616,6207.03125,0.363332898729957,0.9993824864123291,4.283264371820129e-5,272.9569946051986,0.363332898729957,0.9993824864123291,0.9993824864123291
225317.3828125,0.9808349609375,242.8662109375,0.3917236328125,0.33269042968750007,55656.975626945496,6580.078125,0.24248076550690892,1.0000151121900394,3.618759989521532e-5,353.3523418096291,0.24248076550690892,1.0000151121900394,1.0000151121900394
225537.109375,0.673583984375,375.263671875,0.23227539062500002,0.360595703125,110800.452709198,9417.96875,0.27395601855122514,1.0003473566783263,2.4743537157170896e-5,273.53758114889445,0.27395601855122514,1.0003473566783263,1.0003473566783263
225610.3515625,1.8905029296875,305.6201171875,0.2760009765625,0.15485839843750002,13085.657954216003,9791.015625,0.31454953871557456,0.9998301296272245,5.3714809837235135e-5,296.36083535905004,0.31454953871557456,0.9998301296272245,0.9998301296272245
225830.078125,1.797119140625,210.908203125,0.20034179687500003,0.383154296875,96714.09749984741,6910.15625,0.3213348775872702,0.9997759554697137,5.5862333690392987e-5,294.86797879013506,0.3213348775872702,0.9997759554697137,0.9997759554697137
225903.3203125,0.7669677734375,108.0615234375,0.3102783203125,0.10124511718750001,24590.8020734787,6283.203125,0.19001515652336687,1.0000774349448798,4.594786891701647e-5,291.0090849386452,0.19001515652336687,1.0000774349448798,1.0000774349448798
226123.046875,1.420654296875,237.802734375,0.29731445312500004,0.255712890625,32521.365642547607,2433.59375,0.2744525885246326,0.9995466591145017,4.644294815948577e-5,429.7743291856009,0.2744525885246326,0.9995466591145017,0.9995466591145017
226196.2890625,1.1434326171875,336.8310546875,0.19221191406250002,0.23630371093750002,81513.19968700409,2806.640625,0.311256153042701,0.9993810040389907,3.656917513057825e-5,357.78417205701635,0.311256153042701,0.9993810040389907,0.9993810040389907
226416.015625,1.050048828125,93.369140625,0.265380859375,0.300537109375,48828.195095062256,5925.78125,0.20383572936605004,1.000159697258632,5.546888971945465e-5,295.6248780199113,0.20383572936605004,1.000159697258632,1.000159697258632
226489.2578125,1.5140380859375,161.8505859375,0.2264892578125,0.20729980468750003,68311.13517284393,5298.828125,0.26164675280318517,0.9998912906852704,5.371890994940422e-5,311.5824353764353,0.26164675280318517,0.9998912906852704,0.9998912906852704
226708.984375,1.277099609375,392.529296875,0.163134765625,0.3687988281250001,80434.730052948,5136.71875,0.3644716550856256,0.9992623801646396,3.813128665990399e-5,305.11325864842524,0.3644716550856256,0.9992623801646396,0.9992623801646396
226782.2265625,1.1815185546875,293.6669921875,0.34748535156250004,0.12556152343750002,32980.528712272644,5509.765625,0.25800616900102247,0.9995765566113697,3.8669311159429486e-5,361.98542048566554,0.25800616900102247,0.9995765566113697,0.9995765566113697
227001.953125,0.900634765625,196.298828125,0.11948242187500001,0.33745117187500007,65806.49709701538,2628.90625,0.2553960058743147,0.9997149941332057,3.769047797456159e-5,317.25426057506513,0.2553960058743147,0.9997149941332057,0.9997149941332057
227294.921875,0.524169921875,255.068359375,0.378173828125,0.32485351562500003,11453.616619110107,6152.34375,0.21126310664383963,1.0003187169908325,2.562489269955265e-5,331.20241508012276,0.21126310664383963,1.0003187169908325,1.0003187169908325
227368.1640625,1.9344482421875,324.8779296875,0.11369628906250001,0.19294433593750002,113553.27308177948,6525.390625,0.4105421475775888,0.9979544066353827,5.378794540717502e-5,263.7520209851854,0.4105421475775888,0.9979544066353827,0.9979544066353827
227587.890625,1.653564453125,78.759765625,0.33452148437500007,0.268896484375,28918.275356292725,9644.53125,0.21196680728493966,1.0005470581626954,7.15476203437901e-5,278.45900128964166,0.21196680728493966,1.0005470581626954,1.0005470581626954
227661.1328125,0.8050537109375,181.7724609375,0.15500488281250002,0.21315917968750003,99270.36368846893,9017.578125,0.23490543754815657,1.0004422081279514,3.6356374573349973e-5,245.05722299452177,0.23490543754815657,1.0004422081279514,1.0004422081279514
227880.859375,1.224365234375,144.169921875,0.29555664062500003,0.24106445312500002,40875.49543380737,6980.46875,0.23046899891802775,1.000180588046347,4.955070364478232e-5,304.5761893273792,0.23046899891802775,1.000180588046347,1.000180588046347
227954.1015625,1.3162841796875,202.0263671875,0.1752197265625,0.26032714843750004,74537.85979747772,6353.515625,0.2815148758118167,1.0000203709026987,4.61485672635741e-5,282.7662471310958,0.2815148758118167,1.0000203709026987,1.0000203709026987
228173.828125,1.597900390625,277.314453125,0.254248046875,0.202685546875,56416.261196136475,9472.65625,0.3043410311510128,1.0000131353587411,4.8392570463593905e-5,288.7151597118569,0.3043410311510128,1.0000131353587411,1.0000131353587411
228247.0703125,0.9427490234375,386.9677734375,0.21887207031250003,0.2957763671875,62773.831248283386,9845.703125,0.30532772359825244,1.0001585886554019,3.0676287791825055e-5,272.90335385831236,0.30532772359825244,1.0001585886554019,1.0001585886554019
228466.796875,1.971435546875,176.708984375,0.24809570312500004,0.140869140625,107310.01615524292,5996.09375,0.2796666597106819,0.9997728603804488,6.232288059668729e-5,316.65292065265515,0.2796666597106819,0.9997728603804488,0.9997728603804488
228540.0390625,0.5692138671875,63.2373046875,0.2789306640625,0.34645996093750003,17572.632670402527,5369.140625,0.17127369947126994,1.0004594289142688,5.853372940630697e-5,284.84605166943277,0.17127369947126994,1.0004594289142688,1.0004594289142688
228759.765625,0.850830078125,329.775390625,0.20678710937500003,0.115380859375,91815.8049583435,2488.28125,0.26959518489096523,0.9993878085341678,3.034125785926765e-5,366.639963490358,0.26959518489096523,0.9993878085341678,0.9993878085341678
228833.0078125,1.6898193359375,270.7568359375,0.32258300781250004,0.39714355468750007,30505.005717277527,2861.328125,0.3076992711332109,0.9991148565068572,5.101243512318774e-5,449.4014648177601,0.3076992711332109,0.9991148565068572,0.9991148565068572
229052.734375,0.773193359375,214.560546875,0.27797851562500003,0.28676757812500003,64305.35078048706,3574.21875,0.22945139077443766,0.9997585899987683,3.369970325639546e-5,356.889000571487,0.22945139077443766,0.9997585899987683,0.9997585899987683
229125.9765625,1.8026123046875,105.0732421875,0.23264160156250002,0.23103027343750002,58526.671290397644,3197.265625,0.24119105998487678,0.9995841282175784,6.858056476879344e-5,351.33225839150964,0.24119105998487678,0.9995841282175784,0.9995841282175784
229345.703125,1.896728515625,368.955078125,0.309326171875,0.306982421875,80054.3303489685,4066.40625,0.3379202898718566,0.9979288842784612,5.233355624337922e-5,415.341221424235,0.3379202898718566,0.9979288842784612,0.9979288842784612
229418.9453125,0.6790771484375,311.2646484375,0.19895019531250002,0.17507324218750003,44630.80298900604,4689.453125,0.252312835075541,0.9998821822962198,2.7007333838247537e-5,308.35968446574503,0.252312835075541,0.9998821822962198,0.9998821822962198
229638.671875,1.520263671875,98.349609375,0.19301757812500003,0.331884765625,29597.140789031982,8589.84375,0.23462534326652662,1.0003317634216413,6.374725629844107e-5,261.1936933326396,0.23462534326652662,1.0003317634216413,1.0003317634216413
229711.9140625,1.0555419921875,157.5341796875,0.29885253906250003,0.1624755859375,88898.15986156464,8212.890625,0.22362510704327127,1.000183810292133,4.4420934875461324e-5,288.3948009927144,0.22362510704327127,1.000183810292133,1.000183810292133
229931.640625,1.149658203125,230.166015625,0.22436523437500003,0.374365234375,14404.222011566162,7082.03125,0.2776012301379205,1.0000865375163275,4.086138909578244e-5,296.2783290653879,0.2776012301379205,1.0000865375163275,1.0000865375163275
230004.8828125,1.4261474609375,343.8037109375,0.26516113281250003,0.1311279296875,102611.90116405487,7705.078125,0.30026566932284493,0.9997235570673586,4.2705486705419475e-5,310.53388563787854,0.30026566932284493,0.9997235570673586,0.9997235570673586
230224.609375,1.728271484375,295.576171875,0.105712890625,0.102783203125,54661.32307052612,8292.96875,0.37464543011220236,0.9992895442197368,5.057353970374529e-5,245.18016146745862,0.37464543011220236,0.9992895442197368,0.9992895442197368
230297.8515625,0.6951904296875,364.0576171875,0.36506347656250004,0.3845458984375001,73729.50255870819,8916.015625,0.2535312776348044,1.0001177222285837,2.5726270187419978e-5,321.344471732343,0.2535312776348044,1.0001177222285837,1.0001177222285837
230517.578125,0.601806640625,120.595703125,0.139404296875,0.153466796875,40058.73250961304,7785.15625,0.19545994849110748,1.0006923072039853,4.029727661470481e-5,245.90210898286594,0.19545994849110748,1.0006923072039853,1.0006923072039853
230590.8203125,1.8216552734375,219.6240234375,0.3337158203125,0.35905761718750007,88297.26874828339,7408.203125,0.2902785800914276,0.9998210355014313,5.621877182707908e-5,344.92885452323196,0.2902785800914276,0.9998210355014313,0.9998210355014313
230810.546875,0.975341796875,349.365234375,0.358251953125,0.204150390625,95098.69718551636,3308.59375,0.25637197863115124,0.9994545402971631,3.266139234420773e-5,428.2744195561623,0.25637197863115124,0.9994545402971631,0.9994545402971631
230883.7890625,1.4481201171875,246.5185546875,0.16877441406250002,0.2972412109375,19041.062235832214,3931.640625,0.3127189157764298,0.9994245610636284,4.682675359483546e-5,321.4008429010673,0.3127189157764298,0.9994245610636284,0.9994245610636284
231103.515625,1.354736328125,151.806640625,0.391943359375,0.23959960937500002,109657.29665756226,4800.78125,0.22571054528194756,0.9998846365963846,5.191568174372683e-5,378.04239040375813,0.22571054528194756,0.9998846365963846,0.9998846365963846
231176.7578125,1.0687255859375,82.1630859375,0.13742675781250002,0.25886230468750004,5048.043131828308,4423.828125,0.20450407352736671,0.9998378605732441,6.032721633180216e-5,285.9287107486272,0.20450407352736671,0.9998378605732441,0.9998378605732441
231396.484375,0.784912109375,355.341796875,0.37407226562500007,0.23286132812500002,81177.5279045105,7761.71875,0.2451252075228967,0.9999926054052324,2.8064921290320872e-5,335.22006262055515,0.2451252075228967,0.9999926054052324,0.9999926054052324
231469.7265625,1.6268310546875,245.8544921875,0.1177978515625,0.25212402343750007,46825.682520866394,7384.765625,0.3413381508114942,0.9996782639859053,5.058135209444151e-5,258.60382503959727,0.3413381508114942,0.9996782639859053,0.9996782639859053
231689.453125,1.908447265625,148.486328125,0.33979492187500004,0.21088867187500002,67880.65481185913,8253.90625,0.25046213619521696,1.0001092342659386,6.380672079848017e-5,318.5984419722011,0.25046213619521696,1.0001092342659386,1.0001092342659386
231982.421875,1.531982421875,302.880859375,0.157861328125,0.151416015625,11999.728679656982,4777.34375,0.3354466643301024,0.9994033674534244,4.641654546612887e-5,303.31106464247114,0.3354466643301024,0.9994033674534244,0.9994033674534244
232055.6640625,0.8797607421875,362.0654296875,0.3527587890625,0.35700683593750004,103682.31666088104,4400.390625,0.2672616819612206,0.9996951164795234,3.0198430957102403e-5,397.17754399790994,0.2672616819612206,0.9996951164795234,0.9996951164795234
232275.390625,1.161376953125,115.947265625,0.12358398437500001,0.10483398437500001,25920.3200340271,3269.53125,0.22758525337890945,0.999657739661491,5.3574692892513336e-5,302.3538366046234,0.22758525337890945,0.999657739661491,0.999657739661491
232348.6328125,1.2503662109375,229.5849609375,0.38469238281250007,0.3865966796875,88295.769572258,3892.578125,0.25739022748544577,0.9996582039276989,4.34631800392105e-5,422.05109131321103,0.25739022748544577,0.9996582039276989,0.9996582039276989
232568.359375,1.716552734375,96.357421875,0.24399414062500002,0.37700195312500007,37901.49641036987,4105.46875,0.23570695120755694,0.9998672162236633,6.925519624540861e-5,336.40696191920233,0.23570695120755694,0.9998672162236633,0.9998672162236633
232641.6015625,0.8709716796875,164.8388671875,0.28303222656250004,0.13376464843750002,87632.64739513397,4728.515625,0.21587789183781958,0.9997251959366722,4.024031807251334e-5,326.5345109906513,0.21587789183781958,0.9997251959366722,0.9997251959366722
232861.328125,0.590087890625,240.126953125,0.21206054687500003,0.32924804687500003,52466.248989105225,3597.65625,0.2265865241963325,0.9998277148581223,2.836783674409285e-5,330.82848878638197,0.2265865241963325,0.9998277148581223,0.9998277148581223
232934.5703125,1.9974365234375,339.1552734375,0.31730957031250007,0.1598388671875,73087.42988109589,3220.703125,0.3074699371766407,0.9984895026625416,5.5656347033611175e-5,440.48764648745987,0.3074699371766407,0.9984895026625416,0.9984895026625416
233154.296875,0.963623046875,213.896484375,0.290283203125,0.314306640625,111286.0598564148,7121.09375,0.2433335895485317,1.0001258744356238,3.798392516657836e-5,310.51818666500776,0.2433335895485317,1.0001258744356238,1.0001258744356238
233227.5390625,1.6239013671875,111.0498046875,0.18049316406250002,0.18239746093750003,8036.515116691589,7744.140625,0.24356771026924348,1.0001819347578216,6.367842482584212e-5,266.2885012172838,0.24356771026924348,1.0001819347578216,1.0001819347578216
233447.265625,1.343017578125,377.587890625,0.25834960937500007,0.27944335937500003,96611.30666732788,8613.28125,0.3211306750030214,0.9997861051894972,4.013366666470512e-5,307.6198810355162,0.3211306750030214,0.9997861051894972,0.9997861051894972
233520.5078125,1.2445068359375,307.9443359375,0.2147705078125,0.22370605468750004,23259.04929637909,8236.328125,0.30250490335426994,0.9999469219042398,3.9820788968355804e-5,286.44729135177613,0.30250490335426994,0.9999469219042398,0.9999469219042398
233740.234375,1.406005859375,166.748046875,0.18891601562500002,0.11333007812500001,69925.92573165894,9449.21875,0.2599322567871832,1.0001873115834476,5.12211667734883e-5,257.26420328495254,0.2599322567871832,1.0001873115834476,1.0001873115834476
233813.4765625,1.1229248046875,67.8857421875,0.3029541015625,0.39509277343750004,51312.27004528046,9822.265625,0.1928980321305984,1.0008637836870233,6.680349048997191e-5,261.7666849459716,0.1928980321305984,1.0008637836870233,1.0008637836870233
234033.203125,1.029541015625,331.767578125,0.22963867187500003,0.14291992187500002,84284.28030014038,6941.40625,0.28389107935388935,0.9996662302261954,3.435034493010547e-5,299.9676143523636,0.28389107935388935,0.9996662302261954,0.9996662302261954
234106.4453125,1.4993896484375,263.4521484375,0.2598876953125,0.34851074218750006,34404.682993888855,6314.453125,0.3034124253552004,0.9996902652775036,4.7268991670751086e-5,330.7547499284907,0.3034124253552004,0.9996902652775036,0.9996902652775036
234326.171875,0.653076171875,135.537109375,0.272705078125,0.19594726562500003,23354.709148406982,2464.84375,0.1944932902409617,0.9997820044069757,3.987387454843737e-5,365.9020451436744,0.1944932902409617,0.9997820044069757,0.9997820044069757
234399.4140625,1.8758544921875,205.3466796875,0.23791503906250003,0.2890380859375,101871.42646312714,2837.890625,0.2996601674020691,0.9992735679917221,5.882122859746971e-5,389.5864765436788,0.2996601674020691,0.9992735679917221,0.9992735679917221
234619.140625,1.782470703125,277.978515625,0.31342773437500004,0.24780273437500003,11774.766445159912,5957.03125,0.2971397634383569,0.9995592075415722,5.29817177838585e-5,363.0320737793806,0.2971397634383569,0.9995592075415722,0.9995592075415722
234692.3828125,0.7464599609375,380.9912109375,0.19484863281250003,0.2670654296875,116662.49930858612,5330.078125,0.28078323307536224,0.999823553523795,2.680859567041195e-5,307.33293844321554,0.28078323307536224,0.999823553523795,0.999823553523795
234912.109375,1.095458984375,258.388671875,0.3541503906250001,0.276220703125,54288.978099823,2667.96875,0.2506031736112008,0.9995277725398086,3.8788632149380526e-5,446.21263074959796,0.2506031736112008,0.9995277725398086,0.9995277725398086
234985.3515625,1.3748779296875,316.2451171875,0.17287597656250003,0.22048339843750003,59851.4050245285,2041.015625,0.3248561126344529,0.9988685496797723,4.278105819479641e-5,379.4753581214124,0.3248561126344529,0.9988685496797723,0.9988685496797723
235205.078125,1.468994140625,72.783203125,0.397216796875,0.31752929687500003,40682.72542953491,5160.15625,0.19819963318216563,1.0003565164293096,7.2409227378285e-5,344.3742281994186,0.19819963318216563,1.0003565164293096,1.0003565164293096
235278.3203125,1.0013427734375,182.4365234375,0.13215332031250002,0.18562011718750002,77323.7122297287,5533.203125,0.2503810812127343,0.9998858293984493,4.14771588404149e-5,275.4362108932322,0.2503810812127343,0.9998858293984493,0.9998858293984493
235498.046875,1.842529296875,397.177734375,0.10043945312500001,0.340087890625,96484.19523239136,9683.59375,0.45547989752709606,0.9958795097407569,5.020429159424827e-5,247.58211108747835,0.45547989752709606,0.9958795097407569,0.9958795097407569
235571.2890625,0.6278076171875,283.7060546875,0.3703369140625,0.17067871093750003,35681.443095207214,9056.640625,0.217232992291035,1.0002331754076155,2.6982487856246933e-5,302.2704599907151,0.217232992291035,1.0002331754076155,1.0002331754076155
235791.015625,0.721923828125,188.994140625,0.14350585937500002,0.36616210937500004,110203.866481781,6175.78125,0.2310876882142316,1.0001229585882314,3.483700249602433e-5,272.77616570322067,0.2310876882142316,1.0001229585882314,1.0001229585882314
235864.2578125,1.7484130859375,129.9755859375,0.32961425781250003,0.12292480468750001,19356.819987297058,6548.828125,0.23186515894559512,1.0000033982850522,6.347671307402139e-5,327.79556315995393,0.23186515894559512,1.0000033982850522,1.0000033982850522
236083.984375,1.980224609375,233.154296875,0.285009765625,0.30317382812500004,32124.610424041748,6886.71875,0.30587396783191795,0.999704563140056,5.93461153777964e-5,337.8943920394355,0.30587396783191795,0.999704563140056,0.999704563140056
236157.2265625,0.5721435546875,346.7919921875,0.24436035156250002,0.20993652343750002,94136.93130016327,6259.765625,0.2406560586679669,1.000077530504295,2.377432552583339e-5,303.94697671290305,0.2406560586679669,1.000077530504295,1.000077530504295
236376.953125,0.853759765625,100.673828125,0.31635742187500004,0.25307617187500003,20376.74856185913,9378.90625,0.19315361330850972,1.0007171921719813,5.054188106163412e-5,268.21235339074724,0.19315361330850972,1.0007171921719813,1.0007171921719813
236450.1953125,1.6986083984375,159.8583984375,0.21066894531250002,0.23366699218750003,109300.42731761932,9751.953125,0.27277287382523707,1.0001896848316219,5.841860728852327e-5,268.37999775609677,0.27277287382523707,1.0001896848316219,1.0001896848316219
236669.921875,1.227294921875,371.943359375,0.18129882812500003,0.390478515625,64149.90568161011,5902.34375,0.34318114243150516,0.9995542175884339,3.7897906820372665e-5,308.32613064363403,0.34318114243150516,0.9995542175884339,0.9995542175884339
236743.1640625,1.3250732421875,314.2529296875,0.29182128906250004,0.10856933593750001,58151.17347240448,5275.390625,0.2751815348497675,0.9996802070270817,4.173876855661389e-5,353.77572298269746,0.2751815348497675,0.9996802070270817,0.9996802070270817
236962.890625,1.606689453125,216.884765625,0.21264648437500003,0.353271484375,78293.15328598022,2394.53125,0.2999898236467095,0.9991815927755665,5.242202019874564e-5,389.972098044067,0.2999898236467095,0.9991815927755665,0.9991815927755665
237036.1328125,0.9456787109375,107.3974609375,0.25812988281250004,0.14753417968750002,40946.02286815643,2767.578125,0.19963067521836547,0.9996588134197356,5.171075046796685e-5,355.7489378387401,0.19963067521836547,0.9996588134197356,0.9996588134197356
237255.859375,0.521240234375,154.794921875,0.117431640625,0.15668945312500002,101407.90510177612,5230.46875,0.20040907877470765,1.000066064868903,3.431248377664065e-5,270.6799157189564,0.20040907877470765,1.000066064868903,1.000066064868903
237329.1015625,1.9256591796875,85.1513671875,0.3720947265625001,0.32595214843750003,24235.400080680847,5603.515625,0.21979835685762278,1.0000553280309494,7.712301743762886e-5,350.56113481351736,0.21979835685762278,1.0000553280309494,1.0000553280309494
237548.828125,1.644775390625,351.689453125,0.151123046875,0.13706054687500002,116451.11227035522,2722.65625,0.361234572664099,0.9984880692187094,4.766455185932154e-5,346.7534370028233,0.361234572664099,0.9984880692187094,0.9984880692187094
237622.0703125,0.8021240234375,248.8427734375,0.34074707031250007,0.3801513671875001,6626.400828361511,2095.703125,0.23626095291745616,0.9994537787289116,3.296471934008177e-5,451.2604493119586,0.23626095291745616,0.9994537787289116,0.9994537787289116
237841.796875,1.268310546875,123.583984375,0.3512207031250001,0.22524414062500003,51855.18217086792,6246.09375,0.2147029248001154,1.000025633717105,5.476718977840624e-5,329.1701358195458,0.2147029248001154,1.000025633717105,1.000025633717105
237915.0390625,1.1785888671875,222.6123046875,0.15705566406250002,0.28083496093750004,71866.45591259003,6619.140625,0.2809370582902259,0.9999513465644225,4.25084401898977e-5,279.18040336563587,0.2809370582902259,0.9999513465644225,0.9999513465644225
238134.765625,0.897705078125,297.900390625,0.3849121093750001,0.18100585937500002,38938.973903656006,9738.28125,0.23582681123480806,1.0001614978408702,3.258970247468577e-5,315.4407582652579,0.23582681123480806,1.0001614978408702,1.0001614978408702
238208.0078125,1.5491943359375,366.3818359375,0.12570800781250002,0.31276855468750003,87926.88071727753,9111.328125,0.39122180810237267,0.9993386171823202,4.4905724315781227e-5,258.7543440181761,0.39122180810237267,0.9993386171823202,0.9993386171823202
238427.734375,1.007568359375,76.435546875,0.174853515625,0.352392578125,10111.01484298706,8324.21875,0.19698695663021004,1.0004204271687394,6.191050090966751e-5,253.82273739044211,0.19698695663021004,1.0004204271687394,1.0004204271687394
238500.9765625,1.4744873046875,179.4482421875,0.3545166015625001,0.1466552734375,115453.42910289764,8947.265625,0.2375742428992112,1.0002025124867029,5.201030438933616e-5,313.54974365209137,0.2375742428992112,1.0002025124867029,1.0002025124867029
238720.703125,1.381103515625,252.080078125,0.13120117187500002,0.391357421875,25190.682888031006,7816.40625,0.32354052517542214,0.99985237084131,4.534555598130281e-5,266.1459847686517,0.32354052517542214,0.99985237084131,0.99985237084131
238793.9453125,1.1009521484375,321.8896484375,0.39582519531250004,0.1094482421875,100564.27466869354,7439.453125,0.2433865630377837,0.9998282222769843,3.648629675756831e-5,353.62222630425435,0.2433865630377837,0.9998282222769843,0.9998282222769843
239013.671875,1.754638671875,193.974609375,0.37114257812500007,0.26625976562500003,88026.03483200073,3339.84375,0.25760808793444406,0.9994588114582517,5.7328823320162586e-5,440.35685838086647,0.25760808793444406,0.9994588114582517,0.9994588114582517
239086.9140625,0.7274169921875,125.6591796875,0.10197753906250001,0.24685058593750003,37231.80854320526,3962.890625,0.20683993839425302,0.9997824296717522,4.345593550562016e-5,287.2353513953295,0.20683993839425302,0.9997824296717522,0.9997824296717522
239306.640625,0.634033203125,389.541015625,0.327490234375,0.28999023437500004,73623.88753890991,4832.03125,0.24667737650579158,0.9995751711808791,2.427686257944759e-5,366.084749798809,0.24667737650579158,0.9995751711808791,0.9995751711808791
239379.8828125,1.8480224609375,290.6787109375,0.14328613281250002,0.19675292968750002,52366.448283195496,4455.078125,0.3607891257196312,0.9990352124497742,5.4065091727651745e-5,308.3401148962069,0.3607891257196312,0.9990352124497742,0.9990352124497742
239599.609375,1.493896484375,327.451171875,0.302587890625,0.18715820312500003,108503.36408615112,3542.96875,0.2899562188751341,0.9992124600828918,4.528883381896699e-5,411.1343566646543,0.2899562188751341,0.9992124600828918,0.9992124600828918
239672.8515625,1.0233154296875,268.4326171875,0.1869384765625,0.31892089843750004,12366.343379020691,3166.015625,0.2794289501126365,0.9993982507120587,3.698321652690166e-5,346.6150467985229,0.2794289501126365,0.9993982507120587,0.9993982507120587
239892.578125,1.117431640625,173.720703125,0.26127929687500007,0.21909179687500002,93175.79793930054,4035.15625,0.23565127612261036,0.9997550324668794,4.534323126855615e-5,347.1793634868936,0.23565127612261036,0.9997550324668794,0.9997550324668794
239965.8203125,1.3997802734375,60.2490234375,0.23059082031250003,0.27468261718750003,29857.327342033386,4658.203125,0.19588353099882444,1.0000040588747978,7.836578076138645e-5,306.4990857573801,0.19588353099882444,1.0000040588747978,1.0000040588747978
240185.546875,0.740966796875,274.990234375,0.23637695312500004,0.119775390625,47606.44865036011,8558.59375,0.23933036275814984,1.0001967264916996,3.014754178614346e-5,277.7199243145586,0.23933036275814984,1.0001967264916996,1.0001967264916996
240258.7890625,1.7762451171875,384.6435546875,0.27189941406250007,0.36286621093750004,82822.58689403534,8181.640625,0.35747740061837047,0.9984788396821048,4.957646947958259e-5,333.5678658104945,0.35747740061837047,0.9984788396821048,0.9984788396821048
240478.515625,1.870361328125,141.181640625,0.195068359375,0.17397460937500003,61157.968044281006,7050.78125,0.2679839440471169,0.9998595777138044,6.490343305028091e-5,286.4904427209277,0.2679839440471169,0.9998595777138044,0.9998595777138044
240551.7578125,0.6468505859375,199.0380859375,0.3155517578125,0.3432373046875,68125.95450878143,7673.828125,0.21240420821328976,1.0004366059022367,3.265548340989783e-5,300.2833927357034,0.21240420821328976,1.0004366059022367,1.0004366059022367
240771.484375,1.581787109375,132.216796875,0.12094726562500001,0.260986328125,115954.56647872925,5511.71875,0.2638354712269803,0.9998764965772823,6.0282212323472745e-5,277.03771824078615,0.2638354712269803,0.9998764965772823,0.9998764965772823
240844.7265625,0.9237060546875,192.7294921875,0.3896728515625001,0.24274902343750002,7470.915675163269,5134.765625,0.21698743980910323,0.9998835308045776,3.9411218772912e-5,366.54427050380724,0.21698743980910323,0.9998835308045776,0.9998835308045776
241064.453125,1.205322265625,286.611328125,0.161669921875,0.295263671875,101028.29885482788,2003.90625,0.30539000683859724,0.999020836127821,4.038761988807771e-5,372.9165123573055,0.30539000683859724,0.999020836127821,0.999020836127821
241357.421875,0.828857421875,186.005859375,0.33598632812500007,0.34829101562500003,38911.10563278198,6527.34375,0.220077953873663,1.0001660374276589,3.788126022447492e-5,325.79180566271435,0.220077953873663,1.0001660374276589,1.0001660374276589
241430.6640625,1.6766357421875,75.1904296875,0.1558837890625,0.1413818359375,90144.16968822479,6150.390625,0.2190835696446465,0.999950934062704,7.628607791777913e-5,273.942637373457,0.2190835696446465,0.999950934062704,0.999950934062704
241650.390625,1.958251953125,317.822265625,0.376708984375,0.39545898437500004,55914.5827293396,9019.53125,0.3181055218598735,0.9994257408049806,5.5606216451290006e-5,367.30653073969194,0.3181055218598735,0.9994257408049806,0.9994257408049806
241723.6328125,0.5472412109375,261.4599609375,0.1128173828125,0.11472167968750001,75869.07279491425,9642.578125,0.23250411710120708,1.0003915125928269,2.646725710122152e-5,236.1730968988877,0.23250411710120708,1.0003915125928269,1.0003915125928269
241943.359375,0.919677734375,383.232421875,0.25336914062500004,0.12387695312500001,15813.544750213623,6355.46875,0.2735473926486869,0.9997697355205122,3.094830736260458e-5,319.71795571891175,0.2735473926486869,0.9997697355205122,0.9997697355205122
242016.6015625,1.5740966796875,281.7138671875,0.21740722656250003,0.3681396484375,109510.66863536835,6978.515625,0.3253621230390714,0.9997175379242647,4.857420442579396e-5,313.3286160055732,0.3253621230390714,0.9997175379242647,0.9997175379242647
242236.328125,1.293212890625,208.251953125,0.29643554687500007,0.16987304687500002,33699.098110198975,9847.65625,0.24974397377893254,1.0001569766249154,4.606001067846762e-5,292.0685804968107,0.24974397377893254,1.0001569766249154,1.0001569766249154
242309.5703125,1.2005615234375,137.2802734375,0.1766845703125,0.33796386718750004,95824.09369945526,9470.703125,0.23993409824374393,1.0004566029714963,5.126883418285873e-5,258.2807966173245,0.23993409824374393,1.0004566029714963,1.0004566029714963
242529.296875,1.666748046875,267.021484375,0.20590820312500002,0.192431640625,83067.3098564148,5371.09375,0.3133132780525021,0.9994372477636991,5.133459667796679e-5,322.99071789155477,0.3133132780525021,0.9994372477636991,0.9994372477636991
242602.5390625,0.8270263671875,334.1748046875,0.32111816406250004,0.32302246093750003,45940.62888622284,5994.140625,0.2567716469756123,0.9998690807704603,3.019963484306726e-5,350.4999619018396,0.2567716469756123,0.9998690807704603,0.9998690807704603
242822.265625,0.546142578125,69.462890625,0.24897460937500002,0.21381835937500002,66015.48147201538,2863.28125,0.17082924794783486,0.9999852233725441,5.809897836592913e-5,329.6691856381528,0.17082924794783486,0.9999852233725441,0.9999852233725441
242895.5078125,1.9476318359375,169.8193359375,0.2803955078125,0.27058105468750004,59846.87888622284,2486.328125,0.2723432085344652,0.9992987483008562,6.394062924154845e-5,424.24647922534956,0.2723432085344652,0.9992987483008562,0.9992987483008562
243115.234375,0.609130859375,304.873046875,0.310791015625,0.38520507812500004,95724.50971603394,3199.21875,0.23388875212689705,0.9997942524654087,2.6450679404683875e-5,392.14174996050764,0.23388875212689705,0.9997942524654087,0.9997942524654087
243188.4765625,1.8260498046875,376.0107421875,0.1998291015625,0.10446777343750001,30859.084010124207,3572.265625,0.3515609980676256,0.9978033761910231,5.111177472910886e-5,360.6231440193093,0.3515609980676256,0.9978033761910231,0.9978033761910231
243408.203125,1.732666015625,108.642578125,0.27651367187500003,0.3585449218750001,112505.34963607788,4691.40625,0.2374832048104669,0.999919271827016,6.815536589707655e-5,344.4701856601467,0.2374832048104669,0.999919271827016,0.999919271827016
243481.4453125,0.7025146484375,210.3271484375,0.23176269531250002,0.1516357421875,15527.546763420105,4064.453125,0.2194860588988671,0.9998814647297477,3.345497696972131e-5,328.77103207239475,0.2194860588988671,0.9998814647297477,0.9998814647297477
243701.171875,1.356201171875,337.412109375,0.22583007812500003,0.299072265625,60871.24967575073,8214.84375,0.31916777391450385,0.9997859386703042,4.191560515327891e-5,303.11123181275536,0.31916777391450385,0.9997859386703042,0.9997859386703042
243774.4140625,1.0789794921875,237.2216796875,0.26604003906250007,0.20466308593750002,67754.69672679901,8587.890625,0.2531203229194959,1.000137941460912,3.974542340282295e-5,295.160847107984,0.2531203229194959,1.000137941460912,1.000137941460912
243994.140625,0.985595703125,161.103515625,0.19155273437500003,0.257177734375,45822.31283187866,7707.03125,0.23274832213399674,1.0000891383745367,4.3871036038529874e-5,274.4946076961912,0.23274832213399674,1.0000891383745367,1.0000891383745367
244067.3828125,1.4495849609375,94.1162109375,0.2979736328125,0.23894042968750004,81816.765666008,7080.078125,0.21226183701633608,1.0002858077726746,6.580961753435408e-5,302.73573256957616,0.21226183701633608,1.0002858077726746,1.0002858077726746
244287.109375,1.892333984375,226.513671875,0.13852539062500002,0.22934570312500002,27991.614818572998,8917.96875,0.335530384867143,0.9997295674136892,5.814175462039996e-5,262.99850872476543,0.335530384867143,0.9997295674136892,0.9997295674136892
244360.3515625,0.6717529296875,114.3701171875,0.3322509765625,0.2861083984375,104468.40941905975,8291.015625,0.1900125173191699,1.000070331287658,4.4695367947454675e-5,280.7190986596506,0.1900125173191699,1.000070331287658,1.000070331287658
244580.078125,0.765869140625,359.658203125,0.106591796875,0.17690429687500003,11392.808437347412,7410.15625,0.2906148107981438,0.9999487857451056,2.8107248435227628e-5,256.8134429089069,0.2906148107981438,0.9999487857451056,0.9999487857451056
244653.3203125,1.7982177734375,299.3115234375,0.36652832031250004,0.3074951171875,120508.95392894745,7783.203125,0.29406299418314247,0.9996883964890289,5.300955273824929e-5,369.50256315609465,0.29406299418314247,0.9996883964890289,0.9996883964890289
244873.046875,1.139404296875,89.052734375,0.39106445312500004,0.16196289062500002,73195.31583786011,3933.59375,0.18999313164226925,0.9998697481637405,6.175808110656904e-5,363.3467870007777,0.18999313164226925,0.9998697481637405,0.9998697481637405
244946.2890625,1.4246826171875,145.5810546875,0.13596191406250002,0.3300537109375,51107.07175731659,3306.640625,0.26059240699343345,0.9995839173193131,5.5707156881956855e-5,318.53852672567524,0.26059240699343345,0.9995839173193131,0.9995839173193131
245166.015625,1.518798828125,242.119140625,0.359130859375,0.13178710937500002,88601.26638412476,4425.78125,0.2510336853603071,0.9996993994412136,4.9520664150993045e-5,401.9287485497246,0.2510336853603071,0.9996993994412136,0.9996993994412136
245239.2578125,1.0452880859375,353.1005859375,0.17023925781250002,0.37604980468750004,36756.56974315643,4798.828125,0.3151348833398252,0.9995495075122262,3.472125955629738e-5,317.8865585055971,0.3151348833398252,0.9995495075122262,0.9995495075122262
245458.984375,1.183349609375,201.279296875,0.21938476562500003,0.20004882812500002,49901.771068573,4636.71875,0.25398187762410956,0.9998246888486501,4.477118110228136e-5,327.2806734192507,0.25398187762410956,0.9998246888486501,0.9998246888486501
245532.2265625,1.2752685546875,144.9169921875,0.25373535156250004,0.2943115234375,71361.0829114914,4009.765625,0.2351240967050198,0.9997859538275611,5.2649047200958796e-5,347.76518266295204,0.2351240967050198,0.9997859538275611,0.9997859538275611
245751.953125,1.556884765625,387.548828125,0.17573242187500002,0.24370117187500004,33942.72756576538,3128.90625,0.36170119612690516,0.998430955269498,4.515385498731682e-5,359.9941929248029,0.36170119612690516,0.998430955269498,0.998430955269498
246044.921875,1.930419921875,63.818359375,0.32192382812500003,0.11860351562500002,107080.20353317261,7652.34375,0.20135040929989034,1.0002517698053004,8.699930716748596e-5,295.53438463017517,0.20135040929989034,1.0002517698053004,1.0002517698053004
246118.1640625,0.5281982421875,176.1279296875,0.2074462890625,0.3991943359375001,28640.06507396698,7025.390625,0.20300111846250954,1.0004203952954505,3.266490341425401e-5,278.7230920528997,0.20300111846250954,1.0004203952954505,1.0004203952954505
246337.890625,0.809814453125,270.009765625,0.27827148437500004,0.13764648437500002,122888.12398910522,8144.53125,0.23774016282323135,0.9999362043919975,3.2293965729401874e-5,297.485819301028,0.23774016282323135,0.9999362043919975,0.9999362043919975
246411.1328125,1.6488037109375,330.5224609375,0.24875488281250002,0.34440917968750007,14089.577555656433,8517.578125,0.334797344763099,0.999635826176329,4.865792304837307e-5,317.23644390697774,0.334797344763099,0.999635826176329,0.999635826176329
246630.859375,1.318115234375,292.919921875,0.3893066406250001,0.334814453125,65906.98957443237,7480.46875,0.2685473237845136,0.9999760728211881,4.273289734483801e-5,370.08831401809755,0.2685473237845136,0.9999760728211881,0.9999760728211881
246704.1015625,1.2225341796875,393.2763671875,0.11896972656250002,0.16657714843750002,59371.05071544647,7853.515625,0.35269780888451846,0.9995756442303063,3.7597469046800206e-5,264.2511210046298,0.35269780888451846,0.9995756442303063,0.9995756442303063
246923.828125,0.941650390625,128.564453125,0.347998046875,0.371435546875,81814.21041488647,8972.65625,0.20715991893318017,1.0004700431212754,4.784547528406459e-5,295.503524026641,0.20715991893318017,1.0004700431212754,1.0004700431212754
246997.0703125,1.5989990234375,195.7177734375,0.16262207031250003,0.12702636718750002,45202.481150627136,8345.703125,0.28651003953416815,1.0000478391449121,5.4095936405833594e-5,269.3899025645942,0.28651003953416815,1.0000478391449121,1.0000478391449121
247216.796875,0.565185546875,325.458984375,0.154345703125,0.27211914062500003,34099.68900680542,4496.09375,0.248860284570811,0.9996781420281583,2.48617217265327e-5,303.3799250458739,0.248860284570811,0.9996781420281583,0.9996781420281583
247290.0390625,1.9754638671875,254.4873046875,0.3351806640625,0.21520996093750003,99837.64731884003,4869.140625,0.2842966709826108,0.9994682653779882,5.9035397873172105e-5,399.78982228622493,0.2842966709826108,0.9994682653779882,0.9994682653779882
247509.765625,1.694580078125,181.025390625,0.113037109375,0.321630859375,17263.192653656006,3988.28125,0.30334229115599365,0.999429802901485,5.7733049955933695e-5,301.09035920696925,0.30334229115599365,0.999429802901485,0.999429802901485
247583.0078125,0.8460693359375,79.5068359375,0.37883300781250007,0.19089355468750002,116000.00083446503,3361.328125,0.17893063665682782,1.0000291201312692,6.004411328881411e-5,357.2284872688194,0.17893063665682782,1.0000291201312692,1.0000291201312692
247802.734375,1.804443359375,363.310546875,0.334228515625,0.155517578125,45915.33613204956,2074.21875,0.2943690696552729,0.9985779037838753,5.152268072359241e-5,514.0786554986332,0.2943690696552729,0.9985779037838753,0.9985779037838753
247875.9765625,0.7713623046875,296.3232421875,0.13889160156250002,0.3622802734375,85665.46523571014,2697.265625,0.2684365463920816,0.9994066101400444,3.066579984426142e-5,336.6163870113971,0.2684365463920816,0.9994066101400444,0.9994066101400444
248095.703125,0.677978515625,220.205078125,0.365576171875,0.100732421875,64749.276638031006,5566.40625,0.20378696539933494,1.0000553543222808,3.2462498902887713e-5,340.7288279763842,0.20378696539933494,1.0000553543222808,1.0000553543222808
248168.9453125,1.8978271484375,120.0146484375,0.10520019531250001,0.3813232421875,70645.57349681854,5189.453125,0.27479698979022565,0.9996783338512636,6.979429375114605e-5,281.529661120695,0.27479698979022565,0.9996783338512636,0.9996783338512636
248388.671875,1.051513671875,247.099609375,0.136767578125,0.23813476562500002,110986.54508590698,9089.84375,0.2792405250873558,1.000127943104403,3.884565479622914e-5,257.1761689900598,0.2792405250873558,1.000127943104403,1.000127943104403
248461.9140625,1.5242919921875,348.7841796875,0.3926025390625001,0.2562255859375,17625.149607658386,9712.890625,0.278815168264701,0.9998571955531326,4.555381018274388e-5,353.84385611399944,0.278815168264701,0.9998571955531326,0.9998571955531326
248681.640625,1.430908203125,81.416015625,0.16811523437500003,0.205615234375,95533.61654281616,6582.03125,0.21298049626258783,1.00015679622912,7.036068199882255e-5,275.3082071094506,0.21298049626258783,1.00015679622912,1.00015679622912
248754.8828125,1.1448974609375,152.5537109375,0.3589111328125001,0.29987792968750004,29487.57255077362,6205.078125,0.2207105513760709,1.0000257423815846,4.899003353133885e-5,342.85759856851666,0.2207105513760709,1.0000257423815846,1.0000257423815846
248974.609375,0.697021484375,104.326171875,0.199462890625,0.30903320312500004,95421.69904708862,9792.96875,0.19156435905652802,1.0008881112135877,4.8064711064383385e-5,249.21779778301524,0.19156435905652802,1.0008881112135877,1.0008881112135877
249047.8515625,1.7264404296875,215.3076171875,0.3088134765625,0.17829589843750002,43672.98400402069,9416.015625,0.2673073350748746,1.0000350227583825,5.560458699914064e-5,312.71117642840596,0.2673073350748746,1.0000350227583825,1.0000350227583825
249267.578125,1.820556640625,311.845703125,0.23315429687500003,0.28471679687500007,78808.36629867554,6285.15625,0.33553868212657545,0.9992668204976115,5.3215626892633586e-5,335.74733392293683,0.33553868212657545,0.9992668204976115,0.9992668204976115
249340.8203125,0.6029052734375,368.3740234375,0.2774658203125,0.22780761718750003,58400.418162345886,6908.203125,0.24081689161042052,1.0000637021037782,2.444922587585798e-5,315.3592163624442,0.24081689161042052,1.0000637021037782,1.0000637021037782
249560.546875,1.444091796875,158.115234375,0.264501953125,0.372900390625,3582.8280448913574,2808.59375,0.25100591252534893,0.999455468246228,5.503175496486554e-5,394.57796454492444,0.25100591252534893,0.999455468246228,0.999455468246228
249633.7890625,0.9793701171875,97.7685546875,0.2250244140625,0.12849121093750002,118452.62229442596,2431.640625,0.19690518258866185,0.9996430018172068,5.6758196535058174e-5,357.34265793168504,0.19690518258866185,0.9996430018172068,0.9996430018172068
249853.515625,1.073486328125,343.056640625,0.298193359375,0.333349609375,21363.839626312256,5300.78125,0.28121088843662767,0.9996489079468344,3.58450822582684e-5,367.3830966477096,0.28121088843662767,0.9996489079468344,0.9996489079468344
249926.7578125,1.3499755859375,230.9130859375,0.19367675781250002,0.16511230468750002,103311.89811229706,5923.828125,0.27831525110859,0.9999044756410933,4.665669035164709e-5,305.81209214554104,0.27831525110859,0.9999044756410933,0.9999044756410933
250146.484375,0.691162109375,206.591796875,0.355322265625,0.13911132812500002,78501.7466545105,3261.71875,0.20503255332162473,0.9996368760937062,3.4058209470367346e-5,388.08545765135784,0.20503255332162473,0.9996368760937062,0.9996368760937062
250219.7265625,1.7205810546875,139.6044921875,0.17404785156250002,0.34587402343750007,55588.927149772644,3884.765625,0.26677482859432555,0.9996610657230999,6.330663049145705e-5,328.5975306190736,0.26677482859432555,0.9996610657230999,0.9996610657230999
250439.453125,1.814697265625,382.236328125,0.39604492187500007,0.11713867187500002,94103.31106185913,4753.90625,0.27232074285875685,0.9991424663287939,5.141785679175923e-5,443.2196097706973,0.27232074285875685,0.9991424663287939,0.9991424663287939
250732.421875,1.438232421875,69.130859375,0.10161132812500001,0.24516601562500004,23199.313640594482,8277.34375,0.21081168476357373,0.9998427657844001,7.571648273137144e-5,246.36546359340213,0.21081168476357373,0.9998427657844001,0.9998427657844001
250805.6640625,0.9735107421875,170.8154296875,0.37150878906250007,0.26325683593750004,105236.76002025604,8900.390625,0.21540531317077063,1.0005047124028352,4.313555153729658e-5,310.8976526050181,0.21540531317077063,1.0005047124028352,1.0005047124028352
251025.390625,1.067626953125,264.697265625,0.142333984375,0.19858398437500002,9321.8092918396,7769.53125,0.2830795483608992,0.9999655401315987,3.85628552421906e-5,269.8769920482931,0.2830795483608992,0.9999655401315987,0.9999655401315987
251098.6328125,1.3441162109375,335.8349609375,0.32844238281250004,0.2928466796875,118366.4482831955,7392.578125,0.2866809959677231,0.9998397149594522,4.210525245312023e-5,354.6024599759267,0.2866809959677231,0.9998397149594522,0.9998397149594522
251318.359375,1.810302734375,287.607421875,0.187744140625,0.32075195312500004,65817.75617599487,8605.46875,0.3462181150057793,0.9996610718056692,5.385893251759535e-5,293.5001206918463,0.3462181150057793,0.9996610718056692,0.9996610718056692
251391.6015625,0.7772216796875,398.5888671875,0.30178222656250003,0.19001464843750002,73472.18596935272,8228.515625,0.25635701404229105,0.9999654399227144,2.769098769542848e-5,317.81852407937043,0.25635701404229105,0.9999654399227144,0.9999654399227144
251611.328125,0.683837890625,133.876953125,0.23081054687500002,0.27299804687500007,51091.493129730225,7097.65625,0.19898744761008907,0.9999409635157965,4.2197075798249665e-5,281.3765788083635,0.19898744761008907,0.9999409635157965,0.9999409635157965
251684.5703125,1.9036865234375,190.4052734375,0.26105957031250004,0.21608886718750003,87977.62763500214,7720.703125,0.2784574486865818,0.9998645982826001,6.156229515823344e-5,315.959453765535,0.2784574486865818,0.9998645982826001,0.9998645982826001
251904.296875,1.057373046875,320.146484375,0.27153320312500007,0.37055664062500004,97101.6116142273,3621.09375,0.28130811951401274,0.9994531268880114,3.636960674708268e-5,390.0785126792631,0.28130811951401274,0.9994531268880114,0.9994531268880114
251977.5390625,1.5301513671875,259.7998046875,0.23674316406250004,0.1261474609375,26588.39499950409,3244.140625,0.28351208023172003,0.9993286862707668,4.9348730933134645e-5,379.695201991029,0.28351208023172003,0.9993286862707668,0.9993286862707668
252197.265625,1.436767578125,186.337890625,0.31459960937500003,0.335693359375,111029.15334701538,4113.28125,0.2532099088305134,0.9997168347680809,5.209652084282051e-5,387.25578687778636,0.2532099088305134,0.9997168347680809,0.9997168347680809
252270.5078125,1.1507568359375,74.1943359375,0.19602050781250002,0.16745605468750002,13953.87351512909,4736.328125,0.1946435202360532,0.9998705433948396,6.884060793380235e-5,300.08840270625814,0.1946435202360532,0.9998705433948396,0.9998705433948396
252490.234375,1.312255859375,357.998046875,0.24516601562500004,0.207080078125,81192.89350509644,5949.21875,0.3027140132354911,0.9995809574679008,4.086838332884702e-5,338.6546098267046,0.3027140132354911,0.9995809574679008,0.9995809574679008
252563.4765625,1.2166748046875,301.6357421875,0.28420410156250003,0.30134277343750004,44628.18801403046,5322.265625,0.28024104409114614,0.9998365222542729,4.0557062957066004e-5,360.95654942591756,0.28024104409114614,0.9998365222542729,0.9998365222542729
252783.203125,0.935791015625,225.517578125,0.21088867187500002,0.23666992187500002,66292.70315170288,2441.40625,0.24495428378874382,0.9994695225097493,3.8286168226772626e-5,376.0154141819839,0.24495428378874382,0.9994695225097493,0.9994695225097493
252856.4453125,1.5931396484375,114.7021484375,0.3161376953125,0.2547607421875,57348.164439201355,2814.453125,0.22372988162805404,0.9996083116648938,6.543932650698155e-5,404.83714719193136,0.22372988162805404,0.9996083116648938,0.9996083116648938
253076.171875,0.559326171875,241.787109375,0.29145507812500004,0.102197265625,21269.259929656982,6964.84375,0.2061879962453639,1.0002019730605163,2.8706872571631607e-5,301.46867942440167,0.2061879962453639,1.0002019730605163,1.0002019730605163
253149.4140625,1.9696044921875,354.0966796875,0.18166503906250003,0.3827880859375,117973.78242015839,6337.890625,0.39584058246838894,0.9971596236878784,5.490797993892087e-5,321.4795282086642,0.39584058246838894,0.9971596236878784,0.9971596236878784
253369.140625,1.688720703125,86.728515625,0.257177734375,0.154052734375,37561.87582015991,9457.03125,0.21594477023948816,1.0002328435612136,7.392102546104625e-5,274.3244072661116,0.21594477023948816,1.0002328435612136,1.0002328435612136
253442.3828125,0.8402099609375,147.2412109375,0.21359863281250002,0.3608154296875,104090.66092967987,9830.078125,0.21680646050529678,1.000167820785565,4.3318485521480585e-5,264.0115412409854,0.21680646050529678,1.000167820785565,1.000167820785565
253662.109375,1.189208984375,109.638671875,0.372900390625,0.33247070312500004,37806.6782951355,6167.96875,0.20568992012689374,1.000173437420682,5.800376032444424e-5,337.18475688124795,0.20568992012689374,1.000173437420682,1.000173437420682
253735.3515625,1.2811279296875,209.9951171875,0.11662597656250001,0.1642333984375,89353.724360466,6541.015625,0.2813399124101551,0.9998658517278265,4.6724976790777734e-5,271.95792194013507,0.2813399124101551,0.9998658517278265,0.9998658517278265
253955.078125,1.562744140625,306.533203125,0.34096679687500003,0.373779296875,54055.16195297241,9660.15625,0.29809377717786883,0.999874766150349,4.794778115224173e-5,342.0047326677925,0.29809377717786883,0.999874766150349,0.999874766150349
254028.3203125,0.9075927734375,373.6865234375,0.1509033203125,0.12937011718750002,77212.1399641037,9033.203125,0.29536341400863003,1.0001577605223082,3.129448897628103e-5,265.53034258427556,0.29536341400863003,1.0001577605223082,1.0001577605223082
254248.046875,1.936279296875,163.427734375,0.15668945312500002,0.28383789062500003,125992.74015426636,5183.59375,0.2928319342481771,0.9996552556150018,6.518023567653391e-5,306.5255611409508,0.2928319342481771,0.9996552556150018,0.9996552556150018
254321.2890625,0.5340576171875,92.4560546875,0.3515869140625001,0.22692871093750003,12533.432841300964,5556.640625,0.17708574884303518,0.9999977337824254,4.9750212407912456e-5,301.71690799294873,0.17708574884303518,0.9999977337824254,0.9999977337824254
254541.015625,0.815673828125,337.744140625,0.12475585937500001,0.309912109375,110905.282497406,2675.78125,0.2850133169010952,0.9993418183382189,3.05169913223932e-5,334.06104490713966,0.2850133169010952,0.9993418183382189,0.9993418183382189
254614.2578125,1.6546630859375,236.2255859375,0.3858642578125,0.17917480468750002,24280.953288078308,2048.828125,0.2506337152220789,0.9993177608043546,5.3575112647692994e-5,520.8901991899589,0.2506337152220789,0.9993177608043546,0.9993177608043546
254833.984375,1.886474609375,126.904296875,0.30375976562500007,0.39692382812500004,7331.763744354248,2386.71875,0.24941491490488765,0.9994574890450112,6.944851623517538e-5,434.3957019667223,0.24941491490488765,0.9994574890450112,0.9994574890450112
254907.2265625,0.6658935546875,198.0419921875,0.1881103515625,0.11618652343750001,124135.34438610077,2759.765625,0.21394612647366307,0.9996857782521741,3.4616045943495484e-5,344.4653663279223,0.21394612647366307,0.9996857782521741,0.9996857782521741
255126.953125,0.760009765625,291.923828125,0.260107421875,0.34682617187500003,25783.36477279663,5878.90625,0.24740602643988424,0.9998955372216173,3.084488767309358e-5,329.4633198705791,0.24740602643988424,0.9998955372216173,0.9998955372216173
255200.1953125,1.7923583984375,393.6083984375,0.2294189453125,0.1399169921875,109887.09723949432,5251.953125,0.34035312095014286,0.9980708828219111,5.040684045162606e-5,351.91755407573606,0.34035312095014286,0.9980708828219111,0.9980708828219111
255419.921875,1.133544921875,180.693359375,0.23754882812500003,0.296728515625,92876.22404098511,9402.34375,0.2431505517612904,1.0002697280696,4.5927132259066176e-5,283.3854313445738,0.2431505517612904,1.0002697280696,1.0002697280696
255493.1640625,1.4188232421875,80.5029296875,0.2730712890625,0.2023193359375,42810.78040599823,9775.390625,0.20309585990723555,1.0005233023500533,7.115348325115706e-5,270.8029143687525,0.20309585990723555,1.0005233023500533,1.0005233023500533
255712.890625,1.512939453125,323.134765625,0.193896484375,0.259521484375,78420.35055160522,6894.53125,0.3282677233423914,0.9995014346483675,4.641647714165039e-5,310.56106539399036,0.3282677233423914,0.9995014346483675,0.9995014346483675
255786.1328125,1.0394287109375,256.1474609375,0.31437988281250007,0.24128417968750002,53985.39054393768,6267.578125,0.24956935694815013,0.9993953776385358,3.872753486842232e-5,344.99029261623076,0.24956935694815013,0.9993953776385358,0.9993953776385358
256005.859375,0.614990234375,388.544921875,0.17368164062500002,0.212939453125,117434.63850021362,9730.46875,0.2623437458109387,0.9999894805331186,2.436485419834616e-5,265.2462436764851,0.2623437458109387,0.9999894805331186,0.9999894805331186
256079.1015625,1.8319091796875,276.4013671875,0.35334472656250004,0.26970214843750007,21270.068049430847,9103.515625,0.28541209207281787,0.9997658963393692,5.520255398875557e-5,349.8173880861902,0.28541209207281787,0.9997658963393692,0.9997658963393692
256298.828125,1.738525390625,202.939453125,0.132373046875,0.19331054687500002,102847.23043441772,6222.65625,0.30579997686718435,0.9997114273893097,5.743699829332761e-5,285.5599461778403,0.30579997686718435,0.9997114273893097,0.9997114273893097
256372.0703125,0.7083740234375,142.5927734375,0.3969970703125001,0.32390136718750007,34113.82758617401,6595.703125,0.1932655959883463,1.0003519185749166,4.188237187298788e-5,326.1271612985316,0.1932655959883463,1.0003519185749166,1.0003519185749166
256591.796875,1.362060546875,272.333984375,0.369970703125,0.168994140625,45719.92826461792,2746.09375,0.2496827970587471,0.9993901387794903,4.534757157491165e-5,469.66686420601513,0.2496827970587471,0.9993901387794903,0.9993901387794903
256665.0390625,1.0848388671875,328.8623046875,0.10080566406250001,0.33708496093750007,83313.53843212128,2119.140625,0.31968962713056415,0.9989897313213931,3.697376283708977e-5,338.95485867605197,0.31968962713056415,0.9989897313213931,0.9989897313213931
256884.765625,0.991455078125,64.150390625,0.32866210937500007,0.12475585937500001,61245.614528656006,5238.28125,0.1787724570620916,0.9998297548671657,7.192173187016723e-5,309.81913541596964,0.1787724570620916,0.9998297548671657,0.9998297548671657
256958.0078125,1.4554443359375,175.1318359375,0.1444580078125,0.3690185546875,70614.80796337128,5611.328125,0.27610942235181024,0.9998726314090138,5.385155197661071e-5,296.6075068348975,0.27610942235181024,0.9998726314090138,0.9998726314090138
257177.734375,0.913818359375,310.185546875,0.11860351562500002,0.258642578125,30024.34492111206,4824.21875,0.28719257678529714,0.9996466167761874,3.371282372849632e-5,294.69719499515725,0.28719257678529714,0.9996466167761874,0.9996466167761874
257250.9765625,1.5682373046875,370.6982421875,0.3732666015625,0.24040527343750004,101067.3817396164,4447.265625,0.2841416729833318,0.9991944652895548,4.6494744668452206e-5,442.20750545311506,0.2841416729833318,0.9991944652895548,0.9991944652895548
257470.703125,1.287353515625,103.330078125,0.149951171875,0.297607421875,15013.192653656006,3316.40625,0.22096640184701088,0.9997334388275657,6.244534802857001e-5,323.0500666343501,0.22096640184701088,0.9997334388275657,0.9997334388275657
257543.9453125,1.1947021484375,215.6396484375,0.3395751953125,0.20319824218750002,115575.56617259979,3939.453125,0.23675393387804847,0.9996879824657797,4.4906555700182674e-5,396.8287356344454,0.23675393387804847,0.9996879824657797,0.9996879824657797
257763.671875,1.660888671875,342.724609375,0.352392578125,0.3600097656250001,73384.55533981323,7839.84375,0.30613044876821444,0.9995790665857737,4.9168470371209594e-5,375.2759364737124,0.30613044876821444,0.9995790665857737,0.9995790665857737
257836.9140625,0.8211669921875,231.9091796875,0.1582275390625,0.1531005859375,65195.79780101776,7462.890625,0.2424321716280404,1.0001801135071258,3.536249327101866e-5,274.33716436277575,0.2424321716280404,1.0001801135071258,1.0001801135071258
258056.640625,0.540283203125,155.791015625,0.38374023437500004,0.38374023437500004,88187.24203109741,8332.03125,0.1890804606006823,1.0005931705987352,3.636944382086913e-5,298.8413259337029,0.1890804606006823,1.0005931705987352,1.0005931705987352
258129.8828125,1.9417724609375,99.4287109375,0.1245361328125,0.10300292968750001,51386.467814445496,8955.078125,0.24827989274734735,0.9999015470395415,7.602215364033167e-5,253.7056639242973,0.24827989274734735,0.9999015470395415,0.9999015470395415
258349.609375,1.587646484375,221.201171875,0.28383789062500003,0.130908203125,109674.26252365112,7042.96875,0.26559713050022604,0.9995724145128124,5.298282108431881e-5,330.30800796513785,0.26559713050022604,0.9995724145128124,0.9995724145128124
258422.8515625,0.9295654296875,119.6826171875,0.24318847656250003,0.37517089843750007,24847.36144542694,7666.015625,0.20704183678775853,1.000344724116101,5.080854732360128e-5,287.696981999076,0.20704183678775853,1.000344724116101,1.000344724116101
258642.578125,1.211181640625,364.970703125,0.31752929687500003,0.162841796875,124072.28231430054,8535.15625,0.2725781107975528,0.9999453969703741,3.8608859235153744e-5,333.6363889901984,0.2725781107975528,0.9999453969703741,0.9999453969703741
258715.8203125,1.3060302734375,293.9990234375,0.2118408203125,0.3309326171875,11916.104197502136,8158.203125,0.30247557001440295,0.9998584169603387,4.30186788719568e-5,303.5180687675571,0.30247557001440295,0.9998584169603387,0.9998584169603387
258935.546875,0.834716796875,83.740234375,0.18012695312500002,0.176025390625,55802.12736129761,4058.59375,0.18740015023138967,1.0000353531898925,5.97989365469437e-5,307.16549150043073,0.18740015023138967,1.0000353531898925,1.0000353531898925
259008.7890625,1.6824951171875,150.8935546875,0.2906494140625,0.3066162109375,80105.54587841034,4681.640625,0.24938824982815597,0.9997197477107602,6.177948072225494e-5,365.14405227998276,0.24938824982815597,0.9997197477107602,0.9997197477107602
259228.515625,1.964111328125,247.431640625,0.21381835937500002,0.23022460937500003,40175.668239593506,3550.78125,0.31518702780834074,0.9990915402126184,5.9850557823796294e-5,373.23530530627363,0.31518702780834074,0.9990915402126184,0.9990915402126184
259301.7578125,0.5531005859375,347.7880859375,0.25930175781250003,0.2869873046875,94789.40665721893,3173.828125,0.232982967407063,0.9995055917460979,2.4510677304711747e-5,375.5685279812747,0.232982967407063,0.9995055917460979,0.9995055917460979
259521.484375,1.488037109375,238.466796875,0.139697265625,0.354736328125,102462.50104904175,9011.71875,0.3125164370407955,0.9999347214792281,4.9669972865264465e-5,271.71862392816354,0.3125164370407955,0.9999347214792281,0.9999347214792281
259594.7265625,1.0174560546875,341.4794921875,0.33342285156250007,0.14899902343750002,34600.18813610077,9634.765625,0.2524952945633212,1.0000610963593428,3.4915967599368474e-5,319.45402880286014,0.2524952945633212,1.0000610963593428,1.0000610963593428
259814.453125,1.111572265625,95.361328125,0.105419921875,0.389013671875,117313.82131576538,6503.90625,0.21209383653311165,1.0000534685483145,6.1027629637616456e-5,268.04819382829794,0.21209383653311165,1.0000534685483145,1.0000534685483145
260107.421875,0.735107421875,377.255859375,0.3922363281250001,0.25454101562500003,62352.26774215698,2027.34375,0.23737507279986383,0.9992288430368222,2.784111498455851e-5,505.0171985921835,0.23737507279986383,0.9992288430368222,0.9992288430368222
260180.6640625,1.7703857421875,308.9404296875,0.1371337890625,0.23513183593750003,72188.54224681854,2650.390625,0.358194849199203,0.9985797451193109,5.2811060430875805e-5,353.146233025213,0.358194849199203,0.9985797451193109,0.9985797451193109
260400.390625,1.864501953125,211.572265625,0.35795898437500007,0.30170898437500004,50022.2487449646,5519.53125,0.26841051004525135,0.9997043968584725,5.994537455763371e-5,395.6238061157534,0.26841051004525135,0.9997043968584725,0.9997043968584725
260473.6328125,0.6409912109375,112.7099609375,0.1690673828125,0.20847167968750002,87449.4560956955,5142.578125,0.188961070475727,1.0000503266348724,4.695064149196389e-5,290.10412169214726,0.188961070475727,1.0000503266348724,1.0000503266348724
260693.359375,1.013427734375,149.482421875,0.30961914062500007,0.18012695312500002,21344.184398651123,2855.46875,0.2104812244348956,0.9996428018227518,4.810730246233153e-5,391.6219961369461,0.2104812244348956,0.9996428018227518,0.9996428018227518
260766.6015625,1.4803466796875,90.4638671875,0.1986572265625,0.3118896484375,109492.60222911835,2478.515625,0.21684794879007985,0.9997174375222393,7.077150410394553e-5,362.2691522152045,0.21684794879007985,0.9997174375222393,0.9997174375222393
260986.328125,1.386962890625,357.001953125,0.277685546875,0.226123046875,8708.497524261475,5347.65625,0.29666545692428303,0.9994864348858425,4.29579406095674e-5,369.41797475645967,0.29666545692428303,0.9994864348858425,0.9994864348858425
261059.5703125,1.1068115234375,243.5302734375,0.23293457031250003,0.2817138671875,125633.78608226776,5970.703125,0.2611304553515855,0.9999302433158515,4.128268619687642e-5,324.8991174830253,0.2611304553515855,0.9999302433158515,0.9999302433158515
261279.296875,1.760498046875,118.271484375,0.224658203125,0.13618164062500002,83287.5247001648,9871.09375,0.23828485722545237,1.000285207446414,6.84120767350543e-5,275.05015202398454,0.23828485722545237,1.000285207446414,1.000285207446414
261352.5390625,0.7332763671875,227.9248046875,0.2648681640625,0.3792724609375,59049.82078075409,9494.140625,0.22839826248871375,1.0004218836734484,3.38203041064246e-5,289.1552483021678,0.22839826248871375,1.0004218836734484,1.0004218836734484
261572.265625,0.639892578125,303.212890625,0.19272460937500002,0.15756835937500002,95974.46584701538,6363.28125,0.23751225153215455,1.0000639960117104,2.8011533480604127e-5,296.50798238577175,0.23751225153215455,1.0000639960117104,1.0000639960117104
261645.5078125,1.8538818359375,361.0693359375,0.29914550781250004,0.32683105468750007,43478.16550731659,6986.328125,0.33135045719152767,0.9988160089770672,5.287212310719525e-5,369.94608370291985,0.33135045719152767,0.9988160089770672,0.9988160089770672
261865.234375,0.515380859375,71.123046875,0.25454101562500003,0.29145507812500004,127141.74604415894,7699.21875,0.16924793651248274,1.0008163148387321,5.928444817092162e-5,265.10480839721123,0.16924793651248274,1.0008163148387321,1.0008163148387321
261938.4765625,1.9197998046875,184.7607421875,0.21857910156250002,0.19821777343750002,12486.708521842957,7072.265625,0.2829844244618058,0.9997729307731393,6.325958525359904e-5,311.8095159450882,0.2829844244618058,0.9997729307731393,0.9997729307731393
262158.203125,1.638916015625,257.392578125,0.295263671875,0.26479492187500003,113738.01565170288,8191.40625,0.28357930954942995,0.9998712182440364,5.22348083206043e-5,334.8846420408513,0.28357930954942995,0.9998712182440364,0.9998712182440364
262231.4453125,0.7962646484375,316.5771484375,0.17551269531250002,0.24538574218750003,28161.885142326355,8564.453125,0.2705649383755514,1.000234019761801,3.0929267307117455e-5,278.30486267989255,0.2705649383755514,1.000234019761801,1.000234019761801
262451.171875,1.262451171875,188.662109375,0.207080078125,0.392822265625,39616.48893356323,4714.84375,0.2595524365457862,0.9997986449870628,4.8900195741087174e-5,334.1142545872414,0.2595524365457862,0.9997986449870628,0.9997986449870628
262524.4140625,1.1727294921875,130.9716796875,0.32229003906250003,0.1109130859375,94345.63910961151,4087.890625,0.20796643357015548,0.9997991833966342,5.454748945512512e-5,362.19055803647336,0.20796643357015548,0.9997991833966342,0.9997991833966342
262744.140625,0.891845703125,394.853515625,0.24780273437500003,0.350927734375,53959.88607406616,3207.03125,0.28401765683818125,0.9993552857399949,3.100590111491452e-5,394.4545927107386,0.28401765683818125,0.9993552857399949,0.9993552857399949
262817.3828125,1.5433349609375,285.3662109375,0.27922363281250007,0.1451904296875,78698.113322258,3580.078125,0.2784094153550835,0.9996538345597583,4.9107493872691376e-5,401.5481409052741,0.2784094153550835,0.9996538345597583,0.9996538345597583
263037.109375,1.986083984375,332.763671875,0.119775390625,0.173095703125,17885.169506072998,4417.96875,0.3926639889690842,0.9973899630135041,5.636191046365595e-5,311.32266525511324,0.3926639889690842,0.9973899630135041,0.9973899630135041
263110.3515625,0.5780029296875,263.1201171875,0.38850097656250004,0.34235839843750004,119763.880610466,4791.015625,0.21012959572940532,0.9999280121641885,2.8673417410296724e-5,375.2340946835297,0.21012959572940532,0.9999280121641885,0.9999280121641885
263330.078125,0.859619140625,168.408203125,0.162841796875,0.12065429687500001,32293.199062347412,3910.15625,0.2203550846451435,0.9997382369760378,4.246784170822109e-5,316.1388754933414,0.2203550846451435,0.9997382369760378,0.9997382369760378
263403.3203125,1.7044677734375,65.5615234375,0.34777832031250006,0.3637451171875,105585.3089094162,3283.203125,0.1993376492377113,1.00002397096312,8.623683327535893e-5,382.82365484958746,0.1993376492377113,1.00002397096312,1.00002397096312
263623.046875,1.233154296875,280.302734375,0.334814453125,0.21821289062500002,87902.71329879761,7433.59375,0.2561028754930968,0.9998596106864786,4.229209542318819e-5,348.77877502256,0.2561028754930968,0.9998596106864786,0.9998596106864786
263696.2890625,1.3309326171875,379.3310546875,0.1547119140625,0.2738037109375,49809.95261669159,7806.640625,0.349389349822566,0.9992393696873066,4.1014418524436364e-5,291.66908503083505,0.349389349822566,0.9992393696873066,0.9992393696873066
263916.015625,1.612548828125,135.869140625,0.37788085937500004,0.188037109375,73505.68532943726,8925.78125,0.22171881506093746,1.0002141254011205,6.262350359670169e-5,325.4258982114293,0.22171881506093746,1.0002141254011205,1.0002141254011205
263989.2578125,0.9515380859375,204.3505859375,0.11398925781250001,0.3197998046875,65043.06876659393,8298.828125,0.25318985500986924,0.9999581308640372,4.059005487073592e-5,262.1987645714333,0.25318985500986924,0.9999581308640372,0.9999581308640372
264208.984375,1.089599609375,350.029296875,0.20063476562500002,0.10629882812500001,47905.677318573,8136.71875,0.2865469620145124,0.9998975356941292,3.6543760723342764e-5,294.8313509107821,0.2865469620145124,0.9998975356941292,0.9998975356941292
264282.2265625,1.3690185546875,251.1669921875,0.30998535156250007,0.3880615234375,86352.84316539764,8509.765625,0.27496906662302434,0.999939117996693,4.67093085636948e-5,336.0358225230245,0.27496906662302434,0.999939117996693,0.999939117996693
264501.953125,1.463134765625,153.798828125,0.23198242187500004,0.149951171875,63063.82131576538,7628.90625,0.24126474552412264,1.0001020807017198,5.700237741886328e-5,299.26481893327144,0.24126474552412264,1.0001020807017198,1.0001020807017198
264794.921875,1.836669921875,297.568359375,0.26567382812500007,0.21235351562500002,122615.72599411011,3152.34375,0.30586204620430785,0.9989165404442332,5.50824994255152e-5,420.0744390575101,0.30586204620430785,0.9989165404442332,0.9989165404442332
264868.1640625,0.6219482421875,367.3779296875,0.22619628906250003,0.30544433593750003,19481.61780834198,3525.390625,0.2502650491773407,0.9993826272178418,2.5709765758296437e-5,361.2372990299489,0.2502650491773407,0.9993826272178418,0.9993826272178418
265087.890625,0.716064453125,121.259765625,0.29702148437500003,0.23139648437500002,108250.55074691772,4644.53125,0.18910424092480216,1.0000233877831886,4.7204539325750825e-5,328.3613545347103,0.18910424092480216,1.0000233877831886,1.0000233877831886
265161.1328125,1.7425537109375,224.2724609375,0.1925048828125,0.25065917968750007,34369.24064159393,4017.578125,0.29886035794417964,0.9993372131519728,5.68153694350102e-5,349.39457540196645,0.29886035794417964,0.9993372131519728,0.9993372131519728
265380.859375,1.411865234375,101.669921875,0.33305664062500007,0.278564453125,93034.18684005737,3980.46875,0.2109039208397255,0.9994830529381793,6.644001286202074e-5,370.95329676856153,0.2109039208397255,0.9994830529381793,0.9994830529381793
265454.1015625,1.1287841796875,159.5263671875,0.1377197265625,0.2228271484375,36802.38616466522,3353.515625,0.24043437066110207,0.9995377772462577,4.9582688122466134e-5,323.3878330208568,0.24043437066110207,0.9995377772462577,0.9995377772462577
265673.828125,1.035400390625,234.814453125,0.36674804687500007,0.315185546875,78119.14205551147,4472.65625,0.2353125738805639,0.9996669458587008,4.062551931677155e-5,399.44553295042346,0.2353125738805639,0.9996669458587008,0.9996669458587008
265747.0703125,1.5052490234375,344.4677734375,0.10637207031250001,0.1832763671875,53825.100779533386,4845.703125,0.3591480360553343,0.9990830871325889,4.598525020170482e-5,298.2378262403264,0.3591480360553343,0.9990830871325889,0.9990830871325889
265966.796875,0.658935546875,219.208984375,0.13559570312500002,0.328369140625,16563.67826461792,8996.09375,0.2276226200725071,1.000533285423023,3.3129826725005654e-5,260.3186144657779,0.2276226200725071,1.000533285423023,1.000533285423023
266040.0390625,1.8817138671875,105.7373046875,0.39143066406250004,0.1589599609375,131407.10532665253,8369.140625,0.21355617910351637,1.0001918858251397,7.450616628074209e-5,330.302100047636,0.21355617910351637,1.0001918858251397,1.0001918858251397
266259.765625,1.788330078125,372.275390625,0.16928710937500002,0.37788085937500004,29266.976833343506,7488.28125,0.3881501233383978,0.9981138505733267,5.10265709417375e-5,310.31512625592717,0.3881501233383978,0.9981138505733267,0.9981138505733267
266333.0078125,0.7523193359375,313.2568359375,0.3600830078125,0.1346435546875,117228.02817821503,7861.328125,0.22557207196017384,0.99985707878689,3.031765509671131e-5,333.5368944176228,0.22557207196017384,0.99985707878689,0.99985707878689
266552.734375,1.710693359375,172.060546875,0.390478515625,0.24926757812500003,60088.55390548706,6574.21875,0.2387069654921558,0.9999765681911096,6.04534683145138e-5,375.8144161927157,0.2387069654921558,0.9999765681911096,0.9999765681911096
266625.9765625,0.8651123046875,62.5732421875,0.1201416015625,0.2685302734375,85241.14882946014,6197.265625,0.1823797491055067,1.0001750563625107,7.221814896629299e-5,269.5580774007649,0.1823797491055067,1.0001750563625107,1.0001750563625107
266845.703125,0.584228515625,326.455078125,0.34682617187500003,0.19448242187500003,47867.074489593506,9066.40625,0.21840064420062416,1.000359202731877,2.601883352485347e-5,312.4525327437141,0.21840064420062416,1.000359202731877,1.000359202731877
266918.9453125,1.9915771484375,268.7646484375,0.16145019531250002,0.2875732421875,101036.32056713104,9689.453125,0.35049881942583666,0.9996504930253388,5.9346640898912815e-5,284.04188078147865,0.35049881942583666,0.9996504930253388,0.9996504930253388
267138.671875,0.957763671875,140.849609375,0.155517578125,0.14438476562500002,110885.47086715698,5589.84375,0.217042042385099,0.9999196156170694,4.865339060310074e-5,291.2128170649603,0.217042042385099,0.9999196156170694,0.9999196156170694
267211.9140625,1.6180419921875,200.0341796875,0.33635253906250007,0.34997558593750006,22108.364939689636,5212.890625,0.2608423303928085,0.9997312796289203,5.5974569142309294e-5,388.30247555806284,0.2608423303928085,0.9997312796289203,0.9997312796289203
267431.640625,1.337158203125,272.666015625,0.11186523437500001,0.11186523437500001,126195.72591781616,2082.03125,0.305613191266236,0.9991273186704854,4.5399867433808935e-5,348.2845059188026,0.305613191266236,0.9991273186704854,0.9991273186704854
267504.8828125,1.2386474609375,386.3037109375,0.3776611328125,0.39362792968750004,3952.8435468673706,2705.078125,0.2861791225012646,0.9989694572652966,3.922404205348231e-5,509.01346711009364,0.2861791225012646,0.9989694572652966,0.9989694572652966
267724.609375,0.790771484375,253.076171875,0.21821289062500002,0.36528320312500007,77173.77424240112,5292.96875,0.24458824856787306,0.9997317783218415,3.4181802864210115e-5,326.1524901708781,0.24458824856787306,0.9997317783218415,0.9997317783218415
267797.8515625,1.6326904296875,321.5576171875,0.2525634765625,0.12204589843750001,68001.47521495819,5916.015625,0.29728274450272363,0.9995002330311658,4.9796561926763295e-5,350.121403543778,0.29728274450272363,0.9995002330311658,0.9995002330311658
268017.578125,1.914306640625,78.095703125,0.17690429687500003,0.34096679687500003,91399.55282211304,2785.15625,0.22435651756764818,0.9995777210043036,8.510415521166185e-5,351.0762860881361,0.22435651756764818,0.9995777210043036,0.9995777210043036
268090.8203125,0.5091552734375,177.1240234375,0.29621582031250004,0.1715576171875,51740.017771720886,2408.203125,0.18858579681112195,0.9997805838507619,3.444207443062844e-5,381.940092624217,0.18858579681112195,0.9997805838507619,0.9997805838507619
268310.546875,1.537841796875,391.865234375,0.32075195312500004,0.316650390625,31091.372966766357,6308.59375,0.31016487334017384,0.9992416821545261,4.558530905205371e-5,388.8366564728393,0.31016487334017384,0.9992416821545261,0.9992416821545261
268383.7890625,0.8856201171875,289.0185546875,0.20627441406250002,0.1847412109375,103712.81516551971,6931.640625,0.25661673162848114,0.9997855702987705,3.443577050970686e-5,303.9060499376796,0.25661673162848114,0.9997855702987705,0.9997855702987705
268603.515625,1.167236328125,194.306640625,0.27944335937500003,0.277099609375,18737.130641937256,9800.78125,0.24041146228015833,1.000277422679587,4.645458099698231e-5,299.0400804822924,0.24041146228015833,1.000277422679587,1.000277422679587
268676.7578125,1.2562255859375,124.6630859375,0.24992675781250004,0.2213623046875,119425.48453807831,9423.828125,0.21878947676337696,1.0003860356529777,5.762492775056697e-5,282.84719336762765,0.21878947676337696,1.0003860356529777,1.0003860356529777
268896.484375,1.722412109375,397.841796875,0.261572265625,0.270361328125,42949.2564201355,2761.71875,0.33541550419122396,0.9978816072262803,4.940520123553851e-5,444.85604866097293,0.33541550419122396,0.9978816072262803,0.9978816072262803
268969.7265625,0.6893310546875,288.3544921875,0.23029785156250002,0.21462402343750003,100008.5438489914,2384.765625,0.2331924845584667,0.9993799796524983,3.0345463064687423e-5,389.9382488007499,0.2331924845584667,0.9993799796524983,0.9993799796524983
269189.453125,0.595947265625,190.986328125,0.30229492187500007,0.32338867187500003,60766.88528060913,5253.90625,0.20131974998375818,1.0000303504247094,3.472353126186786e-5,332.5291689771863,0.20131974998375818,1.0000303504247094,1.0000303504247094
269482.421875,0.969482421875,260.380859375,0.195361328125,0.33891601562500007,127236.05680465698,9777.34375,0.26317894795576746,1.0002554436661815,3.761109936339324e-5,281.9806611937447,0.26317894795576746,1.0002554436661815,1.0002554436661815
269555.6640625,1.4422607421875,319.5654296875,0.31525878906250004,0.16950683593750002,11206.364512443542,9400.390625,0.2743473750634223,1.0005304163376794,4.565297318345669e-5,331.4038838518171,0.2743473750634223,1.0005304163376794,1.0005304163376794
269775.390625,1.348876953125,73.447265625,0.23608398437500003,0.3673339843750001,112467.4391746521,6269.53125,0.19947826422515488,1.0001629390049998,7.602230976856144e-5,301.45597509526164,0.19947826422515488,1.0001629390049998,1.0001629390049998
269848.6328125,1.0628662109375,187.0849609375,0.2721923828125,0.12409667968750002,23115.349650382996,6892.578125,0.2253392110930189,0.9999898153284479,4.517357553303321e-5,315.96082887399047,0.2253392110930189,0.9999898153284479,0.9999898153284479
270068.359375,0.779052734375,138.857421875,0.131494140625,0.114501953125,94267.21906661987,9105.46875,0.20697433968890566,1.0005798110506041,4.510484524375201e-5,253.5171087091442,0.20697433968890566,1.0005798110506041,1.0005798110506041
270141.6015625,1.8084716796875,207.3388671875,0.3955322265625001,0.3962646484375001,55844.43938732147,9728.515625,0.2666913968322362,1.000125394272084,5.947239535794901e-5,359.0715846373473,0.2666913968322362,1.000125394272084,1.000125394272084
270361.328125,1.902587890625,282.626953125,0.174560546875,0.141748046875,78360.53609848022,6597.65625,0.33022875284101083,0.9993859125097613,5.719377823960215e-5,311.4016985820101,0.33022875284101083,0.9993859125097613,0.9993859125097613
270434.5703125,0.6849365234375,381.6552734375,0.35480957031250004,0.34733886718750007,69679.71503734589,6220.703125,0.24274079149433664,0.9998870431947606,2.6879285274857927e-5,369.13554207124025,0.24274079149433664,0.9998870431947606,0.9998870431947606
270654.296875,1.526123046875,171.396484375,0.32778320312500003,0.20180664062500003,12332.690715789795,2121.09375,0.23610130212691077,0.9994516860096335,5.7243324960023856e-5,461.56667891111476,0.23610130212691077,0.9994516860096335,0.9994516860096335
270727.5390625,1.0614013671875,68.5498046875,0.1429931640625,0.2948974609375,119142.47214794159,2744.140625,0.18977921156461672,0.9996178243404631,7.386694472869642e-5,330.68190622512213,0.18977921156461672,0.9996178243404631,0.9996178243404631
270947.265625,1.155517578125,335.087890625,0.370849609375,0.24194335937500003,30152.32229232788,5613.28125,0.2562399116062481,0.9996680385631667,3.892226388164877e-5,399.2402451627387,0.2562399116062481,0.9996680385631667,0.9996680385631667
271020.5078125,1.4320068359375,265.4443359375,0.10227050781250001,0.2612060546875,104691.05613231659,5236.328125,0.31937541920905416,0.9995078961252891,4.790369454362286e-5,293.3045874432406,0.31937541920905416,0.9995078961252891,0.9995078961252891
271240.234375,1.218505859375,209.248046875,0.151416015625,0.375830078125,61900.535106658936,4449.21875,0.2697642102314372,0.9997685593074976,4.686160173688487e-5,321.0840256368078,0.2697642102314372,0.9997685593074976,0.9997685593074976
271313.4765625,1.3104248046875,110.3857421875,0.3404541015625,0.1325927734375,71868.54445934296,4822.265625,0.20323004845705778,0.9998249854955916,6.27953945496183e-5,353.4861992258348,0.20323004845705778,0.9998249854955916,0.9998249854955916
271533.203125,1.592041015625,374.267578125,0.11713867187500002,0.330419921875,47132.18069076538,3941.40625,0.38320460813589446,0.9984965260760774,4.716623540679611e-5,324.0946126167357,0.38320460813589446,0.9984965260760774,0.9984965260760774
271606.4453125,0.9368896484375,305.9521484375,0.37238769531250004,0.1610107421875,86605.12244701385,3314.453125,0.23177503529318694,0.9995463711586574,3.522136837919957e-5,437.5444599366136,0.23177503529318694,0.9995463711586574,0.9995463711586574
271826.171875,1.965576171875,93.037109375,0.38520507812500004,0.308447265625,111139.13297653198,7464.84375,0.21677963768485495,1.0001666596423575,8.067707451513476e-5,343.7029228272699,0.21677963768485495,1.0001666596423575,1.0001666596423575
271899.4140625,0.5633544921875,162.8466796875,0.1254150390625,0.17653808593750003,38708.584666252136,7837.890625,0.19973535923844246,1.0004444065342042,3.722998160699168e-5,261.35386765914944,0.19973535923844246,1.0004444065342042,1.0004444065342042
272119.140625,0.844970703125,235.478515625,0.350927734375,0.28530273437500003,126812.36410140991,8957.03125,0.2235544280024995,1.000269841713166,3.655761728472493e-5,321.46413186293813,0.2235544280024995,1.000269841713166,1.000269841713166
272192.3828125,1.6839599609375,338.4912109375,0.1573486328125,0.22956542968750002,23521.01981639862,8330.078125,0.352863754945787,0.9993450200261116,5.022656837267079e-5,293.90190528990786,0.352863754945787,0.9993450200261116,0.9993450200261116
272412.109375,1.282958984375,300.888671875,0.316650390625,0.23872070312500002,81539.710521698,7667.96875,0.26679687785528944,0.9998736974940969,4.300196341350236e-5,348.6513078610292,0.26679687785528944,0.9998736974940969,0.9998736974940969
272485.3515625,1.1873779296875,358.7451171875,0.2103759765625,0.25798339843750007,55586.2683057785,7041.015625,0.3015243584611268,0.999719020282142,3.889400781843297e-5,320.58534985020697,0.3015243584611268,0.999719020282142,0.999719020282142
272705.078125,0.906494140625,115.283203125,0.28471679687500007,0.20502929687500002,96730.57699203491,8160.15625,0.19705718221253946,1.0001517720948137,5.305699002109144e-5,289.90265882851656,0.19705718221253946,1.0001517720948137,1.0001517720948137
272778.3203125,1.5638427734375,224.9365234375,0.24465332031250003,0.29812011718750003,42463.7268781662,8533.203125,0.27941127817322536,1.0000199220223311,5.313748165865664e-5,315.0659917847997,0.27941127817322536,1.0000199220223311,1.0000199220223311
272998.046875,0.530029296875,354.677734375,0.212939453125,0.152587890625,28176.089763641357,4683.59375,0.22944015563966522,0.9999627429394036,2.4328029266395424e-5,328.52598822677254,0.22944015563966522,0.9999627429394036,0.9999627429394036
273071.2890625,1.9403076171875,241.2060546875,0.25783691406250003,0.3581787109375001,119296.55539989471,4056.640625,0.30640642689984604,0.9992566750178735,6.055217516879962e-5,395.13853834128355,0.30640642689984604,0.9992566750178735,0.9992566750178735
273291.015625,1.659423828125,146.494140625,0.18100585937500002,0.103662109375,10670.419216156006,3175.78125,0.25198653969372053,0.9994820652368567,6.347765928716477e-5,350.0598828538464,0.25198653969372053,0.9994820652368567,0.9994820652368567
273364.2578125,0.8109130859375,87.4755859375,0.2921142578125,0.38542480468750007,135349.49576854706,3548.828125,0.18404630102281708,0.999938252757547,6.040741695697814e-5,346.95043063703656,0.18404630102281708,0.999938252757547,0.999938252757547
273583.984375,0.667724609375,275.654296875,0.39750976562500007,0.190673828125,117128.76081466675,3886.71875,0.2090867624881574,1.0001576787831195,3.068200162443522e-5,406.22762344378464,0.2090867624881574,1.0001576787831195,1.0001576787831195
273657.2265625,1.8846435546875,389.2919921875,0.1318603515625,0.32243652343750007,24749.48012828827,3259.765625,0.40880037679283565,0.9957242340508772,5.2985822326353796e-5,349.956120064782,0.40880037679283565,0.9957242340508772,0.9957242340508772
273876.953125,1.791259765625,143.173828125,0.353857421875,0.21557617187500003,133766.88528060913,4378.90625,0.23194569230405007,0.9997738402643206,6.674310304144179e-5,397.9762482252108,0.23194569230405007,0.9997738402643206,0.9997738402643206
273950.1953125,0.7611083984375,202.3583984375,0.17316894531250002,0.27116699218750007,10401.135325431824,4751.953125,0.22412934880282084,0.999958078761215,3.76510463597022e-5,314.1053637958512,0.22412934880282084,0.999958078761215,0.999958078761215
274169.921875,1.414794921875,329.443359375,0.143798828125,0.127978515625,59286.62443161011,8902.34375,0.32417203587583265,0.9997816591363037,4.481082894617481e-5,279.7918988624077,0.32417203587583265,0.9997816591363037,0.9997816591363037
274243.1640625,1.1375732421875,271.7529296875,0.3293212890625,0.3710693359375,84620.53382396698,8275.390625,0.2592700157416265,0.9999974586532038,4.112982265120955e-5,344.6085563552171,0.2592700157416265,0.9999974586532038,0.9999974586532038
274462.890625,1.044189453125,174.384765625,0.10014648437500001,0.165771484375,43594.178676605225,7394.53125,0.2429084684111356,1.000001824507828,4.639504292535324e-5,266.7211108019382,0.2429084684111356,1.000001824507828,1.000001824507828
274536.1328125,1.5081787109375,64.8974609375,0.3706298828125001,0.33503417968750004,99043.92325878143,7767.578125,0.19141862092600972,1.000337646000602,8.433901884323247e-5,311.4154543678712,0.19141862092600972,1.000337646000602,1.000337646000602
274755.859375,1.833740234375,197.294921875,0.22993164062500002,0.34418945312500004,37049.01838302612,8230.46875,0.28765738669202084,0.9999689667297306,6.125869484865595e-5,316.466629209603,0.28765738669202084,0.9999689667297306,0.9999689667297306
274829.1015625,0.6131591796875,127.6513671875,0.25959472656250004,0.1384521484375,110337.81707286835,8603.515625,0.1857249947485191,1.000171759515434,4.437210035502913e-5,274.0902198988744,0.1857249947485191,1.000171759515434,1.000171759515434
275048.828125,0.707275390625,394.189453125,0.18862304687500003,0.3995605468750001,21349.305629730225,7722.65625,0.27331912770417804,1.0000548683041133,2.7190495035783638e-5,302.0416936388478,0.27331912770417804,1.0000548683041133,1.0000548683041133
275122.0703125,1.7396240234375,291.3427734375,0.30324707031250003,0.11765136718750001,126317.31879711151,7095.703125,0.2772955783779163,0.9996761328275813,5.3689879983466806e-5,356.4451522529141,0.2772955783779163,0.9996761328275813,0.9996761328275813
275341.796875,1.080810546875,81.083984375,0.313720703125,0.26274414062500007,74462.35990524292,3246.09375,0.18791640331888218,0.9999353676041145,6.877182359221507e-5,364.1071935500225,0.18791640331888218,0.9999353676041145,0.9999353676041145
275415.0390625,1.3660888671875,180.1123046875,0.19455566406250002,0.24333496093750004,64738.03794384003,3619.140625,0.25449816825500265,0.9994976587327921,5.3148027004033714e-5,350.81732159668894,0.25449816825500265,0.9994976587327921,0.9994976587327921
275634.765625,1.460205078125,255.400390625,0.27241210937500004,0.29350585937500007,90187.020778656,4738.28125,0.27618625992351326,0.9995807328330241,4.9402127339497676e-5,377.09162577011426,0.27618625992351326,0.9995807328330241,0.9995807328330241
275708.0078125,0.9866943359375,323.8818359375,0.23820800781250004,0.20026855468750002,49791.50474071503,4111.328125,0.2641373814946517,0.9998002487096151,3.5817345335694434e-5,365.40712959698965,0.2641373814946517,0.9998002487096151,0.9998002487096151
275927.734375,1.570068359375,118.935546875,0.21235351562500002,0.16489257812500002,123521.17109298706,5324.21875,0.22896231882955606,0.9999042706283718,6.66788744215832e-5,320.2617176982926,0.22896231882955606,0.9999042706283718,0.9999042706283718
276000.9765625,0.9119873046875,221.9482421875,0.3170166015625,0.33415527343750007,17908.141016960144,5947.265625,0.22903111075293694,0.9999631407293731,3.942246387761962e-5,351.3826195172291,0.22903111075293694,0.9999631407293731,0.9999631407293731
276220.703125,1.193603515625,294.580078125,0.24370117187500004,0.12885742187500002,108448.739528656,2816.40625,0.26542201195125514,0.9992941184754996,4.1688446390583986e-5,401.944735675712,0.26542201195125514,0.9992941184754996,0.9992941184754996
276293.9453125,1.2884521484375,364.3896484375,0.2833251953125,0.3719482421875,30502.018809318542,2439.453125,0.3000451303893339,0.9989353122811878,4.130038222065233e-5,462.3513182213573,0.3000451303893339,0.9989353122811878,0.9989353122811878
276513.671875,0.817138671875,151.474609375,0.258642578125,0.22875976562500003,53038.97428512573,6339.84375,0.20417385893774195,1.0000438111160537,4.4895616189879235e-5,310.5429920416813,0.20417385893774195,1.0000438111160537,1.0000438111160537
276586.9140625,1.6649169921875,83.1591796875,0.21447753906250003,0.28435058593750007,94014.27924633026,6962.890625,0.21463081476837467,1.0001305312103528,7.897097542216098e-5,297.9765268090168,0.21463081476837467,1.0001305312103528,1.0001305312103528
276806.640625,1.946533203125,347.041015625,0.28999023437500004,0.177490234375,70790.39144515991,9832.03125,0.31074392826464803,0.9993033808691459,5.5938777620266694e-5,335.25340880332595,0.31074392826464803,0.9993033808691459,0.9993033808691459
276879.8828125,0.5355224609375,248.1787109375,0.1807861328125,0.30925292968750007,79206.414103508,9455.078125,0.21679116216291117,1.000306393975137,2.9120658176499073e-5,270.0710481709373,0.21679116216291117,1.000306393975137,1.000306393975137
277099.609375,0.931396484375,369.951171875,0.340087890625,0.299658203125,10216.987133026123,6542.96875,0.25815597074958185,0.9998062031293037,3.304852400964753e-5,371.83026657076886,0.25815597074958185,0.9998062031293037,0.9998062031293037
277172.8515625,1.5858154296875,310.9326171875,0.1494384765625,0.20642089843750003,132476.2066602707,6166.015625,0.3314466369135105,0.999430428568938,4.950350326651733e-5,309.35135590078136,0.3314466369135105,0.999430428568938,0.999430428568938
277392.578125,1.304931640625,216.220703125,0.373779296875,0.256591796875,27711.930751800537,9035.15625,0.23754746440255753,1.0000741328316454,4.838267580028587e-5,342.39010284245154,0.23754746440255753,1.0000741328316454,1.0000741328316454
277465.8203125,1.2122802734375,102.7490234375,0.11809082031250001,0.23718261718750003,118533.47480297089,9658.203125,0.21580121884537729,1.0003791728762041,6.298734929871086e-5,253.84115131647914,0.21580121884537729,1.0003791728762041,1.0003791728762041
277685.546875,1.678466796875,232.490234375,0.12387695312500001,0.38227539062500004,102202.64005661011,5558.59375,0.31965217319958966,0.9995223803240404,5.561159808177353e-5,305.76485498780124,0.31965217319958966,0.9995223803240404,0.9995223803240404
277758.7890625,0.8387451171875,342.1435546875,0.3843994140625,0.1003662109375,44187.69919872284,5181.640625,0.2251486778612095,0.999732097265684,3.19067436688032e-5,393.4083806915181,0.2251486778612095,0.999732097265684,0.999732097265684
277978.515625,0.557861328125,98.681640625,0.15756835937500002,0.3614746093750001,84628.427028656,2050.78125,0.1792992540127547,0.9998648242844863,5.208935144817135e-5,352.9547254689184,0.1792992540127547,0.9998648242844863,0.9998648242844863
278051.7578125,1.9593505859375,156.5380859375,0.3530517578125001,0.15573730468750002,58832.49747753143,2673.828125,0.24925235508740884,0.9990797137154382,6.89224183379791e-5,457.3392301846949,0.24925235508740884,0.9990797137154382,0.9990797137154382
278271.484375,1.019287109375,89.716796875,0.23344726562500004,0.22348632812500002,19801.002025604248,8511.71875,0.19298872456702165,1.000468254746213,6.365703190974125e-5,277.534344644394,0.19298872456702165,1.000468254746213,1.000468254746213
278344.7265625,1.4862060546875,150.2294921875,0.27717285156250004,0.2802490234375,125447.96645641327,8134.765625,0.2370947360413984,1.000095895716,5.933552000157232e-5,316.71373060538673,0.2370947360413984,1.000095895716,1.000095895716
278564.453125,1.392822265625,244.111328125,0.19916992187500002,0.18276367187500003,34841.77541732788,7003.90625,0.2766607645767648,0.9999271949982775,4.8624952588313406e-5,312.0224325620695,0.2766607645767648,0.9999271949982775,0.9999271949982775
278857.421875,1.766357421875,228.505859375,0.29848632812500003,0.160791015625,93044.40641403198,3527.34375,0.2647050340164246,0.9994482934220132,5.804654724560976e-5,416.60010685324806,0.2647050340164246,0.9994482934220132,0.9994482934220132
278930.6640625,0.7391357421875,117.6904296875,0.19338378906250003,0.32888183593750003,51972.17261791229,3150.390625,0.19346195429937163,0.9999574290037798,5.036536499327209e-5,339.55833720225013,0.19346195429937163,0.9999574290037798,0.9999574290037798
279150.390625,0.645751953125,360.322265625,0.26420898437500007,0.132958984375,77820.5885887146,4019.53125,0.23335856954631445,0.9998854571627837,2.70747415515928e-5,366.143285206789,0.23335856954631445,0.9998854571627837,0.9998854571627837
279223.6328125,1.8597412109375,303.9599609375,0.22531738281250002,0.3772216796875001,68140.06888866425,4642.578125,0.33658691461305373,0.9989454831580711,5.587192210386398e-5,376.37958029326927,0.33658691461305373,0.9989454831580711,0.9989454831580711
279443.359375,1.482177734375,340.732421875,0.3658691406250001,0.3863769531250001,133928.77912521362,3355.46875,0.28912135396513566,0.9990723254412792,4.6466786628060675e-5,482.76601164640886,0.28912135396513566,0.9990723254412792,0.9990723254412792
279516.6015625,1.0115966796875,239.2138671875,0.10490722656250001,0.10563964843750001,7260.302424430847,3978.515625,0.26197526218626604,0.9995820950354135,4.074760099647444e-5,307.03687708043407,0.26197526218626604,0.9995820950354135,0.9995820950354135
279736.328125,1.105712890625,165.751953125,0.33393554687500004,0.35737304687500004,118177.85787582397,4847.65625,0.22174339374390625,0.9999291485576295,4.9525801629613625e-5,372.2585204879206,0.22174339374390625,0.9999291485576295,0.9999291485576295
279809.5703125,1.3880615234375,94.7802734375,0.1391845703125,0.15046386718750002,24541.13471508026,4470.703125,0.2148277455206031,0.9997550057242802,7.006293046951179e-5,306.0192036577364,0.2148277455206031,0.9997550057242802,0.9997550057242802
280029.296875,0.729248046875,309.521484375,0.16840820312500002,0.304931640625,47259.936809539795,8371.09375,0.25308363357758246,1.0001390609884029,3.061749446113505e-5,286.0640516365882,0.25308363357758246,1.0001390609884029,1.0001390609884029
280102.5390625,1.7645263671875,376.6748046875,0.3586181640625,0.21052246093750002,103543.41208934784,8994.140625,0.2896383438644888,0.9994789277188312,5.1397434847278624e-5,371.9773836640207,0.2896383438644888,0.9994789277188312,0.9994789277188312
280322.265625,1.858642578125,111.962890625,0.136474609375,0.251318359375,61803.07912826538,7863.28125,0.24872902898090757,1.000132555431204,7.442396825563899e-5,278.8423542468769,0.24872902898090757,1.000132555431204,1.000132555431204
280395.5078125,0.6351318359375,212.3193359375,0.39289550781250004,0.23308105468750004,88065.75095653534,7486.328125,0.19808594323633674,1.0002062969360463,3.433386431636837e-5,330.93750588459653,0.19808594323633674,1.0002062969360463,1.0002062969360463
280615.234375,1.921630859375,262.373046875,0.34829101562500003,0.122705078125,27219.138622283936,6199.21875,0.26364612122604697,0.9996014366962698,5.943246207834619e-5,390.0853043014875,0.26364612122604697,0.9996014366962698,0.9996014366962698
280688.4765625,0.5135498046875,333.5107421875,0.16232910156250002,0.3669677734375001,121107.9853773117,6572.265625,0.23755750079574484,0.9998574894512946,2.492531538802623e-5,296.24158252401884,0.23755750079574484,0.9998574894512946,0.9998574894512946
280908.203125,0.795166015625,66.142578125,0.389013671875,0.17104492187500003,15757.05862045288,9691.40625,0.17059874612608603,1.0008604166117947,7.105955419254615e-5,272.5804619785002,0.17059874612608603,1.0008604166117947,1.0008604166117947
280981.4453125,1.6400146484375,167.8271484375,0.1192626953125,0.33913574218750003,136864.9491071701,9064.453125,0.27960530720490157,1.0000570268099966,6.044126260008278e-5,271.6974845532897,0.27960530720490157,1.0000570268099966,1.0000570268099966
281201.171875,1.168701171875,379.912109375,0.11333007812500001,0.186572265625,84872.95866012573,5214.84375,0.3283500684498155,0.9993472082446504,3.826635017339201e-5,303.67872358685594,0.3283500684498155,0.9993472082446504,0.9993472082446504
281274.4140625,1.2664794921875,279.7216796875,0.3785400390625,0.31716308593750003,59231.74750804901,5587.890625,0.25397537470020737,0.9996968573049168,4.414536175277498e-5,406.62437778482274,0.25397537470020737,0.9996968573049168,0.9996968573049168
281494.140625,1.548095703125,203.603515625,0.154052734375,0.21967773437500002,100507.85970687866,2707.03125,0.2820741042132643,0.999143933596821,5.538233968680467e-5,360.47687221962053,0.2820741042132643,0.999143933596821,0.999143933596821
281567.3828125,0.8870849609375,136.6162109375,0.33547363281250003,0.27644042968750004,40243.889689445496,2080.078125,0.1979479280042015,0.9995874782918873,4.982867826941972e-5,426.19407034780465,0.1979479280042015,0.9995874782918873,0.9995874782918873
281787.109375,0.579833984375,184.013671875,0.176025390625,0.266845703125,113015.296459198,5917.96875,0.20340564120820306,0.9998731640919074,3.605270088274333e-5,296.4052528083915,0.20340564120820306,0.9998731640919074,0.9998731640919074
281860.3515625,1.9842529296875,71.8701171875,0.29475097656250004,0.24860839843750002,35061.42699718475,5291.015625,0.2076205162729385,0.9999778080820807,9.145088586082082e-5,340.0139723129532,0.2076205162729385,0.9999778080820807,0.9999778080820807
282080.078125,1.703369140625,317.158203125,0.21909179687500002,0.289404296875,128517.32015609741,2410.15625,0.3218799222971469,0.9987198199365476,5.222704984760114e-5,427.033661555565,0.3218799222971469,0.9987198199365476,0.9987198199365476
282153.3203125,0.8607177734375,256.8115234375,0.2540283203125,0.1949951171875,17875.28693675995,2783.203125,0.23330680045091567,0.9994301728385548,3.655080151550825e-5,394.7808398671147,0.23330680045091567,0.9994301728385548,0.9994301728385548
282373.046875,1.326904296875,131.552734375,0.278564453125,0.349462890625,68619.14396286011,6933.59375,0.22335095250023462,0.9999931245242436,5.9632090141482204e-5,325.0502924767714,0.22335095250023462,0.9999931245242436,0.9999931245242436
282446.2890625,1.2371826171875,188.0810546875,0.24846191406250004,0.14255371093750002,77289.32273387909,6306.640625,0.23846415445696498,0.999670324835583,4.9915131892610595e-5,326.0989941283009,0.23846415445696498,0.999670324835583,0.999670324835583
282666.015625,0.956298828125,284.619140625,0.321630859375,0.394287109375,53931.588649749756,9425.78125,0.2508573103584996,1.0001905833119913,3.690062458933156e-5,330.5949528197424,0.2508573103584996,1.0001905833119913,1.0001905833119913
282739.2578125,1.6077880859375,395.6005859375,0.20773925781250002,0.1135498046875,94825.17325878143,9798.828125,0.3289262223484537,0.9994027605010919,4.733741514081104e-5,305.03525795513065,0.3289262223484537,0.9994027605010919,0.9994027605010919
282958.984375,1.370849609375,158.779296875,0.106884765625,0.31254882812500007,76652.503490448,9636.71875,0.25790595136009786,1.0000364167733178,5.5921828780381856e-5,262.1739248133271,0.25790595136009786,1.0000364167733178,1.0000364167733178
283032.2265625,1.0877685546875,102.4169921875,0.3662353515625001,0.1818115234375,67595.9461927414,9009.765625,0.1911295468842901,1.0002733976098819,6.149800597810686e-5,301.62241109899014,0.1911295468842901,1.0002733976098819,1.0002733976098819
283251.953125,0.994384765625,345.048828125,0.138232421875,0.28120117187500004,91806.98537826538,6128.90625,0.2944103422714624,0.9997164067032833,3.5513370279239396e-5,303.6894224578638,0.2944103422714624,0.9997164067032833,0.9997164067032833
283544.921875,0.617919921875,106.318359375,0.35942382812500007,0.381103515625,35598.26993942261,2652.34375,0.17870398308189728,0.9999914786421357,5.160070496104641e-5,383.489267514877,0.17870398308189728,0.9999914786421357,0.9999914786421357
283618.1640625,1.8406982421875,218.6279296875,0.16994628906250003,0.13669433593750002,115429.00550365448,2025.390625,0.2939466179245484,0.9992926924973753,6.07512565739278e-5,395.8236708483395,0.2939466179245484,0.9992926924973753,0.9992926924973753
283837.890625,1.747314453125,312.509765625,0.3907714843750001,0.32514648437500004,21907.411098480225,5144.53125,0.2810278805863253,0.9993096503422043,5.350023219735214e-5,447.4613693505654,0.2810278805863253,0.9993096503422043,0.9993096503422043
283911.1328125,0.7113037109375,373.0224609375,0.1362548828125,0.1569091796875,131529.51896190643,5517.578125,0.2647432297419046,0.9997252585730346,2.8301423442189084e-5,303.0110769623905,0.2647432297419046,0.9997252585730346,0.9997252585730346
284130.859375,1.130615234375,250.419921875,0.27680664062500004,0.14731445312500002,55438.23957443237,2480.46875,0.24312872793229773,0.99939063587685,4.304804657601612e-5,425.16923405719183,0.24312872793229773,0.99939063587685,0.99939063587685
284204.1015625,1.4100341796875,350.7763671875,0.23146972656250003,0.35407714843750004,82370.68450450897,2853.515625,0.3139918979965652,0.9988711729476945,4.472230747979614e-5,419.2359528131293,0.3139918979965652,0.9988711729476945,0.9988711729476945
284423.828125,1.504150390625,86.064453125,0.31049804687500004,0.10893554687500001,41562.501430511475,5972.65625,0.19800463705266538,1.0000687835727324,7.604469275541565e-5,327.6704366761853,0.19800463705266538,1.0000687835727324,1.0000687835727324
284497.0703125,1.0364990234375,153.2177734375,0.2001220703125,0.3895263671875,100502.52997875214,5345.703125,0.2244605827830339,1.000161980996313,5.019366820628225e-5,321.29463680816514,0.2244605827830339,1.000161980996313,1.000161980996313
284716.796875,1.877685546875,367.958984375,0.19184570312500002,0.23461914062500003,125555.98783493042,9496.09375,0.3592517190060407,0.998468475983871,5.3815014692110415e-5,309.29097979186434,0.3592517190060407,0.998468475983871,0.998468475983871
284790.0390625,0.6629638671875,296.9873046875,0.29768066406250004,0.25270996093750003,33002.93052196503,9869.140625,0.22486802928346813,1.0003887470621071,2.9851771696828142e-5,304.2941654010432,0.22486802928346813,1.0003887470621071,1.0003887470621071
285009.765625,0.757080078125,223.525390625,0.22553710937500002,0.20913085937500003,140585.946559906,6988.28125,0.2213031838794438,1.000143161028035,3.645586664665016e-5,306.5709876526513,0.2213031838794438,1.000143161028035,1.000143161028035
285083.0078125,1.7835693359375,122.0068359375,0.2663330078125,0.30339355468750007,14573.365092277527,6361.328125,0.23579790856140992,1.0000074717730743,7.144443680963907e-5,335.4034793131597,0.23579790856140992,1.0000074717730743,1.0000074717730743
285302.734375,0.866943359375,320.810546875,0.296728515625,0.343017578125,106704.88691329956,7074.21875,0.2510248250569606,0.9999303547109,3.359191912139195e-5,346.59787300513,0.2510248250569606,0.9999303547109,0.9999303547109
285375.9765625,1.7088623046875,253.8232421875,0.1763916015625,0.17478027343750002,49453.429102897644,7697.265625,0.30337203962585535,0.9996697847999504,5.534044688125524e-5,306.2467552634544,0.30337203962585535,0.9996697847999504,0.9996697847999504
285595.703125,1.990478515625,177.705078125,0.25307617187500003,0.36323242187500004,92395.516872406,8566.40625,0.27911370688933645,0.9999288752885209,6.73641802685154e-5,326.51613774808413,0.27911370688933645,0.9999288752885209,0.9999288752885209
285668.9453125,0.5853271484375,77.5146484375,0.2177001953125,0.11882324218750001,65485.90552806854,8189.453125,0.17139745763726358,1.000712485353781,6.166689472396243e-5,265.5115938132248,0.17139745763726358,1.000712485353781,1.000712485353781
285888.671875,1.614013671875,289.599609375,0.24926757812500003,0.275634765625,5513.644695281982,4089.84375,0.2964056817919037,0.9993039754886855,5.1666609611573735e-5,391.91501758402933,0.2964056817919037,0.9993039754886855,0.9993039754886855
285961.9140625,0.9617919921875,391.2841796875,0.28010253906250004,0.21872558593750002,135250.6378889084,4712.890625,0.26671173927877967,1.000311693402165,3.359625996778012e-5,381.8712942061459,0.26671173927877967,1.000311693402165,1.000311693402165
286181.640625,1.243408203125,123.916015625,0.205615234375,0.318115234375,21769.944667816162,3582.03125,0.2195385442001378,0.9998018711060468,6.024871967825849e-5,349.39896768315015,0.2195385442001378,0.9998018711060468,0.9998018711060468
286254.8828125,1.3323974609375,195.0537109375,0.3214111328125,0.1873779296875,118224.26688671112,3205.078125,0.23285849541755566,0.9995726403060521,5.183289892040994e-5,419.20868941207254,0.23285849541755566,0.9995726403060521,0.9995726403060521
286474.609375,1.634521484375,61.826171875,0.16196289062500002,0.196533203125,56236.39631271362,4792.96875,0.19971686604879646,0.9996745567804101,9.165512400119507e-5,306.4201886274846,0.19971686604879646,0.9996745567804101,0.9996745567804101
286547.8515625,0.7889404296875,172.8076171875,0.34631347656250006,0.29079589843750003,97812.87658214569,4416.015625,0.2028594927717005,0.9998176768280795,4.24600669985728e-5,369.6832855168856,0.2028594927717005,0.9998176768280795,0.9998176768280795
286767.578125,0.508056640625,269.345703125,0.12065429687500001,0.24721679687500003,71624.28426742554,3285.15625,0.22092080526482008,0.9995154244158921,2.8207093421439143e-5,324.2207978831716,0.22092080526482008,0.9995154244158921,0.9995154244158921
286840.8203125,1.9154052734375,325.8740234375,0.38996582031250004,0.26530761718750007,82349.75898265839,3908.203125,0.28155722961252755,0.9989982834785733,5.683358216384324e-5,485.96781924069114,0.28155722961252755,0.9989982834785733,0.9989982834785733
287060.546875,0.881591796875,200.615234375,0.37700195312500007,0.11040039062500001,127426.57804489136,7808.59375,0.2054923057324762,1.0001338885459248,4.123866184688315e-5,332.9575485552435,0.2054923057324762,1.0001338885459248,1.0001338885459248
287133.7890625,1.5418701171875,140.2685546875,0.11252441406250001,0.3909912109375,17369.248270988464,7431.640625,0.256224988764726,0.9999862793430285,6.300518100242655e-5,281.51426612577626,0.256224988764726,0.9999862793430285,0.9999862793430285
287353.515625,1.260986328125,385.556640625,0.335693359375,0.14584960937500002,111088.69314193726,8300.78125,0.26582107083690193,0.9997876589382553,4.0408995333204674e-5,358.784569143957,0.26582107083690193,0.9997876589382553,0.9997876589382553
287426.7578125,1.1624755859375,273.4130859375,0.1561767578125,0.35261230468750004,34953.74381542206,8923.828125,0.28594021267218356,1.0001534715955847,4.227948506643935e-5,290.0809989011235,0.28594021267218356,1.0001534715955847,1.0001534715955847
287646.484375,1.253662109375,79.091796875,0.392822265625,0.10161132812500001,38129.9204826355,4261.71875,0.18581888638603006,0.9998664948086035,7.501961489491109e-5,362.18290180863244,0.18581888638603006,0.9998664948086035,0.9998664948086035
287719.7265625,1.1580810546875,182.1044921875,0.13654785156250002,0.38337402343750004,116275.20644664764,4884.765625,0.25007007792407054,0.9999214224215114,4.9380137125824474e-5,313.8009809641931,0.25007007792407054,0.9999214224215114,0.9999214224215114
287939.453125,0.877197265625,254.736328125,0.3585449218750001,0.15463867187500002,20116.98293685913,3753.90625,0.22200194127035058,0.9994803667413047,3.7341113206606104e-5,408.96075908422756,0.22200194127035058,0.9994803667413047,0.9994803667413047
288232.421875,0.500732421875,196.630859375,0.13911132812500002,0.20766601562500003,76030.85660934448,7277.34375,0.19934355902315923,1.0003594637052622,3.3416720737238195e-5,275.8629255280152,0.19934355902315923,1.0003594637052622,1.0003594637052622
288305.6640625,1.9110107421875,128.3154296875,0.33400878906250003,0.3007568359375,69473.45435619354,7900.390625,0.23486904758077207,1.000045183245594,7.305722153321327e-5,343.44718954435893,0.23486904758077207,1.000045183245594,1.000045183245594
288525.390625,1.630126953125,392.197265625,0.10483398437500001,0.23608398437500003,95239.0456199646,8769.53125,0.3913620467460819,0.9983549847737165,4.7825045638452284e-5,281.1638843198065,0.3913620467460819,0.9983549847737165,0.9983549847737165
288598.6328125,0.7816162109375,293.3349609375,0.3659423828125,0.2553466796875,51095.696330070496,8392.578125,0.22509866817002508,0.9999458499316954,3.294458720282778e-5,342.2168179492749,0.22509866817002508,0.9999458499316954,0.9999458499316954
288818.359375,1.247802734375,330.107421875,0.22524414062500003,0.28325195312500007,125772.34601974487,7605.46875,0.2913554830749789,0.9998552372561375,4.191913939347817e-5,328.42615506001147,0.2913554830749789,0.9998552372561375,0.9998552372561375
288891.6015625,1.3397216796875,271.0888671875,0.2642822265625,0.22751464843750002,31985.247492790222,7228.515625,0.268003369541899,0.9998483648193571,4.6537384031964003e-5,340.51646583174073,0.268003369541899,0.9998483648193571,0.9998483648193571
289111.328125,1.621337890625,176.376953125,0.19331054687500002,0.31049804687500004,143955.99508285522,8097.65625,0.26643975988184043,0.999956857758047,5.9894974780898774e-5,305.127383734943,0.26643975988184043,0.999956857758047,0.999956857758047
289184.5703125,0.9661865234375,62.9052734375,0.2985595703125,0.1785888671875,16118.008494377136,8720.703125,0.1766250844590995,1.000115186917257,7.826455153044475e-5,277.2441479167554,0.1766250844590995,1.000115186917257,1.000115186917257
289404.296875,1.994873046875,277.646484375,0.30903320312500004,0.33305664062500007,59135.058879852295,4621.09375,0.30188251892692014,0.9991466203828008,6.066139915910033e-5,422.37236238925885,0.30188251892692014,0.9991466203828008,0.9991466203828008
289477.5390625,0.5926513671875,387.2998046875,0.19924316406250003,0.16364746093750002,83649.67429637909,4244.140625,0.2419712810722945,0.9996515190044508,2.5492940119693444e-5,342.4018533755351,0.2419712810722945,0.9996515190044508,0.9996515190044508
289697.265625,0.874267578125,143.837890625,0.277099609375,0.3731933593750001,38754.73928451538,3113.28125,0.2045777084828917,0.9998781378614526,4.9017188556691225e-5,378.585344932003,0.2045777084828917,0.9998781378614526,0.9998781378614526
289770.5078125,1.7132568359375,201.6943359375,0.23352050781250003,0.12995605468750002,102671.52488231659,3736.328125,0.2651311329232654,0.9994345217791512,5.972767007130442e-5,377.2969833277765,0.2651311329232654,0.9994345217791512,0.9994345217791512
289990.234375,0.749755859375,230.498046875,0.20766601562500003,0.24458007812500002,3018.5770988464355,2949.21875,0.23354696940220065,0.9993834600155282,3.635172636797918e-5,365.58497330615035,0.23354696940220065,0.9993834600155282,0.9993834600155282
290063.4765625,1.7791748046875,344.1357421875,0.32170410156250007,0.26384277343750007,137889.29641246796,2322.265625,0.29751916563377595,0.9986236219920195,5.332315223806721e-5,509.16164353218005,0.29751916563377595,0.9986236219920195,0.9986236219920195
290283.203125,1.873291015625,98.017578125,0.24838867187500002,0.19916992187500002,25018.53322982788,5441.40625,0.22197614673002294,0.9999243962471245,8.026944306508875e-5,335.09757086049365,0.22197614673002294,0.9999243962471245,0.9999243962471245
290356.4453125,0.6556396484375,157.2021484375,0.27863769531250004,0.29226074218750003,119557.88123607635,5814.453125,0.19453646640019281,1.0001979813271933,4.199059369212914e-5,321.7219741295318,0.19453646640019281,1.0001979813271933,1.0001979813271933
290576.171875,1.496826171875,369.287109375,0.25395507812500007,0.139697265625,110730.44157028198,9964.84375,0.29941273753437486,0.9995757007674997,4.6096584533555315e-5,321.30885057462064,0.29941273753437486,0.9995757007674997,0.9995757007674997
290649.4140625,1.0321044921875,311.5966796875,0.2191650390625,0.34528808593750004,50605.374217033386,9337.890625,0.27416121258994297,1.0002156327570169,3.781806223477812e-5,308.03900938819476,0.27416121258994297,1.0002156327570169,1.0002156327570169
290869.140625,1.126220703125,214.228515625,0.294677734375,0.11655273437500001,91892.93050765991,6457.03125,0.22891704922211512,0.9999115014332762,4.576149459162075e-5,341.66108531324375,0.22891704922211512,0.9999115014332762,0.9999115014332762
290942.3828125,1.4027099609375,104.7412109375,0.17609863281250002,0.3983154296875,66639.36698436737,6830.078125,0.22051780940153173,1.00015519122275,6.858454599833032e-5,299.36509170786667,0.22051780940153173,1.00015519122275,1.00015519122275
291162.109375,1.751708984375,152.138671875,0.33540039062500004,0.369970703125,130194.6177482605,9167.96875,0.24401218970620672,1.0002063835964943,6.589070967127499e-5,338.86892156386733,0.24401218970620672,1.0002063835964943,1.0002063835964943
291235.3515625,0.7186279296875,82.4951171875,0.15412597656250002,0.1267333984375,18145.472407341003,9541.015625,0.17961173712607106,1.0007064645296357,6.254032225327133e-5,254.8774588293624,0.17961173712607106,1.0007064645296357,1.0007064645296357
291455.078125,0.625244140625,349.033203125,0.37846679687500007,0.336279296875,111436.02132797241,6660.15625,0.2243266196685936,0.9999299050650643,2.7432002477528068e-5,368.71359950721205,0.2243266196685936,0.9999299050650643,0.9999299050650643
291528.3203125,1.8450927734375,246.1865234375,0.1134033203125,0.1668701171875,34381.9397687912,6033.203125,0.3272431120795553,0.9993739199509727,5.9146928261523995e-5,300.61183267436525,0.3272431120795553,0.9993739199509727,0.9993739199509727
291748.046875,0.998779296875,120.927734375,0.11918945312500001,0.32133789062500007,54734.43937301636,2183.59375,0.21046914199880976,0.9997122080582428,5.6638904032372496e-5,350.9095316466116,0.21046914199880976,0.9997122080582428,0.9997122080582428
291821.2890625,1.4715576171875,219.9560546875,0.38908691406250007,0.18942871093750002,100377.54905223846,2556.640625,0.23384862688242392,0.9994651726062193,5.316578576262376e-5,491.3356630367276,0.23384862688242392,0.9994651726062193,0.9994651726062193
292041.015625,1.378173828125,295.244140625,0.162255859375,0.27241210937500004,74957.284450531,5675.78125,0.3071389044423763,0.999221282095846,4.6417370245324416e-5,325.4965937873472,0.3071389044423763,0.999221282095846,0.999221282095846
292114.2578125,1.0921630859375,363.7255859375,0.3483642578125,0.21667480468750003,82954.53727245331,5048.828125,0.2551848748178493,0.9996482772250281,3.7567579649343194e-5,409.3363806796076,0.2551848748178493,0.9996482772250281,0.9996482772250281
292333.984375,0.948974609375,169.404296875,0.26625976562500003,0.35942382812500007,98942.35944747925,5386.71875,0.2175990793917702,0.9999803102069629,4.678141886553658e-5,341.9505279714992,0.2175990793917702,0.9999803102069629,0.9999803102069629
292407.2265625,1.6033935546875,70.5419921875,0.22561035156250003,0.1536865234375,54688.81118297577,5759.765625,0.19837032732186902,0.9999920605718182,8.676081447134244e-5,311.2982910784798,0.19837032732186902,0.9999920605718182,0.9999920605718182
292626.953125,1.322509765625,334.423828125,0.297607421875,0.38432617187500007,80129.06789779663,2878.90625,0.28805333153698304,0.9991560292844783,4.3779787988764675e-5,456.9307280886625,0.28805333153698304,0.9991560292844783,0.9991560292844783
292700.1953125,1.2298583984375,266.1083984375,0.19191894531250003,0.1024169921875,71451.42829418182,2251.953125,0.26537097293236167,0.9992988888698564,4.485293152166112e-5,396.65448319780194,0.26537097293236167,0.9992988888698564,0.9992988888698564
292919.921875,1.696044921875,138.193359375,0.20004882812500002,0.25922851562500004,17686.282634735107,6402.34375,0.24608335958380287,0.9999163448087912,6.736754011616414e-5,318.48631173753597,0.24608335958380287,0.9999163448087912,0.9999163448087912
292993.1640625,0.8563232421875,208.0029296875,0.31057128906250003,0.23981933593750002,133227.16224193573,6775.390625,0.21651592544248727,1.0000030426262962,4.05310261779003e-5,335.8303580147303,0.21651592544248727,1.0000030426262962,1.0000030426262962
293212.890625,0.575439453125,280.634765625,0.23139648437500002,0.29702148437500003,39466.493129730225,9894.53125,0.21956063323822447,1.000391190984022,2.9154357541601234e-5,288.10908394725857,0.21956063323822447,1.000391190984022,1.000391190984022
293286.1328125,1.9769287109375,383.6474609375,0.27687988281250003,0.2037841796875,114680.45890331268,9267.578125,0.32556348008466907,0.9982535056194946,5.600065866709654e-5,349.1573777907255,0.32556348008466907,0.9982535056194946,0.9982535056194946
293505.859375,1.552490234375,261.044921875,0.13618164062500002,0.17543945312500003,46727.11896896362,6730.46875,0.30478726975042875,0.9996701850560609,5.2057581061363453e-5,302.6311136562166,0.30478726975042875,0.9996701850560609,0.9996701850560609
293579.1015625,0.8944091796875,318.9013671875,0.3908447265625,0.30720214843750004,108423.75457286835,6103.515625,0.2356513707105211,0.9995870145354165,3.471595589565245e-5,394.8438851425828,0.2356513707105211,0.9995870145354165,0.9995870145354165
293798.828125,1.176025390625,75.439453125,0.16987304687500002,0.23081054687500002,66700.01363754272,9222.65625,0.19329202073271906,1.000167123150829,7.549143996020736e-5,267.1515396052987,0.19329202073271906,1.000167123150829,1.000167123150829
293872.0703125,1.2708740234375,185.0927734375,0.3594970703125,0.28640136718750003,92180.96625804901,9595.703125,0.2278397473519337,1.0002455176105203,5.168034750485992e-5,333.2814481242786,0.2278397473519337,1.0002455176105203,1.0002455176105203
294091.796875,0.799560546875,399.833984375,0.33247070312500004,0.131494140625,142423.29740524292,5746.09375,0.24487945552732093,0.999300187470517,2.9969985603663683e-5,376.21316428208155,0.24487945552732093,0.999300187470517,0.999300187470517
294165.0390625,1.6473388671875,286.3623046875,0.1383056640625,0.37458496093750004,7718.567728996277,5119.140625,0.33307792835713657,0.9993065809682884,5.284726138001741e-5,328.50575505289294,0.33307792835713657,0.9993065809682884,0.9993065809682884
294384.765625,1.928955078125,191.650390625,0.36616210937500004,0.162255859375,122490.731716156,2238.28125,0.24224322426382955,0.9992635288620515,6.580206239371539e-5,504.11583747661314,0.24224322426382955,0.9992635288620515,0.9992635288620515
294458.0078125,0.5179443359375,132.6318359375,0.1069580078125,0.3315185546875,24890.076518058777,2611.328125,0.1857479751771484,0.9997063765912719,4.422155943755033e-5,332.40099899684753,0.1857479751771484,0.9997063765912719,0.9997063765912719
294677.734375,1.851318359375,352.685546875,0.15610351562500002,0.296142578125,86863.70038986206,3824.21875,0.3677564198306739,0.9978198062622908,5.429161730123596e-5,361.1425178024717,0.3677564198306739,0.9978198062622908,0.9978198062622908
294750.9765625,0.6307373046875,243.1982421875,0.33576660156250004,0.20290527343750003,61461.302638053894,3447.265625,0.2038597317476644,0.9997108272452573,3.309919192605739e-5,393.4872115056695,0.2038597317476644,0.9997108272452573,0.9997108272452573
294970.703125,0.724853515625,145.830078125,0.112451171875,0.260107421875,107149.178981781,4316.40625,0.20416229602451172,0.9998932557924871,4.584271085777608e-5,306.1091747595441,0.20416229602451172,0.9998932557924871,0.9998932557924871
295043.9453125,1.7572021484375,88.1396484375,0.3770751953125,0.24069824218750002,43335.08765697479,4939.453125,0.20267665021196143,0.9999145890277924,8.218540257627532e-5,375.2041006176157,0.20267665021196143,0.9999145890277924,0.9999145890277924
295263.671875,1.098388671875,300.224609375,0.389892578125,0.39750976562500007,31949.252605438232,8839.84375,0.25235998043625735,1.0000241622703008,4.0055550441779676e-5,371.19157794504423,0.25235998043625735,1.0000241622703008,1.0000241622703008
295336.9140625,1.3836669921875,359.4091796875,0.1207275390625,0.11560058593750001,126835.20209789276,8462.890625,0.3316660858288115,0.999607101053309,4.406658195052915e-5,286.3281701745458,0.3316660858288115,0.999607101053309,0.999607101053309
295556.640625,1.477783203125,113.291015625,0.34624023437500007,0.34624023437500007,12475.327968597412,7332.03125,0.2130641356170288,1.0002003877555918,6.836588425295048e-5,340.81389517535257,0.2130641356170288,1.0002003877555918,1.0002003877555918
295629.8828125,1.0042724609375,226.9287109375,0.1620361328125,0.1405029296875,144775.994181633,7955.078125,0.247977015926044,0.999839729326334,4.227901944910825e-5,290.4174337734528,0.247977015926044,0.999839729326334,0.999839729326334
295849.609375,0.650146484375,93.701171875,0.32133789062500007,0.16840820312500002,73134.46760177612,8042.96875,0.17442716947994275,1.0005100183239677,5.7586870292077696e-5,287.6356122523359,0.17442716947994275,1.0005100183239677,1.0005100183239677
295922.8515625,1.8670654296875,162.1826171875,0.20568847656250003,0.33767089843750003,80592.23449230194,8666.015625,0.2689618745159524,1.0000593686624024,6.745064574418681e-5,309.80494277858446,0.2689618745159524,1.0000593686624024,1.0000593686624024
296142.578125,1.773681640625,237.470703125,0.280029296875,0.12534179687500002,54128.92293930054,7535.15625,0.26610227734959396,0.9997467453750459,5.853454321899251e-5,346.2919291702844,0.26610227734959396,0.9997467453750459,0.9997467453750459
296215.8203125,0.7435302734375,336.4990234375,0.24934082031250002,0.3684326171875001,99622.03681468964,7158.203125,0.2516465528399004,0.9993723698720491,3.072115949555834e-5,332.0249221349332,0.2516465528399004,0.9993723698720491,0.9993723698720491
296435.546875,1.397216796875,211.240234375,0.21762695312500002,0.21352539062500003,117385.62345504761,3058.59375,0.2571406708726727,0.999430370685297,5.2549728970977055e-5,386.5578505758667,0.2571406708726727,0.999430370685297,0.999430370685297
296508.7890625,1.1199951171875,108.3935546875,0.2531494140625,0.26911621093750004,36824.66208934784,3681.640625,0.20100942585099024,0.999914248923146,6.291216136445744e-5,356.46443207722183,0.20100942585099024,0.999914248923146,0.999914248923146
296728.515625,1.026611328125,374.931640625,0.176318359375,0.19272460937500002,136215.9514427185,4550.78125,0.29180873540058455,0.9992417198287158,3.593621649212485e-5,344.5422719254195,0.29180873540058455,0.9992417198287158,0.9992417198287158
296801.7578125,1.4906005859375,305.2880859375,0.29680175781250007,0.32448730468750003,18504.982829093933,4173.828125,0.2842187605014069,0.9992902759268604,4.882689637074816e-5,419.3152186561333,0.2842187605014069,0.9992902759268604,0.9992902759268604
297021.484375,0.550537109375,365.966796875,0.102197265625,0.3922363281250001,62858.25300216675,6011.71875,0.25035044402876083,0.9997843309755599,2.5408411952149542e-5,293.50015277968413,0.25035044402876083,0.9997843309755599,0.9997843309755599
297094.7265625,1.9549560546875,298.9794921875,0.37092285156250004,0.11149902343750001,89336.27212047577,6634.765625,0.26212975991664805,0.9994978242146677,5.9295717489650436e-5,405.25349867689886,0.26212975991664805,0.9994978242146677,0.9994978242146677
297314.453125,1.674072265625,222.861328125,0.14291992187500002,0.35151367187500004,47485.69631576538,9503.90625,0.30247428736586485,1.0000573324655566,5.726405756921685e-5,290.00377517738866,0.30247428736586485,1.0000573324655566,1.0000573324655566
297607.421875,1.297607421875,249.755859375,0.354736328125,0.29204101562500007,126689.67008590698,5027.34375,0.24625157273427078,0.9996956737566407,4.749449260904781e-5,408.07112619529363,0.24625157273427078,0.9996956737566407,0.9996956737566407
297680.6640625,1.2078857421875,351.4404296875,0.17463378906250002,0.1976318359375,30086.369395256042,5650.390625,0.2993957924220383,0.9994984051998925,4.07608901776265e-5,331.963004711611,0.2993957924220383,0.9994984051998925,0.9994984051998925
297900.390625,0.927001953125,84.072265625,0.39545898437500004,0.26420898437500007,146304.7194480896,2519.53125,0.17866359245385605,0.9997368037864696,6.830223431865503e-5,403.17521365864593,0.17866359245385605,0.9997368037864696,0.9997368037864696
297973.6328125,1.5784912109375,155.2099609375,0.13156738281250002,0.24597167968750003,6982.415080070496,2142.578125,0.25669795399493783,0.9992644512479829,6.299906190719988e-5,367.65925348429516,0.25669795399493783,0.9992644512479829,0.9992644512479829
298193.359375,1.950927734375,106.982421875,0.27211914062500003,0.21762695312500002,80343.69611740112,5855.46875,0.22604349654247297,0.9999306652964263,8.025823642343473e-5,344.1746237670138,0.22604349654247297,0.9999306652964263,0.9999306652964263
298266.6015625,0.5428466796875,217.9638671875,0.23615722656250002,0.2743896484375,71799.60906505585,5478.515625,0.2024544400822627,1.0000299670903445,3.320917835009781e-5,323.1586093549282,0.2024544400822627,1.0000299670903445,1.0000299670903445
298486.328125,0.824462890625,314.501953125,0.315185546875,0.18862304687500003,98102.29635238647,2347.65625,0.2310274505051763,0.9993836688373203,3.376078568327177e-5,450.65247304439407,0.2310274505051763,0.9993836688373203,0.9993836688373203
298559.5703125,1.6693115234375,371.0302734375,0.1954345703125,0.3192138671875,52085.69037914276,2970.703125,0.3440892368335534,0.9983152739695645,5.01620316176961e-5,405.8714466728499,0.3440892368335534,0.9983152739695645,0.9983152739695645
298779.296875,1.197998046875,160.771484375,0.18715820312500003,0.17368164062500002,40065.112590789795,6871.09375,0.22963143097359726,0.9999715559378305,5.374006331802532e-5,305.52971193445416,0.22963143097359726,0.9999715559378305,0.9999715559378305
298852.5390625,1.2957763671875,100.4248046875,0.3023681640625,0.3417724609375,118543.71726512909,6494.140625,0.20306043707865948,1.0001092030063046,6.89302774703397e-5,330.62379898743086,0.20306043707865948,1.0001092030063046,1.0001092030063046
299072.265625,1.577392578125,345.712890625,0.23022460937500003,0.12006835937500002,22709.81740951538,9363.28125,0.30096547793913264,0.999650973325842,4.901570757987108e-5,321.1183199323886,0.30096547793913264,0.999650973325842,0.999650973325842
299145.5078125,0.9163818359375,233.5693359375,0.26164550781250007,0.36433105468750004,138360.8559370041,9986.328125,0.23552631507582145,1.0003888966692795,3.999404498221794e-5,307.3023529644446,0.23552631507582145,1.0003888966692795,1.0003888966692795
299365.234375,1.452880859375,198.623046875,0.29204101562500007,0.25395507812500007,57231.101512908936,8699.21875,0.2460052778231255,1.000039174246413,5.476059219942298e-5,332.0091201337029,0.2460052778231255,1.000039174246413,1.000039174246413
299438.4765625,0.9822998046875,142.2607421875,0.1810791015625,0.23571777343750003,102791.76223278046,8072.265625,0.21261558164786395,1.0002891093568078,5.210215172108134e-5,288.37906000226803,0.21261558164786395,1.0002891093568078,1.0002891093568078
299658.203125,1.076416015625,384.892578125,0.25776367187500004,0.30229492187500007,76211.89260482788,7191.40625,0.2826389398448666,0.9997514565664883,3.6810764973376786e-5,350.5245235997898,0.2826389398448666,0.9997514565664883,0.9997514565664883
299731.4453125,1.3587646484375,274.0771484375,0.21301269531250003,0.20788574218750003,83683.12537670135,7564.453125,0.2768544361097566,1.0000401607878364,4.7428260170648535e-5,324.13574446223004,0.2768544361097566,1.0000401607878364,1.0000401607878364
299951.171875,0.699951171875,61.162109375,0.24458007812500002,0.355322265625,135478.06119918823,3714.84375,0.17418077327915493,1.0001367641275984,7.784602259750248e-5,326.63660828981267,0.17418077327915493,1.0001367641275984,1.0001367641275984
300024.4140625,1.7352294921875,173.4716796875,0.2847900390625,0.14841308593750002,15534.848093986511,3087.890625,0.24313664831648998,0.9994886865304716,6.402525051581706e-5,416.43125094679385,0.24313664831648998,0.9994886865304716,0.9994886865304716
300244.140625,1.829345703125,267.353515625,0.21030273437500002,0.388427734375,116706.95638656616,4207.03125,0.31672663058432804,0.9991425160318479,5.8211920987199694e-5,382.25337171326123,0.31672663058432804,0.9991425160318479,0.9991425160318479
300317.3828125,0.6058349609375,327.8662109375,0.31672363281250004,0.1076904296875,35536.858439445496,4580.078125,0.21319420398210845,0.9998306695084986,2.8289588304906208e-5,372.7245810938107,0.21319420398210845,0.9998306695084986,0.9998306695084986
300537.109375,1.048583984375,290.263671875,0.157275390625,0.13559570312500002,110759.437084198,3417.96875,0.2663489625205599,0.9994726262123577,3.992381629996244e-5,351.2060938576858,0.2663489625205599,0.9994726262123577,0.9994726262123577
300610.3515625,1.5155029296875,390.6201171875,0.35100097656250007,0.3798583984375,45105.433344841,3791.015625,0.29987120675660245,0.9989094489226878,4.6477299120683364e-5,477.44824119834715,0.29987120675660245,0.9989094489226878,0.9989094489226878
300830.078125,1.422119140625,125.908203125,0.12534179687500002,0.15815429687500002,91801.01156234741,4910.15625,0.23079139433901696,0.9996927342924855,6.506459598397016e-5,308.47589560820063,0.23079139433901696,0.9996927342924855,0.9996927342924855
300903.3203125,1.1419677734375,193.0615234375,0.3852783203125001,0.32624511718750004,65912.3352766037,4283.203125,0.22149607877878297,0.9997034547355866,4.898711169106778e-5,416.54739062613197,0.22149607877878297,0.9997034547355866,0.9997034547355866
301123.046875,1.795654296875,322.802734375,0.372314453125,0.180712890625,11556.521892547607,8433.59375,0.26873975158278957,0.9996769447721672,5.490575976507695e-5,386.33094093329413,0.26873975158278957,0.9996769447721672,0.9996769447721672
301196.2890625,0.7684326171875,251.8310546875,0.1172119140625,0.31130371093750003,145440.2016401291,8806.640625,0.24244953398301552,1.000016694845103,3.56289514189358e-5,276.21035757352195,0.24244953398301552,1.000016694845103,1.000016694845103
301416.015625,0.675048828125,178.369140625,0.34038085937500007,0.22553710937500002,29329.171657562256,7925.78125,0.1983377917516632,1.0001843131986468,4.0309392154367434e-5,316.6870168300458,0.1983377917516632,1.0001843131986468,1.0001843131986468
301489.2578125,1.8890380859375,76.8505859375,0.1514892578125,0.28229980468750004,126895.36368846893,7298.828125,0.2180351275900995,1.000169434692766,9.037904318263266e-5,290.48826515565366,0.2180351275900995,1.000169434692766,1.000169434692766
301708.984375,1.652099609375,307.529296875,0.23813476562500002,0.143798828125,143065.101146698,7136.71875,0.2921993223762795,0.9998675905962316,5.2399949173520046e-5,344.9032712030215,0.2921993223762795,0.9998675905962316,0.9998675905962316
301782.2265625,0.8065185546875,378.6669921875,0.27248535156250003,0.3505615234375,8174.864649772644,7509.765625,0.25796529417142966,1.0001004083781784,3.098731741180086e-5,344.25006547339956,0.25796529417142966,1.0001004083781784,1.0001004083781784
302001.953125,0.525634765625,111.298828125,0.19448242187500003,0.112451171875,125348.97756576538,8628.90625,0.17733748080572934,1.0004780482483426,4.993388460321268e-5,268.3493252356497,0.17733748080572934,1.0004780482483426,1.0004780482483426
302294.921875,0.899169921875,340.068359375,0.30317382812500004,0.24985351562500002,48150.39396286011,4152.34375,0.24611464556117252,0.9995909035503147,3.452649823585945e-5,402.140526718514,0.24611464556117252,0.9995909035503147,0.9995909035503147
302368.1640625,1.5594482421875,239.8779296875,0.18869628906250002,0.2679443359375,114340.38245677948,4525.390625,0.2843925400309699,0.9995331442682687,5.423055491427239e-5,354.79109920355944,0.2843925400309699,0.9995331442682687,0.9995331442682687
302587.890625,1.278564453125,163.759765625,0.259521484375,0.193896484375,67880.67770004272,3644.53125,0.22771237052590715,0.9995225261423332,5.568139591633462e-5,378.54644235438417,0.22771237052590715,0.9995225261423332,0.9995225261423332
302661.1328125,1.1800537109375,96.7724609375,0.23000488281250003,0.28815917968750004,93649.26993846893,3017.578125,0.19949581957891252,0.9997298062490766,6.883603827915302e-5,364.8345251874633,0.19949581957891252,0.9997298062490766,0.9997298062490766
302880.859375,0.849365234375,229.169921875,0.37055664062500004,0.31606445312500003,14777.839183807373,4980.46875,0.21567193552538386,0.9997694013636499,3.941142501297129e-5,389.97870332368916,0.21567193552538386,0.9997694013636499,0.9997694013636499
302954.1015625,1.6912841796875,117.0263671875,0.1002197265625,0.18532714843750003,134343.76800060272,4353.515625,0.2431369165519246,0.9995376492623538,7.293354315689937e-5,310.1290198814477,0.2431369165519246,0.9995376492623538,0.9995376492623538
303173.828125,1.972900390625,362.314453125,0.32924804687500003,0.277685546875,32907.472133636475,3472.65625,0.30790607649071056,0.9981376316718101,5.727060210447607e-5,480.4338390125409,0.30790607649071056,0.9981376316718101,0.9981376316718101
303247.0703125,0.5677490234375,301.9677734375,0.14387207031250002,0.22077636718750002,115797.51288890839,3845.703125,0.22628375210138352,0.9997969391420627,2.872652344861376e-5,330.9047556751188,0.22628375210138352,0.9997969391420627,0.9997969391420627
303466.796875,1.596435546875,91.708984375,0.173095703125,0.3658691406250001,106604.93803024292,7996.09375,0.217581963561695,1.0000825471336763,7.847604080187488e-5,292.5623173026385,0.217581963561695,1.0000825471336763,1.0000825471336763
303540.0390625,0.9442138671875,148.2373046875,0.35393066406250007,0.12145996093750001,59651.00181102753,7369.140625,0.19560886031497582,1.00016433490216,5.074276979506791e-5,328.89918210188284,0.19560886031497582,1.00016433490216,1.00016433490216
303759.765625,1.225830078125,244.775390625,0.13178710937500002,0.34038085937500007,87115.6096458435,8488.28125,0.2818098721230793,0.999895116093313,4.638352768951698e-5,291.1618121355716,0.2818098721230793,0.999895116093313,0.999895116093313
303833.0078125,1.3148193359375,355.7568359375,0.3975830078125,0.17214355468750003,80074.58579540253,8861.328125,0.24931227599217087,0.9998848147062169,4.320415389751782e-5,380.38006714780744,0.24931227599217087,0.9998848147062169,0.9998848147062169
304052.734375,1.148193359375,129.560546875,0.35297851562500004,0.21176757812500002,123160.33124923706,9574.21875,0.20127149435603478,1.0003345101636676,5.846726336604019e-5,313.5823492044873,0.20127149435603478,1.0003345101636676,1.0003345101636676
304125.9765625,1.4276123046875,190.0732421875,0.1576416015625,0.3060302734375,44460.265040397644,9197.265625,0.2634120271960908,1.0001556075775455,5.5350900045304755e-5,292.1050409607044,0.2634120271960908,1.0001556075775455,1.0001556075775455
304345.703125,1.521728515625,283.955078125,0.38432617187500007,0.23198242187500004,142969.8576927185,6066.40625,0.2526696130792204,0.9996955072048361,5.0884960388813204e-5,415.05912882547705,0.2526696130792204,0.9996955072048361,0.9996955072048361
304418.9453125,1.0540771484375,396.2646484375,0.12395019531250001,0.25007324218750004,23138.615489006042,6689.453125,0.311116036610489,0.9996781912489673,3.616822051425684e-5,305.8600808566835,0.311116036610489,0.9996781912489673,0.9996781912489673
304638.671875,1.895263671875,183.349609375,0.11801757812500001,0.106884765625,69631.80875778198,2589.84375,0.2854002860541491,0.9992324593152798,6.67210034642471e-5,353.90373007940934,0.2854002860541491,0.9992324593152798,0.9992324593152798
304711.9140625,0.6805419921875,72.5341796875,0.37385253906250004,0.3874755859375001,78274.13642406464,2212.890625,0.1701786712548356,0.9997590554376804,7.091196935634519e-5,390.2482521581461,0.1701786712548356,0.9997590554376804,0.9997590554376804
304931.640625,0.774658203125,315.166015625,0.14936523437500002,0.14936523437500002,51931.07748031616,5082.03125,0.2493063995778222,0.9998246037886865,3.280287203576788e-5,320.17695244859675,0.2493063995778222,0.9998246037886865,0.9998246037886865
305004.8828125,1.8011474609375,258.8037109375,0.34016113281250004,0.35612792968750007,98851.15897655487,5705.078125,0.27880654763511103,0.9995062806778232,5.840953491137659e-5,415.03200167163016,0.27880654763511103,0.9995062806778232,0.9995062806778232
305224.609375,1.353271484375,380.576171875,0.180712890625,0.32778320312500003,29964.057445526123,2292.96875,0.3229884156353939,0.9986838671282658,4.340199255864873e-5,414.9926587784514,0.3229884156353939,0.9986838671282658,0.9986838671282658
305297.8515625,1.0701904296875,279.0576171875,0.29006347656250003,0.1595458984375,131702.4029493332,2916.015625,0.24207361731652483,0.9993116634103119,4.1291257324148075e-5,425.72004017821854,0.24207361731652483,0.9993116634103119,0.9993116634103119
305517.578125,0.976806640625,205.595703125,0.214404296875,0.37846679687500007,13176.896572113037,5785.15625,0.2339021012588159,0.9999261797727581,4.437602726562268e-5,334.03031670364385,0.2339021012588159,0.9999261797727581,0.9999261797727581
305590.8203125,1.4466552734375,134.6240234375,0.25871582031250007,0.1340576171875,152759.4269514084,5408.203125,0.21918699217872692,0.9998685576412466,6.424735729706231e-5,344.0571363050499,0.21918699217872692,0.9998685576412466,0.9998685576412466
305810.546875,0.600341796875,264.365234375,0.28325195312500007,0.279150390625,90993.22843551636,9308.59375,0.21142057059420505,1.0003016508121043,3.1392405759631935e-5,307.04656617559897,0.21142057059420505,1.0003016508121043,1.0003016508121043
305883.7890625,1.8231201171875,331.5185546875,0.24377441406250003,0.22224121093750004,65061.814188957214,9931.640625,0.31401614143003964,0.9996073869956131,5.511796521946225e-5,332.0372575552691,0.31401614143003964,0.9996073869956131,0.9996073869956131
306103.515625,1.729736328125,66.806640625,0.31694335937500007,0.31459960937500003,108705.14822006226,6800.78125,0.1955466318527179,1.0001881552622143,9.39446815582469e-5,326.9644295636202,0.1955466318527179,1.0001881552622143,1.0001881552622143
306176.7578125,0.6937255859375,167.1630859375,0.21242675781250003,0.18386230468750003,43913.52164745331,6423.828125,0.19908478788235986,1.0001608271620839,4.268450848271205e-5,307.3797861512209,0.19908478788235986,1.0001608271620839,1.0001608271620839
306396.484375,1.159912109375,270.341796875,0.299072265625,0.307861328125,142903.6021232605,5761.71875,0.25171391400436904,0.9997351393716115,4.3693539771771276e-5,376.7840042258693,0.25171391400436904,0.9997351393716115,0.9997351393716115
306469.7265625,1.2518310546875,330.8544921875,0.1927978515625,0.1771240234375,22241.698145866394,5384.765625,0.287257518200104,0.9995919675702223,4.291770193277233e-5,345.43786390170874,0.287257518200104,0.9995919675702223,0.9995919675702223
306689.453125,1.533447265625,63.486328125,0.26479492187500003,0.285888671875,123761.02590560913,2253.90625,0.19022981918042067,0.9995845847795475,9.342633814532958e-5,391.7920868180602,0.19022981918042067,0.9995845847795475,0.9995845847795475
306982.421875,1.906982421875,387.880859375,0.23286132812500002,0.37641601562500004,52983.61539840698,6777.34375,0.359350203016906,0.9973332271310423,5.480959059092462e-5,371.4495404435783,0.359350203016906,0.9973332271310423,0.9973332271310423
307055.6640625,0.5047607421875,277.0654296875,0.27775878906250007,0.1320068359375,100474.30884838104,6400.390625,0.20770418022486486,0.999973813530391,2.8706585866408897e-5,324.41953219077567,0.20770418022486486,0.999973813530391,0.999973813530391
307275.390625,0.786376953125,200.947265625,0.19858398437500002,0.329833984375,74333.8942527771,9269.53125,0.21902825297994077,1.0004330107941455,4.054977748048169e-5,291.35087734538394,0.21902825297994077,1.0004330107941455,1.0004330107941455
307348.6328125,1.6253662109375,144.5849609375,0.3096923828125,0.16159667968750002,82029.168009758,9892.578125,0.22484220745896083,1.0002123635695068,6.598190982841777e-5,318.48514981045014,0.22484220745896083,1.0002123635695068,1.0002123635695068
307568.359375,1.341552734375,181.357421875,0.168994140625,0.152001953125,13676.887035369873,6105.46875,0.24562284380102642,0.999826535647875,5.4994700884278284e-5,316.0383034888278,0.24562284380102642,0.999826535647875,0.999826535647875
307641.6015625,1.2459716796875,79.8388671875,0.3580322265625,0.3587646484375,152779.37591075897,6728.515625,0.18897604432290782,1.0001891630408648,7.761422465603873e-5,331.4033448091376,0.18897604432290782,1.0001891630408648,1.0001891630408648
307861.328125,0.965087890625,325.126953125,0.13706054687500002,0.104248046875,36025.819301605225,9597.65625,0.2728683283228409,1.0000197976221625,3.659300190939616e-5,282.81059669215256,0.2728683283228409,1.0000197976221625,1.0000197976221625
307934.5703125,1.6224365234375,254.1552734375,0.3923095703125,0.38483886718750004,134707.7912092209,9220.703125,0.26345519376897186,0.9999741850556209,5.4807659915568655e-5,383.73332108590216,0.26345519376897186,0.9999741850556209,0.9999741850556209
308154.296875,0.588623046875,128.896484375,0.36528320312500007,0.23930664062500004,109637.6223564148,5121.09375,0.17807975349096047,1.0003166390553595,4.7845475635723766e-5,339.50225712325124,0.17807975349096047,1.0003166390553595,1.0003166390553595
308227.5390625,1.9989013671875,196.0498046875,0.1054931640625,0.25739746093750004,43235.00144481659,5744.140625,0.3084948575901188,0.9993803562227623,6.764121894037004e-5,308.32361278453794,0.3084948575901188,0.9993803562227623,0.9993803562227623
308447.265625,1.718017578125,292.587890625,0.333349609375,0.20444335937500002,88116.18947982788,2613.28125,0.26881017016098446,0.9990877560370464,5.5121587446585845e-5,493.34179848487486,0.26881017016098446,0.9990877560370464,0.9990877560370464
308520.5078125,0.8695068359375,392.9443359375,0.1397705078125,0.2987060546875,61286.63718700409,2236.328125,0.2885095257566184,0.9987987615065895,3.243089437429319e-5,380.1836864947901,0.2885095257566184,0.9987987615065895,0.9987987615065895
308740.234375,1.781005859375,81.748046875,0.113916015625,0.33833007812500004,126146.14057540894,3449.21875,0.21912800599125995,0.9997532688887466,8.772132073237627e-5,329.569662886362,0.21912800599125995,0.9997532688887466,0.9997532688887466
308813.4765625,0.7479248046875,152.8857421875,0.3779541015625001,0.1700927734375,24520.277857780457,3822.265625,0.18752630330411688,0.9996806867192948,4.660574754071592e-5,383.3361691304436,0.18752630330411688,0.9996806867192948,0.9996806867192948
309033.203125,0.654541015625,246.767578125,0.15463867187500002,0.367919921875,147432.22951889038,4941.40625,0.22335279772478597,1.0000304788095766,3.415882617975058e-5,322.471401084646,0.22335279772478597,1.0000304788095766,1.0000304788095766
309106.4453125,1.8743896484375,348.4521484375,0.33488769531250007,0.12351074218750001,4864.643931388855,4314.453125,0.2777846627423635,0.9989770864606842,5.6129220467710397e-5,446.8437623499886,0.2777846627423635,0.9989770864606842,0.9989770864606842
309326.171875,1.028076171875,220.537109375,0.34770507812500007,0.27094726562500004,71641.33024215698,8464.84375,0.22323436533293906,1.0001439561592973,4.426925456363147e-5,344.36890060502463,0.22323436533293906,1.0001439561592973,1.0001439561592973
309399.4140625,1.5008544921875,120.3466796875,0.16291503906250002,0.2140380859375,98683.92646312714,8837.890625,0.23065590297593583,0.9998919249319381,6.843268606630496e-5,287.64124692506243,0.23065590297593583,0.9998919249319381,0.9998919249319381
309619.140625,1.407470703125,362.978515625,0.388427734375,0.32280273437500007,52342.63753890991,7957.03125,0.2715036562134323,0.9997162899577836,4.5290210812175905e-5,404.9984895980966,0.2715036562134323,0.9997162899577836,0.9997162899577836
309692.3828125,1.1214599609375,295.9912109375,0.11984863281250001,0.1920654296875,117066.79618358612,7330.078125,0.283177166542531,0.9998947474358703,4.157453176126949e-5,296.73374235963666,0.283177166542531,0.9998947474358703,0.9998947474358703
309912.109375,0.720458984375,343.388671875,0.279150390625,0.201220703125,37882.728099823,8667.96875,0.23290565512109782,1.000168950666963,3.054458466365605e-5,325.2553358353697,0.23290565512109782,1.000168950666963,1.000168950666963
309985.3515625,1.7498779296875,231.2451171875,0.24787597656250002,0.29548339843750004,118362.3913526535,8041.015625,0.279732646099943,0.9998875401615998,5.932016209910257e-5,342.1523333600811,0.279732646099943,0.9998875401615998,0.9998875401615998
310205.078125,1.843994140625,157.783203125,0.32221679687500004,0.24252929687500002,16912.217617034912,7160.15625,0.23883135862745264,0.9999554376733891,6.906733676158283e-5,361.4006415912346,0.23883135862745264,0.9999554376733891,0.9999554376733891
310278.3203125,0.6263427734375,97.4365234375,0.20715332031250003,0.2606201171875,138958.7219953537,7533.203125,0.17770778638126564,1.000137047268797,5.781165480423051e-5,284.7021928986704,0.17770778638126564,1.000137047268797,1.000137047268797
310498.046875,1.467529296875,312.177734375,0.17543945312500003,0.11508789062500001,87533.02335739136,3683.59375,0.29587156835371775,0.9992676029272772,4.870442055147948e-5,367.6224717685333,0.29587156835371775,0.9992676029272772,0.9992676029272772
310571.2890625,1.0028076171875,368.7060546875,0.29533691406250007,0.39567871093750007,78390.67161083221,3056.640625,0.2693506190507345,0.9995904158233246,3.626942485541577e-5,446.08433264842495,0.2693506190507345,0.9995904158233246,0.9995904158233246
310791.015625,1.096923828125,103.994140625,0.21850585937500003,0.141162109375,107179.452419281,4175.78125,0.19630239807600328,0.9999342749658816,6.566381678333049e-5,337.8802963354485,0.19630239807600328,0.9999342749658816,0.9999342749658816
310864.2578125,1.3734130859375,214.9755859375,0.2546142578125,0.34792480468750003,59619.75944042206,4548.828125,0.25471557606602574,0.9995133235166672,5.2657951565466296e-5,380.50830950666654,0.25471557606602574,0.9995133235166672,0.9995133235166672
311083.984375,1.605224609375,318.154296875,0.3600097656250001,0.22817382812500003,76756.93464279175,4886.71875,0.26615766800254337,0.999383125813951,5.1528894873849134e-5,439.70975514915125,0.26615766800254337,0.999383125813951,0.999383125813951
311157.2265625,0.9471435546875,261.7919921875,0.1693603515625,0.28493652343750003,85349.82192516327,4259.765625,0.24980200123184856,0.9996614806865578,3.9843909690220495e-5,344.71475293233294,0.24980200123184856,0.9996614806865578,0.9996614806865578
311376.953125,1.228759765625,185.673828125,0.391357421875,0.17807617187500002,56850.86965560913,3378.90625,0.21285344290133415,0.9996744258792288,5.260474609398843e-5,440.99228358047907,0.21285344290133415,0.9996744258792288,0.9996744258792288
311450.1953125,1.3236083984375,74.8583984375,0.1356689453125,0.30866699218750004,105228.16169261932,3751.953125,0.19683371649069303,0.9997715938887056,8.284255710236678e-5,325.6660937510931,0.19683371649069303,0.9997715938887056,0.9997715938887056
311669.921875,0.852294921875,286.943359375,0.10629882812500001,0.16547851562500002,121524.41740036011,7902.34375,0.2559255390690469,1.0001121785171634,3.609252082847373e-5,284.4807561470759,0.2559255390690469,1.0001121785171634,1.0001121785171634
311743.1640625,1.7000732421875,399.2529296875,0.3668212890625,0.33356933593750004,39599.41565990448,7275.390625,0.29937412104642036,0.9990639443763114,5.0557858659484e-5,421.70871115690875,0.29937412104642036,0.9990639443763114,0.9990639443763114
311962.890625,1.981689453125,131.884765625,0.13764648437500002,0.12827148437500002,141784.85250473022,8394.53125,0.25616622207801615,0.9998510135171605,7.639299976350521e-5,290.23961886902,0.25616622207801615,0.9998510135171605,0.9998510135171605
312036.1328125,0.5706787109375,192.3974609375,0.3331298828125,0.3725341796875,20523.171305656433,8767.578125,0.19454865924464748,1.0003969224250397,3.718257377909059e-5,312.6778452875124,0.19454865924464748,1.0003969224250397,1.0003969224250397
312255.859375,0.896240234375,69.794921875,0.192431640625,0.381689453125,96292.67072677612,7230.46875,0.18055889605093658,1.000159057966107,7.718000944047321e-5,288.1165725466426,0.18055889605093658,1.000159057966107,1.000159057966107
312329.1015625,1.5506591796875,170.1513671875,0.2970947265625,0.1009521484375,69225.87859630585,7603.515625,0.22920191992293276,0.9999598198558768,6.122565526264109e-5,339.83427003222016,0.22920191992293276,0.9999598198558768,0.9999598198558768
312548.828125,1.269775390625,266.689453125,0.226123046875,0.362060546875,116432.55758285522,8722.65625,0.2719380869702037,0.9999968316677351,4.654969719354736e-5,326.8220901937873,0.2719380869702037,0.9999968316677351,0.9999968316677351
312622.0703125,1.1771240234375,333.8427734375,0.2657470703125,0.1551513671875,50903.01215648651,8095.703125,0.2673645394965234,0.9996398327387361,4.131460461586316e-5,341.29837571531726,0.2673645394965234,0.9996398327387361,0.9996398327387361
312841.796875,1.643310546875,208.583984375,0.276220703125,0.30024414062500004,27800.49467086792,4246.09375,0.25949523745239234,0.999547811458122,5.9292746719596374e-5,400.1867777752716,0.25949523745239234,0.999547811458122,0.999547811458122
312915.0390625,0.8035888671875,137.6123046875,0.23205566406250003,0.20583496093750003,130768.06724071503,4619.140625,0.1955146126670613,0.9997631938674995,5.102686931413387e-5,335.0251112908571,0.1955146126670613,0.9997631938674995,0.9997631938674995
313134.765625,0.522705078125,382.900390625,0.309912109375,0.25600585937500003,6350.106716156006,3738.28125,0.21806200531347317,0.9996133908641164,2.505517042666282e-5,397.615354939322,0.21806200531347317,0.9996133908641164,0.9996133908641164
313208.0078125,1.9241943359375,281.3818359375,0.20070800781250003,0.23776855468750002,151470.09360790253,3111.328125,0.3135310746531313,0.9988695018984876,6.0243421679590726e-5,404.462193458075,0.3135310746531313,0.9988695018984876,0.9988695018984876
313427.734375,0.632568359375,161.435546875,0.24985351562500002,0.12739257812500002,43409.35468673706,2324.21875,0.1893086599755195,0.9996035034483719,4.33328428960702e-5,385.2884574412259,0.1893086599755195,0.9996035034483719,0.9996035034483719
313500.9765625,1.8494873046875,94.4482421875,0.2795166015625,0.37165527343750004,113005.18691539764,2947.265625,0.2173463673944657,0.9997813438005679,8.476677146049815e-5,404.6479121840678,0.2173463673944657,0.9997813438005679,0.9997813438005679
313720.703125,1.756103515625,337.080078125,0.20620117187500003,0.16635742187500002,67104.257106781,5816.40625,0.31577649216041753,0.9991965626691319,5.396387535429568e-5,358.2215750324603,0.31577649216041753,0.9991965626691319,0.9991965626691319
313793.9453125,0.7259521484375,236.8896484375,0.32082519531250003,0.3344482421875,93555.48560619354,5439.453125,0.2125088934007946,1.00004829365278,3.679209663108051e-5,365.25391566191865,0.2125088934007946,1.00004829365278,1.00004829365278
314013.671875,1.379638671875,108.974609375,0.296142578125,0.19125976562500002,153906.40592575073,9339.84375,0.2039714120300464,1.0002689613361788,6.97043141400178e-5,307.5285008021117,0.2039714120300464,1.0002689613361788,1.0002689613361788
314086.9140625,1.1024169921875,210.6591796875,0.17697753906250002,0.32185058593750004,15528.683543205261,9962.890625,0.24576850107062034,1.0002659865880252,4.6990086563500877e-5,293.607751517751,0.24576850107062034,1.0002659865880252,1.0002659865880252
314306.640625,1.009033203125,304.541015625,0.25249023437500007,0.21499023437500003,134473.0086326599,6832.03125,0.2505474985764666,0.9999616230380713,3.895627703934335e-5,345.2070327228405,0.2505474985764666,0.9999616230380713,0.9999616230380713
314379.8828125,1.4730224609375,375.6787109375,0.21828613281250003,0.27175292968750003,31442.620158195496,6455.078125,0.313880186615327,0.9993381698115952,4.644668035592877e-5,358.3475486734658,0.313880186615327,0.9993381698115952,0.9993381698115952
314599.609375,1.868896484375,242.451171875,0.3775878906250001,0.26215820312500004,106003.36408615112,9542.96875,0.2585946336177187,0.9998941770282609,6.137587264409045e-5,375.6744875779144,0.2585946336177187,0.9998941770282609,0.9998941770282609
314672.8515625,0.6483154296875,353.4326171875,0.1119384765625,0.24392089843750003,57892.95470714569,9166.015625,0.2507217994377543,1.000179665273644,2.8712474045988297e-5,279.8260221151235,0.2507217994377543,1.000179665273644,1.000179665273644
314892.578125,0.742431640625,88.720703125,0.336279296875,0.29409179687500003,84624.04012680054,6035.15625,0.17580946928263905,1.0001645769788707,6.473277734735732e-5,320.74922977888684,0.17580946928263905,1.0001645769788707,1.0001645769788707
314965.8203125,1.7747802734375,145.2490234375,0.15559082031250002,0.19968261718750002,77320.46210765839,6658.203125,0.25203202068550473,0.9998782195679806,7.008292350852577e-5,311.9015046236233,0.25203202068550473,0.9998782195679806,0.9998782195679806
315185.546875,1.115966796875,359.990234375,0.161376953125,0.34477539062500007,18077.151775360107,2558.59375,0.29689021042821884,0.999215763198744,3.930495221684548e-5,391.3264406285351,0.29689021042821884,0.999215763198744,0.999215763198744
315258.7890625,1.4012451171875,299.6435546875,0.3468994140625,0.1378662109375,144688.06540966034,2181.640625,0.24728726311623012,0.9992744200328973,4.8191386468129234e-5,508.86749359108876,0.24728726311623012,0.9992744200328973,0.9992744200328973
315478.515625,1.495361328125,226.181640625,0.12006835937500002,0.39897460937500007,39867.928981781006,5050.78125,0.28969866338937816,0.9995730386354532,5.464871919857213e-5,325.5728125814367,0.28969866338937816,0.9995730386354532,0.9995730386354532
315551.7578125,1.0218505859375,114.0380859375,0.39055175781250007,0.11823730468750002,125357.64396190643,5673.828125,0.18557428430201828,1.000511069765719,6.147435970949564e-5,353.1821779583403,0.18557428430201828,1.000511069765719,1.000511069765719
315771.484375,1.956787109375,217.216796875,0.19594726562500003,0.18598632812500002,114491.67585372925,7511.71875,0.28709927897047444,0.999706525878643,6.531344076519596e-5,329.00093371565697,0.28709927897047444,0.999706525878643,0.999706525878643
315844.7265625,0.5487060546875,107.7294921875,0.3146728515625,0.3177490234375,47887.17544078827,7134.765625,0.17414108078922144,1.0003556321874072,5.357479637650061e-5,303.2174407954461,0.17414108078922144,1.0003556321874072,1.0003556321874072
316064.453125,0.830322265625,371.611328125,0.23666992187500002,0.220263671875,95837.86916732788,8003.90625,0.25366231624125285,1.0002587332575732,3.234232425127906e-5,329.5013481091893,0.25366231624125285,1.0002587332575732,1.0002587332575732
316357.421875,1.203857421875,101.005859375,0.260986328125,0.12329101562500001,9704.074382781982,4527.34375,0.1955844831869555,0.9997991157578126,6.960345422670969e-5,344.814204584448,0.1955844831869555,0.9997991157578126,0.9997991157578126
316430.6640625,1.3016357421875,160.1904296875,0.2308837890625,0.36638183593750007,155619.9997663498,4150.390625,0.23177154128156985,0.9997095016597246,5.795903675016656e-5,368.16443586678105,0.23177154128156985,0.9997095016597246,0.9997095016597246
316650.390625,1.583251953125,232.822265625,0.30170898437500004,0.170458984375,29333.5280418396,3019.53125,0.25034122416098054,0.9994328131813592,5.630400492448006e-5,442.9454453476503,0.25034122416098054,0.9994328131813592,0.9994328131813592
316723.6328125,0.9222412109375,346.4599609375,0.18781738281250002,0.3397216796875,134451.34818553925,3642.578125,0.26903209483094054,0.9994246427652536,3.548431788281517e-5,373.3632999528081,0.26903209483094054,0.9994246427652536,0.9994246427652536
316943.359375,0.544677734375,298.232421875,0.328369140625,0.34887695312500006,55602.11896896362,4355.46875,0.20893287580184747,0.9998853371484854,2.9132104862803677e-5,384.6103082180783,0.20893287580184747,0.9998853371484854,0.9998853371484854
317016.6015625,1.9490966796875,366.7138671875,0.14240722656250002,0.14313964843750002,104645.43426036835,4978.515625,0.36491894609753417,0.9974295911007695,5.6768128744406774e-5,343.94882743494685,0.36491894609753417,0.9974295911007695,0.9974295911007695
317236.328125,1.668212890625,123.251953125,0.371435546875,0.394873046875,75716.18795394897,3847.65625,0.21973908537943138,0.9997400568486849,7.288164864542442e-5,425.4160655044131,0.21973908537943138,0.9997400568486849,0.9997400568486849
317309.5703125,0.8255615234375,222.2802734375,0.1016845703125,0.11296386718750001,84661.98432445526,3470.703125,0.2305782788702769,0.9996092414547803,4.050669609556512e-5,327.13117672573935,0.2305782788702769,0.9996092414547803,0.9996092414547803
317529.296875,1.291748046875,352.021484375,0.130908203125,0.267431640625,146715.2590751648,7371.09375,0.315835403011527,0.9996224659712316,4.338324098136054e-5,311.3032165455995,0.315835403011527,0.9996224659712316,0.9996224659712316
317602.5390625,1.2020263671875,249.1748046875,0.3961181640625,0.24802246093750002,22537.30857372284,7994.140625,0.22956674804659016,0.9999103061890219,4.6512650571857987e-5,378.1457129720942,0.22956674804659016,0.9999103061890219,0.9999103061890219
317822.265625,0.921142578125,154.462890625,0.17397460937500003,0.288818359375,126307.96194076538,8863.28125,0.21200827160795446,1.0002619081883044,5.045459260198073e-5,289.5233303867102,0.21200827160795446,1.0002619081883044,1.0002619081883044
317895.5078125,1.5726318359375,84.8193359375,0.35539550781250007,0.19558105468750003,43420.12107372284,8486.328125,0.19442617999884668,1.0002279959690552,8.310585408361129e-5,322.9088425850887,0.19442617999884668,1.0002279959690552,1.0002279959690552
318115.234375,0.984130859375,389.873046875,0.38579101562500007,0.160205078125,88884.66596603394,9199.21875,0.23888293958054857,1.000936531874076,3.531753828026474e-5,368.5011285874897,0.23888293958054857,1.000936531874076,1.000936531874076
318188.4765625,1.4510498046875,291.0107421875,0.12482910156250002,0.3294677734375,81522.4140882492,9572.265625,0.3123757843968714,0.9998782369045801,4.9437446550905765e-5,295.37954052150445,0.3123757843968714,0.9998782369045801,0.9998782369045801
318408.203125,1.357666015625,193.642578125,0.35151367187500004,0.133544921875,109086.40432357788,6691.40625,0.2214711669808044,0.9999383089077796,5.483787699803615e-5,369.5342764813747,0.2214711669808044,0.9999383089077796,0.9999383089077796
318481.4453125,1.0775146484375,125.3271484375,0.1567626953125,0.37663574218750007,59279.744029045105,6064.453125,0.21136285484156214,1.000077688706423,5.998002914789775e-5,310.027310714554,0.21136285484156214,1.000077688706423,1.000077688706423
318701.171875,1.731201171875,252.412109375,0.15083007812500002,0.22407226562500004,35744.29655075073,2214.84375,0.3013335767601229,0.9989053187478301,5.8221135053391434e-5,396.2399190207511,0.3013335767601229,0.9989053187478301,0.9989053187478301
318774.4140625,0.7039794921875,322.2216796875,0.3410400390625,0.2796630859375,123670.95649242401,2587.890625,0.22163491230077462,0.9995288347758631,3.1723063579894246e-5,453.36810619332226,0.22163491230077462,0.9995288347758631,0.9995288347758631
318994.140625,0.610595703125,76.103515625,0.11655273437500001,0.182177734375,18547.898769378662,5707.03125,0.17308961458777103,1.0003323523898653,6.934348645530134e-5,288.6638520383315,0.17308961458777103,1.0003323523898653,1.0003323523898653
319067.3828125,1.8245849609375,179.1162109375,0.37297363281250007,0.3139404296875,144110.955119133,5080.078125,0.24161650019815184,0.9997363641004564,6.675856126654069e-5,423.466046732522,0.24161650019815184,0.9997363641004564,0.9997363641004564
319287.109375,1.517333984375,141.513671875,0.21352539062500003,0.30434570312500003,68500.892162323,2917.96875,0.2324754534963567,0.9994759398565229,6.613407798011098e-5,388.22283920575416,0.2324754534963567,0.9994759398565229,0.9994759398565229
319360.3515625,1.0467529296875,199.3701171875,0.25725097656250007,0.2111083984375,95856.10473155975,2291.015625,0.2229945894804132,1.000180952542452,4.7847511120946787e-5,421.786788473995,0.2229945894804132,1.000180952542452,1.000180952542452
319580.078125,1.140869140625,274.658203125,0.18159179687500002,0.25190429687500004,49357.16390609741,5410.15625,0.2663372558490065,0.9996147493492564,4.376906368308157e-5,341.57266854587596,0.2663372558490065,0.9996147493492564,0.9996147493492564
319653.3203125,1.4232177734375,384.3115234375,0.29152832031250003,0.23249511718750002,118871.25861644745,5783.203125,0.28650195473639617,0.9992921971991595,4.540396432760716e-5,399.08752066975075,0.28650195473639617,0.9992921971991595,0.9992921971991595
319873.046875,0.764404296875,174.052734375,0.31606445312500003,0.386962890625,135106.9369316101,9933.59375,0.20206248724668768,1.0005326844306186,4.4257205451354016e-5,310.8748705772365,0.20206248724668768,1.0005326844306186,1.0005326844306186
319946.2890625,1.7996826171875,60.5810546875,0.21096191406250003,0.1050537109375,32075.82175731659,9306.640625,0.19388791262873556,1.0003305616472145,0.00010191331506333353,283.75734499223404,0.19388791262873556,1.0003305616472145,1.0003305616472145
320166.015625,1.893798828125,327.119140625,0.28413085937500004,0.356787109375,154305.85622787476,6425.78125,0.31462304189849705,0.9990652054567523,5.7573272018623385e-5,398.34100011113145,0.31462304189849705,0.9990652054567523,0.9990652054567523
320239.2578125,0.6702880859375,268.1005859375,0.24523925781250003,0.1510498046875,10055.397868156433,6798.828125,0.21452918061167559,1.0000314509582606,3.370844178102759e-5,326.0914361664192,0.21452918061167559,1.0000314509582606,1.0000314509582606
320458.984375,0.808349609375,116.279296875,0.14438476562500002,0.27504882812500003,27110.755443572998,6636.71875,0.19321994254577612,1.000269875625198,5.693366476340562e-5,294.2629646090164,0.19321994254577612,1.000269875625198,1.000269875625198
320532.2265625,1.6502685546875,229.9169921875,0.3287353515625,0.21931152343750002,132058.5926771164,6009.765625,0.25069673880541166,0.9996848794881958,5.808818441717224e-5,393.7364074831496,0.25069673880541166,0.9996848794881958,0.9996848794881958
320751.953125,1.931884765625,302.548828125,0.100732421875,0.318701171875,10236.67287826538,9128.90625,0.3668437642687409,0.9991073822845152,5.910923412081153e-5,295.3295296889279,0.3668437642687409,0.9991073822845152,0.9991073822845152
321044.921875,1.555419921875,148.818359375,0.39692382812500004,0.343603515625,100404.42228317261,5652.34375,0.22086651765505205,0.9997413014655355,6.554834954452844e-5,403.2259736378261,0.22086651765505205,0.9997413014655355,0.9997413014655355
321118.1640625,0.9031982421875,91.1279296875,0.1324462890625,0.1741943359375,72881.52015209198,5025.390625,0.18782988099804077,0.999985293121081,6.79312884068325e-5,305.86239896477815,0.18782988099804077,0.999985293121081,0.999985293121081
321337.890625,1.184814453125,355.009765625,0.353271484375,0.362646484375,120650.81930160522,2144.53125,0.26432861142145464,0.9991097042966406,4.131899692812518e-5,528.6583397523812,0.26432861142145464,0.9991097042966406,0.9991097042966406
321411.1328125,1.2738037109375,245.5224609375,0.1737548828125,0.1194091796875,49749.97794628143,2517.578125,0.2593240427429864,0.9992485145992067,4.8876155101922046e-5,388.52009806945046,0.2593240427429864,0.9992485145992067,0.9992485145992067
321630.859375,1.693115234375,377.919921875,0.314306640625,0.109814453125,122664.31379318237,5480.46875,0.2789257991999051,0.9992376207550571,5.164987882394702e-5,415.0007649950113,0.2789257991999051,0.9992376207550571,0.9992376207550571
321704.1015625,0.8475341796875,308.2763671875,0.1939697265625,0.3915771484375,36240.19134044647,5853.515625,0.25248681088650876,0.9999396288020574,3.5587530507390137e-5,340.62703984206945,0.25248681088650876,0.9999396288020574,0.9999396288020574
321923.828125,0.566650390625,213.564453125,0.27299804687500007,0.14643554687500002,142987.55025863647,2972.65625,0.19360944988320453,0.9995267640877981,3.6040779336563186e-5,381.59435233990007,0.19360944988320453,0.9995267640877981,0.9995267640877981
321997.0703125,1.9739990234375,110.7177734375,0.23762207031250002,0.3520263671875,13462.246775627136,2345.703125,0.2322279210878556,0.9995259534170919,8.320779673034055e-5,418.71261116549977,0.2322279210878556,0.9995259534170919,0.9995259534170919
322216.796875,0.940185546875,240.458984375,0.22934570312500002,0.19711914062500002,83575.76322555542,6496.09375,0.2307021152188663,1.0001730770209039,4.17183346671582e-5,334.63687607707436,0.2307021152188663,1.0001730770209039,1.0001730770209039
322290.0390625,1.6004638671875,339.4873046875,0.26018066406250007,0.29020996093750007,91653.07700634003,6869.140625,0.29979431397587486,0.9993849055318844,5.0892420058564145e-5,374.78599724035416,0.29979431397587486,0.9993849055318844,0.9993849055318844
322509.765625,1.319580078125,96.025390625,0.188037109375,0.24663085937500004,64571.298122406006,9988.28125,0.20433001161149913,1.000407861520426,7.386676080284649e-5,282.9412402786904,0.20433001161149913,1.000407861520426,1.000407861520426
322583.0078125,1.2210693359375,164.5068359375,0.3038330078125,0.26589355468750003,113479.49302196503,9361.328125,0.2188786580316221,1.0001979661861622,5.572464645214657e-5,325.10477610599713,0.2188786580316221,1.0001979661861622,1.0001979661861622
322802.734375,1.429443359375,278.310546875,0.25922851562500004,0.3805175781250001,24919.24238204956,8074.21875,0.278804520386012,0.9998891908381188,5.004886935867596e-5,354.25181428820684,0.278804520386012,0.9998891908381188,0.9998891908381188
322875.9765625,1.1463623046875,381.3232421875,0.21389160156250003,0.13728027343750002,151406.92031383514,8697.265625,0.28017879858537864,0.9998405797193188,3.936621874793969e-5,326.7931019997912,0.28017879858537864,0.9998405797193188,0.9998405797193188
323095.703125,1.052978515625,135.205078125,0.29057617187500007,0.32573242187500007,45986.581325531006,7566.40625,0.20413362225570933,1.0002163770734687,5.759324882875303e-5,327.36607061721037,0.20413362225570933,1.0002163770734687,1.0002163770734687
323168.9453125,1.5228271484375,205.0146484375,0.18020019531250003,0.15632324218750002,130788.39576244354,7189.453125,0.26311914837876915,0.999893826795859,5.756612641945716e-5,320.833737566024,0.26311914837876915,0.999893826795859,0.999893826795859
323388.671875,0.676513671875,332.099609375,0.21176757812500002,0.31313476562500003,103843.96696090698,3089.84375,0.24165186809362452,0.9988374195299654,3.084288557581111e-5,385.55935204042186,0.24165186809362452,0.9988374195299654,0.9988374195299654
323461.9140625,1.8992919921875,263.7841796875,0.3176025390625,0.18122558593750002,54135.159373283386,3712.890625,0.26736944286547804,0.9991811337187727,6.145386491902756e-5,449.6511724507776,0.26736944286547804,0.9991811337187727,0.9991811337187727
323681.640625,1.805908203125,166.416015625,0.24311523437500002,0.280615234375,84056.07748031616,4582.03125,0.2512392546370035,0.9996341197638762,6.845307114692681e-5,378.418942834056,0.2512392546370035,0.9996341197638762,0.9996341197638762
323754.8828125,0.7698974609375,67.5537109375,0.2839111328125,0.22487792968750003,74688.01200389862,4205.078125,0.1704045702724443,0.9999592985165078,7.922549646472411e-5,332.570504576354,0.1704045702724443,0.9999592985165078,0.9999592985165078
323974.609375,1.072021484375,189.326171875,0.12446289062500002,0.23403320312500003,161446.60139083862,3792.96875,0.23582408557962095,0.9997253645483817,4.9726183542071e-5,335.7564272898801,0.23582408557962095,0.9997253645483817,0.9997253645483817
324047.8515625,1.3514404296875,130.3076171875,0.3838134765625001,0.2532958984375,10966.929316520691,3416.015625,0.20394381574583217,0.9996898838758166,6.54645866734084e-5,426.6912116180381,0.20394381574583217,0.9996898838758166,0.9996898838758166
324267.578125,1.445556640625,396.845703125,0.15815429687500002,0.20971679687500003,140475.84676742554,4285.15625,0.3293103965593453,0.9991372581584892,4.559254349126675e-5,362.5726140636,0.3293103965593453,0.9991372581584892,0.9991372581584892
324340.8203125,0.9779052734375,283.3740234375,0.35246582031250007,0.30280761718750004,34356.472849845886,4908.203125,0.23245794625602464,0.9997087281046245,3.997665285292531e-5,410.61879549880825,0.23245794625602464,0.9997087281046245,0.9997087281046245
324560.546875,1.819091796875,73.115234375,0.33950195312500003,0.14790039062500002,48150.69913864136,8808.59375,0.19331056799115368,1.0002599237846652,9.501587752906715e-5,317.39352755662054,0.19331056799115368,1.0002599237846652,1.0002599237846652
324633.7890625,0.6043701171875,182.7685546875,0.1500244140625,0.3534912109375,115843.24729442596,8431.640625,0.20059568376938397,1.0003834561983205,4.003800685712861e-5,286.84098989773435,0.20059568376938397,1.0003834561983205,1.0003834561983205
324853.515625,0.698486328125,258.056640625,0.3731933593750001,0.108349609375,66912.17947006226,7300.78125,0.20163057216571711,0.9999784351032976,3.5222129427342354e-5,350.7083013596609,0.20163057216571711,0.9999784351032976,0.9999784351032976
324926.7578125,1.7249755859375,315.9130859375,0.1186767578125,0.3901123046875,95720.10123729706,7923.828125,0.35246588430608355,0.9992277768827282,5.441744753085684e-5,312.4457474810427,0.35246588430608355,0.9992277768827282,0.9992277768827282
325146.484375,1.816162109375,291.591796875,0.13032226562500002,0.21411132812500003,63101.3560295105,5261.71875,0.3323546802201922,0.9990116404555219,5.7829397966091116e-5,335.2525053803278,0.3323546802201922,0.9990116404555219,0.9990116404555219
325219.7265625,0.5955810546875,394.6044921875,0.3990478515625,0.2708740234375,111911.43691539764,5884.765625,0.21670739285363466,0.9997247682332004,2.6757713187739244e-5,398.2310088670399,0.21670739285363466,0.9997247682332004,0.9997247682332004
325439.453125,0.689697265625,127.236328125,0.17104492187500003,0.192138671875,81408.97512435913,2753.90625,0.18746791928377735,0.9997967283932837,5.260573675903282e-5,353.79278971391324,0.18746791928377735,0.9997967283932837,0.9997967283932837
325732.421875,1.063232421875,324.130859375,0.32661132812500004,0.170166015625,143674.89957809448,6277.34375,0.24066098053441753,0.9997894765824955,3.98888002929996e-5,383.7327937916091,0.24066098053441753,0.9997894765824955,0.9997894765824955
325805.6640625,1.3485107421875,255.8154296875,0.1465087890625,0.3382568359375,18897.648692131042,6900.390625,0.2829517622754868,1.0001264222159525,4.984269721048974e-5,320.7263083141931,0.2829517622754868,1.0001264222159525,1.0001264222159525
326025.390625,1.442626953125,179.697265625,0.3673339843750001,0.12358398437500001,126722.1999168396,9769.53125,0.21755458431501215,1.000154919926687,5.870110212679159e-5,342.2085237933932,0.21755458431501215,1.000154919926687,1.000154919926687
326098.6328125,0.9691162109375,80.8349609375,0.10344238281250001,0.36784667968750007,38465.813517570496,9392.578125,0.18882491470304263,1.0001822655837418,7.425800145318148e-5,267.59061898369947,0.18882491470304263,1.0001822655837418,1.0001822655837418
326318.359375,0.685302734375,202.607421875,0.26274414062500007,0.395751953125,122262.58039474487,6605.46875,0.2057329234178529,1.000037395500348,3.983117416304344e-5,333.2637941094444,0.2057329234178529,1.000037395500348,1.000037395500348
326391.6015625,1.9022216796875,143.5888671875,0.22678222656250002,0.1150146484375,54169.45159435272,6228.515625,0.23973793620783165,0.9997813181162101,7.430104528229954e-5,341.6427148619509,0.23973793620783165,0.9997813181162101,0.9997813181162101
326611.328125,1.808837890625,388.876953125,0.30581054687500003,0.347998046875,104799.98922348022,9097.65625,0.31975174399659795,0.9987594030213236,5.353751346588035e-5,384.2874912158464,0.31975174399659795,0.9987594030213236,0.9987594030213236
326684.5703125,0.7786865234375,275.4052734375,0.18605957031250003,0.14108886718750002,75692.47138500214,9720.703125,0.2306450099520391,1.0000242926558525,3.586821786591096e-5,295.5408264220367,0.2306450099520391,1.0000242926558525,1.0000242926558525
326904.296875,1.432373046875,65.146484375,0.196533203125,0.29555664062500003,7856.006145477295,5621.09375,0.19206817443862187,0.9996334764838635,9.372714591398801e-5,316.30154463995626,0.19206817443862187,0.9996334764838635,0.9996334764838635
326977.5390625,1.1551513671875,174.7998046875,0.3117431640625,0.20114746093750002,154023.4535932541,5244.140625,0.2143233529876326,0.9998376712743998,5.3572593066540906e-5,372.1307860490583,0.2143233529876326,0.9998376712743998,0.9998376712743998
327197.265625,1.061767578125,271.337890625,0.23959960937500002,0.26069335937500004,22535.50100326538,2113.28125,0.2462373300652049,0.9992579153916143,4.28328561265818e-5,439.1299225232001,0.2462373300652049,0.9992579153916143,0.9992579153916143
327270.5078125,1.5257568359375,329.1943359375,0.27102050781250003,0.24245605468750003,135627.2133588791,2736.328125,0.28295359693741196,0.9989828099546373,5.011636154508679e-5,459.6719091997022,0.28295359693741196,0.9989828099546373,0.9989828099546373
327490.234375,0.937255859375,102.998046875,0.320166015625,0.132080078125,63950.706005096436,3949.21875,0.18308655036234095,0.9999648696719806,6.511486106698719e-5,362.74583013715954,0.18308655036234095,0.9999648696719806,0.9999648696719806
327563.4765625,1.5916748046875,216.6357421875,0.20920410156250002,0.3763427734375,95578.62746715546,3322.265625,0.271439535109248,0.9992647057768094,5.853208918644639e-5,398.44200289509763,0.271439535109248,0.9992647057768094,0.9992647057768094
327783.203125,1.310791015625,310.517578125,0.285888671875,0.161669921875,46717.50783920288,4441.40625,0.2574971635086846,0.9995462882933296,4.621064356090448e-5,407.1441544014088,0.2574971635086846,0.9995462882933296,0.9995462882933296
327856.4453125,1.2181396484375,369.7021484375,0.24113769531250004,0.32976074218750007,114787.86170482635,4814.453125,0.2874594134560905,0.9994207863501494,4.1718730749281875e-5,392.2471790399611,0.2874594134560905,0.9994207863501494,0.9994207863501494
328076.171875,1.684326171875,156.787109375,0.21645507812500003,0.17719726562500002,143821.01774215698,8964.84375,0.24153356253028585,1.0001348825981557,6.734935548982244e-5,315.1756932506302,0.24153356253028585,1.0001348825981557,1.0001348825981557
328149.4140625,0.8446044921875,99.0966796875,0.25666503906250004,0.30778808593750007,36131.741404533386,8337.890625,0.1842728323980837,1.000396503635582,6.41623761804258e-5,298.41896218443844,0.1842728323980837,1.000396503635582,1.000396503635582
328369.140625,0.563720703125,341.728515625,0.182177734375,0.229052734375,162577.5008201599,7457.03125,0.2285031892979521,1.0001474202945322,2.7972872448972387e-5,311.1964347219973,0.2285031892979521,1.0001474202945322,1.0001474202945322
328442.3828125,1.9652099609375,232.2412109375,0.28859863281250003,0.28581542968750007,16649.98710155487,7830.078125,0.2759482471394654,0.999787366290056,6.516589176270294e-5,370.70873863328495,0.2759482471394654,0.999787366290056,0.999787366290056
328662.109375,1.564208984375,364.638671875,0.14790039062500002,0.25747070312500003,88155.7993888855,8167.96875,0.33707558668799026,0.9993186734232176,4.922739013908295e-5,321.00908309910227,0.33707558668799026,0.9993186734232176,0.9993186734232176
328735.3515625,0.9061279296875,294.9951171875,0.34162597656250004,0.23923339843750002,76829.310297966,8541.015625,0.2279873441764849,0.9999630529434012,3.780893054630431e-5,354.61842171490537,0.2279873441764849,0.9999630529434012,0.9999630529434012
328955.078125,1.187744140625,221.533203125,0.115966796875,0.29877929687500004,106207.01742172241,7660.15625,0.25957421287012755,0.9999960798075592,4.8979687652578576e-5,300.5497404864409,0.25957421287012755,0.9999960798075592,0.9999960798075592
329028.3203125,1.2825927734375,118.6865234375,0.37590332031250007,0.20437011718750003,58668.1946516037,7033.203125,0.19682126746885145,1.0001290157962333,6.713315543947682e-5,351.70203806365697,0.19682126746885145,1.0001290157962333,1.0001290157962333
329248.046875,0.811279296875,248.427734375,0.381689453125,0.35883789062500004,42045.96281051636,3183.59375,0.2141020393907039,0.9996060366976888,3.89195376689389e-5,447.3404461686171,0.2141020393907039,0.9996060366976888,0.9996060366976888
329321.2890625,1.6590576171875,347.4560546875,0.1265869140625,0.15192871093750002,133627.67112255096,3556.640625,0.3363848192350647,0.9989274935436229,5.2128932514247345e-5,358.64682635674995,0.3363848192350647,0.9989274935436229,0.9989274935436229
329541.015625,1.940673828125,82.744140625,0.34975585937500003,0.3849121093750001,23671.395778656006,4675.78125,0.20654694753397312,0.9998662638728754,9.383223406850291e-5,388.9720383569604,0.20654694753397312,0.9998662638728754,0.9998662638728754
329614.2578125,0.5296630859375,151.2255859375,0.16086425781250002,0.10417480468750001,153150.5821943283,4048.828125,0.18508303311144156,0.9996915897424491,4.422863541046671e-5,325.4627122408635,0.18508303311144156,0.9996915897424491,0.9996915897424491
329833.984375,0.761474609375,381.904296875,0.22875976562500003,0.32192382812500003,131133.52155685425,4386.71875,0.2558079278549658,0.9991987366348024,3.114408519064281e-5,377.8379443716814,0.2558079278549658,0.9991987366348024,0.9991987366348024
329907.2265625,1.7908935546875,283.0419921875,0.26311035156250007,0.19118652343750003,40545.25649547577,4759.765625,0.281309268677873,0.9992868734170107,5.824026713428071e-5,403.04500285447114,0.281309268677873,0.9992868734170107,0.9992868734170107
330126.953125,1.885009765625,206.923828125,0.185107421875,0.271826171875,151132.97414779663,3878.90625,0.2811914745564514,0.9993684144925056,6.597445726647566e-5,377.187692847602,0.2811914745564514,0.9993684144925056,0.9993684144925056
330200.1953125,0.6673583984375,138.6083984375,0.3044189453125,0.21491699218750002,20282.360911369324,3251.953125,0.18533244976230262,0.9996477092885538,4.99437801468109e-5,374.8045426082794,0.18533244976230262,0.9996477092885538,0.9996477092885538
330419.921875,1.508544921875,265.693359375,0.31254882812500007,0.3717285156250001,79294.19279098511,7402.34375,0.26756643418896503,0.9997883713403951,5.301372731554064e-5,383.35536045346583,0.26756643418896503,0.9997883713403951,0.9997883713403951
330493.1640625,1.0438232421875,335.5029296875,0.19807128906250002,0.1273193359375,91239.73548412323,7775.390625,0.26491990715922104,0.9997924570791695,3.9110739784215146e-5,326.1698294839152,0.26491990715922104,0.9997924570791695,0.9997924570791695
330712.890625,1.137939453125,68.134765625,0.268896484375,0.33452148437500007,62296.327114105225,8894.53125,0.18166140810936984,1.0003743369120324,8.627796056561968e-5,294.9051339929047,0.18166140810936984,1.0003743369120324,1.0003743369120324
330786.1328125,1.4144287109375,171.1474609375,0.23937988281250003,0.16628417968750003,109194.61905956268,8267.578125,0.2314031556459832,1.0001053362392047,5.9699834809077645e-5,324.91390015031226,0.2314031556459832,1.0001053362392047,1.0001053362392047
331005.859375,1.739990234375,133.544921875,0.398681640625,0.137939453125,33075.75178146362,7730.46875,0.20883069504520674,0.999927964645184,7.326284551520195e-5,367.6721737398736,0.20883069504520674,0.999927964645184,0.999927964645184
331079.1015625,0.7069091796875,191.4013671875,0.1283447265625,0.3447021484375,142137.74383068085,7103.515625,0.21196243085447045,0.9997144304197209,4.179958930832522e-5,298.12308446146915,0.21196243085447045,0.9997144304197209,0.9997144304197209
331298.828125,0.613525390625,287.939453125,0.35737304687500004,0.118310546875,14910.218715667725,8222.65625,0.20352377051869136,1.000280111633266,3.1817504254316603e-5,338.3953361175528,0.20352377051869136,1.000280111633266,1.000280111633266
331372.0703125,1.8333740234375,397.5927734375,0.1719970703125,0.3989013671875,161965.878367424,8595.703125,0.37528377944323976,0.9976341569284363,5.374333255505943e-5,339.835700898465,0.37528377944323976,0.9976341569284363,0.9976341569284363
331591.796875,0.987060546875,187.333984375,0.14497070312500002,0.24399414062500002,100133.50248336792,4746.09375,0.22595870049251734,0.9997824427924991,4.870370257674156e-5,330.09579253302195,0.22595870049251734,0.9997824427924991,0.9997824427924991
331665.0390625,1.4598388671875,73.8623046875,0.3258056640625,0.2620849609375,67722.71811962128,4119.140625,0.18825117022513058,0.9998732804163153,8.97501572945904e-5,369.91232031819214,0.18825117022513058,0.9998732804163153,0.9998732804163153
331884.765625,1.366455078125,319.150390625,0.103662109375,0.199755859375,117877.938747406,3238.28125,0.3108183492307317,0.9989999993471934,4.719900013697999e-5,349.9888982155893,0.3108183492307317,0.9989999993471934,0.9989999993471934
331958.0078125,1.0804443359375,260.1318359375,0.36945800781250004,0.29401855468750004,48920.47202587128,3611.328125,0.22922511222022188,0.999602105083528,4.41923950925585e-5,449.8003525906227,0.22922511222022188,0.999602105083528,0.999602105083528
332177.734375,1.288818359375,225.185546875,0.343603515625,0.33364257812500003,158515.55585861206,2824.21875,0.2363869545341182,0.9995084303254775,5.1516064774770765e-5,467.7780849959956,0.2363869545341182,0.9995084303254775,0.9995084303254775
332250.9765625,1.1932373046875,115.6982421875,0.14826660156250002,0.1654052734375,7042.723536491394,2447.265625,0.20693161358179119,0.9997083687523783,6.702218671426102e-5,365.55126874251425,0.20693161358179119,0.9997083687523783,0.9997083687523783
332470.703125,0.912353515625,358.330078125,0.37495117187500004,0.37260742187500007,141013.192653656,5316.40625,0.24321621717339473,0.9999608635895716,3.548169554501946e-5,426.49308126087436,0.24321621717339473,0.9999608635895716,0.9999608635895716
332543.9453125,1.5697021484375,300.6396484375,0.1145751953125,0.1281982421875,29073.368906974792,5939.453125,0.3133120581632672,0.999432396134775,5.244899824710024e-5,320.9920062247376,0.3133120581632672,0.999432396134775,0.999432396134775
332763.671875,0.535888671875,87.724609375,0.12739257812500002,0.285009765625,55472.44596481323,9839.84375,0.17207721333626566,1.000634370518445,6.310059653764432e-5,263.5252164483749,0.17207721333626566,1.000634370518445,1.000634370518445
332836.9140625,1.9461669921875,146.9091796875,0.38322753906250007,0.22810058593750002,123309.32319164276,9462.890625,0.22537410980272757,1.0000651126618827,7.502714862870612e-5,361.3491320313542,0.22537410980272757,1.0000651126618827,1.0000651126618827
333056.640625,1.665283203125,240.791015625,0.158740234375,0.30874023437500003,72272.20296859741,6332.03125,0.2914170497667963,0.9996525488105548,5.8333450676027623e-5,336.4448294065255,0.2914170497667963,0.9996525488105548,0.9996525488105548
333129.8828125,0.8167724609375,354.4287109375,0.34953613281250007,0.17800292968750003,103243.1572675705,6955.078125,0.2268657341913095,0.9999417681269256,3.343227644777477e-5,376.75535087036496,0.2268657341913095,0.9999417681269256,0.9999417681269256
333349.609375,1.212646484375,306.201171875,0.20883789062500002,0.20590820312500002,23282.172679901123,9042.96875,0.26945723794310344,1.0000133595942466,4.428847485429401e-5,324.7563826121238,0.26945723794310344,1.0000133595942466,1.0000133595942466
333422.8515625,1.3045654296875,374.6826171875,0.31818847656250004,0.3001708984375,149649.60753917694,9666.015625,0.27565204180186126,0.9998871235548477,4.354905921731893e-5,368.575543368897,0.27565204180186126,0.9998871235548477,0.9998871235548477
333642.578125,1.586181640625,109.970703125,0.24252929687500002,0.23784179687500004,39641.12997055054,6535.15625,0.21350669087429092,1.0001164319397418,7.656202715912382e-5,334.64826975005514,0.21350669087429092,1.0001164319397418,1.0001164319397418
333715.8203125,0.9310302734375,208.9990234375,0.2868408203125,0.25593261718750004,131665.61591625214,6158.203125,0.21591920729247832,1.000135874015295,4.513164335816883e-5,354.8664042748817,0.21591920729247832,1.000135874015295,1.000135874015295
333935.546875,1.959716796875,338.740234375,0.255126953125,0.101025390625,111327.02970504761,2058.59375,0.2971490062633162,0.9983985139065205,5.937210109213529e-5,488.1442717574089,0.2971490062633162,0.9983985139065205,0.9983985139065205
334008.7890625,0.5574951171875,235.8935546875,0.21564941406250002,0.3816162109375001,60892.65525341034,2681.640625,0.2035092616856516,0.999693580944953,3.4644976746511237e-5,384.52148261573535,0.2035092616856516,0.999693580944953,0.999693580944953
334228.515625,0.839111328125,162.431640625,0.288818359375,0.15522460937500002,92880.2580833435,5550.78125,0.19634837980195427,0.9999425687763698,4.922363035670604e-5,346.52012962933685,0.19634837980195427,0.9999425687763698,0.9999425687763698
334301.7578125,1.6781005859375,92.7880859375,0.18430175781250002,0.36198730468750007,82010.10978221893,5173.828125,0.21421974663352694,0.9999050860928157,8.480822470712967e-5,335.48959774775267,0.21421974663352694,0.9999050860928157,0.9999050860928157
334521.484375,1.113037109375,153.466796875,0.36469726562500004,0.27973632812500004,10845.801830291748,7011.71875,0.20422786455312583,1.0000706689922545,5.656036621864258e-5,359.39230716354643,0.20422786455312583,1.0000706689922545,1.0000706689922545
334594.7265625,1.3924560546875,86.4794921875,0.1084228515625,0.22399902343750003,160553.80141735077,7634.765625,0.2039762322941856,1.0000890007088419,8.153116897661183e-5,287.14577248703364,0.2039762322941856,1.0000890007088419,1.0000890007088419
334814.453125,1.486572265625,350.361328125,0.330419921875,0.31401367187500007,32013.52834701538,8503.90625,0.27891515885508705,0.9996768170388389,4.854413966471048e-5,388.3363424944757,0.27891515885508705,0.9996768170388389,0.9996768170388389
335107.421875,1.860107421875,122.255859375,0.167236328125,0.32954101562500004,121961.15446090698,4027.34375,0.23916569920247233,0.9996477118724635,7.922619900481564e-5,355.6548395960355,0.23916569920247233,0.9996477118724635,0.9996477118724635
335180.6640625,0.6453857421875,223.9404296875,0.36213378906250004,0.16013183593750002,52824.28443431854,4650.390625,0.1935659313087692,1.0000355171816602,3.75538080178107e-5,381.0205977285637,0.1935659313087692,1.0000355171816602,1.0000355171816602
335400.390625,0.739501953125,296.572265625,0.132958984375,0.376708984375,103166.2917137146,3519.53125,0.24256894673833887,0.9994654242322634,3.455787493513088e-5,351.57160793364505,0.24256894673833887,0.9994654242322634,0.9994654242322634
335473.6328125,1.7659912109375,367.7099609375,0.3940673828125001,0.1334716796875,70290.2764081955,3142.578125,0.25788466718909436,0.9989422371297497,5.4314464501636e-5,527.5828072200571,0.25788466718909436,0.9989422371297497,0.9989422371297497
335693.359375,1.388427734375,234.482421875,0.23461914062500003,0.105126953125,150735.78596115112,4855.46875,0.24817614328311116,0.9995711852092586,5.305116770147645e-5,371.2535562758096,0.24817614328311116,0.9995711852092586,0.9995711852092586
335766.6015625,1.1053466796875,345.4638671875,0.2736572265625,0.38688964843750007,18640.795588493347,4478.515625,0.26893726585494215,0.9995050889159056,4.0473657290965644e-5,411.0981794569735,0.26893726585494215,0.9995050889159056,0.9995050889159056
335986.328125,1.011962890625,102.001953125,0.202685546875,0.151123046875,131253.41939926147,3347.65625,0.19101412696539163,0.9997510230647841,6.825859087559012e-5,353.8873631021478,0.19101412696539163,0.9997510230647841,0.9997510230647841
336059.5703125,1.4818115234375,158.5302734375,0.30793457031250004,0.3567138671875001,38536.86225414276,3970.703125,0.22790824638132112,0.9997946719896235,6.395266224894369e-5,410.63508501214324,0.22790824638132112,0.9997946719896235,0.9997946719896235
336279.296875,0.635498046875,373.271484375,0.299658203125,0.21118164062500003,65232.837200164795,7871.09375,0.22753175563534986,0.9996591887958262,2.8736935445545986e-5,346.1196201018989,0.22753175563534986,0.9996591887958262,0.9996591887958262
336352.5390625,1.8582763671875,312.9248046875,0.1898681640625,0.30427246093750004,113373.30710887909,7494.140625,0.3253301026793479,0.9993204189143673,5.8137329896559244e-5,348.6398676031961,0.3253301026793479,0.9993204189143673,0.9993204189143673
336572.265625,1.764892578125,218.212890625,0.26772460937500003,0.23256835937500003,83561.37990951538,8363.28125,0.2610767320677072,0.9998366901584707,6.250533159838833e-5,352.66717287354993,0.2610767320677072,0.9998366901584707,0.9998366901584707
336645.5078125,0.7288818359375,106.0693359375,0.22414550781250003,0.2518310546875,95773.33152294159,8986.328125,0.1816527353974347,1.0002774398059042,6.024090836774575e-5,288.9840239008653,0.1816527353974347,1.0002774398059042,1.0002774398059042
336865.234375,1.640380859375,326.123046875,0.17954101562500002,0.366455078125,44499.656200408936,9699.21875,0.323491945867987,0.9996993810051195,5.278561319619779e-5,328.5823991883137,0.323491945867987,0.9996993810051195,0.9996993810051195
336938.4765625,0.7947998046875,269.7607421875,0.2935791015625,0.12321777343750001,135585.82961559296,9072.265625,0.2153664353420663,1.0001522873664868,3.7227909099325416e-5,327.1928006939881,0.2153664353420663,1.0001522873664868,1.0001522873664868
337158.203125,0.513916015625,172.392578125,0.220263671875,0.33979492187500004,23873.26955795288,6191.40625,0.18698687524882554,1.0002427064948232,4.08113875461798e-5,317.70927967965133,0.18698687524882554,1.0002427064948232,1.0002427064948232
337231.4453125,1.9212646484375,61.5771484375,0.25051269531250003,0.17038574218750002,154016.86561107635,6564.453125,0.19332484363655647,0.9999553226253044,0.0001077002394037283,322.98066380564165,0.19332484363655647,0.9999553226253044,0.9999553226253044
337451.171875,0.887451171875,273.662109375,0.282080078125,0.31782226562500004,90016.39127731323,2714.84375,0.2303263441620984,0.9999154773781453,3.9407336214597325e-5,433.7499829283144,0.2303263441620984,0.9999154773781453,0.9999154773781453
337524.4140625,1.5477294921875,385.9716796875,0.24729003906250002,0.1859130859375,78710.87348461151,2087.890625,0.29715791338635644,0.9985682499304057,4.885655152234642e-5,481.31331615472,0.29715791338635644,0.9985682499304057,0.9985682499304057
337744.140625,1.266845703125,139.853515625,0.32280273437500007,0.27592773437500007,110934.00716781616,5207.03125,0.20820557164367126,0.9998381241471135,6.293585626549788e-5,375.7484428791915,0.20820557164367126,0.9998381241471135,0.9998381241471135
337817.3828125,1.1683349609375,200.3662109375,0.20422363281250003,0.22019042968750002,60727.410197257996,5580.078125,0.23348490640799557,0.9998014942382026,5.1565968577551285e-5,345.05756157165683,0.23348490640799557,0.9998014942382026,0.9998014942382026
338037.109375,0.861083984375,77.763671875,0.34477539062500007,0.24809570312500004,145020.911693573,2417.96875,0.1740292232189171,0.9998753693182,7.723683937715515e-5,393.94933202576675,0.1740292232189171,0.9998753693182,0.9998753693182
338110.3515625,1.7030029296875,178.1201171875,0.1635009765625,0.26735839843750003,28891.566157341003,2791.015625,0.25978502609087945,0.9994850434694009,6.604564543438076e-5,385.6423870097528,0.25978502609087945,0.9994850434694009,0.9994850434694009
338330.078125,1.984619140625,253.408203125,0.3878417968750001,0.19565429687500002,164621.3240623474,5910.15625,0.2515120156171392,0.9995095474259316,6.482774554496057e-5,438.63033787426286,0.2515120156171392,0.9995095474259316,0.9995095474259316
338403.3203125,0.5794677734375,320.5615234375,0.12277832031250001,0.28874511718750007,12926.861643791199,5283.203125,0.22807535532243287,0.9999977339522533,2.9804625910382038e-5,320.85915708483964,0.22807535532243287,0.9999977339522533,0.9999977339522533
338623.046875,1.608154296875,195.302734375,0.109814453125,0.143212890625,72900.76017379761,9433.59375,0.27245915760767814,1.0000089573275355,6.140269153351825e-5,291.110555947189,0.27245915760767814,1.0000089573275355,1.0000089573275355
338696.2890625,0.9559326171875,124.3310546875,0.37971191406250004,0.34880371093750007,103716.44675731659,9806.640625,0.19104549151564826,1.000320740992026,5.9710048427987344e-5,322.9571353991289,0.19104549151564826,1.000320740992026,1.000320740992026
338916.015625,1.237548828125,390.869140625,0.152880859375,0.113037109375,51606.271266937256,6925.78125,0.30107674732879514,0.99962655205003,4.1768790171913554e-5,329.50874196642314,0.30107674732879514,0.99962655205003,0.99962655205003
338989.2578125,1.3265380859375,289.3505859375,0.3389892578125,0.3947998046875001,121962.25821971893,6298.828125,0.25980263895010874,0.9997111948682292,4.81409495021102e-5,409.55586443757676,0.25980263895010874,0.9997111948682292,0.9997111948682292
339208.984375,1.464599609375,95.029296875,0.275634765625,0.18129882812500003,99444.251537323,6136.71875,0.19815075777740981,0.9999946548421053,8.023142008194044e-5,339.0269097234379,0.19815075777740981,0.9999946548421053,0.9999946548421053
339282.2265625,0.9940185546875,166.1669921875,0.23498535156250003,0.31306152343750004,68440.73379039764,6509.765625,0.21375554460469984,1.0000125409304963,5.235854057298055e-5,335.1478616768972,0.21375554460469984,1.0000125409304963,1.0000125409304963
339501.953125,1.088134765625,238.798828125,0.306982421875,0.22495117187500002,120885.59865951538,9628.90625,0.22821886265396094,1.0001677594895282,4.6076034828726394e-5,338.2592478711193,0.22821886265396094,1.0001677594895282,1.0001677594895282
339794.921875,0.711669921875,212.568359375,0.190673828125,0.137353515625,33870.12052536011,5152.34375,0.2072090273684607,0.9999170914615968,4.041451103201607e-5,333.4671677317253,0.2072090273684607,0.9999170914615968,0.9999170914615968
339868.1640625,1.7469482421875,112.3779296875,0.30119628906250007,0.38044433593750004,149182.30140209198,5525.390625,0.21862218090890378,0.9999477453194362,8.005765938722053e-5,374.3733006900362,0.21862218090890378,0.9999477453194362,0.9999477453194362
340087.890625,1.841064453125,376.259765625,0.22202148437500002,0.156396484375,12698.304653167725,2644.53125,0.31811231039505666,0.998023852496023,5.5391807841987924e-5,447.97232399636215,0.31811231039505666,0.998023852496023,0.998023852496023
340161.1328125,0.6175537109375,309.2724609375,0.26750488281250007,0.3256591796875,167741.79923534393,2017.578125,0.21707666382371987,0.9995522670580982,3.1508458045248036e-5,441.4435992290421,0.21707666382371987,0.9995522670580982,0.9995522670580982
340380.859375,1.036865234375,356.669921875,0.108056640625,0.35356445312500007,78543.95246505737,5980.46875,0.2929859373777644,0.9996611170034416,3.86201676163156e-5,322.5218326894824,0.2929859373777644,0.9996611170034416,0.9996611170034416
340454.1015625,1.5037841796875,244.5263671875,0.36271972656250007,0.1478271484375,89199.11468029022,5353.515625,0.234324546983308,0.9997413106852114,5.5111399862724056e-5,418.83057785288395,0.234324546983308,0.9997413106852114,0.9997413106852114
340673.828125,1.410400390625,149.814453125,0.141748046875,0.39018554687500007,56815.431118011475,2472.65625,0.23614501218262074,0.9995378714966913,6.4526159413776e-5,378.3735050808999,0.23614501218262074,0.9995378714966913,0.9995378714966913
340747.0703125,1.1302490234375,89.4677734375,0.33137207031250004,0.1082763671875,108818.50898265839,2845.703125,0.18193775145493346,0.9998264348124153,7.66664056541072e-5,395.0642825682398,0.18193775145493346,0.9998264348124153,0.9998264348124153
340966.796875,1.783935546875,304.208984375,0.360595703125,0.25336914062500004,139590.04545211792,6996.09375,0.2675804354739979,0.9995289438981148,5.7491648541085434e-5,419.1181844544933,0.2675804354739979,0.9995289438981148,0.9995289438981148
341040.0390625,0.7567138671875,360.7373046875,0.1664306640625,0.23395996093750002,45282.83774852753,6369.140625,0.2507803842014983,1.000041555061564,3.2203745613587626e-5,330.2455525849903,0.2507803842014983,1.000041555061564,1.000041555061564
341259.765625,0.663330078125,117.275390625,0.394287109375,0.30288085937500003,158276.7424583435,9488.28125,0.18119657705204378,1.0004347561122344,5.5893781161986105e-5,308.13563518176113,0.18119657705204378,1.0004347561122344,1.0004347561122344
341333.0078125,1.8773193359375,228.2568359375,0.13508300781250002,0.2096435546875,29608.643412590027,9861.328125,0.29840917291579583,0.9998633637072716,6.42072384324896e-5,304.8218158385973,0.29840917291579583,0.9998633637072716,0.9998633637072716
341552.734375,0.585693359375,257.060546875,0.16547851562500002,0.17426757812500002,117632.98749923706,8574.21875,0.2098870439788878,1.000355595337314,3.3708751667974937e-5,297.289975032375,0.2098870439788878,1.000355595337314,1.000355595337314
341625.9765625,1.9901123046875,317.5732421875,0.34514160156250007,0.34353027343750003,68662.04726696014,8197.265625,0.29404320276096824,0.9993083822758098,6.110605202202606e-5,411.2685353474535,0.29404320276096824,0.9993083822758098,0.9993083822758098
341845.703125,1.709228515625,71.455078125,0.12182617187500001,0.11948242187500001,99155.6487083435,7066.40625,0.20168725888984634,1.0000559209933049,9.732411026279047e-5,295.429257439371,0.20168725888984634,1.0000559209933049,1.0000559209933049
341918.9453125,0.8665771484375,183.7646484375,0.3864501953125,0.3625732421875001,87371.28150463104,7689.453125,0.20198188324664895,1.0000929058609065,4.721315810944087e-5,358.88810680489183,0.20198188324664895,1.0000929058609065,1.0000929058609065
342138.671875,1.332763671875,395.849609375,0.3805175781250001,0.21938476562500003,15774.631023406982,3589.84375,0.2569855694212295,0.9992066105890599,4.4076644018586266e-5,497.02197941720533,0.2569855694212295,0.9992066105890599,0.9992066105890599
342211.9140625,1.2430419921875,285.0341796875,0.1113525390625,0.27497558593750004,151226.04072093964,3212.890625,0.28301527596715864,0.9993735657027639,4.682507798105861e-5,356.7930626095776,0.28301527596715864,0.9993735657027639,0.9993735657027639
342431.640625,0.962158203125,187.666015625,0.33686523437500004,0.18686523437500002,36317.30794906616,4082.03125,0.20491299976454766,1.0000238390351903,4.90788248929416e-5,398.8766525959898,0.20491299976454766,1.0000238390351903,1.0000238390351903
342504.8828125,1.6136474609375,131.3037109375,0.15266113281250002,0.31862792968750003,131201.37870311737,4705.078125,0.2344142035181533,0.999671043457993,7.266154489428437e-5,341.47930553747034,0.2344142035181533,0.999671043457993,0.999671043457993
342724.609375,1.915771484375,168.076171875,0.293212890625,0.290283203125,55240.18049240112,3292.96875,0.24523280420530594,0.9995177107739952,7.238439739694031e-5,437.2646659751767,0.24523280420530594,0.9995177107739952,0.9995177107739952
342797.8515625,0.5076904296875,66.5576171875,0.17756347656250002,0.19704589843750003,127033.94591808319,3916.015625,0.1639067122796268,1.0000328233398101,7.885537337748475e-5,321.35667734746704,0.1639067122796268,1.0000328233398101,1.0000328233398101
343017.578125,0.789306640625,333.095703125,0.25190429687500004,0.265966796875,75691.54500961304,4785.15625,0.2358978573826635,0.9997005728610291,3.4237592735796234e-5,378.88811187909477,0.2358978573826635,0.9997005728610291,0.9997005728610291
343090.8203125,1.6341552734375,262.1240234375,0.22121582031250003,0.24655761718750002,108828.15253734589,4408.203125,0.2774518403501783,0.9994140050905228,5.687602775453435e-5,391.29549626271057,0.2774518403501783,0.9994140050905228,0.9994140050905228
343310.546875,1.162841796875,136.865234375,0.24575195312500003,0.39165039062500007,162482.97452926636,8308.59375,0.21125625157263261,1.000194870533382,6.168545256240655e-5,323.6720549590209,0.21125625157263261,1.000194870533382,1.000194870533382
343383.7890625,1.2606201171875,204.0185546875,0.28127441406250003,0.1097412109375,10640.305399894714,8931.640625,0.22534173052762294,0.9999225069202177,5.338134300379055e-5,334.00299823650215,0.22534173052762294,0.9999225069202177,0.9999225069202177
343603.515625,1.542236328125,279.306640625,0.20444335937500002,0.35209960937500007,142573.06814193726,7800.78125,0.289115262351652,0.9997834023979285,5.36135660021756e-5,347.8842408503675,0.289115262351652,0.9997834023979285,0.9997834023979285
343676.7578125,0.8812255859375,379.6630859375,0.3249267578125,0.1463623046875,28898.873209953308,7423.828125,0.23521276361907822,0.9997558937393719,3.44156986882432e-5,372.4012170925737,0.23521276361907822,0.9997558937393719,0.9997558937393719
343896.484375,0.597412109375,142.841796875,0.186572265625,0.34536132812500003,97579.6275138855,4761.71875,0.18672044212841254,0.9999126005456573,4.8713257955261155e-5,329.6150853357783,0.18672044212841254,0.9999126005456573,0.9999126005456573
343969.7265625,1.8143310546875,203.3544921875,0.3052978515625,0.13962402343750002,86343.5047864914,4384.765625,0.2430271169168492,0.9995789282361778,6.584700918480811e-5,416.7827508052342,0.2430271169168492,0.9995789282361778,0.9995789282361778
344189.453125,1.720947265625,275.986328125,0.22729492187500003,0.39838867187500004,117930.45949935913,3253.90625,0.2963434119144681,0.9989849552915855,5.791886202215375e-5,429.4716023029737,0.2963434119144681,0.9989849552915855,0.9989849552915855
344482.421875,1.344482421875,175.380859375,0.270361328125,0.263916015625,39015.84196090698,7777.34375,0.22727790005720191,1.000067900519306,5.886698718701737e-5,344.7256271152364,0.22727790005720191,1.000067900519306,1.000067900519306
344555.6640625,1.0672607421875,64.5654296875,0.24025878906250003,0.24450683593750003,133433.41529369354,7400.390625,0.17901127689492494,1.0001723922509893,9.055293331904875e-5,302.3604703588484,0.17901127689492494,1.0001723922509893,1.0001723922509893
344775.390625,0.973876953125,328.447265625,0.31108398437500007,0.292333984375,20690.5837059021,8269.53125,0.244578264960744,0.9997580740851412,3.8516385339366686e-5,364.86273534349175,0.244578264960744,0.9997580740851412,0.9997580740851412
344848.6328125,1.4378662109375,272.0849609375,0.1971923828125,0.1990966796875,152262.322306633,8892.578125,0.2728920716825814,1.000002643244997,5.174332615871174e-5,328.9751553558156,0.2728920716825814,1.000002643244997,1.000002643244997
345068.359375,1.904052734375,393.857421875,0.35649414062500007,0.189501953125,77622.68781661987,7105.46875,0.2834075193951156,0.9989035722138294,5.646448326387819e-5,429.0550966619498,0.2834075193951156,0.9989035722138294,0.9989035722138294
345141.6015625,0.6834716796875,292.3388671875,0.1705322265625,0.3212646484375,109587.84759044647,7728.515625,0.23062089267658709,0.9998946552448694,3.377887891177373e-5,316.35868603379555,0.23062089267658709,0.9998946552448694,0.9998946552448694
345361.328125,0.777587890625,197.626953125,0.3995605468750001,0.21674804687500002,59152.528285980225,8597.65625,0.20066626545125613,0.9997702113689592,4.371541188935663e-5,344.86465334341113,0.20066626545125613,0.9997702113689592,0.9997702113689592
345434.5703125,1.8099365234375,126.6552734375,0.1298095703125,0.2723388671875,130267.84980297089,8220.703125,0.2414503798288858,1.0001381955586655,7.781019805212754e-5,303.9460011516294,0.2414503798288858,1.0001381955586655,1.0001381955586655
345654.296875,1.151123046875,256.396484375,0.102783203125,0.12680664062500002,143583.6672782898,4121.09375,0.26249906952238733,0.9995509946876041,4.6763413414827375e-5,334.8566819623312,0.26249906952238733,0.9995509946876041,0.9995509946876041
345727.5390625,1.4364013671875,323.5498046875,0.36799316406250004,0.3698974609375001,26210.58738231659,4744.140625,0.26551555807718985,0.999397909630532,4.924190759367673e-5,462.1353609510499,0.26551555807718985,0.999397909630532,0.999397909630532
345947.265625,1.530517578125,80.087890625,0.14584960937500002,0.16694335937500002,162636.69729232788,3613.28125,0.19969978692036003,0.9998641514831862,9.009521212111589e-5,342.33593263136936,0.19969978692036003,0.9998641514831862,0.9998641514831862
346020.5078125,1.0570068359375,180.4443359375,0.3272705078125,0.33620605468750003,5516.007304191589,3236.328125,0.21243172801263546,0.9995733610044691,5.243898715592427e-5,425.7071570343092,0.21243172801263546,0.9995733610044691,0.9995733610044691
346240.234375,1.593505859375,294.248046875,0.37641601562500004,0.30083007812500007,119868.79682540894,2449.21875,0.25741154611317507,0.9991432585481836,5.431298105539034e-5,539.1158207431014,0.25741154611317507,0.9991432585481836,0.9991432585481836
346313.4765625,0.9354248046875,365.3857421875,0.11545410156250001,0.20759277343750002,47526.74758434296,2822.265625,0.2751525443209945,0.9993533264030751,3.640017925616966e-5,365.9059372786922,0.2751525443209945,0.9993533264030751,0.9993533264030751
346533.203125,1.217041015625,119.267578125,0.342138671875,0.25541992187500007,102594.58303451538,5941.40625,0.19664801559623113,1.0001010506653072,6.789230740414167e-5,362.30301510843714,0.19664801559623113,1.0001010506653072,1.0001010506653072
346606.4453125,1.3118896484375,220.9521484375,0.1473876953125,0.23601074218750004,68925.43494701385,5314.453125,0.2599782498145056,0.9994092115308983,5.319229377622415e-5,338.85565997357014,0.2599782498145056,0.9994092115308983,0.9994092115308983
346826.171875,0.840576171875,348.037109375,0.160205078125,0.3834472656250001,18831.027507781982,9464.84375,0.2607475926873753,1.0000826721376228,3.472521238109434e-5,312.92152349620414,0.2607475926873753,1.0000826721376228,1.0000826721376228
346899.4140625,1.6883544921875,247.8466796875,0.35041503906250004,0.10153808593750001,171971.76826000214,9837.890625,0.24008114680684614,0.9999428639500904,5.908119893527846e-5,364.45808505268496,0.24008114680684614,0.9999428639500904,0.9999428639500904
347119.140625,1.969970703125,150.478515625,0.12592773437500002,0.36030273437500004,36486.68050765991,6957.03125,0.26526528052758963,0.9997459639577359,7.649553094684082e-5,319.88781777203695,0.26526528052758963,0.9997459639577359,0.9997459639577359
347192.3828125,0.5589599609375,83.4912109375,0.3823486328125001,0.1545654296875,151667.01591014862,6330.078125,0.16486893555227047,1.0005835967398167,6.885359485735506e-5,316.7338853804894,0.16486893555227047,1.0005835967398167,1.0005835967398167
347412.109375,0.907958984375,215.888671875,0.24165039062500002,0.16372070312500003,62932.288646698,9667.96875,0.21754145508999212,1.000021958909466,4.4667510669168584e-5,313.6696573564211,0.21754145508999212,1.000021958909466,1.000021958909466
347485.3515625,1.5623779296875,103.7451171875,0.2853759765625,0.3329833984375,112100.1843214035,9041.015625,0.20761551067103165,1.0002692303415202,7.969899121493237e-5,326.53787294557384,0.20761551067103165,1.0002692303415202,1.0002692303415202
347705.078125,1.281494140625,370.283203125,0.20971679687500003,0.130029296875,80098.74105453491,6160.15625,0.2811251297038879,0.9996634606299573,4.39045417952209e-5,362.21942625808333,0.2811251297038879,0.9996634606299573,0.9996634606299573
347778.3203125,1.1888427734375,309.9365234375,0.31965332031250004,0.37312011718750004,92785.2600812912,6533.203125,0.25609291908576365,0.9998040916522606,4.444504822299893e-5,399.05809661748106,0.25609291908576365,0.9998040916522606,0.9998040916522606
347998.046875,1.655029296875,99.677734375,0.287939453125,0.227587890625,161702.45695114136,2683.59375,0.20425544885051253,0.9996391824195515,8.394757159951063e-5,416.79768654667663,0.20425544885051253,0.9996391824195515,0.9996391824195515
348071.2890625,0.8153076171875,156.2060546875,0.18283691406250002,0.2831787109375,22672.287821769714,2056.640625,0.20029925196391057,0.9995745098637153,5.143391785538911e-5,392.93830855703436,0.20029925196391057,0.9995745098637153,0.9995745098637153
348291.015625,0.534423828125,231.494140625,0.25600585937500003,0.17866210937500002,141391.122341156,5175.78125,0.19385923031886126,0.999769821500971,3.5263280904982425e-5,344.9513014418479,0.19385923031886126,0.999769821500971,0.999769821500971
348364.2578125,1.9359130859375,342.4755859375,0.21711425781250002,0.3104248046875,46019.17350292206,5548.828125,0.3296816156365418,0.9985805191321506,5.89178018966931e-5,391.7792738485853,0.3296816156365418,0.9985805191321506,0.9985805191321506
348583.984375,1.792724609375,190.654296875,0.17250976562500003,0.115673828125,23072.608470916748,5886.71875,0.26072948298309984,0.9997655379818678,6.705283622534047e-5,342.6252539892525,0.26072948298309984,0.9997655379818678,0.9997655379818678
348657.2265625,0.7596435546875,134.2919921875,0.35686035156250007,0.3974365234375,159262.66372203827,5259.765625,0.18636736328173648,1.0001030294214708,5.470241056240277e-5,363.3969985906661,0.18636736328173648,1.0001030294214708,1.0001030294214708
348876.953125,0.666259765625,398.173828125,0.12885742187500002,0.14057617187500002,41277.13918685913,2378.90625,0.2476314071004566,0.9993812684996264,2.9319243844711965e-5,377.2697314605754,0.2476314071004566,0.9993812684996264,0.9993812684996264
348950.1953125,1.8861083984375,287.3583984375,0.3981689453125,0.3461669921875,138881.11579418182,2751.953125,0.2679238101036774,0.9990114462961043,6.116756663016497e-5,553.6995600483291,0.2679238101036774,0.9990114462961043,0.9990114462961043
349169.921875,1.039794921875,74.443359375,0.3687988281250001,0.20297851562500002,114733.40177536011,6902.34375,0.17505307989166125,1.0001352393808278,8.40350482951917e-5,327.55073523832726,0.17505307989166125,1.0001352393808278,1.0001352393808278
349243.1640625,1.5125732421875,186.7529296875,0.1043212890625,0.29606933593750007,63938.89319896698,6275.390625,0.2614677220428034,0.999678563514633,6.146810613290757e-5,316.7955172393053,0.2614677220428034,0.999678563514633,0.999678563514633
349462.890625,1.419189453125,259.384765625,0.32514648437500004,0.24077148437500004,96826.11227035522,9394.53125,0.24611382691447106,1.0004586071056354,5.249548308055942e-5,364.0641818524587,0.24611382691447106,1.0004586071056354,1.0004586071056354
349536.1328125,1.1331787109375,319.8974609375,0.1456298828125,0.26003417968750003,84815.40763378143,9767.578125,0.2779798925094229,1.0000189921171587,4.261691104898192e-5,309.7456427744877,0.2779798925094229,1.0000189921171587,1.0000189921171587
349755.859375,0.708740234375,282.294921875,0.304931640625,0.26918945312500003,170348.82307052612,6230.46875,0.21490269621353236,0.9999608027879768,3.539455663307337e-5,365.2905953475999,0.21490269621353236,0.9999608027879768,0.9999608027879768
349829.1015625,1.7381591796875,382.6513671875,0.18459472656250003,0.21345214843750002,13301.440119743347,6603.515625,0.33186888630572436,0.998772191813359,5.3158638165867584e-5,360.93575849333814,0.33186888630572436,0.998772191813359,0.998772191813359
350048.828125,1.832275390625,139.189453125,0.26362304687500004,0.324560546875,151052.43062973022,9722.65625,0.23484783120325603,1.000091707659401,7.585958616242176e-5,334.22102547890927,0.23484783120325603,1.000091707659401,1.000091707659401
350122.0703125,0.6146240234375,206.3427734375,0.22824707031250002,0.19265136718750003,36283.87153148651,9095.703125,0.19666893101194138,1.0003479511774236,3.9489225450321e-5,304.1560792400062,0.19666893101194138,1.0003479511774236,1.0003479511774236
350341.796875,1.455810546875,336.083984375,0.23872070312500002,0.337744140625,52788.53178024292,5246.09375,0.29090066429521105,0.9993459491953812,4.9251258465428564e-5,397.1109339565924,0.29090066429521105,0.9993459491953812,0.9993459491953812
350415.0390625,0.9910888671875,265.1123046875,0.26955566406250003,0.1683349609375,125316.40708446503,5619.140625,0.22842101736754852,0.9997936391548707,4.286841202172701e-5,371.3061372671193,0.22842101736754852,0.9997936391548707,0.9997936391548707
350634.765625,1.085205078125,170.400390625,0.19741210937500003,0.368505859375,70404.794216156,2738.28125,0.2280775721247537,1.0000508284713117,5.496859864783703e-5,391.39494077782643,0.2280775721247537,1.0000508284713117,1.0000508284713117
350708.0078125,1.3616943359375,68.8818359375,0.3132080078125,0.1252685546875,104593.50669384003,2111.328125,0.18014382642328483,0.9996417840191014,9.512068041442623e-5,412.8303682699976,0.18014382642328483,0.9996417840191014,0.9996417840191014
350927.734375,1.195068359375,373.935546875,0.287353515625,0.23989257812500003,27615.40937423706,3324.21875,0.2646035960271494,0.9991971584237306,4.21108261914724e-5,451.00839352383707,0.2646035960271494,0.9991971584237306,0.9991971584237306
351000.9765625,1.2869873046875,306.9482421875,0.24201660156250002,0.2591552734375,148150.81679821014,3947.265625,0.26524699163458504,0.9993232408764952,4.704430309018551e-5,409.28589459813116,0.26524699163458504,0.9993232408764952,0.9993232408764952
351220.703125,1.568603515625,209.580078125,0.318701171875,0.20385742187500003,10070.321559906006,4816.40625,0.23656547530640096,0.9996205880946182,6.036302386914717e-5,413.0422830787049,0.23656547530640096,0.9996205880946182,0.9996205880946182
351293.9453125,0.9134521484375,109.3896484375,0.20832519531250002,0.29694824218750004,168248.60084056854,4439.453125,0.18922644601703803,0.999929609303065,6.55339647646959e-5,342.9995560226552,0.18922644601703803,0.999929609303065,0.999929609303065
351513.671875,1.942138671875,236.474609375,0.183642578125,0.15375976562500002,109460.36100387573,8339.84375,0.28636636039392677,0.9997143433718177,6.574339870389656e-5,334.3601737844015,0.28636636039392677,0.9997143433718177,0.9997143433718177
351586.9140625,0.5399169921875,338.1591796875,0.28947753906250007,0.3593505859375,77837.52143383026,8962.890625,0.21460990615948466,1.000229508960593,2.8626239695819003e-5,334.7140153675489,0.21460990615948466,1.000229508960593,1.000229508960593
351806.640625,0.821533203125,92.041015625,0.21499023437500003,0.102490234375,129535.99691390991,7832.03125,0.17857211659978964,1.000422588835854,7.019459971885387e-5,297.7226733911696,0.17857211659978964,1.000422588835854,1.000422588835854
351879.8828125,1.6605224609375,163.1787109375,0.25578613281250007,0.3842529296875,56445.671916007996,7455.078125,0.24177877027139524,1.0002483440209955,6.819246596974817e-5,356.18682490418337,0.24177877027139524,1.0002483440209955,1.0002483440209955
352099.609375,1.306396484375,114.951171875,0.11508789062500001,0.3746582031250001,138835.15119552612,8542.96875,0.21454045920097714,1.0003081576981248,7.133348072175868e-5,294.63486625706537,0.21454045920097714,1.0003081576981248,1.0003081576981248
352172.8515625,1.2108154296875,225.9326171875,0.37443847656250007,0.13142089843750002,42397.83751964569,8166.015625,0.2159519608839406,1.0001615005449498,5.081270976132091e-5,371.13020369251655,0.2159519608839406,1.0001615005449498,1.0001615005449498
352392.578125,0.929931640625,301.220703125,0.14877929687500002,0.33159179687500007,158272.47762680054,7035.15625,0.25486670318789995,0.9999487295852831,3.9298964047224424e-5,326.64561579064673,0.25486670318789995,0.9999487295852831,0.9999487295852831
352465.8203125,1.5872802734375,357.7490234375,0.34309082031250004,0.16218261718750002,23420.925974845886,7658.203125,0.26350134790093055,0.9997992841532474,5.132195331384917e-5,404.3773919140308,0.26350134790093055,0.9997992841532474,0.9997992841532474
352685.546875,0.553466796875,147.490234375,0.34887695312500006,0.30727539062500003,85647.95255661011,3558.59375,0.17799308246298487,0.9999184456019947,4.792926539414838e-5,379.41557694580814,0.17799308246298487,0.9999184456019947,0.9999184456019947
352758.7890625,1.9637451171875,87.1435546875,0.15939941406250002,0.17536621093750002,97011.18552684784,3181.640625,0.21467203714662453,0.9996638828760924,9.61619978890361e-5,363.4313241362458,0.21467203714662453,0.9996638828760924,0.9996638828760924
352978.515625,1.682861328125,353.681640625,0.382568359375,0.286474609375,64926.278591156006,4050.78125,0.27023854747477205,0.999018579085308,5.3655549868907325e-5,500.65472402996477,0.27023854747477205,0.999018579085308,0.999018579085308
353051.7578125,0.8343505859375,241.5380859375,0.1280517578125,0.23073730468750003,118416.72599315643,4673.828125,0.22899388624234604,0.9997593307580737,4.138673145720813e-5,334.8996852142043,0.22899388624234604,0.9997593307580737,0.9997593307580737
353271.484375,1.394287109375,344.716796875,0.308447265625,0.148486328125,148807.83796310425,6511.71875,0.2586843034224745,0.9997814281437408,4.768721197321874e-5,398.2626474045178,0.2586843034224745,0.9997814281437408,0.9997814281437408
353344.7265625,1.1112060546875,235.2294921875,0.20217285156250003,0.3552490234375001,30907.68325328827,6134.765625,0.24313793156083877,1.0001264231842037,4.797591171047725e-5,351.0183161192617,0.24313793156083877,1.0001264231842037,1.0001264231842037
353564.453125,1.017822265625,159.111328125,0.274169921875,0.10776367187500001,170146.46291732788,9003.90625,0.20384686033399205,0.9998570010794209,5.5108543097960445e-5,319.10201712520774,0.20384686033399205,0.9998570010794209,0.9998570010794209
353857.421875,0.641357421875,313.505859375,0.22348632812500002,0.23579101562500002,75577.60953903198,5527.34375,0.21963890117183926,1.0000881577961758,3.234748613604472e-5,352.5293240115633,0.21963890117183926,1.0000881577961758,1.0000881577961758
353930.6640625,1.8641357421875,372.6904296875,0.26838378906250004,0.2538818359375,109640.38550853729,5150.390625,0.30999560944995924,0.9984632973449609,5.6545467769589645e-5,424.3343754789616,0.30999560944995924,0.9984632973449609,0.9984632973449609
354150.390625,1.770751953125,105.322265625,0.189208984375,0.20795898437500002,53561.7995262146,2019.53125,0.21713858407998485,0.9994257587916441,8.510989507152189e-5,408.44031530479805,0.21713858407998485,0.9994257587916441,0.9994257587916441
354223.6328125,0.7347412109375,218.9599609375,0.30031738281250003,0.3022216796875,128340.50834178925,2642.578125,0.20372153929236306,0.9995241406551795,4.151094694771437e-5,424.6258894334555,0.20372153929236306,0.9995241406551795,0.9995241406551795
354443.359375,1.107177734375,85.732421875,0.140869140625,0.311376953125,41021.06428146362,5355.46875,0.19036625530910295,1.000086033635553,7.979496536517921e-5,318.1990094590483,0.19036625530910295,1.000086033635553,1.000086033635553
354516.6015625,1.3865966796875,154.2138671875,0.32990722656250004,0.18063964843750002,138578.17351818085,5978.515625,0.21082783170075306,0.9998602469268382,6.427648881232039e-5,376.71677946313014,0.21082783170075306,0.9998602469268382,0.9998602469268382
354736.328125,1.480712890625,250.751953125,0.10893554687500001,0.28237304687500003,18442.018032073975,2847.65625,0.2895715606969847,0.9989190436742639,5.5062561433635716e-5,368.39662116898404,0.2895715606969847,0.9989190436742639,0.9989190436742639
354809.5703125,1.0130615234375,349.7802734375,0.36418457031250007,0.22546386718750003,159595.33393383026,2470.703125,0.23469409650993195,0.9992969316651059,3.917830193384031e-5,506.4184781964152,0.23469409650993195,0.9992969316651059,0.9992969316651059
355029.296875,1.854248046875,224.521484375,0.393408203125,0.37993164062500007,99714.5266532898,6371.09375,0.25337194276379843,0.999693170694417,6.531005020189393e-5,439.25078837417766,0.25337194276379843,0.999693170694417,0.999693170694417
355102.5390625,0.6395263671875,121.6748046875,0.13361816406250002,0.1355224609375,87400.83396434784,6994.140625,0.18363028036042522,0.999933035337835,5.6031455958171196e-5,295.7724246787251,0.18363028036042522,0.999933035337835,0.999933035337835
355322.265625,0.733642578125,366.962890625,0.3614746093750001,0.32631835937500003,120226.41897201538,9863.28125,0.22730827754008914,1.0000397769153873,3.194287769660027e-5,361.7946318261225,0.22730827754008914,1.0000397769153873,1.0000397769153873
355395.5078125,1.7601318359375,297.3193359375,0.1678955078125,0.1580810546875,69567.70408153534,9486.328125,0.3046000430635163,0.9996130621178895,5.775528001624241e-5,326.1780219175707,0.3046000430635163,0.9996130621178895,0.9996130621178895
355615.234375,0.796630859375,177.373046875,0.12329101562500001,0.19770507812500002,161989.64643478394,8199.21875,0.21214821561798253,0.9999849923297166,4.75713432711649e-5,295.5527461176247,0.21214821561798253,0.9999849923297166,0.9999849923297166
355688.4765625,1.6385498046875,78.5107421875,0.3873291015625,0.2919677734375,26549.147486686707,8572.265625,0.1900901807833699,1.0002692604476606,9.403756296272024e-5,340.9705374155797,0.1900901807833699,1.0002692604476606,1.0002692604476606
355908.203125,1.920166015625,321.142578125,0.16401367187500002,0.24604492187500002,143286.35549545288,7691.40625,0.33102415324761,0.9991177250804446,5.987294549497838e-5,344.6716851434873,0.33102415324761,0.9991177250804446,0.9991177250804446
355981.4453125,0.5150146484375,252.8271484375,0.34426269531250003,0.2641357421875,45080.525279045105,7064.453125,0.19184416824689163,1.000331872264422,3.345479369692178e-5,347.58569090233163,0.19184416824689163,1.000331872264422,1.000331872264422
356201.171875,1.543701171875,124.912109375,0.33833007812500004,0.111572265625,62392.48991012573,3214.84375,0.20402566437068922,0.9996011419804138,7.453057592810771e-5,424.3458639442564,0.20402566437068922,0.9996011419804138,0.9996011419804138
356274.4140625,0.8914794921875,194.7216796875,0.15354003906250002,0.39216308593750004,116559.14008617401,3587.890625,0.2192545394886615,0.9997338771128966,4.7768790443917264e-5,360.04768267350374,0.2192545394886615,0.9997338771128966,0.9997338771128966
356494.140625,1.173095703125,288.603515625,0.3790527343750001,0.144677734375,84274.46126937866,4707.03125,0.22500221183779645,0.9996450505806322,4.5808231776729366e-5,437.65753440965227,0.22500221183779645,0.9996450505806322,0.9996450505806322
356567.3828125,1.2620849609375,391.6162109375,0.1104736328125,0.3514404296875,95562.4932050705,4080.078125,0.3213562257083726,0.9993386289991635,4.307453714322123e-5,356.42846587377943,0.3213562257083726,0.9993386289991635,0.9993386289991635
356787.109375,1.704833984375,269.013671875,0.25102539062500007,0.34184570312500007,11500.159740447998,3917.96875,0.28071802964558223,0.9992587749747686,5.8755393530814376e-5,426.7495985264952,0.28071802964558223,0.9992587749747686,0.9992587749747686
356860.3515625,0.8592529296875,326.8701171875,0.21975097656250003,0.17360839843750003,173085.35277843475,3291.015625,0.23794471215178145,0.9993843218374141,3.681129239066667e-5,399.3432219047193,0.23794471215178145,0.9993843218374141,0.9993843218374141
357080.078125,0.578369140625,62.158203125,0.29409179687500003,0.3644042968750001,32213.120937347412,4410.15625,0.16364317469012568,1.0001445454246751,8.68054106716715e-5,331.45976978475585,0.16364317469012568,1.0001445454246751,1.0001445454246751
357153.3203125,1.9857177734375,171.8115234375,0.17902832031250002,0.1199951171875,154094.52521800995,4783.203125,0.25784073052589124,0.9995403414678072,7.447049521494206e-5,362.0270267705742,0.25784073052589124,0.9995403414678072,0.9995403414678072
357373.046875,0.951904296875,386.552734375,0.20356445312500002,0.27446289062500007,129368.65568161011,8933.59375,0.27130562072528847,0.9997303331963706,3.626499115958877e-5,336.0104529596751,0.27130562072528847,0.9997303331963706,0.9997303331963706
357446.2890625,1.6121826171875,273.0810546875,0.3234619140625,0.21755371093750003,55362.56492137909,8306.640625,0.2552893341213861,0.999744889397612,5.6357487850454684e-5,383.43794836852817,0.2552893341213861,0.999744889397612,0.999744889397612
357666.015625,1.331298828125,199.619140625,0.24663085937500004,0.31928710937500004,108110.78786849976,7425.78125,0.237353691002167,1.0000039257112658,5.6596907353129566e-5,352.52653428134033,0.237353691002167,1.0000039257112658,1.0000039257112658
357739.2578125,1.2327880859375,140.6005859375,0.28273925781250003,0.18854980468750002,75583.96232128143,7798.828125,0.20532782798711335,1.0001322452795738,6.391859607966296e-5,337.38966844895623,0.20532782798711335,1.0001322452795738,1.0001322452795738
357958.984375,0.995849609375,243.779296875,0.331884765625,0.387548828125,51894.690990448,7636.71875,0.22607215021187235,1.0000926598142086,4.494484353824607e-5,373.46301826289675,0.22607215021187235,1.0000926598142086,1.0000926598142086
358032.2265625,1.4627685546875,357.4169921875,0.1412353515625,0.1068115234375,126062.0106458664,7009.765625,0.309427979478068,0.9993055408421586,4.865918112726953e-5,334.12236905501675,0.309427979478068,0.9993055408421586,0.9993055408421586
358251.953125,1.369384765625,90.048828125,0.36323242187500004,0.356201171875,73505.22756576538,8128.90625,0.1915483780613334,1.0001259801295896,8.315636720859411e-5,341.64065950274727,0.1915483780613334,1.0001259801295896,1.0001259801295896
358544.921875,1.742919921875,361.318359375,0.134423828125,0.30610351562500004,176970.3402519226,4652.34375,0.3470804574867241,0.9984792990001349,5.44134296983973e-5,365.2858806829851,0.3470804574867241,0.9984792990001349,0.9984792990001349
358618.1640625,0.7156982421875,303.6279296875,0.39494628906250007,0.21169433593750003,14766.65198802948,4025.390625,0.20602159175813317,0.9996803032817632,3.4866871069343434e-5,434.31618199476543,0.20602159175813317,0.9996803032817632,0.9996803032817632
358837.890625,0.622314453125,227.509765625,0.165771484375,0.25014648437500003,156954.28609848022,3144.53125,0.2045073294003314,0.9997846936010663,3.8476208932992e-5,364.80463456662005,0.2045073294003314,0.9997846936010663,0.9997846936010663
358911.1328125,1.8363037109375,118.0224609375,0.36125488281250007,0.23190917968750002,34057.59513378143,3517.578125,0.20971775796233777,0.9996118895146285,8.283643898988805e-5,436.9345373526388,0.20971775796233777,0.9996118895146285,0.9996118895146285
359130.859375,1.505615234375,165.419921875,0.20180664062500003,0.22231445312500003,114677.98566818237,4480.46875,0.23381288076717494,0.9996346716018888,6.542345792031881e-5,368.71373143134434,0.23381288076717494,0.9996346716018888,0.9996346716018888
359204.1015625,1.0350341796875,95.7763671875,0.30646972656250004,0.27907714843750003,60955.64544200897,4853.515625,0.18411229537323812,0.9999655039846196,7.441751438383291e-5,357.590019317788,0.18411229537323812,0.9999655039846196,0.9999655039846196
359423.828125,1.129150390625,341.064453125,0.23549804687500003,0.18393554687500002,93815.91939926147,3972.65625,0.25818026859544274,0.9994325870260454,4.23070739926655e-5,404.7698679759645,0.25818026859544274,0.9994325870260454,0.9994325870260454
359497.0703125,1.4114990234375,238.2177734375,0.2751220703125,0.31452636718750004,81857.02216625214,3345.703125,0.2488897586669989,0.9994426386784461,5.489088147471791e-5,435.8656929332951,0.2488897586669989,0.9994426386784461,0.9994426386784461
359716.796875,0.752685546875,112.958984375,0.266845703125,0.15961914062500002,28788.89799118042,7496.09375,0.17964278937265488,1.0002266544057439,6.167741469711015e-5,313.6189878645096,0.17964278937265488,1.0002266544057439,1.0002266544057439
359790.0390625,1.7879638671875,211.9873046875,0.22268066406250003,0.32770996093750004,166917.48130321503,7869.140625,0.2681980923323009,0.9997771521449413,6.529491381715399e-5,355.0104039716306,0.2681980923323009,0.9997771521449413,0.9997771521449413
360009.765625,1.882080078125,308.525390625,0.300537109375,0.13413085937500002,49320.809841156006,8988.28125,0.27204461316440404,0.9996609271715297,6.0234210107350544e-5,377.5954909726595,0.27204461316440404,0.9996609271715297,0.9996609271715297
360083.0078125,0.6585693359375,377.0068359375,0.1913330078125,0.3783935546875,147474.24399852753,8361.328125,0.24211881468302138,1.0001703994103424,3.0120680175593718e-5,329.44788280453116,0.24211881468302138,1.0001703994103424,1.0001703994103424
360302.734375,1.991943359375,65.810546875,0.221728515625,0.26801757812500004,92023.24628829956,9074.21875,0.19858744549365628,1.0002554319599248,0.0001100074954016919,309.2724956726195,0.19858744549365628,1.0002554319599248,1.0002554319599248
360375.9765625,0.5838623046875,168.8232421875,0.25139160156250007,0.24978027343750003,105057.18886852264,9697.265625,0.18746500918083145,1.000249769515066,4.4714504462050535e-5,301.0318898963714,0.18746500918083145,1.000249769515066,1.000249769515066
360595.703125,0.865478515625,262.705078125,0.17807617187500002,0.28823242187500003,71630.868434906,6566.40625,0.23352299794679363,0.9996318220338815,4.07823146989063e-5,336.0007084648228,0.23352299794679363,0.9996318220338815,0.9996318220338815
360668.9453125,1.7103271484375,332.5146484375,0.2927001953125,0.19382324218750002,123830.87623119354,6189.453125,0.2772399768114106,0.9993236563142068,5.5429541643486045e-5,409.6154370330505,0.2772399768114106,0.9993236563142068,0.9993236563142068
360888.671875,1.239013671875,204.599609375,0.32426757812500007,0.35063476562500007,137684.54313278198,2089.84375,0.22679642600951738,0.999349490741223,5.458488410167132e-5,487.243134464949,0.22679642600951738,0.999349490741223,0.999349490741223
360961.9140625,1.3367919921875,136.2841796875,0.20510253906250003,0.1437255859375,37216.214060783386,2712.890625,0.21374731269219904,0.999474209296727,6.791116672206814e-5,392.67563588718804,0.21374731269219904,0.999474209296727,0.999474209296727
361181.640625,1.618408203125,378.916015625,0.280615234375,0.39311523437500007,159654.71029281616,5582.03125,0.3073959234838404,0.9989810954796213,5.138807667331861e-5,427.8955625026625,0.3073959234838404,0.9989810954796213,0.9989810954796213
361254.8828125,0.9573974609375,280.0537109375,0.24641113281250002,0.1123779296875,17839.25712108612,5205.078125,0.22860200689281432,0.9996869098828988,4.1753870098294994e-5,372.2826917525611,0.22860200689281432,0.9996869098828988,0.9996869098828988
361474.609375,0.509521484375,316.826171875,0.386962890625,0.12153320312500002,113399.97053146362,2792.96875,0.19167300430767908,1.0000053912172797,2.9736903549046704e-5,442.89545295295255,0.19167300430767908,1.0000053912172797,1.0000053912172797
361547.8515625,1.9139404296875,257.8076171875,0.12131347656250001,0.36579589843750004,77791.39220714569,2416.015625,0.3182504454187184,0.9988266127015325,6.424360884863854e-5,395.5612066412139,0.3182504454187184,0.9988266127015325,0.9988266127015325
361767.578125,1.633056640625,184.345703125,0.34565429687500004,0.17221679687500002,134840.59286117554,5285.15625,0.2246014988237802,0.9997410157248963,6.553800121247674e-5,411.36219887753094,0.2246014988237802,0.9997410157248963,0.9997410157248963
361840.8203125,0.7904052734375,70.8740234375,0.1649658203125,0.3403076171875,60556.790232658386,5908.203125,0.17318507795206148,1.0001848332657317,8.417448949383945e-5,309.4669394543134,0.17318507795206148,1.0001848332657317,1.0001848332657317
362060.546875,1.256591796875,285.615234375,0.152001953125,0.18540039062500002,32298.160076141357,9808.59375,0.2695957272095365,1.0000425120990843,4.786517387844584e-5,314.14810360027593,0.2695957272095365,1.0000425120990843,1.0000425120990843
362133.7890625,1.1668701171875,395.2685546875,0.3375244140625,0.31599121093750004,150687.11936473846,9431.640625,0.26289563240766595,0.99986172172934,4.0993672484196495e-5,386.7918683378056,0.26289563240766595,0.99986172172934,0.99986172172934
362353.515625,0.885986328125,130.556640625,0.11069335937500001,0.22084960937500003,7923.165798187256,6300.78125,0.19795690045161543,0.9999432694129837,5.9634996613784234e-5,307.55997508993374,0.19795690045161543,0.9999432694129837,0.9999432694129837
362426.7578125,1.5374755859375,188.4130859375,0.38117675781250004,0.27761230468750003,171298.95865917206,6923.828125,0.22445762732156246,0.9998785044955291,6.286500346015651e-5,401.80148449407926,0.22445762732156246,0.9998785044955291,0.9998785044955291
362646.484375,0.878662109375,334.091796875,0.16782226562500002,0.17661132812500002,180011.7564201355,2261.71875,0.2475790983071782,0.9991721375471858,3.721995520138159e-5,407.0192981150534,0.2475790983071782,0.9991721375471858,0.9991721375471858
362719.7265625,1.5330810546875,267.1044921875,0.3615478515625,0.30837402343750003,12078.673243522644,2884.765625,0.2488128116123025,0.9993018282316196,5.556478058139366e-5,505.7731407466113,0.2488128116123025,0.9993018282316196,0.9993018282316196
362939.453125,1.252197265625,169.736328125,0.133544921875,0.22963867187500003,158046.67043685913,5753.90625,0.23047440799479957,1.0001500662519849,5.950988645777361e-5,329.0924708181219,0.23047440799479957,1.0001500662519849,1.0001500662519849
363232.421875,1.625732421875,281.630859375,0.364111328125,0.13266601562500002,52782.80973434448,9277.34375,0.2420730129591489,1.0000161563196703,5.642920691032764e-5,385.6073802159236,0.2420730129591489,1.0000161563196703,1.0000161563196703
363305.6640625,0.7860107421875,383.3154296875,0.1090087890625,0.3757568359375001,130454.16724681854,9900.390625,0.26626101547800085,1.0001856848560415,3.280702186557423e-5,303.15493389907573,0.26626101547800085,1.0001856848560415,1.0001856848560415
363525.390625,0.505126953125,137.197265625,0.329833984375,0.16108398437500002,74699.0065574646,6769.53125,0.17289687092475936,1.0004049571396523,4.99325857507193e-5,323.7009098609945,0.17289687092475936,1.0004049571396523,1.0004049571396523
363598.6328125,1.9066162109375,208.3349609375,0.14094238281250002,0.33034667968750003,105358.6357831955,6392.578125,0.28637397948855475,0.9996381047696815,6.855118132497805e-5,342.3529991124183,0.28637397948855475,0.9996381047696815,0.9996381047696815
363818.359375,1.622802734375,75.107421875,0.30024414062500004,0.358251953125,29208.381175994873,9605.46875,0.19311755137750153,1.0003787307399195,9.707282627522835e-5,320.18223719143583,0.19311755137750153,1.0003787307399195,1.0003787307399195
363891.6015625,0.9647216796875,186.0888671875,0.18928222656250002,0.1525146484375,169928.11858654022,9228.515625,0.21351183102626503,1.0002460519262888,5.0691819965267085e-5,309.08291616373697,0.21351183102626503,1.0002460519262888,1.0002460519262888
364111.328125,1.246337890625,261.376953125,0.268310546875,0.385498046875,49313.905239105225,6097.65625,0.2510575004757324,0.9997184255589371,4.9566192084022766e-5,387.1783973614596,0.2510575004757324,0.9997184255589371,0.9997184255589371
364184.5703125,1.3411865234375,317.9052734375,0.2235595703125,0.1035888671875,147797.20771312714,6720.703125,0.2655161063269328,0.999568017544774,4.822772509325483e-5,362.9389014264943,0.2655161063269328,0.999568017544774,0.999568017544774
364404.296875,0.869873046875,192.646484375,0.23403320312500003,0.258056640625,117402.1487236023,2621.09375,0.20750188174361234,0.9996130077236409,4.828625316373399e-5,405.99665752763815,0.20750188174361234,0.9996130077236409,0.9996130077236409
364477.5390625,1.7176513671875,132.2998046875,0.27424316406250004,0.23864746093750003,58975.84617137909,2244.140625,0.21955009567712433,0.9994288153882057,7.729661516967876e-5,447.8694032780902,0.21955009567712433,0.9994288153882057,0.9994288153882057
364697.265625,1.999267578125,398.837890625,0.20209960937500002,0.298193359375,93990.57912826538,5113.28125,0.3512141045922517,0.9965921049035752,5.868972084702448e-5,403.43966900397845,0.3512141045922517,0.9965921049035752,0.9965921049035752
364770.5078125,0.5882568359375,286.6943359375,0.30852050781250007,0.20495605468750003,85392.22800731659,5736.328125,0.2023468483205573,1.000013991718129,3.3286906513586106e-5,367.00984233870275,0.2023468483205573,1.000013991718129,1.000013991718129
364990.234375,1.874755859375,145.498046875,0.28266601562500004,0.16958007812500003,138195.33491134644,4949.21875,0.22662697313346208,0.9996095425872088,7.744894892927654e-5,392.1979398747349,0.22662697313346208,0.9996095425872088,0.9996095425872088
365063.4765625,0.6541748046875,89.1357421875,0.24670410156250003,0.3388427734375,39955.45852184296,4322.265625,0.17214599316573523,0.9999448217880944,7.083192644424089e-5,341.57958707027507,0.17214599316573523,0.9999448217880944,0.9999448217880944
365283.203125,0.748291015625,353.017578125,0.32338867187500003,0.124169921875,162954.08010482788,3441.40625,0.2175240317083809,0.9995098912130502,3.352305912862451e-5,433.586109049155,0.2175240317083809,0.9995098912130502,0.9995098912130502
365356.4453125,1.7806396484375,242.2021484375,0.20363769531250003,0.36726074218750004,15648.457407951355,3814.453125,0.28348692299849143,0.9992118994691557,6.290917801632108e-5,407.38348195415074,0.28348692299849143,0.9992118994691557,0.9992118994691557
365576.171875,1.121826171875,114.287109375,0.178955078125,0.21469726562500002,94437.47282028198,7964.84375,0.19852918677709797,1.0001916073787833,6.949403115752756e-5,309.92920001183387,0.19852918677709797,1.0001916073787833,1.0001916073787833
365649.4140625,1.4071044921875,226.5966796875,0.2941650390625,0.27028808593750003,104464.01679515839,7337.890625,0.24203097938342308,0.9995805031292071,5.600282944702287e-5,375.7500911335894,0.24203097938342308,0.9995805031292071,0.9995805031292071
365869.140625,1.501220703125,299.228515625,0.21967773437500002,0.19155273437500003,72097.03207015991,8457.03125,0.27431698965804846,0.9997572427229502,5.27251315806268e-5,351.7365927962628,0.27431698965804846,0.9997572427229502,0.9997572427229502
365942.3828125,1.0277099609375,359.7412109375,0.2510986328125,0.32331542968750004,127489.22049999237,8830.078125,0.2600812104728119,1.0000090091708946,3.93427058212509e-5,357.0814994128104,0.2600812104728119,1.0000090091708946,1.0000090091708946
366162.109375,0.626708984375,237.138671875,0.11040039062500001,0.29497070312500007,31304.481029510498,7167.96875,0.21093220120818323,1.000211454662872,3.786118353142837e-5,306.65201872688016,0.21093220120818323,1.000211454662872,1.000211454662872
366235.3515625,1.8436279296875,337.4951171875,0.3791259765625,0.20173339843750002,150325.648188591,7541.015625,0.26280334885297196,0.9994624346777281,5.8391184571867586e-5,431.9839528560617,0.26280334885297196,0.9994624346777281,0.9994624346777281
366455.078125,1.750244140625,94.033203125,0.153466796875,0.26127929687500007,9256.822109222412,8660.15625,0.2135745746224567,1.000174166942957,9.003121732821054e-5,307.00603594581764,0.2135745746224567,1.000174166942957,1.000174166942957
366528.3203125,0.7200927734375,161.1865234375,0.33840332031250003,0.24187011718750004,175007.4280500412,8033.203125,0.1869134966599965,1.000273792530429,4.972493029391236e-5,334.2824778991759,0.1869134966599965,1.000273792530429,1.000273792530429
366748.046875,1.373779296875,375.927734375,0.34418945312500004,0.396337890625,114515.20109176636,4183.59375,0.2763378417737045,0.9994865070468438,4.659150152278287e-5,479.59575468834703,0.2763378417737045,0.9994865070468438,0.9994865070468438
366821.2890625,1.0965576171875,304.9560546875,0.16408691406250003,0.11442871093750001,81888.29123973846,4556.640625,0.2566286156908284,0.9995838346709843,4.369865558194308e-5,362.07904301452743,0.2566286156908284,0.9995838346709843,0.9995838346709843
367041.015625,1.003173828125,210.244140625,0.38725585937500007,0.34741210937500006,137417.733669281,3675.78125,0.2102906190821602,0.9996411432799798,4.916992757563507e-5,446.9331262883802,0.2102906190821602,0.9996411432799798,0.9996411432799798
367114.2578125,1.4671630859375,108.7255859375,0.12336425781250002,0.14167480468750002,57650.82633495331,3048.828125,0.21117931418797223,0.9996131194292016,7.933905876310761e-5,357.19870587633255,0.21117931418797223,0.9996131194292016,0.9996131194292016
367333.984375,1.323974609375,254.404296875,0.19125976562500002,0.284423828125,78122.04694747925,3386.71875,0.2582877337360734,0.9995101291710208,5.213582247370777e-5,398.8252164553908,0.2582877337360734,0.9995101291710208,0.9995101291710208
367407.2265625,1.2283935546875,325.5419921875,0.30061035156250004,0.2286865234375,111436.12563610077,3759.765625,0.25251762767458064,0.9992825242581833,4.563276088170809e-5,444.3621930900926,0.25251762767458064,0.9992825242581833,0.9992825242581833
367626.953125,0.947509765625,79.423828125,0.22260742187500004,0.309326171875,56514.81008529663,4878.90625,0.17856889487601244,0.9999973835258873,8.255352043201635e-5,336.91493593135556,0.17856889487601244,0.9999973835258873,0.9999973835258873
367700.1953125,1.6048583984375,181.1083984375,0.26691894531250004,0.1774169921875,135398.93805980682,4251.953125,0.2322339357630806,0.9995856254571376,6.592009389036008e-5,402.80828987394307,0.2322339357630806,0.9995856254571376,0.9995856254571376
367919.921875,0.571044921875,393.193359375,0.27504882812500003,0.334228515625,154214.6029472351,8402.34375,0.22278014031441168,1.0001902722953915,2.7878569360707926e-5,348.91013817584223,0.22278014031441168,1.0001902722953915,1.0001902722953915
367993.1640625,1.9813232421875,293.0029296875,0.23557128906250002,0.16481933593750003,35939.80872631073,8775.390625,0.29111123094166197,0.9996173798994692,6.357161836644532e-5,362.3425939565419,0.29111123094166197,0.9996173798994692,0.9996173798994692
368212.890625,1.700439453125,195.634765625,0.306396484375,0.37202148437500004,178169.61812973022,7894.53125,0.2467170390403588,0.9998737997084928,6.586617306183808e-5,381.6404119554312,0.2467170390403588,0.9998737997084928,0.9998737997084928
368286.1328125,0.8519287109375,128.6474609375,0.20187988281250002,0.1287841796875,10333.535075187683,7267.578125,0.190046789724726,1.0001337252130373,6.002472661775349e-5,314.47226823593365,0.190046789724726,1.0001337252130373,1.0001337252130373
368505.859375,1.177490234375,176.044921875,0.361181640625,0.10043945312500001,102748.11506271362,8730.46875,0.2020962661535345,1.00041042801205,5.720411616456765e-5,352.6263700744762,0.2020962661535345,1.00041042801205,1.00041042801205
368579.1015625,1.2694091796875,63.9013671875,0.16584472656250002,0.3822021484375,92196.21551036835,8103.515625,0.18322362528796357,1.0001446689347535,9.968574762024079e-5,300.5334492268633,0.18322362528796357,1.0001446689347535,1.0001446689347535
368798.828125,1.551025390625,330.439453125,0.394873046875,0.155810546875,125484.68160629272,7222.65625,0.24368170020873506,0.9995861229550748,5.251345464398637e-5,429.09321214261763,0.24368170020873506,0.9995861229550748,0.9995861229550748
368872.0703125,0.8958740234375,270.0927734375,0.13449707031250002,0.36140136718750004,69722.95844554901,7595.703125,0.24181188500094875,0.9999545859876982,4.135698919347119e-5,321.67539170775143,0.24181188500094875,0.9999545859876982,0.9999545859876982
369091.796875,1.924560546875,144.833984375,0.10747070312500001,0.20649414062500002,43031.20756149292,3746.09375,0.2534262104295921,0.9994285650947421,7.910145296674296e-5,351.593221197133,0.2534262104295921,0.9994285650947421,0.9994285650947421
369165.0390625,0.5223388671875,201.3623046875,0.3633056640625001,0.29958496093750003,142539.36851024628,3119.140625,0.18384969029998027,0.9998341538164479,3.9848835038183086e-5,407.7235876515125,0.18384969029998027,0.9998341538164479,0.9998341538164479
369384.765625,0.803955078125,276.650390625,0.141162109375,0.23725585937500002,18600.594997406006,4238.28125,0.23140545605725774,0.9997427387197145,3.9067504891505087e-5,352.61778766891337,0.23140545605725774,0.9997427387197145,0.9997427387197145
369458.0078125,1.6429443359375,387.6318359375,0.33195800781250007,0.25651855468750007,167447.20542430878,4611.328125,0.2806357477371344,0.9989179913262934,5.2106775992577825e-5,468.20738967821535,0.2806357477371344,0.9989179913262934,0.9989179913262934
369677.734375,0.726318359375,97.685546875,0.381103515625,0.37114257812500007,64650.80976486206,5824.21875,0.17528055713343613,1.000236033050003,6.875513170238922e-5,347.2581273347998,0.17528055713343613,1.000236033050003,1.000236033050003
369750.9765625,1.7557373046875,158.1982421875,0.11076660156250001,0.12790527343750002,122627.5624036789,5447.265625,0.25083205031597544,0.9995613212643424,7.28796324410197e-5,330.82479112778464,0.25083205031597544,0.9995613212643424,0.9995613212643424
369970.703125,1.849853515625,230.830078125,0.33745117187500007,0.33510742187500003,87853.280544281,2316.40625,0.2561935471699576,0.9991371041835984,6.582992154116217e-5,523.941794330482,0.2561935471699576,0.9991371041835984,0.9991371041835984
370043.9453125,0.6322021484375,343.1396484375,0.15207519531250002,0.1656982421875,97492.55836009979,2939.453125,0.23273173032890768,0.9996142439724259,3.1580189605062254e-5,375.9663843512213,0.23273173032890768,0.9996142439724259,0.9996142439724259
370263.671875,1.473388671875,215.224609375,0.16489257812500002,0.322509765625,170245.15104293823,6839.84375,0.25884679339560074,0.9999397240908933,5.89351602812176e-5,343.1769642595265,0.25884679339560074,0.9999397240908933,0.9999397240908933
370336.9140625,1.0086669921875,104.4091796875,0.34572753906250003,0.1906005859375,24394.52826976776,6462.890625,0.18196752633130325,1.0000498063093808,7.164925044609667e-5,346.60100330811196,0.18196752633130325,1.0000498063093808,1.0000498063093808
370556.640625,1.102783203125,368.291015625,0.121240234375,0.271240234375,147735.0935935974,9332.03125,0.289853283686421,0.9997958901422718,4.0833709085151266e-5,316.4597034505423,0.289853283686421,0.9997958901422718,0.9997958901422718
370629.8828125,1.3792724609375,311.9287109375,0.38703613281250004,0.2155029296875,49984.734416007996,9955.078125,0.24021767043342482,0.999940122071683,4.960620872860095e-5,390.68813200947784,0.24021767043342482,0.999940122071683,0.999940122071683
370849.609375,1.775146484375,348.701171875,0.24633789062500003,0.24340820312500003,134360.54182052612,6042.96875,0.29989034216455646,0.9994498458625329,5.6452453946919e-5,401.953274989096,0.29989034216455646,0.9994498458625329,0.9994498458625329
370922.8515625,0.7420654296875,247.1826171875,0.28068847656250007,0.2626708984375,54289.50011730194,6666.015625,0.20847457539305775,1.0000806320357596,3.990260677673995e-5,357.04057158592786,0.20847457539305775,1.0000806320357596,1.0000806320357596
371142.578125,0.648681640625,152.470703125,0.20502929687500002,0.20034179687500003,111907.73153305054,9535.15625,0.18866796785748835,1.0004541810977052,5.010272353684368e-5,298.14560731362104,0.18866796785748835,1.0004541810977052,1.0004541810977052
371215.8203125,1.8685302734375,81.4990234375,0.3243408203125,0.2934326171875,80797.81806468964,9158.203125,0.1983823471407732,1.0002762140743626,9.93911541132592e-5,336.80058186398514,0.1983823471407732,1.0002762140743626,1.0002762140743626
371435.546875,1.022216796875,296.240234375,0.29262695312500003,0.13852539062500002,11850.955486297607,5058.59375,0.2288263434812442,0.9996120789612245,4.276978798190873e-5,398.81418871473306,0.2288263434812442,0.9996120789612245,0.9996120789612245
371508.7890625,1.4949951171875,363.3935546875,0.1781494140625,0.34411621093750006,182017.53318309784,5681.640625,0.3116267439332335,0.9992459427136867,4.977775173064755e-5,376.65007076544623,0.3116267439332335,0.9992459427136867,0.9992459427136867
371728.515625,1.401611328125,119.931640625,0.251318359375,0.11772460937500001,32894.174098968506,2550.78125,0.20224262272518317,0.9995262455723549,7.494384246380354e-5,411.8267957371087,0.20224262272518317,0.9995262455723549,0.9995262455723549
371801.7578125,1.1156005859375,220.2880859375,0.22180175781250003,0.39948730468750004,158225.19767284393,2173.828125,0.2417232409669865,0.9986530996963748,5.09291724369009e-5,437.3859049747624,0.2417232409669865,0.9986530996963748,0.9986530996963748
372021.484375,1.675537109375,110.966796875,0.32719726562500007,0.317236328125,123519.87409591675,8011.71875,0.21558495319734897,1.0000018937249604,8.279827616067548e-5,356.1504711392971,0.21558495319734897,1.0000018937249604,1.0000018937249604
372094.7265625,0.8299560546875,213.9794921875,0.1459228515625,0.18649902343750002,67671.23305797577,8634.765625,0.21611412325050638,1.0000854800540926,4.4974891176212896e-5,307.63897529982444,0.21611412325050638,1.0000854800540926,1.0000854800540926
372314.453125,0.549072265625,307.861328125,0.367919921875,0.27651367187500003,100930.52053451538,7503.90625,0.19911590600033374,1.0001384551336936,3.1449711553601295e-5,364.8314231956694,0.19911590600033374,1.0001384551336936,1.0001384551336936
372607.421875,0.922607421875,164.755859375,0.12973632812500002,0.367041015625,20656.955242156982,3027.34375,0.21013478129376384,0.9995754602552414,5.43352418997207e-5,364.5706195086429,0.21013478129376384,0.9995754602552414,0.9995754602552414
372680.6640625,1.5828857421875,96.4404296875,0.3996337890625,0.12263183593750002,171844.67017650604,3650.390625,0.18820005947101065,0.9997178241947512,8.727727947910194e-5,420.9745399782153,0.18820005947101065,0.9997178241947512,0.9997178241947512
372900.390625,1.302001953125,339.072265625,0.170458984375,0.339208984375,46715.3639793396,4519.53125,0.29077087951014974,0.9991677214235659,4.6787890730790813e-5,382.3631324315599,0.29077087951014974,0.9991677214235659,0.9991677214235659
372973.6328125,1.2034912109375,240.2099609375,0.3565673828125,0.17097167968750002,146910.6377363205,4142.578125,0.22075127607130998,0.9995271013510979,5.097913646015331e-5,438.1395111317409,0.22075127607130998,0.9995271013510979,0.9995271013510979
373193.359375,0.825927734375,361.982421875,0.19711914062500002,0.142626953125,53199.16486740112,3855.46875,0.24368177848188136,0.9994191305538209,3.522320683346758e-5,385.1906539408319,0.24368177848188136,0.9994191305538209,0.9994191305538209
373266.6015625,1.6678466796875,302.9638671875,0.3111572265625,0.34938964843750003,133824.26726818085,3478.515625,0.27457874207029037,0.9991022866990282,5.674656620235998e-5,479.5908176931648,0.27457874207029037,0.9991022866990282,0.9991022866990282
373486.328125,1.949462890625,229.501953125,0.24018554687500002,0.11362304687500001,77644.28853988647,4347.65625,0.26209262928212507,0.9993832927404549,6.825212007443164e-5,408.18427650576194,0.26209262928212507,0.9993832927404549,0.9993832927404549
373559.5703125,0.5443115234375,116.0302734375,0.27043457031250007,0.39421386718750007,111455.07514476776,4970.703125,0.17349785192338246,0.9999850397519128,5.8365149520121146e-5,341.1084589307486,0.17349785192338246,0.9999850397519128,0.9999850397519128
373779.296875,1.572998046875,245.771484375,0.26215820312500004,0.24868164062500003,183847.3391532898,8871.09375,0.2557578276618767,0.9998996435076533,5.8417912861173655e-5,361.69608969933586,0.2557578276618767,0.9998996435076533,0.9998996435076533
373852.5390625,0.9207763671875,355.4248046875,0.22736816406250002,0.26677246093750007,14549.33249950409,8494.140625,0.2507157285952412,1.000198778039024,3.749846456328223e-5,348.6934500245257,0.2507157285952412,1.000198778039024,1.000198778039024
374072.265625,1.202392578125,90.712890625,0.30522460937500007,0.195068359375,159225.44240951538,7363.28125,0.18521279475181257,1.00022228754154,8.204464420450283e-5,333.2445885026385,0.18521279475181257,1.00022228754154,1.00022228754154
374145.5078125,1.2913818359375,148.5693359375,0.1866455078125,0.28933105468750003,38373.30710887909,7986.328125,0.21872576161805635,1.000162765835845,6.509977928936926e-5,326.3510942904853,0.21872576161805635,1.000162765835845,1.000162765835845
374365.234375,1.077880859375,283.623046875,0.21704101562500003,0.328955078125,113949.36323165894,6699.21875,0.24801963584448788,0.9998748346501496,4.4869564916660475e-5,361.83370171800624,0.24801963584448788,0.9998748346501496,0.9998748346501496
374438.4765625,1.3572998046875,397.2607421875,0.2560791015625,0.16071777343750002,81918.71535778046,6072.265625,0.2763987802623285,0.9996694585759588,4.572352031442512e-5,397.5384291714577,0.2763987802623285,0.9996694585759588,0.9996694585759588
374658.203125,1.451416015625,129.892578125,0.18276367187500003,0.377294921875,139924.29494857788,9191.40625,0.22005556632395729,1.0000892289313825,7.276362155824801e-5,319.10923270294154,0.22005556632395729,1.0000892289313825,1.0000892289313825
374731.4453125,0.9837646484375,189.0771484375,0.28801269531250007,0.13288574218750002,60222.187876701355,9564.453125,0.2046166172512194,1.0002780197751755,5.157286919455527e-5,330.06902226235155,0.2046166172512194,1.0002780197751755,1.0002780197751755
374951.171875,1.824951171875,316.162109375,0.319580078125,0.28032226562500007,33138.70573043823,5714.84375,0.27758248577443034,0.9992094319278545,5.941059035979e-5,439.2352834940638,0.27758248577443034,0.9992094319278545,0.9992094319278545
375024.4140625,0.6102294921875,258.4716796875,0.20979003906250002,0.22341308593750003,157360.5316877365,5087.890625,0.20478792612927535,0.9997538143923308,3.63956082624646e-5,352.87479947982575,0.20478792612927535,0.9997538143923308,0.9997538143923308
375244.140625,0.704345703125,182.353515625,0.28530273437500003,0.31342773437500004,6100.022792816162,2207.03125,0.19281940958314647,0.9997100464129907,4.707855043722832e-5,427.31687954058344,0.19281940958314647,0.9997100464129907,0.9997100464129907
375317.3828125,1.7308349609375,72.8662109375,0.24172363281250003,0.18269042968750002,180745.3545331955,2580.078125,0.19202940920014966,0.9996770015901825,0.0001038988000322061,398.7793732047723,0.19202940920014966,0.9996770015901825,0.9996770015901825
375537.109375,1.423583984375,205.263671875,0.38227539062500004,0.21059570312500003,93120.765209198,5417.96875,0.21896223382171076,0.9998809720684442,5.9443819470570686e-5,425.43589990364046,0.21896223382171076,0.9998809720684442,0.9998809720684442
375610.3515625,1.1405029296875,135.6201171875,0.1260009765625,0.30485839843750007,102619.349360466,5791.015625,0.21073975907517778,0.9999230653794865,6.518162848534365e-5,326.44603974592167,0.21073975907517778,0.9999230653794865,0.9999230653794865
375830.078125,1.047119140625,380.908203125,0.350341796875,0.23315429687500003,67137.92562484741,2910.15625,0.24321172699650895,0.9991887175711399,3.9602903153548765e-5,495.8294734954697,0.24321172699650895,0.9991887175711399,0.9991887175711399
375903.3203125,1.5169677734375,278.0615234375,0.1602783203125,0.25124511718750003,126983.8684797287,2283.203125,0.28053742844717183,0.9990331360602493,5.519651651688073e-5,420.5708650818742,0.28053742844717183,0.9990331360602493,0.9990331360602493
376123.046875,0.670654296875,67.802734375,0.14731445312500002,0.105712890625,146645.3890800476,6433.59375,0.16755663077721789,1.0003895998929804,8.697028679524211e-5,301.13952538709816,0.16755663077721789,1.0003895998929804,1.0003895998929804
376196.2890625,1.8934326171875,166.8310546875,0.34221191406250007,0.38630371093750004,45534.68406200409,6806.640625,0.2382681571179569,0.9998183603439433,7.48628217123289e-5,406.1051965968581,0.2382681571179569,0.9998183603439433,0.9998183603439433
376416.015625,1.800048828125,263.369140625,0.115380859375,0.150537109375,170362.37478256226,9925.78125,0.30621630099612507,0.9996603947027862,6.18538569806278e-5,313.9128742604788,0.30621630099612507,0.9996603947027862,0.9996603947027862
376489.2578125,0.7640380859375,331.8505859375,0.3764892578125001,0.3572998046875,24283.791422843933,9298.828125,0.22050201940783618,1.00017898261512,3.5139223045315775e-5,375.9049746019529,0.22050201940783618,1.00017898261512,1.00017898261512
376708.984375,0.527099609375,222.529296875,0.31313476562500003,0.218798828125,44227.698802948,9136.71875,0.18994955855612405,1.0000372023075432,3.771099381334316e-5,323.5127720869507,0.18994955855612405,1.0000372023075432,1.0000372023075432
376782.2265625,1.9315185546875,123.6669921875,0.19748535156250002,0.27556152343750007,144500.54824352264,9509.765625,0.2309791502092972,1.0001688418457022,8.469903803654545e-5,325.27057936548675,0.2309791502092972,1.0001688418457022,1.0001688418457022
377001.953125,1.650634765625,366.298828125,0.26948242187500004,0.18745117187500002,19327.98147201538,6628.90625,0.2845393701917842,0.9992952651573502,5.334581565220113e-5,402.7674818415873,0.2845393701917842,0.9992952651573502,0.9992952651573502
377294.921875,1.274169921875,85.068359375,0.22817382812500003,0.174853515625,104597.17130661011,2152.34375,0.18693854456744788,0.9994948462480702,8.772389377462198e-5,402.530171932888,0.18693854456744788,0.9994948462480702,0.9994948462480702
377368.1640625,1.1844482421875,154.8779296875,0.26369628906250003,0.34294433593750007,95377.49183177948,2525.390625,0.21043884861452714,0.999474826727264,6.23396864564732e-5,429.2814814557546,0.21043884861452714,0.999474826727264,0.999474826727264
377587.890625,0.903564453125,248.759765625,0.18452148437500002,0.118896484375,131112.61129379272,5644.53125,0.223534490742961,0.9997713097969002,4.381861064615437e-5,348.24076675830827,0.223534490742961,0.9997713097969002,0.9997713097969002
377661.1328125,1.5550537109375,351.7724609375,0.30500488281250004,0.3631591796875,71389.50431346893,5017.578125,0.2834512468224028,0.9991466032814145,5.194272179197316e-5,448.03135439043643,0.2834512468224028,0.9991466032814145,0.9991466032814145
377880.859375,1.974365234375,314.169921875,0.145556640625,0.39106445312500004,154890.14387130737,2980.46875,0.34027825588430943,0.9981874369745871,6.247549374396368e-5,409.8839684178456,0.34027825588430943,0.9981874369745871,0.9981874369745871
377954.1015625,0.5662841796875,372.0263671875,0.32521972656250003,0.11032714843750001,27276.141047477722,2353.515625,0.20463751327986052,0.9993604386928149,2.9220142223010537e-5,457.6317380202834,0.20463751327986052,0.9993604386928149,0.9993604386928149
378173.828125,0.847900390625,107.314453125,0.104248046875,0.3526855468750001,179673.09713363647,5472.65625,0.18782252997899496,0.9997551553005156,6.830523778767589e-5,317.4973853636693,0.18782252997899496,0.9997551553005156,0.9997551553005156
378247.0703125,1.6927490234375,216.9677734375,0.3688720703125,0.1457763671875,7232.815623283386,5845.703125,0.2279783162355087,0.9997844830338543,6.420154542641392e-5,424.3930217231483,0.2279783162355087,0.9997844830338543,0.9997844830338543
378466.796875,1.221435546875,346.708984375,0.3980957031250001,0.290869140625,88149.85990524292,9996.09375,0.242684345515467,1.0001980992489496,4.4781970529696394e-5,400.3804841110999,0.242684345515467,1.0001980992489496,1.0001980992489496
378540.0390625,1.3192138671875,233.2373046875,0.1289306640625,0.1964599609375,119479.37095165253,9369.140625,0.2582280344629733,0.9997389778968987,5.413477116874295e-5,313.9240750358092,0.2582280344629733,0.9997389778968987,0.9997389778968987
378759.765625,1.600830078125,159.775390625,0.356787109375,0.265380859375,61052.133083343506,6488.28125,0.21756443723536176,0.999866838020761,7.009075640397056e-5,397.74325003532454,0.21756443723536176,0.999866838020761,0.999866838020761
378833.0078125,0.9398193359375,100.7568359375,0.17258300781250002,0.24714355468750002,143376.58774852753,6861.328125,0.18659138685385035,1.0001602770014781,7.274627149284329e-5,315.59790290101733,0.18659138685385035,1.0001602770014781,1.0001602770014781
379052.734375,1.523193359375,384.560546875,0.127978515625,0.136767578125,16192.06953048706,7574.21875,0.3252363007332804,0.999172564590324,4.9703757925482e-5,336.9919469657047,0.3252363007332804,0.999172564590324,0.999172564590324
379125.9765625,1.0526123046875,275.0732421875,0.38264160156250004,0.38103027343750007,188984.19082164764,7197.265625,0.22798151487018592,0.9997282992544768,4.51272950122348e-5,409.43837138954683,0.22798151487018592,0.9997282992544768,0.9997282992544768
379345.703125,1.146728515625,198.955078125,0.159326171875,0.156982421875,42028.939723968506,8066.40625,0.2523337228988886,0.9996309949730218,5.4173581323047145e-5,320.5756372070947,0.2523337228988886,0.9996309949730218,0.9996309949730218
379418.9453125,1.4290771484375,141.2646484375,0.34895019531250004,0.3250732421875,164916.44752025604,8689.453125,0.2093127020454908,1.0001301216048628,7.012179596350354e-5,362.5445225255402,0.2093127020454908,1.0001301216048628,1.0001301216048628
379638.671875,0.770263671875,268.349609375,0.343017578125,0.181884765625,133834.44547653198,4589.84375,0.20491713880842868,0.9997057732203719,3.9488270105398895e-5,407.5355382770012,0.20491713880842868,0.9997057732203719,0.9997057732203719
379711.9140625,1.8055419921875,327.5341796875,0.1488525390625,0.3124755859375,51847.378611564636,4212.890625,0.32596057901067554,0.9988540579538997,5.843552054395554e-5,386.377516661414,0.32596057901067554,0.9988540579538997,0.9988540579538997
379931.640625,1.899658203125,60.166015625,0.374365234375,0.22436523437500003,109207.93294906616,3082.03125,0.1827454235273307,0.9998134804796717,0.00011835200220168174,416.13629816551924,0.1827454235273307,0.9998134804796717,0.9998134804796717
380004.8828125,0.6761474609375,173.8037109375,0.11516113281250001,0.2811279296875,75340.41678905487,3705.078125,0.19661991844307405,0.9998958492698277,4.8047112730259544e-5,345.2621964330995,0.19661991844307405,0.9998958492698277,0.9998958492698277
380224.609375,0.978271484375,125.576171875,0.255712890625,0.252783203125,177863.47150802612,4292.96875,0.192650907253593,0.9998370807777065,6.528582259183919e-5,368.54675796680874,0.192650907253593,0.9998370807777065,0.9998370807777065
380297.8515625,1.4451904296875,194.0576171875,0.21506347656250002,0.23454589843750004,25311.53380870819,4916.015625,0.23691854059637327,0.999599687458888,6.168251591247356e-5,378.2691065016838,0.23691854059637327,0.999599687458888,0.999599687458888
380517.578125,1.351806640625,290.595703125,0.289404296875,0.303466796875,153018.69344711304,3785.15625,0.2535548659159205,0.999440824022987,5.0974181581391847e-5,445.73648478387344,0.2535548659159205,0.999440824022987,0.999440824022987
380590.8203125,1.0716552734375,389.6240234375,0.1837158203125,0.20905761718750002,50084.378123283386,3408.203125,0.2736982222055253,0.9991730677307219,3.9989976130846244e-5,404.1684212483763,0.2736982222055253,0.9991730677307219,0.9991730677307219
380810.546875,1.725341796875,179.365234375,0.20825195312500003,0.3541503906250001,65688.54093551636,7308.59375,0.2507526227135989,0.9997579932370813,6.963400139966393e-5,357.1381931321043,0.2507526227135989,0.9997579932370813,0.9997579932370813
380883.7890625,0.6981201171875,76.5185546875,0.31877441406250007,0.1472412109375,123916.55051708221,7931.640625,0.16764987964927228,1.000034235841047,8.12063122067092e-5,309.0074303644112,0.16764987964927228,1.000034235841047,1.000034235841047
381103.515625,0.604736328125,321.806640625,0.24194335937500003,0.38959960937500004,90002.99978256226,8800.78125,0.22569633315369034,1.000174745151455,3.2303200043239574e-5,337.65172593466934,0.22569633315369034,1.000174745151455,1.000174745151455
381176.7578125,1.8187255859375,252.1630859375,0.28742675781250004,0.10886230468750001,100529.00016307831,8423.828125,0.25274787862546705,0.9998132647771083,6.376929164482626e-5,376.1525566931698,0.25274787862546705,0.9998132647771083,0.9998132647771083
381396.484375,1.534912109375,185.341796875,0.22407226562500004,0.38286132812500007,37443.1529045105,3761.71875,0.24218004558438821,0.9994694043079146,6.49776734074196e-5,406.6308969282224,0.24218004558438821,0.9994694043079146,0.9994694043079146
381469.7265625,0.8768310546875,75.8544921875,0.2677978515625,0.1021240234375,165257.8114271164,3384.765625,0.17172239948052367,0.9995036746712047,8.623619114014246e-5,363.5752830565495,0.17172239948052367,0.9995036746712047,0.9995036746712047
381689.453125,1.158447265625,318.486328125,0.18979492187500002,0.36088867187500007,14366.98293685913,4253.90625,0.2668479324185753,0.9993156066404132,4.509386166938217e-5,392.87031970625975,0.2668479324185753,0.9993156066404132,0.9993156066404132
381982.421875,0.781982421875,132.880859375,0.307861328125,0.30141601562500003,111717.50211715698,8777.34375,0.1850546526023278,0.9999657078365047,5.881324400040177e-5,325.3735411340658,0.1850546526023278,0.9999657078365047,0.9999657078365047
382055.6640625,1.6297607421875,192.0654296875,0.2027587890625,0.20700683593750002,79516.30103588104,8400.390625,0.24587169554622873,1.0000706593987498,6.5825803227498e-5,342.344942487915,0.24587169554622873,1.0000706593987498,1.0000706593987498
382275.390625,1.911376953125,285.947265625,0.27358398437500003,0.25483398437500004,136102.9372215271,7269.53125,0.2799526306348674,0.9994481068447659,6.335535100598587e-5,398.45222207571544,0.2799526306348674,0.9994481068447659,0.9994481068447659
382348.6328125,0.5003662109375,399.5849609375,0.23469238281250002,0.23659667968750003,54026.238322257996,7892.578125,0.21459252677507012,1.000395894827631,2.6637904059082583e-5,340.5820778786896,0.21459252677507012,1.000395894827631,1.000395894827631
382568.359375,0.966552734375,266.357421875,0.39399414062500004,0.22700195312500002,154880.98859786987,8105.46875,0.21252653000563979,0.9999105807264944,4.400261275494914e-5,387.85358474118976,0.21252653000563979,0.9999105807264944,0.9999105807264944
382641.6015625,1.6209716796875,334.8388671875,0.13303222656250002,0.28376464843750004,53083.81927013397,8728.515625,0.3187955783841124,0.9996438049913918,5.4020275841679984e-5,335.5640039480485,0.3187955783841124,0.9996438049913918,0.9996438049913918
382861.328125,1.340087890625,70.126953125,0.362060546875,0.179248046875,179133.24117660522,7597.65625,0.17732485202663678,1.000223152364836,9.899715733747867e-5,335.8370852556785,0.17732485202663678,1.000223152364836,1.000223152364836
382934.5703125,1.2474365234375,169.1552734375,0.16730957031250002,0.30983886718750003,28767.117381095886,7220.703125,0.22512015141270228,0.999953935309162,6.11656385422265e-5,333.8595178372595,0.22512015141270228,0.999953935309162,0.999953935309162
383154.296875,1.713623046875,383.896484375,0.140283203125,0.164306640625,88239.1848564148,3121.09375,0.3331760185577862,0.9981818691616621,5.3966639067953644e-5,400.13131023357846,0.3331760185577862,0.9981818691616621,0.9981818691616621
383227.5390625,0.8739013671875,281.0498046875,0.33049316406250007,0.3323974609375,98183.48777294159,3744.140625,0.21982149497327771,0.9995238980986147,4.112932016410926e-5,438.39807987980845,0.21982149497327771,0.9995238980986147,0.9995238980986147
383447.265625,0.593017578125,207.587890625,0.108349609375,0.129443359375,63359.35354232788,4613.28125,0.19756780511928676,1.0000009201468687,4.158323146429833e-5,330.97158399018997,0.19756780511928676,1.0000009201468687,1.0000009201468687
383520.5078125,1.9945068359375,137.9443359375,0.3647705078125001,0.37370605468750007,123956.80320262909,4236.328125,0.22524326473706066,0.9995690467824242,8.363944788775812e-5,449.31742214176506,0.22524326473706066,0.9995690467824242,0.9995690467824242
383740.234375,0.656005859375,336.748046875,0.33891601562500007,0.26333007812500003,17191.550731658936,5449.21875,0.2110278443118495,0.9998698483381813,3.295137089058711e-5,400.29198907109196,0.2110278443118495,0.9998698483381813,0.9998698483381813
383813.4765625,1.8729248046875,237.8857421875,0.1529541015625,0.24509277343750002,170963.14895153046,5822.265625,0.28964847303074664,0.999211610638932,6.628540165670812e-5,360.75785512378405,0.28964847303074664,0.999211610638932,0.999211610638932
384033.203125,1.779541015625,161.767578125,0.379638671875,0.29291992187500004,41254.98342514038,2941.40625,0.22160227760701595,0.9995920708279704,7.43127110647793e-5,490.03804134603627,0.22160227760701595,0.9995920708279704,0.9995920708279704
384106.4453125,0.7493896484375,93.4521484375,0.1098876953125,0.19851074218750003,145313.37440013885,2314.453125,0.1785389941818521,0.999464542656061,7.377206619181063e-5,363.30483137156523,0.1785389941818521,0.999464542656061,0.999464542656061
384326.171875,1.403076171875,305.537109375,0.122705078125,0.34594726562500006,133134.98258590698,6464.84375,0.29374356189191836,0.9994812244830016,5.1225408899113304e-5,345.14205009150027,0.29374356189191836,0.9994812244830016,0.9994812244830016
384399.4140625,1.1258544921875,375.3466796875,0.3879150390625,0.1390380859375,74674.16083812714,6837.890625,0.23090302453280165,0.9999013527601,4.1843523181092754e-5,424.8014050440468,0.23090302453280165,0.9999013527601,0.9999013527601
384619.140625,1.032470703125,107.978515625,0.16342773437500002,0.397802734375,110660.50863265991,9957.03125,0.19361399885196115,1.000258523226153,7.215840175829202e-5,300.6477410410606,0.19361399885196115,1.000258523226153,1.000258523226153
384692.3828125,1.4964599609375,210.9912109375,0.34484863281250006,0.1170654296875,99721.09305858612,9330.078125,0.2223995636221675,0.9998532771327183,6.079055170645007e-5,369.21608642305415,0.2223995636221675,0.9998532771327183,0.9998532771327183
384912.109375,1.845458984375,88.388671875,0.204150390625,0.126220703125,183112.220287323,6667.96875,0.20380410427528445,0.9999970703605491,9.77662480666346e-5,336.0665150898641,0.20380410427528445,0.9999970703605491,0.9999970703605491
384985.3515625,0.6248779296875,146.2451171875,0.3228759765625,0.3704833984375,6177.576899528503,6041.015625,0.18069309503896314,1.0000901409483882,5.27726255261334e-5,350.8127273144215,0.18069309503896314,1.0000901409483882,1.0000901409483882
385205.078125,0.718994140625,242.783203125,0.24721679687500003,0.167529296875,158834.0926170349,9160.15625,0.2052447990105091,1.0001507957424094,4.0542167541752e-5,327.5156805223705,0.2052447990105091,1.0001507957424094,1.0001507957424094
385278.3203125,1.7513427734375,352.4365234375,0.28215332031250007,0.33562011718750007,35237.7747297287,9533.203125,0.29674314447644207,0.999504225702748,5.627560503319898e-5,390.71228819884567,0.29674314447644207,0.999504225702748,0.999504225702748
385498.046875,1.092529296875,227.177734375,0.25043945312500004,0.19008789062500003,62406.07023239136,5683.59375,0.22301222267321213,0.9998861065237277,5.050572835265422e-5,374.5161338663594,0.22301222267321213,0.9998861065237277,0.9998861065237277
385571.2890625,1.3778076171875,113.7060546875,0.22033691406250003,0.3206787109375,144890.9157514572,5056.640625,0.20434672949363916,0.9999044467103471,7.791674156529656e-5,361.47654459559794,0.20434672949363916,0.9999044467103471,0.9999044467103471
385791.015625,1.471923828125,358.994140625,0.29350585937500007,0.21616210937500002,84405.038356781,2175.78125,0.2674983345874793,0.9988472511178019,5.032239714069744e-5,517.1332837105851,0.2674983345874793,0.9988472511178019,0.9988472511178019
385864.2578125,0.9984130859375,299.9755859375,0.1796142578125,0.2729248046875,119632.69889354706,2548.828125,0.2460377525083571,0.999304628601215,4.286667852836731e-5,415.0846774171153,0.2460377525083571,0.999304628601215,0.999304628601215
386083.984375,1.230224609375,63.154296875,0.135009765625,0.15317382812500002,141139.25886154175,2886.71875,0.1794171879589555,0.999710145375155,0.00010437168569406737,356.75970962517346,0.1794171879589555,0.999710145375155,0.999710145375155
386157.2265625,1.3221435546875,176.7919921875,0.39436035156250004,0.35993652343750004,56812.71255016327,2259.765625,0.21270806263279932,0.9996272524782012,6.21822827616868e-5,510.16468678262095,0.21270806263279932,0.9996272524782012,0.9996272524782012
386376.953125,1.603759765625,270.673828125,0.16635742187500002,0.10307617187500001,118266.39699935913,5378.90625,0.2738250805011111,0.9993868159915458,5.802820591968885e-5,366.65205165113133,0.2738250805011111,0.9993868159915458,0.9993868159915458
386450.1953125,0.9486083984375,329.8583984375,0.36066894531250004,0.3836669921875,84064.09919261932,5751.953125,0.2336120916279313,0.9996767167800248,3.999498622557836e-5,428.89303598606415,0.2336120916279313,0.9996767167800248,0.9996767167800248
386669.921875,1.977294921875,201.943359375,0.331298828125,0.24047851562500003,13216.311931610107,9902.34375,0.2441375762491348,0.9999076225935513,7.240119364532955e-5,379.2286991759396,0.2441375762491348,0.9999076225935513,0.9999076225935513
386743.1640625,0.5750732421875,144.2529296875,0.14182128906250002,0.25856933593750003,187393.84925365448,9275.390625,0.1831890479313203,1.0004237725533154,5.194828909929871e-5,293.68106809341185,0.1831890479313203,1.0004237725533154,1.0004237725533154
386962.890625,0.856689453125,386.884765625,0.362646484375,0.20327148437500003,35170.106410980225,6394.53125,0.22586187839743282,0.999734858552389,3.543418351730361e-5,413.91412470616586,0.22586187839743282,0.999734858552389,0.999734858552389
387036.1328125,1.6956787109375,277.3974609375,0.10812988281250001,0.29753417968750007,161739.47989940643,6767.578125,0.3050378038794904,0.9994273329780496,5.9461610292531455e-5,339.0164518336239,0.3050378038794904,0.9994273329780496,0.9994273329780496
387255.859375,1.271240234375,324.794921875,0.267431640625,0.30668945312500007,73427.43635177612,9230.46875,0.26094294334468887,0.9998862613870078,4.7345186339285536e-5,370.6723904569895,0.26094294334468887,0.9998862613870078,0.9998862613870078
387329.1015625,1.1756591796875,255.1513671875,0.2220947265625,0.1759521484375,131966.35711193085,9603.515625,0.23869163467857635,0.9999781364206809,4.96897882700047e-5,338.14646423707205,0.23869163467857635,0.9999781364206809,0.9999781364206809
387548.828125,0.894775390625,181.689453125,0.301123046875,0.28706054687500004,96503.84664535522,6722.65625,0.20029109664577002,1.000229357624478,5.195203236064989e-5,361.9132049978456,0.20029109664577002,1.000229357624478,1.000229357624478
387622.0703125,1.5521240234375,78.8427734375,0.19074707031250002,0.2301513671875,107240.17035961151,6095.703125,0.193446663638289,0.9999579458712823,9.804862072899577e-5,334.15093896627644,0.193446663638289,0.9999579458712823,0.9999579458712823
387841.796875,0.518310546875,293.583984375,0.201220703125,0.375244140625,175670.61185836792,2246.09375,0.204278499621859,0.9996783729310144,3.264181104857985e-5,411.49304836070036,0.204278499621859,0.9996783729310144,0.9996783729310144
387915.0390625,1.9285888671875,392.6123046875,0.30705566406250007,0.13083496093750002,18081.299662590027,2619.140625,0.28404687266935336,0.9982011972447185,5.874912976811466e-5,523.868505768048,0.28404687266935336,0.9982011972447185,0.9982011972447185
388134.765625,1.647705078125,127.900390625,0.23491210937500004,0.33100585937500004,150203.622341156,5738.28125,0.21884557416616898,0.9998504175373454,7.934584471674529e-5,368.7665800646435,0.21884557416616898,0.9998504175373454,0.9998504175373454
388208.0078125,0.7991943359375,196.3818359375,0.27570800781250004,0.1627685546875,46038.20884227753,5111.328125,0.19858031116976424,0.9997439848524393,4.79146600992226e-5,370.10995059778634,0.19858031116976424,0.9997439848524393,0.9997439848524393
388427.734375,1.757568359375,246.435546875,0.32485351562500003,0.202392578125,102328.78828048706,4324.21875,0.24652097752896177,0.9994579630001822,6.357223162203121e-5,452.2042824090452,0.24652097752896177,0.9994579630001822,0.9994579630001822
388500.9765625,0.7244873046875,349.4482421875,0.2045166015625,0.29665527343750003,93082.33535289764,4947.265625,0.23217219181386195,0.9998329606570907,3.4128298284960204e-5,375.161905843381,0.23217219181386195,0.9998329606570907,0.9998329606570907
388720.703125,0.631103515625,82.080078125,0.28120117187500004,0.24135742187500003,128767.831325531,3816.40625,0.1672548789728443,0.9999366285865086,7.85144681817192e-5,354.3434694542326,0.1672548789728443,0.9999366285865086,0.9999366285865086
388793.9453125,1.8509521484375,151.8896484375,0.24582519531250002,0.25944824218750007,66796.69654369354,3439.453125,0.23263318487104476,0.9994947195873874,7.813841562466689e-5,419.5296660548309,0.23263318487104476,0.9994947195873874,0.9994947195873874
389013.671875,1.004638671875,363.974609375,0.22114257812500002,0.11625976562500001,50201.81608200073,7339.84375,0.2486799780771272,0.9998240828553863,3.9730200255201765e-5,360.4353943233761,0.2486799780771272,0.9998240828553863,0.9998240828553863
389086.9140625,1.4774169921875,295.6591796875,0.25197753906250003,0.3968505859375,154958.85932445526,7962.890625,0.2736750059659939,1.0000482062405516,5.36801525611581e-5,383.68885605226825,0.2736750059659939,1.0000482062405516,1.0000482062405516
389306.640625,1.384033203125,219.541015625,0.177490234375,0.13999023437500002,27250.840663909912,8832.03125,0.24379941723243131,0.9999347036716438,5.77375096603237e-5,332.07978600012825,0.24379941723243131,0.9999347036716438,0.9999347036716438
389379.8828125,1.0980224609375,120.6787109375,0.29328613281250004,0.34675292968750004,179003.6553144455,8455.078125,0.19388268965613745,1.0000889272634268,6.991332356573568e-5,338.23419756912017,0.19388268965613745,1.0000889272634268,1.0000889272634268
389599.609375,0.743896484375,157.451171875,0.152587890625,0.337158203125,82976.02033615112,7542.96875,0.1947108314819952,1.000251013396873,5.31123917365976e-5,316.33864971832867,0.1947108314819952,1.000251013396873,1.000251013396873
389672.8515625,1.7733154296875,98.4326171875,0.33693847656250003,0.16892089843750002,115800.42541027069,7166.015625,0.19730799337332583,0.9999435746693582,9.225671097798278e-5,364.1784195702465,0.19730799337332583,0.9999435746693582,0.9999435746693582
389892.578125,1.867431640625,343.720703125,0.111279296875,0.36909179687500004,58322.28231430054,8035.15625,0.3549458580126442,0.9984856493561282,5.8799009087807205e-5,340.7191942244953,0.3549458580126442,0.9984856493561282,0.9984856493561282
389965.8203125,0.6497802734375,230.2490234375,0.3805908203125,0.12468261718750001,142533.5968732834,8658.203125,0.18785009734916328,1.0002441087046334,4.058394659577166e-5,348.96480067135315,0.18785009734916328,1.0002441087046334,1.0002441087046334
390185.546875,1.490966796875,104.990234375,0.3863769531250001,0.269775390625,166531.2533378601,4558.59375,0.19323539936642603,0.9999127294784964,8.418214386499067e-5,409.6414129524453,0.19323539936642603,0.9999127294784964,0.9999127294784964
390258.7890625,1.0262451171875,214.6435546875,0.12189941406250002,0.21286621093750002,36021.80564403534,4181.640625,0.22902585297409553,0.9996255231094733,5.081482362102269e-5,353.47981809369725,0.22902585297409553,0.9996255231094733,0.9996255231094733
390478.515625,1.120361328125,311.181640625,0.345068359375,0.323974609375,191016.366481781,3050.78125,0.23936082531580402,0.9992348338107548,4.5143677661736504e-5,487.56790187028014,0.23936082531580402,0.9992348338107548,0.9992348338107548
390551.7578125,1.3968505859375,369.0380859375,0.16555175781250003,0.1932373046875,10737.282633781433,3673.828125,0.2938620481360209,0.999252155057525,4.833281557724222e-5,400.2329784070189,0.2938620481360209,0.999252155057525,0.999252155057525
390771.484375,0.831787109375,302.216796875,0.27094726562500004,0.110986328125,95278.78522872925,9511.71875,0.21919680322569984,1.0000027667292115,3.896670404010938e-5,342.4670943958878,0.21919680322569984,1.0000027667292115,1.0000027667292115
390844.7265625,1.6737060546875,362.7294921875,0.23967285156250004,0.39274902343750007,106053.43520641327,9134.765625,0.3095590160196735,0.9994273333752113,5.433650661206814e-5,382.9990821879157,0.3095590160196735,0.9994273333752113,0.9994273333752113
391064.453125,1.955322265625,116.611328125,0.31166992187500003,0.145263671875,69581.03322982788,6003.90625,0.2098057735781833,0.9998924950832612,8.944408880429551e-5,383.8699147403058,0.2098057735781833,0.9998924950832612,0.9998924950832612
391357.421875,1.578857421875,356.005859375,0.18598632812500002,0.198291015625,153898.41032028198,2527.34375,0.2972842878128715,0.9987161589686859,5.29126163136579e-5,441.63907897820644,0.2972842878128715,0.9987161589686859,0.9987161589686859
391430.6640625,0.9266357421875,245.1904296875,0.3058837890625,0.2913818359375,47280.88843822479,2150.390625,0.21482285709545937,0.9994433158327549,4.570209291323993e-5,473.0452984854712,0.21482285709545937,0.9994433158327549,0.9994433158327549
391650.390625,1.208251953125,147.822265625,0.22670898437500003,0.24545898437500002,180452.6686668396,5019.53125,0.20783752265000857,0.9998168916516929,6.553021994391625e-5,367.8996343045362,0.20783752265000857,0.9998168916516929,0.9998168916516929
391723.6328125,1.2972412109375,91.4599609375,0.2628173828125,0.26472167968750004,23800.713419914246,5642.578125,0.18914243409070589,0.9999649734032594,8.651207019219376e-5,353.8391046839455,0.18914243409070589,0.9999649734032594,0.9999649734032594
391943.359375,1.669677734375,213.232421875,0.10336914062500001,0.27387695312500004,115140.69318771362,2355.46875,0.27157959604878124,0.9991500625025811,6.520805624518898e-5,389.4377222738208,0.27157959604878124,0.9991500625025811,0.9991500625025811
392016.6015625,0.8240966796875,111.7138671875,0.3674072265625,0.21813964843750003,80030.19988536835,2978.515625,0.1764159464603508,0.9998921408388588,6.831239440917473e-5,407.85350195015593,0.1764159464603508,0.9998921408388588,0.9998921408388588
392236.328125,0.543212890625,378.251953125,0.14643554687500002,0.31987304687500007,141768.43404769897,5847.65625,0.22448860373525004,1.000031302820696,2.8845662294250145e-5,341.53331489172075,0.22448860373525004,1.000031302820696,1.000031302820696
392309.5703125,1.9505615234375,307.2802734375,0.32668457031250003,0.18796386718750002,57564.32807445526,5470.703125,0.2667070013241311,0.9995183848037387,6.355712307390011e-5,449.0340619277677,0.2667070013241311,0.9995183848037387,0.9995183848037387
392529.296875,0.916748046875,97.021484375,0.35590820312500004,0.34243164062500003,41219.653606414795,9371.09375,0.17830131132953062,1.0002459113865396,7.574106280034405e-5,325.7495391686726,0.17830131132953062,1.0002459113865396,1.0002459113865396
392602.5390625,1.5770263671875,164.1748046875,0.17111816406250002,0.1730224609375,167691.11716747284,9994.140625,0.23415974202147527,1.0001313414073367,6.974157206344437e-5,321.14567391453835,0.23415974202147527,1.0001313414073367,1.0001313414073367
392822.265625,1.296142578125,239.462890625,0.39897460937500007,0.36381835937500007,13064.30959701538,6863.28125,0.22730293701688045,0.9998600292807996,5.421464962767312e-5,426.23024500450714,0.22730293701688045,0.9998600292807996,0.9998600292807996
392895.5078125,1.1976318359375,339.8193359375,0.1303955078125,0.12058105468750001,193062.21091747284,6486.328125,0.2795383386573832,0.9996083138618824,4.5299793354141545e-5,343.7171754803253,0.2795383386573832,0.9996083138618824,0.9996083138618824
393115.234375,1.359130859375,134.873046875,0.160791015625,0.23520507812500002,60548.728466033936,7199.21875,0.21416504081229013,0.9997876693533415,7.178176584189412e-5,330.42846378305836,0.21416504081229013,0.9997876693533415,0.9997876693533415
393188.4765625,1.0760498046875,206.0107421875,0.3498291015625,0.25446777343750004,145785.3535413742,7572.265625,0.20905851966254216,0.9999602402719394,5.295033518658571e-5,379.05825252992065,0.20905851966254216,0.9999602402719394,0.9999602402719394
393408.203125,0.982666015625,278.642578125,0.126513671875,0.208544921875,87917.45901107788,8691.40625,0.2444192266190208,1.0000310215876442,4.402134720243561e-5,320.545952987694,0.2444192266190208,1.0000310215876442,1.0000310215876442
393481.4453125,1.4525146484375,380.3271484375,0.38176269531250007,0.3016357421875,120781.9412946701,8064.453125,0.26066924051459833,0.9995322092515578,4.9165668081282794e-5,436.8273747944207,0.26066924051459833,0.9995322092515578,0.9995322092515578
393701.171875,0.606201171875,167.412109375,0.375830078125,0.149072265625,189796.05436325073,4214.84375,0.17747235759496724,0.9998460251387526,4.8802002573400956e-5,386.4959912720172,0.17747235759496724,0.9998460251387526,0.9998460251387526
393774.4140625,1.8289794921875,67.2216796875,0.1160400390625,0.35466308593750007,8860.165476799011,4587.890625,0.19769571604518657,0.999770164964346,0.00011320999984380071,339.25149642555806,0.19769571604518657,0.999770164964346,0.999770164964346
393994.140625,1.735595703125,331.103515625,0.341552734375,0.107177734375,164813.52376937866,3707.03125,0.2524831885266891,0.9991309265700512,5.780273716391068e-5,488.4387206923401,0.2524831885266891,0.9991309265700512,0.9991309265700512
394067.3828125,0.6995849609375,264.1162109375,0.1479736328125,0.3889404296875001,32201.531291007996,3080.078125,0.2173091441025346,0.9997330802983965,3.91774437483707e-5,380.6493867985626,0.2173091441025346,0.9997330802983965,0.9997330802983965
394287.109375,1.142333984375,396.513671875,0.28852539062500004,0.37934570312500004,133412.513256073,4917.96875,0.26766902970503176,0.9997688506969282,4.183538128869373e-5,438.2103080380063,0.26766902970503176,0.9997688506969282,0.9997688506969282
394360.3515625,1.4217529296875,284.3701171875,0.1822509765625,0.1361083984375,70737.94066905975,4291.015625,0.26332459217559,0.9994606376261023,5.363095703705399e-5,389.3456613412691,0.26332459217559,0.9994606376261023,0.9994606376261023
394580.078125,1.515869140625,189.658203125,0.256591796875,0.326904296875,107071.51937484741,3410.15625,0.2346208105369186,0.9993908399882305,6.50403728708292e-5,429.629014962337,0.2346208105369186,0.9993908399882305,0.9993908399882305
394653.3203125,1.0482177734375,129.3115234375,0.21652832031250002,0.1574951171875,97483.56330394745,3783.203125,0.19447187441407415,0.9997076269809737,6.734025411910329e-5,373.12439461476566,0.19447187441407415,0.9997076269809737,0.9997076269809737
394873.046875,1.889404296875,259.052734375,0.24106445312500002,0.31196289062500004,23941.409587860107,7933.59375,0.2789814903583064,0.9996206318932075,6.549674288152134e-5,383.1533314690247,0.2789814903583064,0.9996206318932075,0.9996206318932075
394946.2890625,0.6746826171875,315.5810546875,0.28596191406250004,0.1800537109375,178670.0600385666,7306.640625,0.20979179432326509,1.0000746082321335,3.4976829587797395e-5,361.86910043608606,0.20979179432326509,1.0000746082321335,1.0000746082321335
395166.015625,0.768798828125,72.119140625,0.20913085937500003,0.28178710937500007,48603.219509124756,8425.78125,0.1704193066482084,0.9998922554779027,8.850791876983839e-5,302.13602162208133,0.1704193066482084,0.9998922554779027,0.9998922554779027
395239.2578125,1.7952880859375,183.1005859375,0.32023925781250007,0.22604980468750002,154425.02677440643,8798.828125,0.23147229365102612,0.9999413254588424,7.172880264776718e-5,378.5153913945513,0.23147229365102612,0.9999413254588424,0.9999413254588424
395458.984375,1.933349609375,371.279296875,0.369384765625,0.35004882812500004,175662.513256073,8636.71875,0.28963831972624765,0.9989587491992148,5.973357879033841e-5,444.9249809133054,0.28963831972624765,0.9989587491992148,0.9989587491992148
395532.2265625,0.5252685546875,314.9169921875,0.10373535156250001,0.1443115234375,20749.754786491394,8009.765625,0.21280443047658928,1.0003193985158016,3.160938183609152e-5,308.87500402741534,0.21280443047658928,1.0003193985158016,1.0003193985158016
395751.953125,0.806884765625,217.548828125,0.32573242187500007,0.3937011718750001,151586.28225326538,7128.90625,0.2043575853339009,1.0000558844486007,4.5889411319165936e-5,372.7917578419836,0.2043575853339009,1.0000558844486007,1.0000558844486007
396044.921875,1.180419921875,233.818359375,0.171923828125,0.26860351562500007,73978.64103317261,3652.34375,0.239128111378139,0.9995510939237814,5.2587886753808054e-5,388.19989451108177,0.239128111378139,0.9995510939237814,0.9995510939237814
396118.1640625,1.2781982421875,346.1279296875,0.3574462890625001,0.24919433593750004,136872.97523021698,3025.390625,0.24438277260860589,0.9992268024755161,4.712106475230691e-5,509.472215890654,0.24438277260860589,0.9992268024755161,0.9992268024755161
396337.890625,1.559814453125,100.009765625,0.12827148437500002,0.28764648437500007,100683.04586410522,4144.53125,0.2077310903178804,0.9996661091116689,8.855250543424811e-5,352.2382975865261,0.2077310903178804,0.9996661091116689,0.9996661091116689
396411.1328125,0.8988037109375,160.5224609375,0.39875488281250004,0.19440917968750002,110771.70646190643,4517.578125,0.18706633271086615,0.9999535639869707,5.67737536338229e-5,406.6824892623369,0.18706633271086615,0.9999535639869707,0.9999535639869707
396630.859375,0.568115234375,122.919921875,0.23930664062500004,0.184814453125,4336.677074432373,3480.46875,0.17511280658795444,0.9999114724650917,5.939902616859668e-5,364.1481076810288,0.17511280658795444,0.9999114724650917,0.9999114724650917
396704.1015625,1.9725341796875,223.2763671875,0.26896972656250007,0.31657714843750007,187857.86712169647,3853.515625,0.2638266441790077,1.0000149753725245,7.098053766495795e-5,446.9745935158927,0.2638266441790077,1.0000149753725245,1.0000149753725245
396923.828125,1.691650390625,298.564453125,0.197998046875,0.22143554687500003,31331.788539886475,4972.65625,0.28421577082801036,0.999250804289344,5.864155146416756e-5,397.3317641593936,0.28421577082801036,0.999250804289344,0.999250804289344
396997.0703125,0.8489990234375,365.7177734375,0.3126220703125,0.27702636718750007,163564.29755687714,4345.703125,0.23148097876278703,0.9994952365486389,3.660968193029069e-5,433.50208600537553,0.23148097876278703,0.9994952365486389,0.9994952365486389
397216.796875,1.315185546875,155.458984375,0.30434570312500003,0.12211914062500001,150801.83744430542,8496.09375,0.20503436852156437,0.999952638768062,6.642118726398768e-5,352.0720836065041,0.20503436852156437,0.999952638768062,0.999952638768062
397290.0390625,1.2254638671875,84.4873046875,0.1851806640625,0.3652099609375,65718.50669384003,8869.140625,0.18832013970110703,1.0003480253809613,8.928056893331889e-5,312.36381742823676,0.18832013970110703,1.0003480253809613,1.0003480253809613
397509.765625,0.944580078125,351.025390625,0.263037109375,0.171630859375,124516.122341156,7988.28125,0.23659214790601948,0.9999956764059024,3.930882662631753e-5,368.28711495388313,0.23659214790601948,0.9999956764059024,0.9999956764059024
397583.0078125,1.5960693359375,249.5068359375,0.22883300781250002,0.34089355468750004,90691.40708446503,7361.328125,0.2637690835947194,1.0010535538785876,6.016201270928165e-5,377.7996493823124,0.2637690835947194,1.0010535538785876,1.0010535538785876
397802.734375,1.054443359375,193.310546875,0.18422851562500003,0.305517578125,171879.20331954956,6074.21875,0.22013441917628282,0.9996937919480897,5.458033476052699e-5,352.37764819291124,0.22013441917628282,0.9996937919480897,0.9996937919480897
397875.9765625,1.5213623046875,126.3232421875,0.28889160156250004,0.21228027343750003,42132.262110710144,6697.265625,0.2061004926472433,0.9998313548895684,7.817286442955357e-5,366.72246763521895,0.2061004926472433,0.9998313548895684,0.9998313548895684
398095.703125,1.427978515625,390.205078125,0.21557617187500003,0.250732421875,198955.331325531,9566.40625,0.2933402997466618,0.9995212269568932,4.8262244957883174e-5,364.329319647415,0.2933402997466618,0.9995212269568932,0.9995212269568932
398168.9453125,1.1478271484375,290.0146484375,0.25520019531250004,0.23132324218750003,18786.198496818542,9189.453125,0.2409994508979197,1.0000873839197044,4.715622367636984e-5,359.5334794170884,0.2409994508979197,1.0000873839197044,1.0000873839197044
398388.671875,1.801513671875,77.099609375,0.28676757812500003,0.38813476562500004,79869.35758590698,5089.84375,0.19545331317732706,0.9998097202988186,0.00010610072698226233,377.56370597010323,0.19545331317732706,0.9998097202988186,0.9998097202988186
398461.9140625,0.7742919921875,178.7841796875,0.24260253906250004,0.1062255859375,115842.43476390839,5712.890625,0.19254831069730574,0.999998504779334,5.083026201022123e-5,352.10437436121646,0.19254831069730574,0.999998504779334,0.999998504779334
398681.640625,0.680908203125,251.416015625,0.318115234375,0.3556152343750001,52828.53841781616,2582.03125,0.20157039202030788,0.9995428935888107,4.0150483058493034e-5,447.6667998805369,0.20157039202030788,0.9995428935888107,0.9995428935888107
398754.8828125,1.8948974609375,322.5537109375,0.2089111328125,0.14987792968750002,139638.45145702362,2205.078125,0.2945801180104546,0.9985600271717698,6.173142709616767e-5,470.99698686596537,0.2945801180104546,0.9985600271717698,0.9985600271717698
398974.609375,1.447021484375,274.326171875,0.349462890625,0.15903320312500002,53554.51154708862,5792.96875,0.2330774473041939,0.9996599894982993,5.513381720220169e-5,429.98249446767613,0.2330774473041939,0.9996599894982993,0.9996599894982993
399047.8515625,0.9764404296875,385.3076171875,0.1588134765625,0.32829589843750007,160237.9254102707,5416.015625,0.268186208333139,0.9996098143226465,3.871535919681863e-5,370.52376647361024,0.268186208333139,0.9996098143226465,0.9996098143226465
399267.578125,1.070556640625,141.845703125,0.383154296875,0.13471679687500002,24544.694423675537,2285.15625,0.18730045852489208,0.9994737624859104,6.507005415767213e-5,463.0938045466549,0.18730045852489208,0.9994737624859104,0.9994737624859104
399340.8203125,1.3529052734375,198.3740234375,0.1274658203125,0.3778076171875,187324.7345685959,2908.203125,0.24614896255511834,0.9993836395487978,6.0704980910853906e-5,387.0283983076954,0.24614896255511834,0.9993836395487978,0.9993836395487978
399560.546875,0.694091796875,328.115234375,0.114501953125,0.22290039062500003,104519.35148239136,6808.59375,0.23476103587716873,0.9996044246140635,3.489333653158163e-5,328.72957880516685,0.23476103587716873,0.9996044246140635,0.9996044246140635
399633.7890625,1.7293701171875,267.7685546875,0.3750244140625001,0.27849121093750007,93067.85666942596,6431.640625,0.24693425643922165,0.9996654433099321,6.180657118130722e-5,446.28298794312184,0.24693425643922165,0.9996654433099321,0.9996654433099321
399853.515625,1.823486328125,173.056640625,0.148193359375,0.183349609375,130210.51931381226,9300.78125,0.2511618134263028,1.0000041800763073,7.419739188855495e-5,327.7290171170955,0.2511618134263028,1.0000041800763073,1.0000041800763073
399926.7578125,0.5999755859375,60.9130859375,0.34367675781250007,0.31511230468750007,70378.30436229706,9923.828125,0.16195701730131648,1.0007702016954791,9.628075617635727e-5,295.235083313712,0.16195701730131648,1.0007702016954791,1.0007702016954791
