P0,ndot,tads,alpha,beta,PI,Pl,productivity,energy,purity,recovery
100146.484375,1.441162109375,376.591796875,0.20532226562500003,0.28911132812500007,12299.598217010498,7261.71875,7.010294286363224e-5,280.04735511764204,0.24165925958328796,1.0051814041707452
100219.7265625,0.9705810546875,309.6044921875,0.32404785156250004,0.19587402343750002,47006.895899772644,7884.765625,6.913994770373114e-5,327.1768384751543,0.19247911530881426,1.0051265343267695
100439.453125,1.064697265625,212.236328125,0.24604492187500002,0.26713867187500007,18776.16262435913,8753.90625,8.819937751276402e-5,309.4826912597824,0.18857159941184884,1.0058152851858546
100732.421875,0.688232421875,239.130859375,0.25161132812500003,0.3951660156250001,33195.40739059448,4277.34375,8.782589580791059e-5,456.5654150090977,0.1746244224087294,1.005159514303616
100805.6640625,1.7235107421875,340.8154296875,0.22150878906250002,0.11325683593750001,19775.334239006042,4900.390625,8.397582621470831e-5,338.68300471780395,0.23245129757188562,1.0050701682904193
101025.390625,1.817626953125,94.697265625,0.292333984375,0.34858398437500004,27757.3561668396,3769.53125,0.0002108950226799394,487.496464459377,0.17346494372089052,1.0051822210451153
101098.6328125,0.5941162109375,165.8349609375,0.17844238281250002,0.1428466796875,24104.241251945496,3392.578125,0.0001224862015538889,515.5022559376674,0.16306489166088636,1.0049885872886468
101318.359375,1.060302734375,117.607421875,0.337744140625,0.17075195312500002,50141.97492599487,4605.46875,0.00017376322375068764,466.5253020108295,0.16398507711165075,1.0050499032784415
101391.6015625,1.5272216796875,228.5888671875,0.1517822265625,0.34001464843750007,6803.728938102722,4228.515625,9.880780767937278e-5,381.00045149203135,0.21190506906223958,1.0051407115696764
101611.328125,1.433837890625,303.876953125,0.38081054687500004,0.12299804687500002,44632.508754730225,3097.65625,9.50930420247958e-5,501.3605882628365,0.1913481720081414,1.0050967144524963
101684.5703125,1.1536865234375,360.4052734375,0.11105957031250001,0.3660888671875,12176.358103752136,3720.703125,6.830537731355698e-5,371.51416147126804,0.226867431099885,1.0051185807128329
101904.296875,1.807373046875,150.146484375,0.12153320312500002,0.22055664062500002,19067.431926727295,7621.09375,0.00012249032813233549,296.36959531889767,0.20460474973982823,1.0047145018443573
101977.5390625,0.7801513671875,89.7998046875,0.3867431640625001,0.27614746093750003,37436.05124950409,7244.140625,0.000215596984166471,397.8469151087936,0.15783728776440295,1.0058717091165221
102197.265625,0.686767578125,356.337890625,0.164599609375,0.18569335937500003,24295.75490951538,8113.28125,5.493645284385004e-5,302.8714579804728,0.19461342607956425,1.0052020241996404
102270.5078125,1.9007568359375,244.1943359375,0.34602050781250004,0.31745605468750004,33155.04539012909,8736.328125,9.929008696094479e-5,298.8956988868462,0.2172435254163176,1.005319843539689
102490.234375,0.562255859375,187.998046875,0.3951660156250001,0.3570800781250001,15131.370067596436,9949.21875,0.00010692994008873557,332.8044672507954,0.16353322310964835,1.0081466093195384
102563.4765625,1.9666748046875,131.6357421875,0.1342041015625,0.15134277343750002,43936.78176403046,9322.265625,0.0001348538714975681,272.87880504779304,0.2014529300752041,1.0062670044405737
102783.203125,1.685791015625,395.517578125,0.36088867187500007,0.38666992187500004,7121.804714202881,6441.40625,7.841919290732755e-5,340.05220809737267,0.23652315017705441,1.0054764873044655
102856.4453125,0.8431396484375,284.7021484375,0.1661376953125,0.1047607421875,48803.242564201355,6814.453125,7.003919761471504e-5,332.8717622894925,0.19078887285923857,1.004886815325626
103076.171875,1.309326171875,71.787109375,0.14145507812500002,0.252197265625,33062.22867965698,2964.84375,0.0002559587908669051,540.9359530238154,0.16345332677474467,1.0050120018330027
103149.4140625,1.2196044921875,184.0966796875,0.3316650390625,0.23278808593750003,23434.231638908386,2337.890625,0.00012877652361861165,576.2002222375553,0.1760580537643682,1.0052007213477496
103369.140625,0.938720703125,256.728515625,0.107177734375,0.304052734375,39653.67269515991,5457.03125,7.788962969318155e-5,356.9904753020257,0.19554071035468992,1.0047530689819917
103442.3828125,1.5902099609375,317.2412109375,0.36359863281250004,0.21081542968750003,19890.95389842987,5830.078125,8.761681448923324e-5,369.04299699421296,0.20790260901273502,1.004770372591742
103662.109375,1.939208984375,279.638671875,0.22290039062500003,0.18247070312500002,40021.5220451355,2167.96875,0.00010359749079021393,487.4323959978629,0.2222486844088567,1.0018191812990809
103735.3515625,0.5311279296875,379.9951171875,0.26662597656250003,0.31423339843750003,11825.892329216003,2541.015625,6.279315544622719e-5,548.6765512502802,0.17690680559776453,1.0053008619467403
103955.078125,0.812744140625,136.533203125,0.190966796875,0.22377929687500003,46346.17757797241,5660.15625,0.00014467148795462763,417.028592962806,0.16536828615852442,1.0049797581320978
104028.3203125,1.6575927734375,203.6865234375,0.3009033203125,0.27937011718750004,8692.120432853699,5033.203125,0.0001162958721201451,398.95242890151286,0.19564835449919601,1.0051758269785687
104248.046875,1.186279296875,333.427734375,0.30668945312500007,0.133837890625,30255.435466766357,9183.59375,6.976531037093504e-5,288.42873717754645,0.20464955268771984,1.005084548914078
104321.2890625,1.2840576171875,262.4560546875,0.2015869140625,0.3769287109375,33302.964091300964,9556.640625,7.937824105699671e-5,269.4240028090386,0.21372336788766613,1.0051187866396163
104541.015625,1.565673828125,167.744140625,0.274755859375,0.159912109375,23484.384059906006,6675.78125,0.00012412569715602756,355.2174116826334,0.18677723821188266,1.0050023121303517
104614.2578125,0.9046630859375,66.2255859375,0.23586425781250003,0.32917480468750004,37388.37516307831,6048.828125,0.0002792430382081699,427.64611089406446,0.1576405195188036,1.0049921262225334
104833.984375,1.136474609375,296.904296875,0.15375976562500002,0.24692382812500002,31222.388744354248,6386.71875,7.424697481464183e-5,318.93130272536393,0.2102897932172772,1.0050419084940347
104907.2265625,1.4158935546875,368.0419921875,0.3381103515625,0.26618652343750004,28390.71547985077,6759.765625,7.513807287659675e-5,335.82171035112447,0.2165102992556719,1.0052235780072005
105126.953125,1.510009765625,121.923828125,0.110107421875,0.196826171875,38203.28664779663,9878.90625,0.0001436998745761831,286.5604611382999,0.1846825730538141,1.0082352759025885
105200.1953125,1.0423583984375,223.6083984375,0.3794189453125001,0.2899169921875,24650.280833244324,9251.953125,9.026401654918646e-5,321.49048708561685,0.18200734892015344,1.0051224823972023
105419.921875,1.883544921875,350.693359375,0.387548828125,0.146728515625,15127.200603485107,5402.34375,9.012383497956748e-5,377.868702472839,0.2147016088284729,1.0028446842992844
105493.1640625,0.6688232421875,250.5029296875,0.1230712890625,0.3523193359375001,42414.29603099823,5775.390625,7.845294457016721e-5,379.1679853599648,0.17913816332031055,1.004877776282858
105712.890625,0.762939453125,153.134765625,0.34389648437500003,0.109521484375,7456.483364105225,2894.53125,0.00014354945733362502,555.375818028495,0.1618262907880951,1.0049641706091097
105786.1328125,1.7894287109375,86.1474609375,0.16437988281250002,0.39128417968750007,47442.42179393768,2267.578125,0.0002305969839290027,568.4902287201488,0.17346766693350385,1.0052801922810455
106005.859375,1.364990234375,218.544921875,0.32368164062500004,0.3629394531250001,25142.646312713623,5730.46875,0.00010529017475329342,387.9892886540735,0.1914694333203972,1.005293334448295
106079.1015625,1.0819091796875,106.4013671875,0.20334472656250002,0.11970214843750002,33975.14617443085,5103.515625,0.00018879146593359772,436.72830066229926,0.16440820210410168,1.0049615570636927
106298.828125,0.988525390625,372.939453125,0.28237304687500003,0.34331054687500007,17117.738246917725,2222.65625,7.53163018787122e-5,547.9964604680995,0.19639860670933304,1.0054721189394555
106372.0703125,1.4583740234375,312.5927734375,0.24699707031250004,0.17390136718750002,39340.39008617401,2595.703125,9.308143636194718e-5,487.3372563926908,0.2051026321513278,1.0051337548918395
106591.796875,0.612060546875,102.333984375,0.21997070312500003,0.31899414062500003,45954.30326461792,6746.09375,0.00019541289055467696,405.0108315551689,0.1580171795355314,1.005529663561792
106665.0390625,1.8348388671875,158.8623046875,0.25080566406250004,0.18708496093750002,12885.315775871277,6119.140625,0.0001351975060208148,360.6199831157739,0.19202214391006875,1.0049838677295972
106884.765625,1.741455078125,234.150390625,0.17866210937500002,0.274755859375,51435.067653656006,9238.28125,9.656974296337838e-5,261.3410698592179,0.22354104966935012,1.005114425790318
106958.0078125,0.7054443359375,345.1318359375,0.29445800781250003,0.21901855468750003,10885.804057121277,9611.328125,5.9809825271305594e-5,301.4366441153401,0.1859707326201223,1.0057192228400216
107177.734375,1.663818359375,140.185546875,0.26860351562500007,0.108642578125,40321.21992111206,8824.21875,0.00013745402616073015,313.6464550696176,0.18352401140663324,1.0051970867021278
107250.9765625,0.8182373046875,200.6982421875,0.22326660156250003,0.3904052734375001,21010.252833366394,8447.265625,9.761121675451788e-5,332.3807004883367,0.17636059152827965,1.0063583749718472
107470.703125,0.537353515625,273.330078125,0.29995117187500003,0.147607421875,34854.989528656006,7316.40625,7.726861352844526e-5,368.84008769240006,0.16796574408642007,1.0052953219237757
107543.9453125,1.9447021484375,385.6396484375,0.1895751953125,0.35319824218750007,26010.624766349792,7939.453125,8.331957671916254e-5,254.2988746453583,0.2702804191792156,1.005364544276268
107763.671875,0.910888671875,172.724609375,0.202392578125,0.210009765625,5916.781902313232,3839.84375,0.00012646946790351884,472.959861747346,0.17097551680265977,1.0050347105371127
107836.9140625,1.5711669921875,61.9091796875,0.3082275390625,0.3031005859375,52674.31342601776,3462.890625,0.0003096677559277258,523.9614405335146,0.16170013349043108,1.0051002063357926
108056.640625,1.290283203125,325.791015625,0.23374023437500002,0.23374023437500002,12363.999843597412,4332.03125,8.183445996261818e-5,394.9399269445839,0.20786835383875563,1.0051461469920968
108129.8828125,1.1917724609375,269.4287109375,0.2745361328125,0.25300292968750004,46859.124064445496,4955.078125,9.062074718270377e-5,399.7033770645055,0.19286097664368948,1.0051818191194173
108349.609375,0.837646484375,391.201171875,0.133837890625,0.28090820312500003,20444.770336151123,3042.96875,6.411688702678124e-5,443.32923424510426,0.20156798012059593,1.0051662041052833
108422.8515625,1.6795654296875,289.6826171875,0.3931884765625,0.22517089843750002,36083.68957042694,3666.015625,0.00010367035058517278,469.7301687521643,0.19798433794313872,1.0040553475240668
108642.578125,1.961181640625,194.970703125,0.167529296875,0.312841796875,27264.665126800537,4535.15625,0.00012259135869422373,372.4161055209522,0.2125142483188731,1.0051077717784958
108715.8203125,0.5560302734375,123.9990234375,0.3618408203125001,0.18093261718750003,30814.541697502136,4158.203125,0.00017357033149241504,497.0351557736156,0.1569228553284321,1.0050382503916646
108935.546875,1.584716796875,253.740234375,0.33012695312500007,0.326025390625,50411.50236129761,8058.59375,9.5124616340771e-5,318.97993398597146,0.20681286255727252,1.0052434323618402
109008.7890625,0.9324951171875,320.8935546875,0.1406494140625,0.1566162109375,13458.57322216034,8681.640625,6.538307349217332e-5,280.7295640194598,0.2042629405469591,1.0047603336654751
109228.515625,1.214111328125,77.431640625,0.36381835937500007,0.380224609375,44755.746364593506,7550.78125,0.00025212531497937295,384.1141580307983,0.1612802703069144,1.0054356733639467
109301.7578125,1.3031005859375,177.7880859375,0.10930175781250001,0.1369873046875,17826.027750968933,7173.828125,0.00010821562018360492,319.71199634259335,0.19224982531898321,1.004671568004244
109521.484375,0.738037109375,68.466796875,0.28969726562500003,0.20473632812500003,18639.258861541748,5011.71875,0.00028822239533781693,465.2615701142524,0.15534844010018978,1.005026819341021
109594.7265625,1.7674560546875,171.4794921875,0.18342285156250002,0.29899902343750007,40430.26626110077,5634.765625,0.00012718400761096228,358.3307608450772,0.1993960369861327,1.005048223825705
109814.453125,1.861572265625,265.361328125,0.25541992187500007,0.23901367187500003,23357.76662826538,2503.90625,0.00011067949980339892,491.05295153973873,0.21082040385317882,1.0028077302043081
110107.421875,1.485107421875,207.255859375,0.24223632812500004,0.10454101562500001,53641.33024215698,6027.34375,0.00011055710998249401,360.21563096873194,0.19168749009842348,1.0050125824715872
110180.6640625,1.0203857421875,138.9404296875,0.28713378906250003,0.3851318359375,8861.882090568542,6650.390625,0.00014831278496313605,388.55574865705705,0.16925110069942073,1.0050423660274228
110400.390625,1.114501953125,381.572265625,0.20795898437500002,0.15170898437500002,48664.8268699646,9519.53125,6.371927623207282e-5,264.028843004149,0.21725957189615402,1.0050255570067348
110473.6328125,1.3909912109375,282.7099609375,0.3190673828125,0.35847167968750004,16423.577189445496,9142.578125,8.403353566019698e-5,298.6420853346669,0.20853209367040887,1.0052816305898566
110693.359375,1.763427734375,319.482421875,0.15961914062500002,0.33012695312500007,38133.24689865112,6855.46875,8.754963783059387e-5,283.32620107755156,0.24433994098290776,1.0051682082445692
110766.6015625,0.7303466796875,260.4638671875,0.34865722656250003,0.1618896484375,22943.285822868347,6478.515625,8.767911833921431e-5,389.08391014761867,0.17111263607136779,1.0050538921611563
110986.328125,0.636962890625,187.001953125,0.127685546875,0.3761230468750001,33659.669399261475,9347.65625,0.00010778967760612912,323.7767568099861,0.1688403642442333,1.007696089006298
111059.5703125,1.8568115234375,73.5302734375,0.3829345703125,0.1317138671875,30959.46967601776,9970.703125,0.0002666010255525133,330.14611436543294,0.16393382408567866,1.0066347052808258
111279.296875,1.010498046875,288.271484375,0.3746582031250001,0.28618164062500007,11241.626262664795,5871.09375,8.593866258140785e-5,397.0833733929229,0.18396921995738846,1.0052220400788863
111352.5390625,1.4832763671875,397.9248046875,0.1148681640625,0.22927246093750003,51106.46140575409,5494.140625,7.363565795924129e-5,294.9532217651763,0.24891215441935535,1.0050850748866296
111572.265625,1.389892578125,133.212890625,0.34272460937500004,0.30756835937500004,14127.78615951538,2363.28125,0.0001765490808616463,582.8285928011954,0.17126642380524507,1.005248492898626
111645.5078125,1.1038818359375,191.0693359375,0.14914550781250002,0.17683105468750002,44974.25925731659,2986.328125,0.0001211898939683076,491.23231177597575,0.1794100862231076,1.0050339441324754
111865.234375,1.265380859375,241.123046875,0.10454101562500001,0.14145507812500002,28209.128856658936,3699.21875,9.733438937313847e-5,407.2813620567441,0.1992684133634831,1.0048570982770346
111938.4765625,1.1697998046875,354.7607421875,0.36857910156250007,0.34821777343750004,31832.411646842957,3072.265625,8.473138935839204e-5,507.0762656074665,0.19515666824665828,1.0052673209014276
112158.203125,0.888916015625,87.392578125,0.145263671875,0.11479492187500001,22813.21096420288,4191.40625,0.0002359411970254588,482.2703143987076,0.15917092635142627,1.0049562473008333
112231.4453125,1.5462646484375,146.5771484375,0.32551269531250004,0.3953857421875,38583.760142326355,4564.453125,0.000158541742566844,446.0386397205293,0.17881987444026506,1.0052677163839794
112451.171875,0.512451171875,358.662109375,0.3570800781250001,0.24282226562500003,45577.42643356323,8714.84375,6.09955197682076e-5,338.5420193966267,0.17255571720008464,1.005454675730866
112524.4140625,1.9227294921875,300.9716796875,0.1722900390625,0.26091308593750007,18190.85395336151,8087.890625,9.347070611627763e-5,264.7774932910525,0.24347578005733653,1.0051073449620958
112744.140625,1.641845703125,224.853515625,0.397802734375,0.200927734375,51258.71419906616,7207.03125,0.00011242879743498603,357.99144621631467,0.1898205719856454,1.0050657075851495
112817.3828125,0.7933349609375,115.3662109375,0.12922363281250002,0.29519042968750003,11859.734416007996,7580.078125,0.0001774024113424824,370.7645155305629,0.16267873859048682,1.0060350531401026
113037.109375,1.236083984375,162.763671875,0.269775390625,0.323095703125,37564.857006073,8417.96875,0.0001233572356377986,331.5510866287671,0.17976361578176053,1.0050863702021247
113110.3515625,1.3280029296875,93.1201171875,0.23850097656250002,0.19235839843750002,28230.189204216003,8791.015625,0.0002144463556566328,343.5871227395316,0.16550494697096113,1.0060859375606859
113330.078125,1.609619140625,338.408203125,0.312841796875,0.27065429687500003,43119.37093734741,7910.15625,8.394759907460851e-5,309.0511025030007,0.22041866619880776,1.0052055989638793
113403.3203125,0.9544677734375,235.5615234375,0.19777832031250003,0.21374511718750003,21942.2425031662,7283.203125,8.956050532628168e-5,338.968521129456,0.18436442836008318,1.0049553703352163
113623.046875,1.983154296875,110.302734375,0.184814453125,0.36821289062500007,11278.689861297607,3433.59375,0.00020131446301051506,473.6433367513555,0.18121558167640117,1.0051823243113054
113696.2890625,0.5809326171875,209.3310546875,0.30471191406250003,0.1238037109375,48288.46824169159,3806.640625,0.00011315122848752678,496.2758975443765,0.1624478616553123,1.0050306289722886
113916.015625,0.862548828125,305.869140625,0.22788085937500002,0.33803710937500003,6221.505641937256,4925.78125,7.851093270671295e-5,403.92798495182114,0.18744369078871287,1.0051846913516256
113989.2578125,1.7015380859375,374.3505859375,0.26398925781250004,0.1697998046875,54820.41251659393,4298.828125,8.63718280806097e-5,382.5627975450505,0.22478122258761327,1.0034486031700873
114208.984375,1.839599609375,180.029296875,0.35063476562500007,0.25629882812500004,47612.708568573,4136.71875,0.0001465027396892819,454.369571326901,0.186021959594618,1.0050952134411233
114282.2265625,0.6190185546875,81.1669921875,0.15998535156250002,0.23806152343750003,11332.823634147644,4509.765625,0.00025480770212318437,479.59409320867496,0.15596066329078787,1.0050009717184232
114501.953125,0.713134765625,323.798828125,0.3819824218750001,0.29995117187500003,54292.33694076538,3628.90625,8.155367789879833e-5,497.56153077991456,0.17452915394785903,1.0051534368814423
114794.921875,1.086669921875,127.568359375,0.115673828125,0.36235351562500007,28472.171306610107,7152.34375,0.00015505881581279142,360.2218860731372,0.17182438466386782,1.0055554987971131
114868.1640625,1.3719482421875,197.3779296875,0.3761962890625,0.1554443359375,38657.39905834198,7525.390625,0.00011908461345742486,357.46686328746483,0.17916589495033033,1.0050638500307056
115087.890625,1.466064453125,291.259765625,0.147021484375,0.38139648437500007,23806.214809417725,8644.53125,8.427081913044052e-5,269.24344605630677,0.22615113046657825,1.0045324307919015
115161.1328125,0.9925537109375,394.2724609375,0.3425048828125,0.1006591796875,44500.10001659393,8017.578125,6.611799123218015e-5,326.4971617531253,0.19336437433324738,1.0050688848593639
115380.859375,0.661865234375,271.669921875,0.18305664062500002,0.128564453125,17519.538402557373,7980.46875,7.807843733452095e-5,335.1853874261186,0.17593227431545108,1.005452524398248
115454.1015625,1.8787841796875,329.5263671875,0.2877197265625,0.3728271484375001,45564.10491466522,7353.515625,9.241302177423778e-5,311.45640222111723,0.23452366768210683,1.0053941443532273
115673.828125,1.785400390625,64.814453125,0.21674804687500002,0.16518554687500003,12112.306118011475,8472.65625,0.0002971355644376554,351.8408313300769,0.16408204275740498,1.006088115405665
115747.0703125,0.7552490234375,174.4677734375,0.25637207031250003,0.33327636718750003,52116.116404533386,8845.703125,0.00012224393531727907,340.96750491850446,0.1675365296993455,1.0063271912806366
115966.796875,1.408935546875,389.208984375,0.28559570312500004,0.17836914062500003,34723.83451461792,4996.09375,7.947960376671481e-5,376.6554021503575,0.21275938041210096,1.005090584777231
116040.0390625,1.1317138671875,275.7373046875,0.24143066406250002,0.3089599609375,30500.367045402527,4369.140625,9.304600609349576e-5,420.5008707877805,0.19147404723060515,1.005182178998592
116259.765625,1.038330078125,202.275390625,0.31928710937500004,0.22788085937500002,40280.648708343506,3488.28125,0.0001253605786569167,498.56354500665327,0.17267005840769936,1.0051293386522229
116333.0078125,1.5023193359375,143.2568359375,0.21008300781250003,0.2846435546875,24106.446146965027,3861.328125,0.00016294775602304463,459.0646445050632,0.17829910720857126,1.005108128351281
116552.734375,0.960693359375,342.060546875,0.24047851562500003,0.399267578125,53951.83515548706,2574.21875,8.20507694128446e-5,516.6265211281861,0.1925441767659593,1.0054136687137434
116625.9765625,1.6151123046875,232.5732421875,0.2701416015625,0.1185302734375,9033.629298210144,2197.265625,0.0001250045841273377,545.0559272598935,0.18938368969436173,1.0050243186684398
116845.703125,1.334228515625,156.455078125,0.196826171875,0.34448242187500006,48392.465114593506,5066.40625,0.00014249499701837623,408.74749043854405,0.1798107368631128,1.0050612223881628
116918.9453125,1.2415771484375,98.7646484375,0.31145019531250007,0.1375732421875,18250.676035881042,5689.453125,0.0002245907726576831,426.2475267896466,0.16236511479162954,1.004955889110292
117138.671875,1.707763671875,310.849609375,0.305517578125,0.29438476562500004,25398.166179656982,9589.84375,8.93040876724308e-5,283.21819326013826,0.22135621591988727,1.0052651678767388
117211.9140625,0.8680419921875,370.0341796875,0.18635253906250002,0.19997558593750003,40409.146189689636,9212.890625,6.170904814235748e-5,284.25481438158715,0.20152893503156447,1.0049360840608776
117431.640625,0.587158203125,102.666015625,0.26186523437500003,0.26186523437500003,29392.014980316162,6082.03125,0.00021349939709844844,425.50619852521277,0.15659560038826043,1.005020917047516
117504.8828125,1.9886474609375,216.3037109375,0.22766113281250003,0.24362792968750002,33224.32792186737,6705.078125,0.00011790367716842833,326.46632609574016,0.2118963897862096,1.0048632380932854
117724.609375,1.540771484375,83.076171875,0.36821289062500007,0.21528320312500002,12221.625804901123,9292.96875,0.0002504430485700759,344.16296233743793,0.16334402474534607,1.0058220777973121
117797.8515625,0.8826904296875,151.5576171875,0.1025634765625,0.27204589843750004,58169.44396495819,9916.015625,0.00013476558196129625,310.8055772122462,0.17069238817883348,1.0077296404047318
118017.578125,1.164306640625,248.095703125,0.326904296875,0.190966796875,15939.591884613037,6785.15625,9.896930923121261e-5,365.9354981106635,0.1834352909306786,1.0050999244821734
118090.8203125,1.2591552734375,347.1240234375,0.14621582031250002,0.32155761718750003,52452.908396720886,6408.203125,7.554212943981985e-5,311.90933610677484,0.22149953043052453,1.0051317593050315
118310.546875,0.787841796875,221.865234375,0.17075195312500002,0.16665039062500003,41751.52921676636,2308.59375,0.00011064988100198698,556.1783858217146,0.1718084658414328,1.0051174517751322
118383.7890625,1.6356201171875,119.0185546875,0.35627441406250004,0.33474121093750003,17587.326884269714,2931.640625,0.0002054301607520249,541.8788990689304,0.17129275881617448,1.0052861252808905
118603.515625,1.917236328125,364.306640625,0.129443359375,0.127099609375,36391.427516937256,5800.78125,8.967506002331371e-5,288.2590898744373,0.2540380996651453,1.0050745343414227
118676.7578125,0.5062255859375,294.6630859375,0.3999267578125001,0.3713623046875001,25944.527506828308,5423.828125,8.353228475104323e-5,435.58640905309414,0.1664019394458927,1.0045391930405205
118896.484375,0.972412109375,227.841796875,0.111572265625,0.120361328125,49183.6314201355,6761.71875,9.379137452657345e-5,340.27584372280774,0.18561836211111493,1.0047247940721504
118969.7265625,1.4393310546875,118.3544921875,0.38029785156250007,0.3646240234375,19076.414942741394,6384.765625,0.0001909348432303627,403.5029122013671,0.16935905167168164,1.0051284569563952
119189.453125,1.345947265625,360.986328125,0.15229492187500002,0.173388671875,56030.55715560913,9253.90625,7.37419376070507e-5,257.57037579440544,0.2282044781973215,1.0049963026437365
119482.421875,1.719482421875,90.380859375,0.34536132812500003,0.18891601562500002,29518.283367156982,5777.34375,0.0002485199424316236,421.0439860820404,0.1656371931477152,1.0050157398910846
119555.6640625,0.6922607421875,149.5654296875,0.16525878906250002,0.31950683593750007,33372.38013744354,5400.390625,0.00015052265612271976,428.0966590214177,0.16338411988216806,1.0049635166828057
119775.390625,0.598876953125,243.447265625,0.386083984375,0.217333984375,21034.8219871521,2269.53125,0.00010476885287121976,599.1574840717944,0.16421784061085698,1.0051550177832866
119848.6328125,1.8128662109375,357.0849609375,0.12219238281250001,0.27409667968750007,38634.880900382996,2892.578125,9.313513649155314e-5,391.6486177347566,0.2439842015138381,1.005200090017071
120068.359375,1.529052734375,308.857421875,0.281494140625,0.264501953125,14787.726879119873,5105.46875,9.487822455924646e-5,383.7511453369562,0.2070084664860817,1.005233124163561
120141.6015625,1.0584716796875,377.3388671875,0.24553222656250004,0.24626464843750004,52893.26751232147,5728.515625,7.231795402542575e-5,362.8961632182959,0.20212737810841758,1.0049312812184543
120361.328125,1.152587890625,112.626953125,0.324560546875,0.291748046875,5943.543910980225,2597.65625,0.00020804515521333033,570.4106948385978,0.16428354782538582,1.0052110485023467
120434.5703125,1.4349365234375,211.6552734375,0.20480957031250002,0.19733886718750002,59750.027537345886,2220.703125,0.00012912376346291008,538.4923453266616,0.1864448843720433,1.0052019960038974
120654.296875,0.776123046875,341.396484375,0.177783203125,0.351806640625,37379.565715789795,6121.09375,6.973488003013185e-5,359.91040111969147,0.19006895724228481,1.0051130377140447
120727.5390625,1.8114013671875,238.5498046875,0.29299316406250003,0.1448974609375,26995.49949169159,6744.140625,0.00011323909446345013,344.1499654925566,0.2007701347017432,1.0051189197797579
120947.265625,1.905517578125,165.087890625,0.22084960937500003,0.391943359375,44654.27541732788,9613.28125,0.00013144938850968022,289.3305264503767,0.20156381103980983,1.0051086669178058
121020.5078125,0.6820068359375,95.4443359375,0.25227050781250004,0.1112060546875,22743.30222606659,9236.328125,0.0002309938931755985,351.7950355419708,0.1564951227036885,1.0049690792235608
121240.234375,1.968505859375,379.248046875,0.30141601562500003,0.22583007812500003,57384.910106658936,8449.21875,9.006188694599265e-5,291.8167582409642,0.236163311476624,1.005283119633255
121313.4765625,0.5604248046875,280.3857421875,0.19045410156250003,0.2825927734375,9467.665553092957,8822.265625,7.863977965667709e-5,329.77999998962315,0.17217402940052717,1.0061277084100564
121533.203125,0.842041015625,204.267578125,0.26713867187500007,0.180419921875,51661.47756576538,7941.40625,0.00010941735659906561,351.655558270723,0.17094928648308028,1.0048392293078918
121606.4453125,1.6868896484375,135.9521484375,0.22238769531250002,0.3110107421875,14196.431040763855,7314.453125,0.00015770467305986248,347.4240901207047,0.1830104683860022,1.0049953570070753
121826.171875,1.215576171875,263.037109375,0.23520507812500002,0.158447265625,21108.859539031982,3464.84375,0.00010500800871725905,461.9924023752014,0.18678480201716965,1.005016605296751
121899.4140625,1.3133544921875,332.8466796875,0.27541503906250003,0.3265380859375,46155.850291252136,3837.890625,9.067139175702738e-5,438.1725307813652,0.2018584497732866,1.005279202544312
122119.140625,1.594970703125,65.478515625,0.200927734375,0.135302734375,28926.621913909912,4957.03125,0.000323906577817331,448.5389646577098,0.1613377471186627,1.004948538798945
122192.3828125,0.9339599609375,168.4912109375,0.3073486328125,0.37956542968750007,39462.42606639862,4330.078125,0.00014563163045557163,468.1230947515456,0.16842641645886483,1.0051928192574124
122412.109375,0.532958984375,130.888671875,0.16665039062500003,0.38872070312500007,7966.468334197998,3667.96875,0.00017557905882737744,508.7770527426888,0.1590804914492721,1.0050825309249098
122485.3515625,1.9373779296875,188.7451171875,0.3603759765625001,0.1079833984375,54010.0964307785,3041.015625,0.00015785447714207327,513.5182747330637,0.1815441847297389,1.005084849185297
122705.078125,1.656494140625,285.283203125,0.13471679687500002,0.35502929687500007,15079.209804534912,4160.15625,9.962158646207443e-5,371.44701411671133,0.2222819727457507,1.0051201265201273
122778.3203125,0.8138427734375,394.9365234375,0.3946533203125,0.1481201171875,48049.6643781662,4533.203125,7.44924228984849e-5,449.21116150871075,0.1781379518819166,1.005082349044047
122998.046875,1.280029296875,184.677734375,0.3629394531250001,0.302587890625,44504.21476364136,8683.59375,0.00012469632179990027,339.7088631774171,0.17821888832430688,1.005145678511982
123071.2890625,1.1903076171875,71.2060546875,0.10783691406250001,0.2081787109375,27837.082743644714,8056.640625,0.00029055566594368514,365.7586366799727,0.16049609152984445,1.005714603208325
123291.015625,0.909423828125,316.494140625,0.33100585937500004,0.253662109375,37469.247341156006,7175.78125,8.021251402995423e-5,360.03400003579793,0.18356359610252285,1.0050645751543532
123364.2578125,1.5609130859375,257.4755859375,0.1421142578125,0.23542480468750002,34073.61686229706,7548.828125,9.763442403308147e-5,297.1852672213573,0.21442983861318446,1.0050148205545155
123583.984375,1.417724609375,105.654296875,0.24750976562500002,0.340673828125,26864.112377166748,7886.71875,0.0001998720703156287,358.2319890350738,0.16934912144184944,1.004990445775504
123657.2265625,1.1346435546875,219.2919921875,0.2818603515625,0.17243652343750002,43323.69887828827,7259.765625,0.00010953366833100552,356.0588044207028,0.17965048473859502,1.005043617904053
123876.953125,1.041259765625,313.173828125,0.20385742187500003,0.365576171875,33877.23684310913,8378.90625,7.664770938338163e-5,307.30130300089223,0.200630237289007,1.005146580767843
123950.1953125,1.5111083984375,372.3583984375,0.32316894531250007,0.12116699218750002,37637.463450431824,8751.953125,8.134245779515478e-5,302.76856947439586,0.21068570139130233,1.0051172753924764
124169.921875,0.664794921875,159.443359375,0.293798828125,0.27797851562500003,55970.21818161011,4902.34375,0.00015237774772651464,454.73621589904565,0.1614266209041227,1.0050445472700031
124243.1640625,1.8875732421875,101.7529296875,0.1793212890625,0.22106933593750003,9627.85804271698,4275.390625,0.00022542230470893741,445.19006989150506,0.17412420553027524,1.0049872147502972
124462.890625,1.794189453125,344.384765625,0.25014648437500003,0.315771484375,49217.225551605225,3394.53125,9.709009120824132e-5,428.715432499648,0.22433170401184513,1.0024485916582715
124536.1328125,0.7581787109375,234.8974609375,0.2206298828125,0.18503417968750002,15750.466227531433,3767.578125,0.00010873713376654766,476.02503662348903,0.17035728025390487,1.0050775918216017
124755.859375,1.083740234375,367.294921875,0.37993164062500007,0.19418945312500002,46279.48713302612,4230.46875,8.497907036156765e-5,453.7854265445984,0.1859660150661449,1.005153492734967
124829.1015625,1.3631591796875,297.6513671875,0.10959472656250001,0.2884521484375,21356.860041618347,4603.515625,9.018797435046437e-5,360.8192541013905,0.21353308150881,1.0050312796424605
125048.828125,1.457275390625,224.189453125,0.338623046875,0.24956054687500004,39296.571254730225,3722.65625,0.00012888083711351937,476.3151057321813,0.18287772861534396,1.0050912729205326
125122.0703125,0.9896240234375,121.3427734375,0.1532470703125,0.26765136718750004,27703.54926586151,3095.703125,0.00019394802500168924,521.7182551287302,0.1648747555450174,1.0050178062211703
125341.796875,1.830810546875,251.083984375,0.16372070312500003,0.112744140625,8896.93021774292,7246.09375,0.00010699657726918974,301.32745198183113,0.21678206807896946,1.0050088434788815
125415.0390625,0.6160888671875,350.1123046875,0.34455566406250004,0.3933349609375001,60273.19419384003,7619.140625,6.998680408698834e-5,362.0149219600915,0.17653845127931206,1.005139790325234
125634.765625,0.710205078125,85.400390625,0.12241210937500001,0.14350585937500002,16422.372341156006,8738.28125,0.0002593678390196733,360.37479079072455,0.15668481297155545,1.0060294807230246
125708.0078125,1.7366943359375,153.8818359375,0.3882080078125001,0.35026855468750007,54180.17661571503,8111.328125,0.00015515522305187742,353.57024075156744,0.18098492070478012,1.0052262627863482
125927.734375,0.820068359375,288.935546875,0.36235351562500007,0.31489257812500004,30303.39765548706,9324.21875,8.214356715569838e-5,328.65141534298357,0.17847431045388948,1.005134625393706
126000.9765625,1.6619873046875,391.9482421875,0.16701660156250003,0.18415527343750002,41279.234766960144,9947.265625,8.00901857683087e-5,245.06811762972887,0.2453565592889939,1.0050492386752568
126220.703125,1.943603515625,124.580078125,0.3937011718750001,0.27885742187500007,22621.591091156006,6816.40625,0.00019541383502310805,387.2912952797297,0.17494829028147613,1.005047515746759
126293.9453125,0.5384521484375,194.3896484375,0.1333251953125,0.22194824218750003,46519.59693431854,6439.453125,0.00012057396037442514,395.63255269817074,0.16302690976413384,1.0049419495240521
126513.671875,1.567138671875,321.474609375,0.108642578125,0.378759765625,54363.19303512573,2339.84375,9.729355977799282e-5,451.704454928892,0.2227746845643982,1.005201741970959
126586.9140625,0.9149169921875,253.1591796875,0.3644775390625,0.13435058593750002,12787.228465080261,2962.890625,0.00011267483542786796,534.4639172591922,0.17014512956251254,1.004998046650472
126806.640625,1.196533203125,177.041015625,0.13999023437500002,0.327490234375,61913.43832015991,5832.03125,0.0001294789808552074,378.7377633504634,0.1809422414210019,1.0049484426575876
126879.8828125,1.2855224609375,78.1787109375,0.3307861328125,0.15925292968750002,7819.207072257996,5455.078125,0.00029521244688753765,441.51251790051253,0.159168463217681,1.0050044310821316
127099.609375,1.681396484375,199.951171875,0.19008789062500003,0.149658203125,34744.33088302612,2542.96875,0.00014208163335308803,504.29097357487524,0.1891361626786106,1.0050183713324505
127172.8515625,0.8358154296875,140.9326171875,0.2994384765625,0.3564208984375,30042.12462902069,2166.015625,0.00017393313018112296,603.5303609781478,0.16364698223954702,1.0052233126792143
127392.578125,0.554931640625,386.220703125,0.22377929687500003,0.106591796875,42815.44637680054,5035.15625,6.791363814431941e-5,415.83984662623067,0.17423166731378978,1.0048857989316624
127465.8203125,1.9622802734375,272.7490234375,0.26809082031250003,0.3871826171875,25607.205271720886,5658.203125,0.00011240549870696433,363.50520626873583,0.21843968175423428,1.0053125225243507
127685.546875,0.928466796875,62.490234375,0.27387695312500004,0.23227539062500002,21777.835369110107,9558.59375,0.0003438409116527345,350.78136927274545,0.15580603266501175,1.0058558761684122
127758.7890625,1.5887451171875,172.1435546875,0.23439941406250003,0.2503662109375,52488.48044872284,9181.640625,0.00013005680295702127,308.8604194512329,0.18872238847309675,1.0050029629266677
127978.515625,1.307861328125,268.681640625,0.30756835937500004,0.211474609375,12020.028591156006,6050.78125,0.00010281599243727714,380.22993907836155,0.18874663333583316,1.0051550017468667
128051.7578125,1.2093505859375,326.5380859375,0.2030517578125,0.30573730468750004,58971.16935253143,6673.828125,8.239006631177804e-5,335.0103780881622,0.20566791097380516,1.0051053259914644
128271.484375,1.769287109375,259.716796875,0.3834472656250001,0.37348632812500004,39476.78327560425,4511.71875,0.00012187385704121941,442.3132264662805,0.19707297851866104,1.005371346234829
128344.7265625,0.7362060546875,320.2294921875,0.12717285156250002,0.1302490234375,27865.44692516327,4134.765625,8.04081211467046e-5,426.9238410425709,0.18111182747691262,1.0049376206923124
128564.453125,0.642822265625,74.111328125,0.34916992187500007,0.332763671875,46539.04104232788,3003.90625,0.0002979951583987977,557.6576996108923,0.15533736253407318,1.0050710447941804
128857.421875,1.016357421875,398.505859375,0.148486328125,0.310791015625,16557.101726531982,7527.34375,6.70880306196404e-5,304.07993784376873,0.2123744906892688,1.0050034585437926
128930.6640625,1.4891357421875,287.6904296875,0.3433837890625,0.1788818359375,56335.45386791229,7150.390625,0.0001001402677960586,353.0466748594438,0.19443852203803633,1.0051301118528841
129150.390625,1.395751953125,190.322265625,0.114208984375,0.282958984375,10532.5026512146,8019.53125,0.00011692296014006725,311.42490781980223,0.19336695280018742,1.0047411045707735
129223.6328125,1.1097412109375,133.9599609375,0.37531738281250004,0.2272216796875,62958.428263664246,8642.578125,0.0001761074968698706,356.77842134899095,0.16466536213111918,1.005016839932357
129443.359375,0.732177734375,170.732421875,0.215869140625,0.23637695312500004,33601.63068771362,7355.46875,0.0001388290283991662,375.22583161946955,0.16453889294721197,1.004954080646496
129516.6015625,1.7615966796875,69.2138671875,0.25490722656250003,0.25563964843750003,37740.77117443085,7978.515625,0.0003085204888077142,367.3635429163527,0.1635184275805699,1.0048851738742517
129736.328125,1.855712890625,335.751953125,0.18393554687500002,0.20737304687500002,27858.521938323975,8847.65625,9.347241715632011e-5,269.9095569589002,0.23639157453392665,1.0051452118891853
129809.5703125,0.6380615234375,264.7802734375,0.2891845703125,0.30046386718750007,45050.90034008026,8470.703125,9.065114525241777e-5,347.6115124304153,0.17008387532536523,1.0043934534378414
130029.296875,1.479248046875,139.521484375,0.31840820312500007,0.154931640625,52607.593059539795,4371.09375,0.00018885638933421154,461.5906520781082,0.16955855180680926,1.0050718528176563
130102.5390625,1.0145263671875,206.6748046875,0.20861816406250003,0.36052246093750007,18292.92380809784,4994.140625,0.00012219441711453898,419.64516130626373,0.1766975609265524,1.0050664135223928
130322.265625,1.108642578125,281.962890625,0.286474609375,0.101318359375,59504.25100326538,3863.28125,0.00010444608543027702,460.09721628489996,0.18021017385746912,1.0050332481011552
130395.5078125,1.3851318359375,382.3193359375,0.24289550781250002,0.3830810546875001,10100.41892528534,3486.328125,8.656479184474893e-5,438.11183668267313,0.21371077779764525,1.0042424467379019
130615.234375,1.171630859375,92.373046875,0.198291015625,0.272705078125,43644.919872283936,2199.21875,0.0002521369435661526,591.5766096631685,0.1626685781064695,1.005124975800506
130688.4765625,1.2635498046875,163.5107421875,0.31232910156250004,0.2169677734375,24931.715846061707,2572.265625,0.0001673045860622798,557.3471733377551,0.1702679924049887,1.0051676693938012
130908.203125,1.545166015625,236.142578125,0.23901367187500003,0.321044921875,38344.94924545288,5691.40625,0.0001153792653640308,375.54404985603986,0.1967365395947587,1.0051614886404374
130981.4453125,0.8900146484375,337.8271484375,0.2692626953125,0.1891357421875,33610.554575920105,5064.453125,8.288223927255026e-5,410.13182595599653,0.18300240025871145,1.005054682264559
131201.171875,1.918701171875,209.912109375,0.26333007812500003,0.33657226562500003,14198.153972625732,9214.84375,0.000122980884186298,302.121463080232,0.20530516718958822,1.0051668216023353
131274.4140625,0.5164794921875,109.7216796875,0.22854003906250003,0.1671630859375,59876.27875804901,9587.890625,0.00021689328276073815,349.25533055269807,0.1555819012162542,1.0061723847938588
131494.140625,0.798095703125,373.603515625,0.304052734375,0.36967773437500007,19016.648769378662,6707.03125,7.22109488529086e-5,370.5535825827506,0.18614669041653722,1.005218661040217
131567.3828125,1.6370849609375,306.6162109375,0.1854736328125,0.12644042968750002,52359.124064445496,6080.078125,9.702869643633462e-5,332.6151572804735,0.21499722606767074,1.0049183461811013
131787.109375,1.329833984375,354.013671875,0.326025390625,0.116845703125,26344.398021697998,9917.96875,8.123491012180854e-5,296.9349349222421,0.2003580517119688,1.0050958820407796
131860.3515625,1.2342529296875,241.8701171875,0.14475097656250002,0.39860839843750007,50041.89574718475,9291.015625,9.639515307257258e-5,292.2435723669167,0.19860349290103768,1.0048243412206888
132080.078125,0.953369140625,147.158203125,0.36909179687500004,0.139404296875,30838.609218597412,6410.15625,0.0001749176044878008,409.6442151458699,0.16210597089733025,1.00502058593214
132153.3203125,1.6107177734375,86.8115234375,0.1040283203125,0.34499511718750003,42900.67756175995,6783.203125,0.0002465981134121574,376.39566305184616,0.16916797356531588,1.004869391212429
132373.046875,0.576904296875,301.552734375,0.128564453125,0.199462890625,63623.05021286011,2933.59375,8.784269117740935e-5,504.4502732988782,0.17322863500260283,1.0040928392326218
132446.2890625,1.9871826171875,358.0810546875,0.3984619140625001,0.29255371093750004,3976.3344526290894,2306.640625,0.00010479239219177283,556.1343964865976,0.21331991465493738,1.0013573455379337
132666.015625,1.706298828125,114.619140625,0.171630859375,0.24428710937500003,56429.635524749756,5425.78125,0.00020652386793244885,405.37963618846703,0.17448417959114956,1.0049818624817968
132739.2578125,0.8577880859375,225.6005859375,0.35773925781250004,0.2635498046875,14656.716227531433,5798.828125,0.00011870287815555896,418.17813207705916,0.16908239525347923,1.0051201816966715
132958.984375,0.620849609375,328.779296875,0.25688476562500007,0.16254882812500002,6141.761302947998,5636.71875,8.098734743165669e-5,406.6796028889254,0.17197146423008272,1.005046424396571
133032.2265625,1.8377685546875,272.4169921875,0.2162353515625,0.33181152343750003,62957.274317741394,5009.765625,0.00011276067026933816,374.60380505361866,0.21395615714412108,1.0052030311284998
133251.953125,1.744384765625,175.048828125,0.28823242187500003,0.13120117187500002,10663.43069076538,2128.90625,0.00016953623891955398,572.1334949469934,0.17859326803388845,1.0050936595019648
133544.921875,1.367919921875,276.318359375,0.20942382812500002,0.23110351562500003,50949.83243942261,6652.34375,9.842274778810565e-5,343.1863597155175,0.19941859386682026,1.0051173541912028
133618.1640625,1.0906982421875,388.6279296875,0.3199462890625,0.28669433593750004,24946.09534740448,6025.390625,7.819991496352915e-5,379.9170768622768,0.19605017870514588,1.0051239704169324
133837.890625,0.997314453125,142.509765625,0.24077148437500004,0.17514648437500002,45112.489223480225,9144.53125,0.0001656054674853561,340.28167342115,0.16580130835969764,1.005398005036916
133911.1328125,1.4613037109375,203.0224609375,0.2862548828125,0.30690917968750003,33847.39005565643,9517.578125,0.00011935958556992783,313.42881944989114,0.18843890380103076,1.0050910234524713
134130.859375,1.880615234375,80.419921875,0.12680664062500002,0.29731445312500004,59758.55207443237,6480.46875,0.00027060584133451143,383.93285886874247,0.16977748568553871,1.0048923232826568
134204.1015625,0.6600341796875,180.7763671875,0.3814697265625,0.20407714843750002,11133.868098258972,6853.515625,0.00014412870175988952,401.4999369749707,0.16056054213710513,1.0049873704006205
134423.828125,0.754150390625,256.064453125,0.16049804687500002,0.25893554687500003,53544.923305511475,9972.65625,9.004123550141125e-5,305.82281916299945,0.17864801500874505,1.003194450712474
134497.0703125,1.7864990234375,323.2177734375,0.3501220703125001,0.23952636718750003,20640.713572502136,9345.703125,9.787152789304122e-5,308.9354741586268,0.21112078037218024,1.005145139738821
134716.796875,1.127685546875,197.958984375,0.34184570312500007,0.384619140625,28603.83939743042,5496.09375,0.0001355841182879909,423.0996284003892,0.1742618943272388,1.0051866248938035
134790.0390625,1.4129638671875,126.9873046875,0.14768066406250002,0.10270996093750001,47372.07114696503,5869.140625,0.00018924075874041346,394.528789881409,0.1715806348052163,1.0048803772822936
135009.765625,1.507080078125,393.525390625,0.37553710937500007,0.359130859375,34333.016872406006,2988.28125,9.026320690383987e-5,507.1463713174141,0.20766218560491964,1.001535103082201
135083.0078125,1.0335693359375,292.0068359375,0.1163330078125,0.15339355468750002,38881.95884227753,2361.328125,9.90885253433663e-5,505.10530651884045,0.18789306476457016,1.0049251823104417
135302.734375,1.616943359375,150.810546875,0.146728515625,0.19301757812500003,18241.01972579956,3074.21875,0.0001768786551164782,486.15299212499843,0.17932078462422066,1.0050439488980922
135375.9765625,0.9588623046875,83.8232421875,0.3263916015625,0.32478027343750004,55486.632227897644,3697.265625,0.0002890599385840102,514.2293663025771,0.1582384604598585,1.0049942547066602
135595.703125,1.240478515625,347.705078125,0.10307617187500001,0.21323242187500002,12439.462184906006,4566.40625,8.364025110619018e-5,364.08816739126644,0.21214024805086243,1.0050084804361716
135668.9453125,1.3353271484375,247.5146484375,0.3677001953125001,0.26882324218750003,63095.28052806854,4189.453125,0.0001243027019262968,464.84853680113235,0.1805980847431965,1.0052369697770784
135888.671875,0.864013671875,119.599609375,0.399267578125,0.125634765625,38630.83219528198,8089.84375,0.00021228267357073906,377.8199960329773,0.158151158337149,1.0049656617785365
135961.9140625,1.7117919921875,221.2841796875,0.13010253906250002,0.36872558593750004,35033.352732658386,8712.890625,0.00011505124778989081,290.2886900921661,0.2099382468088761,1.0049348680257288
136181.640625,1.993408203125,293.916015625,0.3556152343750001,0.16811523437500003,45725.02279281616,7582.03125,0.00011217652751809979,341.85263061535693,0.2052982646415804,1.0051556883942154
136254.8828125,0.5823974609375,365.0537109375,0.17141113281250003,0.3373779296875,26823.38798046112,7205.078125,6.883356381251687e-5,354.09226165814374,0.1786725353509611,1.0050501950942434
136474.609375,0.884521484375,231.826171875,0.31196289062500004,0.346533203125,60603.58381271362,8792.96875,0.00010649196465900214,342.356810727092,0.17416536164435062,1.0049942581658882
136547.8515625,1.5389404296875,342.8076171875,0.19631347656250003,0.1407958984375,18747.93517589569,8416.015625,8.823278100397981e-5,292.37088507928945,0.21798555095685773,1.005065961638014
136767.578125,1.258056640625,99.345703125,0.27065429687500003,0.397216796875,67637.95614242554,7285.15625,0.00024036249563674406,385.4716223150592,0.1640426822418061,1.0050380575104234
136840.8203125,1.1654052734375,155.8740234375,0.23996582031250002,0.1153076171875,11675.442576408386,7908.203125,0.0001571142147899405,356.5589034722041,0.1697751569957495,1.0049329469411092
137060.546875,1.631591796875,370.615234375,0.22700195312500002,0.26040039062500003,28490.054607391357,3808.59375,9.457190422604776e-5,412.5020993421513,0.21810172960741492,1.0038266175028243
137133.7890625,0.7918701171875,310.2685546875,0.26252441406250004,0.24099121093750003,40754.013895988464,3431.640625,9.502495366396704e-5,489.72584808552295,0.1753797837297348,1.0050486540208134
137353.515625,0.510986328125,215.556640625,0.18569335937500003,0.29584960937500004,20992.013454437256,4300.78125,0.00012272632479650632,469.8279407133763,0.1624008033285163,1.004998204273163
137426.7578125,1.9124755859375,103.4130859375,0.30617675781250003,0.20261230468750002,49137.33756542206,4923.828125,0.00025144822605539655,443.3075384355334,0.16897849669684992,1.0050593217371353
137646.484375,0.503662109375,249.091796875,0.24282226562500003,0.25161132812500003,53239.2954826355,8261.71875,0.00010312266181493133,360.40247332932813,0.16366366602471893,1.0050155275259705
137719.7265625,1.9080810546875,352.1044921875,0.28654785156250007,0.23337402343750002,26968.077540397644,8884.765625,9.707207198907045e-5,299.77441590435075,0.22491148880741854,1.005249757666368
137939.453125,1.627197265625,84.736328125,0.208544921875,0.30463867187500004,45505.65481185913,7753.90625,0.00026911598854067456,368.01008172653314,0.16600093912320707,1.0049574095481655
138232.421875,1.250732421875,366.630859375,0.28911132812500007,0.357666015625,3438.0831718444824,3277.34375,9.328038853325566e-5,478.4216904519122,0.19774809724726464,1.0053305966116668
138305.6640625,1.1610107421875,298.3154296875,0.1840087890625,0.1507568359375,66014.46998119354,3900.390625,9.991840676787993e-5,431.82338568389144,0.18973658798511778,1.005060369318699
138525.390625,0.880126953125,222.197265625,0.25483398437500004,0.386083984375,13681.4284324646,4769.53125,0.00012248423792911084,441.1044952443084,0.17234621781203524,1.0050683887027236
138598.6328125,1.5316162109375,123.3349609375,0.21594238281250003,0.1053466796875,57240.227580070496,4392.578125,0.00021373255912286832,452.8062823004236,0.16913492873284736,1.005006084121747
138818.359375,1.997802734375,160.107421875,0.375244140625,0.13325195312500002,27542.853832244873,3605.46875,0.00019399909910945844,496.08846928389784,0.1751797661085619,1.0050312468472133
138891.6015625,0.5897216796875,101.0888671875,0.1142822265625,0.37751464843750004,48284.07561779022,3228.515625,0.00024142206588151236,532.7348296572725,0.15739484275052876,1.005032693397467
139111.328125,0.871337890625,346.376953125,0.34331054687500007,0.16049804687500002,36539.002895355225,4097.65625,9.076107235191364e-5,466.2434358109905,0.17616085389258537,1.005090858247021
139184.5703125,1.7161865234375,232.9052734375,0.1485595703125,0.3285888671875,40688.320994377136,4720.703125,0.0001229281567281044,382.2421269111889,0.20432085875484593,1.0050846419912098
139404.296875,1.244873046875,107.646484375,0.15903320312500002,0.18305664062500002,62931.933879852295,8621.09375,0.00021651626429072387,348.30845735528396,0.16571476873785562,1.0051757580072278
139477.5390625,1.3426513671875,217.2998046875,0.34924316406250006,0.31364746093750007,12252.70164012909,8244.140625,0.00012240912598816066,350.16906459543577,0.18192228589800785,1.0051335331335658
139697.265625,1.624267578125,313.837890625,0.127099609375,0.223193359375,54256.69240951538,7113.28125,9.605453468176616e-5,302.9190888217001,0.22269604007080163,1.0050381919395617
139770.5078125,0.9632568359375,371.6943359375,0.3835205078125,0.27995605468750007,20223.77097606659,7736.328125,7.902626164056802e-5,360.277401686288,0.18564746400187146,1.005002860316787
139990.234375,1.499755859375,60.498046875,0.357666015625,0.39458007812500007,38502.952098846436,6949.21875,0.00038603746131114054,406.14575385527564,0.159002961989748,1.0050529774756694
140063.4765625,1.0291748046875,174.1357421875,0.17170410156250002,0.1138427734375,34988.41750621796,6322.265625,0.00014688512461081329,386.8546189236956,0.17100805671500724,1.003934219690693
140283.203125,1.123291015625,268.017578125,0.39838867187500004,0.34916992187500007,48297.83010482788,9441.40625,0.0001001726503559723,335.37052101832364,0.18237558531622308,1.0052171907922498
140356.4453125,1.4056396484375,327.2021484375,0.12863769531250002,0.1422607421875,28899.189829826355,9814.453125,8.636470558884401e-5,267.86191131939995,0.21723403469118693,1.0048981248195812
140576.171875,0.746826171875,199.287109375,0.103955078125,0.28969726562500003,21700.168132781982,5964.84375,0.0001278882999186336,397.42505138225465,0.16919248782070287,1.004536453500879
140649.4140625,1.7821044921875,141.5966796875,0.3691650390625001,0.19528808593750002,57552.639842033386,5337.890625,0.0001991599618208008,431.5433190993097,0.17205952297114616,1.0050939284129943
140869.140625,1.876220703125,384.228515625,0.144677734375,0.26655273437500004,10257.188320159912,2457.03125,9.98119458670789e-5,436.7142660849914,0.23679438414722265,1.003434886827912
140942.3828125,0.6527099609375,274.7412109375,0.32609863281250007,0.24831542968750003,65830.77323436737,2830.078125,0.00010755472078634299,545.5163009267711,0.16676356124875918,1.0051752801371339
141162.109375,1.001708984375,322.138671875,0.18540039062500002,0.21997070312500003,30496.375560760498,5167.96875,8.887760433476964e-5,391.5170687359995,0.1890674895850657,1.005079628416204
141235.3515625,1.4686279296875,252.4951171875,0.30412597656250007,0.2767333984375,42194.300532341,5541.015625,0.0001195664618872164,400.8960956805365,0.18865779039844507,1.0051758930117167
141455.078125,1.375244140625,179.033203125,0.22846679687500002,0.186279296875,19909.654140472412,2660.15625,0.0001634815873588949,530.763552173125,0.1749551296717354,1.0050814219091704
141528.3203125,1.0950927734375,76.1865234375,0.2634033203125,0.3168701171875,50342.8772687912,2033.203125,0.0003098893904614922,616.0652688113169,0.15920119381711212,1.0051523421521835
141748.046875,1.748779296875,290.927734375,0.26918945312500003,0.17133789062500002,62187.56437301636,6183.59375,0.000110497293858646,361.0370074856391,0.20375375633867812,1.0051134772154664
141821.2890625,0.7215576171875,389.9560546875,0.23908691406250002,0.33942871093750004,18293.076395988464,6556.640625,7.137220154888509e-5,370.850386763659,0.18397482052569303,1.0051181514986556
142041.015625,0.628173828125,125.244140625,0.312255859375,0.12241210937500001,70631.112575531,9675.78125,0.00020578961183115532,349.7484732600168,0.15667721373402632,1.0054157050348516
142114.2578125,1.8421630859375,193.7255859375,0.1983642578125,0.3666748046875,12303.658366203308,9048.828125,0.00013301344632089484,305.78942796433705,0.2003613776304788,1.005055206325341
142333.984375,1.698974609375,339.404296875,0.11625976562500001,0.20942382812500002,19552.711009979248,9386.71875,9.238305639171661e-5,262.1577343018765,0.23422799500368385,1.0049569729424623
142407.2265625,0.8533935546875,240.5419921875,0.3756103515625,0.3036865234375,61888.02993297577,9759.765625,0.0001073269133735995,335.4546217594482,0.17120109125407937,1.0050787762433464
142626.953125,0.572509765625,164.423828125,0.147607421875,0.23432617187500002,9364.41946029663,6878.90625,0.00015862826251826967,395.2938452694458,0.1601995861292867,1.0049405131881102
142700.1953125,1.9798583984375,96.1083984375,0.3419189453125,0.2524169921875,70062.75641918182,6251.953125,0.00026951541625188497,409.5943454246282,0.16780995639706503,1.0050627315916942
142919.921875,0.946044921875,308.193359375,0.35004882812500004,0.10922851562500001,42494.87638473511,2402.34375,0.00010599439111542637,566.3415784976223,0.17296829522547358,1.0050632325856672
142993.1640625,1.6063232421875,378.0029296875,0.1605712890625,0.38981933593750007,30609.48646068573,2775.390625,9.591420059004715e-5,443.70083359233274,0.22436035709513524,1.0042694034152881
143212.890625,1.325439453125,110.634765625,0.38139648437500007,0.147021484375,52964.540004730225,5894.53125,0.0002455654375525602,428.4777493111783,0.16158505328892855,1.0050153354757025
143286.1328125,1.2269287109375,213.6474609375,0.1268798828125,0.3537841796875001,23012.001872062683,5267.578125,0.00012361142030870522,390.2194672676743,0.18533277752113048,1.005008178150234
143505.859375,0.802490234375,91.044921875,0.28618164062500007,0.325439453125,56957.58771896362,2730.46875,0.00027486287350777405,566.4685919683365,0.15771060702162312,1.00511393593488
143579.1015625,1.6444091796875,148.9013671875,0.24084472656250003,0.15720214843750002,17942.797541618347,2103.515625,0.00019598934178950253,575.4276230181482,0.17377633722031963,1.005112681350868
143798.828125,1.926025390625,245.439453125,0.31987304687500007,0.38081054687500004,66397.27926254272,5222.65625,0.00013259153357540661,408.05205010238217,0.20009422949535977,1.00521820786435
143872.0703125,0.5208740234375,355.0927734375,0.20949707031250003,0.1364013671875,12317.196726799011,5595.703125,7.907755641403497e-5,409.7898388307038,0.16978255430785147,1.00490471326486
144091.796875,1.549560546875,229.833984375,0.18247070312500002,0.281494140625,38857.86771774292,9746.09375,0.00011327812245175607,293.714045714752,0.19973822355286158,1.0049516279707291
144165.0390625,0.8973388671875,116.3623046875,0.2883056640625,0.22458496093750002,41753.72397899628,9119.140625,0.00021841817989831736,355.7277679623358,0.1599096711820425,1.0049720514158935
144384.765625,1.178955078125,361.650390625,0.21616210937500002,0.312255859375,27976.083278656006,6238.28125,8.41986460090191e-5,357.25875419297574,0.2022677180404712,1.0051437683832825
144458.0078125,1.2679443359375,302.6318359375,0.2569580078125,0.1815185546875,49528.74839305878,6611.328125,9.838647690572977e-5,361.6295640657194,0.19179018017538702,1.005082301635195
144677.734375,1.101318359375,182.685546875,0.30610351562500004,0.146142578125,12895.92695236206,7824.21875,0.00014628800890503394,366.01224339345976,0.16925317147579919,1.0049570471981129
144750.9765625,1.3807373046875,73.1982421875,0.18576660156250002,0.3529052734375,66082.3963880539,7447.265625,0.0003268853430898015,385.61682485282586,0.1610463710703471,1.0049677352905209
144970.703125,1.474853515625,315.830078125,0.262451171875,0.110107421875,22322.030544281006,8316.40625,9.630530506683793e-5,320.2136506425569,0.20041737156052017,1.0050057021659626
145043.9453125,1.0072021484375,258.1396484375,0.22707519531250003,0.39069824218750004,57852.66578197479,8939.453125,9.884142833610961e-5,326.29029216867264,0.18414550077927405,1.00505225511915
145263.671875,1.848388671875,130.224609375,0.23989257812500003,0.24750976562500002,50023.47135543823,4839.84375,0.00021091188644636687,432.17641414450446,0.1753499847302538,1.0050677204904124
145336.9140625,0.6336669921875,189.4091796875,0.2707275390625,0.2656005859375,28358.15131664276,4462.890625,0.00014874063539215983,470.47004083487667,0.16168327746391792,1.005067422248165
145556.640625,0.727783203125,283.291015625,0.19624023437500002,0.19624023437500002,40598.37484359741,3332.03125,0.0001042973893832237,493.3503916753156,0.171537135073716,1.0050640400173625
145629.8828125,1.7542724609375,396.9287109375,0.31203613281250003,0.2905029296875,36888.787150382996,3955.078125,9.671080341944912e-5,434.4507772190093,0.2168598134283379,1.0021329045930658
145849.609375,1.400146484375,263.701171875,0.17133789062500002,0.31840820312500007,70536.81135177612,4042.96875,0.00011534688390614675,423.72450775272097,0.19473442845219877,1.0051632023152237
145922.8515625,1.1170654296875,332.1826171875,0.3556884765625,0.1876708984375,5783.152461051941,4666.015625,9.997631513105026e-5,442.7981628169719,0.18138602267335613,1.0051479572527484
146142.578125,1.023681640625,67.470703125,0.130029296875,0.27534179687500004,61357.43856430054,3535.15625,0.0003583919269797097,516.0164633804922,0.15752290547905246,1.0050318640161948
146215.8203125,1.4935302734375,166.4990234375,0.39934082031250007,0.2184326171875,14070.767283439636,3158.203125,0.00018673579123626782,532.1830302003585,0.16974714859403817,1.005130013473527
146435.546875,0.647216796875,381.240234375,0.36762695312500004,0.363525390625,26085.818767547607,7058.59375,7.6119648103339e-5,384.6843685868048,0.17498223150068026,1.0050071931806162
146508.7890625,1.8699951171875,278.3935546875,0.1031494140625,0.11911621093750001,55500.44333934784,7681.640625,0.00011009140793868243,291.6025887658287,0.22320896095989276,1.0049138234414488
146728.515625,1.776611328125,204.931640625,0.32631835937500003,0.34272460937500004,35482.553005218506,8550.78125,0.00013677459912110978,339.6236222328621,0.19089811594955738,1.0051721392644488
146801.7578125,0.7406005859375,135.2880859375,0.14680175781250002,0.1744873046875,47268.65470409393,8173.828125,0.0001950067810451553,368.11507259293023,0.16061286116019433,1.0044040344844052
147021.484375,1.300537109375,195.966796875,0.252197265625,0.24223632812500004,66284.03425216675,2011.71875,0.0001565154922337041,585.9076826200655,0.17510666553910606,1.005191875444139
147094.7265625,1.2049560546875,128.9794921875,0.22092285156250002,0.26149902343750003,8503.752589225769,2634.765625,0.00021480317505501794,551.3267044913568,0.16598362459898092,1.0051221013943785
147314.453125,0.924072265625,392.861328125,0.29291992187500004,0.20151367187500002,58182.96194076538,5503.90625,8.074764072185475e-5,402.3324790307904,0.18542042513757037,1.0050962000136863
147607.421875,0.547607421875,79.755859375,0.20473632812500003,0.14204101562500002,31452.365398406982,9027.34375,0.00031820900292894546,367.15289503720396,0.15368840138208528,1.004962419050798
147680.6640625,1.9578857421875,181.4404296875,0.32463378906250007,0.3476318359375,52699.65064525604,9650.390625,0.00014899690669999312,322.2816540183271,0.19108204367433498,1.0051355939448117
147900.390625,1.677001953125,254.072265625,0.24545898437500002,0.114208984375,39016.6335105896,6519.53125,0.00012040848221276285,358.70823099148475,0.1950181945777198,1.0049885183666063
147973.6328125,0.8284912109375,325.2099609375,0.28156738281250004,0.3959716796875,42300.774455070496,6142.578125,9.095862854158478e-5,395.33395665921086,0.17965823262479474,1.0055985374740721
148193.359375,1.200927734375,276.982421875,0.12211914062500001,0.36762695312500004,11141.547679901123,9855.46875,9.401427746310989e-5,288.5330033967267,0.19982016442545378,1.0048169728185665
148266.6015625,1.2928466796875,387.9638671875,0.38615722656250007,0.12438964843750001,71655.07781505585,9478.515625,8.420005838343178e-5,325.79453616242273,0.1926291066592541,1.0051057333053832
148486.328125,1.574462890625,144.501953125,0.16518554687500003,0.338623046875,16657.960414886475,6347.65625,0.00017836025346472972,378.9838747536164,0.17831395699695038,1.004995530004868
148559.5703125,0.9193115234375,201.0302734375,0.3454345703125,0.16921386718750003,63220.45600414276,6970.703125,0.00014189735865193127,393.0164489590453,0.16596276845381414,1.0050384087478275
148779.296875,1.947998046875,330.771484375,0.337158203125,0.32368164062500004,55287.768840789795,2871.09375,0.00011449823817814484,503.72537290567766,0.20986554705654806,1.0015076450176545
148852.5390625,0.5457763671875,270.4248046875,0.1523681640625,0.1917724609375,22918.22898387909,2494.140625,0.00010714085275929237,550.7889314378883,0.1657193626549552,1.0050326595555332
149072.265625,0.827392578125,175.712890625,0.380224609375,0.27006835937500007,46535.98928451538,5363.28125,0.00016576349944617336,445.2011886679405,0.16243423583155053,1.0044808635927636
149145.5078125,1.6663818359375,63.5693359375,0.1116455078125,0.21433105468750002,34770.52390575409,5986.328125,0.00038064965560168155,417.9709347061755,0.16126301806514529,1.0049252003849458
149365.234375,0.702880859375,368.623046875,0.14204101562500002,0.103955078125,63781.882762908936,4699.21875,8.02715407044378e-5,414.6963948502254,0.18013532451861586,1.0045674059415517
149438.4765625,1.7322998046875,312.2607421875,0.33107910156250003,0.3857177734375,15990.492701530457,4072.265625,0.00011425404279524195,450.556995358985,0.2034570737760012,1.0031089745108919
149658.203125,1.826416015625,214.892578125,0.10776367187500001,0.15229492187500002,73674.78322982788,3191.40625,0.000143252860719836,439.39333371370105,0.1980782526214435,1.0050504826194373
149731.4453125,0.6087646484375,104.0771484375,0.3630126953125,0.3578857421875,6053.730845451355,3564.453125,0.00025720588152030216,524.227681225961,0.15630004009202592,1.0050341067634132
149951.171875,1.449951171875,231.162109375,0.39458007812500007,0.20532226562500003,34678.25651168823,7714.84375,0.00013051875385120752,370.1903157697984,0.17898619578527722,1.0051284275561665
150024.4140625,0.9852294921875,343.4716796875,0.1347900390625,0.29841308593750004,46804.37934398651,7087.890625,8.18291080290858e-5,336.1715450691462,0.19576420032033437,1.0049719654895042
150244.140625,1.079345703125,97.353515625,0.36030273437500004,0.23842773437500003,26340.745449066162,8207.03125,0.0002732880162071454,379.06037597087004,0.15886855463764407,1.004958506725405
150317.3828125,1.3558349609375,157.8662109375,0.16672363281250002,0.2576904296875,56027.092814445496,8580.078125,0.0001560866023105496,335.2107937639936,0.17712673974224377,1.0048650422387317
150537.109375,1.798583984375,120.263671875,0.30727539062500003,0.28559570312500004,23088.538646697998,7417.96875,0.00022187593649923787,376.92129994496906,0.17163958487599695,1.0050599663499766
150610.3515625,0.7655029296875,220.6201171875,0.20100097656250002,0.22985839843750003,60585.902094841,7791.015625,0.00012146632727755791,363.7502517257123,0.1685498805822949,1.0049145329579183
150830.078125,0.672119140625,295.908203125,0.27534179687500004,0.30815429687500007,15372.300624847412,8910.15625,9.134260648494941e-5,344.44840649466704,0.17175441928894566,1.0050411021573722
150903.3203125,1.8919677734375,363.0615234375,0.23527832031250004,0.17624511718750002,70187.7259016037,8283.203125,9.971972089430173e-5,306.30750771216793,0.2246920251075842,1.0050750620972013
151123.046875,1.045654296875,152.802734375,0.22231445312500003,0.33071289062500003,41560.42814254761,4433.59375,0.00018578637552420436,462.3408236707399,0.1666409596996727,1.0049964240024267
151196.2890625,1.5184326171875,81.8310546875,0.2672119140625,0.1613037109375,37627.21335887909,4806.640625,0.0003266733631025251,460.4608848921901,0.16082943413334594,1.004993987340533
151416.015625,1.425048828125,348.369140625,0.19038085937500002,0.37553710937500007,50577.218532562256,3925.78125,9.895673075939591e-5,419.7917154819534,0.20761482478552076,1.0051836574984505
151489.2578125,1.1390380859375,246.8505859375,0.3014892578125,0.13229980468750002,27476.906657218933,3298.828125,0.00013219213639674231,504.1277752000938,0.17352157052390155,1.005049505524461
151708.984375,0.902099609375,137.529296875,0.38813476562500004,0.293798828125,35554.358959198,3136.71875,0.00021056316176494962,542.3349836435777,0.16078113250763193,1.0051813947457526
151782.2265625,1.5565185546875,208.6669921875,0.12248535156250001,0.2005615234375,40036.192774772644,3509.765625,0.00014407853388437043,445.61726127126036,0.18845121520396,1.0050507393308652
152001.953125,1.275634765625,281.298828125,0.34448242187500006,0.262451171875,27455.42287826538,4628.90625,0.00011842586157179724,446.60089862972694,0.181710115783387,1.0051661355885388
152294.921875,1.649169921875,170.068359375,0.15317382812500002,0.39985351562500004,62501.95646286011,8152.34375,0.00014991624088619678,330.511071689567,0.18855546585939734,1.0049402244965921
152368.1640625,0.8094482421875,69.8779296875,0.33869628906250004,0.1179443359375,25357.47230052948,8525.390625,0.0003702485915474511,377.6525028445305,0.1542710360097519,1.003784001477454
152587.890625,0.528564453125,333.759765625,0.109521484375,0.34389648437500003,71835.75582504272,7644.53125,7.889298417722452e-5,354.62124960983954,0.17272385983736915,1.0048402660900821
152661.1328125,1.9300537109375,266.7724609375,0.3800048828125,0.13815917968750002,14717.141032218933,7017.578125,0.0001292893278972817,374.246757562061,0.19119093390980682,1.0050695271826884
152880.859375,1.599365234375,399.169921875,0.22055664062500002,0.166064453125,47223.15168380737,8980.46875,8.802020883964106e-5,296.38468152185493,0.2215698764838751,1.0050464188142512
152954.1015625,0.9412841796875,287.0263671875,0.2502197265625,0.3353271484375,34481.95159435272,8353.515625,9.679372637472613e-5,343.5880960427305,0.18135624817315454,1.0050204497817035
153173.828125,1.222900390625,192.314453125,0.179248046875,0.127685546875,55764.894008636475,7472.65625,0.0001427918330447153,356.5609420207322,0.17736461773547565,1.0045532332643634
153247.0703125,1.3177490234375,131.9677734375,0.29387207031250007,0.37077636718750007,25560.696482658386,7845.703125,0.00020294072618611404,373.4305842860677,0.1679992925305587,1.0050377590246193
153466.796875,0.846435546875,261.708984375,0.323095703125,0.215869140625,17527.78959274292,3996.09375,0.00012141269866951114,481.9527085620102,0.1690144792418061,1.0050956639177582
153540.0390625,1.6942138671875,318.2373046875,0.20393066406250002,0.2714599609375,66645.14243602753,3369.140625,0.00011357995877782439,443.95673856372724,0.20711632003096564,1.004511511585982
153759.765625,1.975830078125,74.775390625,0.28178710937500007,0.19038085937500002,7987.679958343506,4488.28125,0.0003598756948480803,470.1475843044786,0.16286074768637626,1.0050387318265266
153833.0078125,0.5648193359375,185.7568359375,0.24758300781250003,0.3221435546875,76758.17954540253,4861.328125,0.00015658431393913088,459.0372796813327,0.1603255382424081,1.0044937896348678
154052.734375,1.898193359375,299.560546875,0.20297851562500002,0.36176757812500004,26821.46406173706,5574.21875,0.00011569322471059616,364.5668004478628,0.21699715433553005,1.0052694662867938
154125.9765625,0.6776123046875,360.0732421875,0.30764160156250003,0.1560302734375,58868.468165397644,5197.265625,9.025163224832225e-5,431.6749107377866,0.17123742487575788,1.0050008194233162
154345.703125,0.771728515625,113.955078125,0.23432617187500002,0.3819824218750001,34888.803005218506,2066.40625,0.00023529329210407565,609.389297395741,0.15979233478815583,1.005209659361429
154418.9453125,1.8040771484375,226.2646484375,0.27395019531250003,0.10007324218750001,48372.99048900604,2689.453125,0.0001563103718319797,519.9857440152945,0.18393868004504665,1.005024917257749
154638.671875,1.145263671875,353.349609375,0.26801757812500004,0.25688476562500007,73623.99625778198,6589.84375,9.034977319298141e-5,369.33477217921865,0.19237022747842894,1.0051315774732856
154711.9140625,1.4305419921875,242.5341796875,0.22385253906250002,0.23747558593750004,6681.851267814636,6212.890625,0.0001236377337259111,375.9393600048514,0.18824318128728773,1.0050848305604776
154931.640625,1.524658203125,145.166015625,0.29936523437500007,0.29936523437500007,65011.15560531616,9082.03125,0.00018223036878187396,344.78180022363233,0.1731699340497771,1.0049983749584597
155004.8828125,1.0511474609375,88.8037109375,0.19016113281250002,0.20612792968750002,18825.28007030487,9705.078125,0.00029011682184751055,348.68135462633103,0.1590246090346697,1.0049552823452155
155224.609375,0.603271484375,210.576171875,0.33071289062500003,0.177783203125,55081.24494552612,6292.96875,0.00014212555624109092,417.87626924144786,0.1604204218227373,1.0049898544681763
155297.8515625,1.8201904296875,109.0576171875,0.1400634765625,0.3095458984375,32387.46154308319,6916.015625,0.0002313679181957903,372.46489344748903,0.17402665600122408,1.0048070559442248
155517.578125,1.726806640625,375.595703125,0.3644042968750001,0.22846679687500002,47190.56844711304,9785.15625,9.655816645896389e-5,319.23977628921887,0.20870850782538558,1.0052404540092978
155590.8203125,0.6966552734375,304.6240234375,0.1087158203125,0.2840576171875,43585.110545158386,9408.203125,8.662763285557183e-5,318.8806873775453,0.17792723268785568,1.004996071325252
155810.546875,1.350341796875,94.365234375,0.13325195312500002,0.129150390625,10306.704998016357,5308.59375,0.000287210313172226,434.7527402480447,0.16261112042556702,1.0049495967376187
155883.7890625,1.0731201171875,161.5185546875,0.3937744140625,0.37224121093750007,69696.57981395721,5931.640625,0.00018536784550990157,430.03632085596,0.16541305476775173,1.0053389879881518
156103.515625,0.979736328125,236.806640625,0.16694335937500002,0.164599609375,17608.468532562256,2800.78125,0.0001316205104412475,516.1306861506424,0.17348859580994894,1.0050673427832213
156176.7578125,1.4437255859375,337.1630859375,0.3624267578125,0.3338623046875,59597.11539745331,2423.828125,0.00011571808466057878,561.3267344380357,0.19024476194944517,1.0053915988205626
156396.484375,1.909912109375,100.341796875,0.149072265625,0.157861328125,39201.4536857605,9761.71875,0.00023672972417401747,322.8403875211981,0.17315427049273632,1.005163076035611
156469.7265625,0.5018310546875,160.8544921875,0.34279785156250003,0.3271240234375,51659.666895866394,9384.765625,0.0001757527952171004,360.15035362127935,0.15725403614450706,1.0051220978366942
156689.453125,0.783447265625,233.486328125,0.11479492187500001,0.135888671875,28183.87746810913,6253.90625,0.00012257153489765932,389.7747934617222,0.17099652597668324,1.004660300507182
156982.421875,1.156982421875,217.880859375,0.38286132812500007,0.22641601562500002,64479.70914840698,2777.34375,0.00015325304192242888,554.0920366366021,0.16959625315665572,1.005203036987918
157055.6640625,1.2547607421875,107.0654296875,0.12775878906250002,0.28200683593750003,13012.883067131042,2400.390625,0.00025727602292286686,562.7922151510925,0.1646284163717297,1.0050108624269787
157275.390625,1.536376953125,370.947265625,0.34858398437500004,0.17983398437500003,75019.4411277771,5269.53125,0.0001020826940685362,412.976909037755,0.19609310966348528,1.0046510299053102
157348.6328125,0.8753662109375,314.5849609375,0.1596923828125,0.31159667968750004,6016.960978507996,5892.578125,9.344880056012135e-5,384.4676825784843,0.18267107107350256,1.0050122900451683
157568.359375,0.591552734375,351.357421875,0.31899414062500003,0.302001953125,44376.10578536987,2105.46875,9.3270448887537e-5,596.1213106021037,0.16890608809418703,1.004796627246923
157641.6015625,1.9959716796875,249.8388671875,0.20803222656250003,0.20876464843750003,40235.91887950897,2728.515625,0.00014655650745159314,488.5078441912949,0.1985302429797566,1.0051939060329032
157861.328125,1.715087890625,155.126953125,0.28706054687500004,0.254248046875,55691.834926605225,5597.65625,0.00019328010555700424,417.24268989774254,0.17517857511325513,1.0051181328371164
157934.5703125,0.8724365234375,84.1552734375,0.24230957031250003,0.23483886718750002,32281.521677970886,5220.703125,0.00032598571296087707,455.6672245033898,0.15657166415335663,1.0049665283190425
158154.296875,1.338623046875,298.896484375,0.21528320312500002,0.3893066406250001,23228.442668914795,9121.09375,9.949858436326932e-5,315.6454848417326,0.20018260965646748,1.0051383695909089
158227.5390625,1.2489013671875,366.0498046875,0.2554931640625,0.10739746093750001,61957.65769481659,9744.140625,8.627618977353617e-5,307.02691496509556,0.19770826142033943,1.0049371172342787
158447.265625,0.968017578125,122.587890625,0.183349609375,0.35444335937500004,11257.79104232788,6613.28125,0.00022744028922568578,405.1247148715877,0.1623034039895163,1.0049983456526446
158520.5078125,1.6195068359375,222.9443359375,0.2897705078125,0.1487060546875,71112.80906200409,6236.328125,0.00014218313030103766,388.81454130930507,0.18313048197388382,1.0050430885773658
158740.234375,1.031005859375,251.748046875,0.263916015625,0.18833007812500002,29959.617137908936,7449.21875,0.00011720884908532605,367.7967712769135,0.1756347324890849,1.0046091069067538
158813.4765625,1.4979248046875,322.8857421875,0.2279541015625,0.32009277343750003,53453.87160778046,7822.265625,0.00010063446819515358,332.5940649151596,0.20593857276032665,1.0051191246125193
159033.203125,1.404541015625,76.767578125,0.30463867187500004,0.21791992187500003,40886.33108139038,8941.40625,0.0003443425318560462,366.13941160580794,0.15914339373855016,1.0048895241698221
159106.4453125,1.1243896484375,178.4521484375,0.18488769531250002,0.27351074218750004,44194.722056388855,8314.453125,0.00015024090736918787,350.4993113838858,0.17288775337827839,1.004906581886984
159326.171875,1.778076171875,390.537109375,0.19770507812500002,0.12094726562500001,74559.29899215698,4464.84375,0.0001015020006075025,385.5548647892578,0.21925899292578285,1.0050048752665004
159399.4140625,0.7508544921875,290.3466796875,0.31291503906250007,0.3640380859375001,13519.375681877136,4837.890625,0.00010939024503631388,450.4113275364691,0.1706799104414966,1.005176349423011
159619.140625,0.657470703125,192.978515625,0.23842773437500003,0.17280273437500002,64809.43441390991,3957.03125,0.00015784981148919908,489.91933570356105,0.16121247662913085,1.0049395384761406
159692.3828125,1.8714599609375,125.9912109375,0.26984863281250004,0.34206542968750003,21992.08915233612,3330.078125,0.00024333875593367176,507.9529239607696,0.17257825686323397,1.0051389417258727
159912.109375,1.470458984375,173.388671875,0.129150390625,0.3512207031250001,57347.571849823,4667.96875,0.00016749464479755781,422.5137266903069,0.18008951318760458,1.0050391050049956
159985.3515625,0.9998779296875,61.2451171875,0.39787597656250007,0.14548339843750002,23084.559321403503,4041.015625,0.0004283467971649903,504.66807497335617,0.15434873104131305,1.0049699353980235
160205.078125,1.093994140625,327.783203125,0.17221679687500002,0.39252929687500004,46703.23324203491,3160.15625,0.00010306028915123395,475.2731235558718,0.1896947337668062,1.0052530302223857
160278.3203125,1.3763427734375,267.4365234375,0.3571533203125,0.1106201171875,33438.7024641037,3533.203125,0.0001359063277844392,498.1502861157043,0.17623156741128132,1.0050358213919004
160498.046875,0.717529296875,142.177734375,0.325439453125,0.26508789062500004,11545.718669891357,7683.59375,0.00020473961657137344,391.2295468586972,0.15868187613478352,1.0049388619452277
160571.2890625,1.7528076171875,198.7060546875,0.14533691406250002,0.24567871093750002,79910.20286083221,7056.640625,0.00014391230257285908,344.7300447440458,0.1935739449691185,1.004854310403244
160791.015625,1.846923828125,273.994140625,0.368505859375,0.29116210937500003,21258.553981781006,8175.78125,0.00012452823232847696,355.41650691065297,0.19639768088157994,1.0051452943314616
160864.2578125,0.6234130859375,384.9755859375,0.1046142578125,0.1979248046875,70727.18131542206,8548.828125,7.214428372685734e-5,328.5558886272745,0.18140458630151596,1.0038203776941936
161083.984375,0.855224609375,148.154296875,0.210009765625,0.378173828125,78897.55964279175,8886.71875,0.00018616933466319838,358.2925775897638,0.16326452715677794,1.004361860746073
161157.2265625,1.6971435546875,91.7919921875,0.31936035156250003,0.1349365234375,10855.193018913269,8259.765625,0.0003017730171598648,374.04956770319285,0.1625592012862887,1.004982426706401
161376.953125,1.978759765625,355.673828125,0.24135742187500003,0.32807617187500004,69770.79153060913,7378.90625,0.0001077270463335887,333.20384141208245,0.2259192349700091,1.0052513178347413
161450.1953125,0.5736083984375,244.8583984375,0.28566894531250003,0.15866699218750002,19991.345286369324,7751.953125,0.00012201161432588397,381.0108462770421,0.16206519093099875,1.0049683429027987
161669.921875,1.602294921875,116.943359375,0.25629882812500004,0.31547851562500007,24525.393962860107,3902.34375,0.0002556872404275182,486.8837938498511,0.16771882237788616,1.0051031977213383
161743.1640625,0.9500732421875,229.2529296875,0.21682128906250003,0.18356933593750002,58952.93128490448,3275.390625,0.00014018214655624612,503.52531450486106,0.17015619412447863,1.0050705473175232
161962.890625,1.231689453125,301.884765625,0.28764648437500007,0.27827148437500004,35320.985317230225,4394.53125,0.00011451066072629876,446.84889918336114,0.18421514011606324,1.0051743523328558
162036.1328125,1.3206787109375,362.3974609375,0.18312988281250003,0.22253417968750003,48980.20255565643,4767.578125,9.613950524541713e-5,395.25754152492544,0.20162131582290838,1.0049763882877134
162255.859375,1.646240234375,239.794921875,0.34243164062500003,0.23168945312500003,10875.678539276123,3230.46875,0.00015271652897833307,510.893517051544,0.18119110357537083,1.0052124446568678
162329.1015625,0.8006591796875,340.1513671875,0.1470947265625,0.2509521484375,74555.95672130585,3603.515625,9.456396758553841e-5,463.13198034224666,0.17929937696916906,1.0051014077523963
162548.828125,0.519775390625,96.689453125,0.3761230468750001,0.21206054687500003,22328.065395355225,4722.65625,0.0002954762838792944,478.620599988713,0.15396156275437595,1.0050396938402033
162622.0703125,1.9271240234375,163.8427734375,0.1157470703125,0.3051513671875,65004.57465648651,4095.703125,0.0001835146928368109,428.22722276771674,0.18735168579319111,1.0050227209995706
162841.796875,0.893310546875,378.583984375,0.126220703125,0.15024414062500002,56159.86967086792,8246.09375,7.800402886928983e-5,321.84498427434846,0.19336323830822702,1.0033711141136834
162915.0390625,1.5535888671875,307.6123046875,0.3820556640625,0.3558349609375,32714.844584465027,8619.140625,0.00010995021552896078,353.09965252389634,0.1951937883467013,1.005236579882508
163134.765625,1.272705078125,212.900390625,0.159912109375,0.10600585937500001,45914.559841156006,7738.28125,0.00013233372420812386,347.28003960489184,0.1807758471027059,1.0048643223157268
163208.0078125,1.1741943359375,111.3818359375,0.3507080078125,0.38776855468750004,41866.08970165253,7111.328125,0.0002595403432581469,403.9171823879779,0.16180031950503165,1.0050741518220738
163427.734375,1.382568359375,331.435546875,0.39985351562500004,0.27739257812500007,64081.22968673706,6324.21875,0.00010849837461674214,404.9559865845199,0.18716545964179132,1.0051518729203757
163500.9765625,1.0994873046875,264.4482421875,0.1295166015625,0.22165527343750002,23073.058009147644,6947.265625,0.00010936773614654144,355.1441133045282,0.18531645170640115,1.004843895901496
163720.703125,1.006103515625,167.080078125,0.356201171875,0.31635742187500004,75071.053981781,9816.40625,0.00017647084481378603,348.8664391117477,0.16499142648212123,1.0052950159022496
163793.9453125,1.4759521484375,66.8896484375,0.1708251953125,0.1844482421875,15365.544199943542,9439.453125,0.00038689534284547326,355.6634842811373,0.15919696100738717,1.0049321425153015
164013.671875,0.629638671875,278.974609375,0.146142578125,0.34125976562500004,42063.63248825073,5339.84375,0.00010881108783401564,422.8220190886172,0.16903570163568185,1.0049863209323133
164086.9140625,1.8524169921875,380.6591796875,0.32697753906250004,0.17185058593750002,46882.19916820526,5962.890625,0.00010676061057193947,385.58612220590635,0.20750301150624728,1.004662335739403
164306.640625,1.759033203125,134.541015625,0.102490234375,0.364990234375,30524.766445159912,2832.03125,0.00022276990626259865,505.62318847516156,0.17692446157744837,1.0050588666627822
164379.8828125,0.7230224609375,205.6787109375,0.3682861328125,0.12175292968750001,55540.276408195496,2455.078125,0.00015566459528951415,579.877112532435,0.16072011939272732,1.00504147965879
164599.609375,1.118896484375,72.451171875,0.227587890625,0.11215820312500001,17273.871898651123,5542.96875,0.00038371420590873516,445.7541426119035,0.15646700323294643,1.0049540147377578
164672.8515625,1.3983154296875,183.4326171875,0.2619384765625,0.3939208984375,69129.28283214569,5166.015625,0.00017021802543140378,431.33635510441667,0.1757868743781162,1.005160563182467
164892.578125,1.492431640625,258.720703125,0.186279296875,0.144091796875,3566.422939300537,2035.15625,0.00013869898770451958,549.2612889850199,0.18609572473699088,1.0050842740422605
164965.8203125,1.0247802734375,315.2490234375,0.30559082031250007,0.34968261718750004,79968.89960765839,2658.203125,0.00011455813017859919,544.4521401596081,0.17871754513172866,1.0053497773650428
165185.546875,1.865966796875,189.990234375,0.311376953125,0.19477539062500002,52186.52677536011,6558.59375,0.00016900444113237704,389.6057170460784,0.18139262418118154,1.0049743680596885
165258.7890625,0.6512451171875,129.6435546875,0.1968994140625,0.28786621093750003,38041.09275341034,6181.640625,0.00022819972137567727,425.44979266990504,0.15791959174592513,1.0049845855779118
165478.515625,0.745361328125,396.181640625,0.27006835937500007,0.24897460937500002,62698.007106781006,9050.78125,7.628877191731198e-5,338.158940220552,0.18042472821726266,1.0050586384679963
165551.7578125,1.7718505859375,284.0380859375,0.24055175781250002,0.26823730468750007,30644.265055656433,9673.828125,0.00011534426115598289,309.67698573731354,0.20587028233117388,1.0051568636201187
165771.484375,1.206787109375,387.216796875,0.34594726562500006,0.33598632812500007,20293.433666229248,3511.71875,0.00010135033879826699,494.0015380550738,0.188742930264861,1.0052787625252089
165844.7265625,1.2987060546875,277.7294921875,0.1646728515625,0.16774902343750003,64592.25356578827,3134.765625,0.00012402781693548313,475.82774646603,0.18605686678163974,1.005067206099703
166064.453125,1.580322265625,201.611328125,0.38666992187500004,0.3702636718750001,10756.81447982788,4003.90625,0.00017356522425336274,490.16012366112096,0.1764583575517819,1.005211301974158
166357.421875,1.953857421875,271.005859375,0.110986328125,0.273291015625,48368.13688278198,8527.34375,0.00012166793736491777,298.0321600075974,0.21895200943442553,1.0049186452819618
166430.6640625,0.5516357421875,330.1904296875,0.3808837890625001,0.21638183593750002,44418.33961009979,8150.390625,9.539201466169903e-5,377.1374626484164,0.1644643898660082,1.0051647265400598
166650.390625,0.833251953125,62.822265625,0.15170898437500002,0.32045898437500003,58101.1061668396,7019.53125,0.0004284754066914008,412.05111346770553,0.15504077415987325,1.0049994174905614
166723.6328125,1.6722412109375,176.4599609375,0.33781738281250007,0.18972167968750003,33800.469279289246,7642.578125,0.00017600042686603787,375.4801498981734,0.17509337813286524,1.005080589966162
166943.359375,1.294677734375,128.232421875,0.17836914062500003,0.19887695312500003,70891.18146896362,8355.46875,0.0002168330256299979,361.2667395492242,0.16679974762376018,1.0048893046722405
167016.6015625,1.1990966796875,196.7138671875,0.29240722656250007,0.29313964843750007,20096.117854118347,8978.515625,0.0001475861686664929,350.38931105081434,0.17329726672025875,1.0050217126964722
167236.328125,0.918212890625,293.251953125,0.22143554687500003,0.24487304687500003,80917.35982894897,7847.65625,0.00010278116176549505,357.41397744290583,0.17823800390766903,1.0048269200289206
167309.5703125,1.5755615234375,392.2802734375,0.2516845703125,0.26296386718750003,9237.667918205261,7470.703125,9.539644241840071e-5,341.63730398206815,0.21261491320314185,1.0051365899736862
167529.296875,0.541748046875,182.021484375,0.28090820312500003,0.117431640625,37169.360637664795,3371.09375,0.00017183998009813307,524.5211814572457,0.15765838854084105,1.0050240062387592
167602.5390625,1.9520263671875,79.1748046875,0.24611816406250003,0.39802246093750004,51593.94919872284,3994.140625,0.0003622216074373127,489.7241970450582,0.16497180281696872,1.005124868055854
167822.265625,1.671142578125,324.462890625,0.323974609375,0.138818359375,27211.28225326538,4863.28125,0.00011999325474803487,427.29533524404263,0.19195017791852256,1.0050433590856245
167895.5078125,0.8226318359375,254.8193359375,0.20539550781250002,0.34558105468750006,62666.21482372284,4486.328125,0.000125560359796411,453.47132714615185,0.17103384632159246,1.0049216990116043
168115.234375,1.734130859375,219.873046875,0.23579101562500002,0.31020507812500003,7702.048778533936,5199.21875,0.00015102381903294609,411.0498290966044,0.18856308816761258,1.0051267749470312
168188.4765625,0.7010498046875,121.0107421875,0.27482910156250007,0.17946777343750003,82618.1172132492,5572.265625,0.0002507830955385511,445.83344588958516,0.15678906556199837,1.0049686463773568
168408.203125,0.607666015625,363.642578125,0.20151367187500002,0.283544921875,16661.59963607788,2691.40625,9.299720274367324e-5,533.8742028939085,0.1712936393552856,1.0051174188538003
168481.4453125,1.8275146484375,295.3271484375,0.3067626953125,0.22663574218750002,71701.6190290451,2064.453125,0.00013988803789225684,571.7303964982211,0.19209784310367573,1.0052623815225281
168701.171875,0.981201171875,82.412109375,0.30083007812500007,0.37407226562500007,61955.23405075073,6214.84375,0.0003490552301271216,431.362690355817,0.15734056563343518,1.005061127494524
168774.4140625,1.4539794921875,152.2216796875,0.1910400390625,0.1296630859375,27766.17133617401,6587.890625,0.00019486510409510855,389.4109030286798,0.17169595206036678,1.0047120732680621
168994.140625,1.360595703125,246.103515625,0.26655273437500004,0.33217773437500003,53346.72689437866,9707.03125,0.00012124374567411937,327.58272176505596,0.1865128079148445,1.0050912550780167
169067.3828125,1.0745849609375,349.1162109375,0.22297363281250004,0.1639404296875,39272.576212882996,9080.078125,8.961658099673048e-5,325.40607378323443,0.18981431042831107,1.0049796542195266
169287.109375,0.767333984375,311.513671875,0.363525390625,0.154345703125,78305.579662323,6917.96875,0.00010603369710048371,398.55639763077613,0.1681862161489415,1.0050544298574824
169360.3515625,1.7967529296875,369.3701171875,0.1072509765625,0.3611083984375001,13697.413325309753,6291.015625,0.0001028020675426844,325.51712143148836,0.23264270516265034,1.005157669461282
169580.078125,1.890869140625,104.658203125,0.33159179687500007,0.10190429687500001,68558.33578109741,9410.15625,0.0002749404125645189,353.400925242767,0.16549387208773922,1.0049318723927452
169653.3203125,0.6732177734375,214.3115234375,0.1415283203125,0.38249511718750007,27353.19221019745,9783.203125,0.0001307984038568122,338.74612355969884,0.16624676969789662,1.0048669067362341
169873.046875,1.514404296875,344.052734375,0.166064453125,0.23696289062500003,32357.913494110107,5933.59375,0.00010332015049468413,360.35788992710076,0.2076939777682002,1.0051664407873546
169946.2890625,1.0496826171875,230.5810546875,0.3609619140625,0.25505371093750007,57179.33738231659,5306.640625,0.0001472698623969523,443.70080349595617,0.16908683011546743,1.0052234107441649
170166.015625,1.143798828125,157.119140625,0.13413085937500002,0.20678710937500003,40646.676540374756,2425.78125,0.00019901278411100964,551.5389070599612,0.16781447836265406,1.0050655497873129
170239.2578125,1.4202880859375,98.1005859375,0.3952392578125,0.30104980468750003,45707.74161815643,2798.828125,0.00030959335020225786,563.8057871525431,0.16118582689798705,1.0051774988935724
170458.984375,1.558349609375,286.279296875,0.29438476562500004,0.125048828125,54942.786693573,2636.71875,0.00013734675865458644,531.4969336253635,0.1835240588224593,1.0050246248253674
170532.2265625,0.9002685546875,399.9169921875,0.17873535156250003,0.36931152343750007,28413.573145866394,2009.765625,9.213023632282177e-5,557.4119707833752,0.18635446302960684,1.0051996892945885
170751.953125,1.181884765625,132.548828125,0.250732421875,0.168701171875,45840.18850326538,5128.90625,0.00023539042330086225,448.2577801716359,0.163050909346646,1.0049582950894258
171044.921875,0.805419921875,318.818359375,0.24692382812500002,0.193603515625,18135.867595672607,9652.34375,9.337019760069024e-5,333.06264119084955,0.1758972562516472,1.0049586957028638
171118.1640625,1.6531982421875,261.1279296875,0.2824462890625,0.3241943359375,80682.30140209198,9025.390625,0.00012422169218731556,335.3292607464194,0.19490316968845886,1.0051511973103686
171337.890625,1.934814453125,185.009765625,0.20327148437500003,0.21264648437500003,25831.483364105225,6144.53125,0.0001708275990859853,382.5167263553313,0.18695921492093806,1.0049393491438783
171411.1328125,0.5238037109375,75.5224609375,0.32375488281250003,0.2694091796875,69755.83732128143,6517.578125,0.0003799486982781421,428.8487254711871,0.15333372957238708,1.0050107984559689
171630.859375,0.943115234375,207.919921875,0.164306640625,0.25981445312500007,28899.665355682373,9480.46875,0.00013437968616567908,336.0566128071573,0.17182112149609582,1.004854593976658
171704.1015625,1.5975341796875,138.2763671875,0.3439697265625,0.24157714843750003,62751.91009044647,9853.515625,0.00021063739763618796,346.00329573856084,0.1692041434240749,1.0050113048210159
171923.828125,1.316650390625,383.564453125,0.12299804687500002,0.29643554687500007,37480.714321136475,6972.65625,9.002888045384925e-5,332.0098425556157,0.2113738409874869,1.0050164835733877
171997.0703125,1.2239990234375,280.7177734375,0.38762207031250007,0.2020263671875,51753.262400627136,6345.703125,0.00012526885878605837,411.2217354862094,0.17570908159012466,1.0050327862167125
172216.796875,1.690185546875,70.458984375,0.37934570312500004,0.34711914062500004,85985.91947555542,2496.09375,0.0004015379309124246,583.5126931413959,0.16026645237308537,1.005218687314663
172290.0390625,0.8504638671875,169.4873046875,0.1101806640625,0.14020996093750002,6996.338725090027,2869.140625,0.0001846421475024906,529.8943874876276,0.1638775636456083,1.0050012323726922
172509.765625,0.569580078125,266.025390625,0.33803710937500003,0.3966308593750001,75084.969997406,5988.28125,0.00012328423175203128,429.6149649993714,0.16347753559124054,1.005167885238219
172583.0078125,1.9710693359375,334.5068359375,0.1538330078125,0.11589355468750001,20357.910990715027,5361.328125,0.00011634682505352311,359.14455642228114,0.21955209656350197,1.005045972667092
172802.734375,0.679443359375,108.310546875,0.10922851562500001,0.230517578125,54282.52363204956,4074.21875,0.00027511215607308294,493.1130374524176,0.15700353781476126,1.0049944495911387
172875.9765625,1.8963623046875,211.3232421875,0.3638916015625,0.28728027343750007,40199.400782585144,4697.265625,0.0001733264029642947,455.51297439969045,0.18167454107501496,1.0052174446958355
173095.703125,1.802978515625,305.205078125,0.14057617187500002,0.17573242187500002,65761.971950531,3566.40625,0.00012432630723167404,424.0841880456465,0.20745561334997042,1.0050389316576551
173168.9453125,0.7728271484375,375.0146484375,0.3302001953125,0.30632324218750007,28252.751231193542,3189.453125,9.855458298624155e-5,521.1624787790073,0.17368543713479434,1.0052479824254956
173388.671875,1.426513671875,162.099609375,0.36176757812500004,0.163134765625,17856.662273406982,7089.84375,0.00019864995616451339,398.70120989872544,0.16731435797202224,1.0049795810349007
173461.9140625,1.1492919921875,93.7841796875,0.1676025390625,0.33122558593750007,72435.94062328339,7712.890625,0.00030823345607285937,388.80450014231275,0.16033935066989066,1.0048998747688542
173681.640625,1.055908203125,336.416015625,0.39311523437500007,0.130615234375,9002.366542816162,8582.03125,0.00010170003415689887,363.53223192674244,0.17609691991284773,1.005002827738101
173754.8828125,1.5198974609375,237.5537109375,0.1339111328125,0.3748779296875,82709.49637889862,8205.078125,0.0001271374854989815,330.06096868645903,0.1951269510257574,1.0049358864295639
173974.609375,1.822021484375,359.326171875,0.27446289062500007,0.384033203125,47119.45295333862,7792.96875,0.00010817947718429168,346.622543185404,0.21642440659372114,1.0053002432948341
174047.8515625,0.6014404296875,300.3076171875,0.23381347656250004,0.1032958984375,51009.89806652069,7416.015625,0.00010972645044168803,383.50772650329463,0.16657590866722996,1.0048741908705305
174267.578125,0.695556640625,226.845703125,0.30815429687500007,0.359716796875,36890.88582992554,8285.15625,0.00013988660295553528,376.6947778953484,0.16422624459460355,1.005157602648197
174340.8203125,1.7279052734375,113.3740234375,0.20246582031250002,0.15280761718750002,62694.363474845886,8908.203125,0.00024659985918694003,351.89026653830854,0.1690437522403769,1.0048540467655769
174560.546875,1.069091796875,243.115234375,0.189501953125,0.29790039062500007,67185.85538864136,4808.59375,0.0001352230478643754,434.3529153345549,0.17583880729902562,1.005101747800705
174633.7890625,1.3543701171875,352.7685546875,0.3000244140625,0.20349121093750003,20842.759013175964,4431.640625,0.00011059848636550865,445.03842655207393,0.18859025069191707,1.0051252448211077
174853.515625,1.448486328125,88.056640625,0.223193359375,0.25834960937500007,77691.47634506226,3300.78125,0.0003397416627870448,524.0297060897146,0.16134111297571938,1.0050615677441088
174926.7578125,0.9749755859375,145.9130859375,0.2686767578125,0.24011230468750003,9614.144206047058,3923.828125,0.00022175058638528413,496.3792927599676,0.1618851662851388,1.0049739728635152
175146.484375,1.066162109375,121.591796875,0.28032226562500007,0.364111328125,77210.7310295105,9261.71875,0.0002421208494238071,362.62030818781517,0.1618340141132271,1.0049575223280875
175219.7265625,1.3455810546875,224.6044921875,0.24904785156250003,0.1208740234375,23604.308009147644,9884.765625,0.00013417196116034035,328.05733603149764,0.1793801230863267,1.0049569684518391
175439.453125,1.439697265625,297.236328125,0.321044921875,0.342138671875,87047.64699935913,6753.90625,0.00011885962610181808,387.9488080673647,0.18934351098830737,1.0052406863877574
175732.421875,1.813232421875,154.130859375,0.17661132812500002,0.320166015625,34582.12614059448,2277.34375,0.0002185114488125446,551.9292961382025,0.1773194461751491,1.0052499778548503
175805.6640625,0.5985107421875,85.8154296875,0.2965087890625,0.18825683593750003,51938.66431713104,2900.390625,0.0003347137055270157,558.306726154837,0.15416067321209656,1.0050502580604537
176025.390625,0.692626953125,349.697265625,0.217333984375,0.27358398437500003,27414.5827293396,5769.53125,9.433932093366172e-5,411.6395067849791,0.173282117126561,1.0050752694967127
176098.6328125,1.7191162109375,250.8349609375,0.25344238281250003,0.21784667968750002,62360.344767570496,5392.578125,0.00014230870414195468,408.0213101341268,0.18927383604323325,1.0051082241006117
176318.359375,1.435302734375,372.607421875,0.112744140625,0.24575195312500003,23033.088207244873,2605.46875,0.00010490729213093606,465.5420365325208,0.2067550447419852,1.005142080440547
176391.6015625,1.1522216796875,313.5888671875,0.37678222656250004,0.2650146484375,71468.27971935272,2228.515625,0.00012491544638366966,590.4293858692293,0.1763490925342105,1.0049501604727635
176611.328125,1.058837890625,218.876953125,0.155810546875,0.197998046875,15132.997035980225,5097.65625,0.00014730542511334752,425.90573493395505,0.17280297397576946,1.0049951436851456
176684.5703125,1.5286865234375,105.4052734375,0.3360595703125,0.29108886718750004,82512.78388500214,5720.703125,0.0002982890222350601,439.91168719985575,0.16290980451765869,1.0050634973155228
176904.296875,0.682373046875,235.146484375,0.346533203125,0.145556640625,50152.881145477295,9621.09375,0.00013482578412375186,356.0811770683374,0.16214697270947243,1.0049177782240126
176977.5390625,1.9051513671875,344.7998046875,0.1617431640625,0.35114746093750004,44126.48093700409,9244.140625,0.0001094442655105755,300.4673145904201,0.22700855362725603,1.005189463987044
177197.265625,1.811767578125,101.337890625,0.38959960937500004,0.11069335937500001,57787.45412826538,6113.28125,0.00031780415521108317,431.20274513183136,0.16185568148959512,1.005000369261146
177270.5078125,0.7757568359375,159.1943359375,0.12102050781250001,0.3924560546875,33429.45945262909,6736.328125,0.00019308002895903617,403.87062633105796,0.16265109865009547,1.0049878918494628
177490.234375,1.687255859375,272.998046875,0.170166015625,0.282080078125,78685.08100509644,7949.21875,0.00012246391531581726,333.2075140081334,0.2022907733373474,1.005011089806131
177563.4765625,0.8416748046875,386.6357421875,0.35920410156250004,0.22634277343750003,13427.748560905457,7322.265625,9.006215775226967e-5,386.96458903422433,0.17605521509961386,1.0050805326721532
177783.203125,0.560791015625,140.517578125,0.135888671875,0.31166992187500003,69996.80471420288,8441.40625,0.00021878960931017775,379.5496653098044,0.1574223814519921,1.0049706997656775
177856.4453125,1.9681396484375,199.7021484375,0.3911376953125001,0.17976074218750002,24129.170298576355,8814.453125,0.00016921230288144537,361.1853874537619,0.1799715809694448,1.005083082126727
178076.171875,0.934326171875,326.787109375,0.366455078125,0.32719726562500007,36040.74430465698,4964.84375,0.00011194209182063228,453.53495412898155,0.1743814918812488,1.0051978527935308
178149.4140625,1.5946044921875,269.0966796875,0.10666503906250001,0.15778808593750002,61829.007029533386,4337.890625,0.00012867752927334645,404.66298990974946,0.19745946246182614,1.0049801900089346
178369.140625,1.313720703125,171.728515625,0.33217773437500003,0.3790527343750001,45441.75863265991,3457.03125,0.0002019864314539201,517.109665021328,0.16908389590323294,1.0051575447543777
178442.3828125,1.2152099609375,62.2412109375,0.1385986328125,0.13581542968750002,51341.39335155487,3830.078125,0.0004514080853849662,505.55636514919087,0.15642643236902226,1.004948705583712
178662.109375,0.814208984375,194.638671875,0.29790039062500007,0.10747070312500001,5207.557201385498,4167.96875,0.0001761892379901961,486.3162862183251,0.16150727631660808,1.0047445500749395
178735.3515625,1.6561279296875,124.9951171875,0.19162597656250002,0.38923339843750004,84128.138422966,4541.015625,0.0002532199133937549,456.8700707076455,0.17028852882691978,1.0051065431585984
178955.078125,1.937744140625,391.533203125,0.265966796875,0.14877929687500002,14680.650234222412,3660.15625,0.00011294829591644494,446.0938693566508,0.2111571301178738,1.0024682657953168
179028.3203125,0.5325927734375,288.6865234375,0.22590332031250002,0.3543701171875,74629.1321516037,3033.203125,0.00011796366220592555,531.8013525335665,0.16438718156606544,1.005135518034053
179248.046875,1.561279296875,78.427734375,0.23168945312500003,0.20883789062500002,68249.08781051636,7183.59375,0.00037864297255686105,403.3088541716083,0.1601343613009339,1.0049820535149199
179321.2890625,0.9090576171875,177.4560546875,0.2765869140625,0.30192871093750007,32793.198466300964,7556.640625,0.0001790757337877044,390.7323027663877,0.16411670879793863,1.005019276407974
179541.015625,1.190673828125,252.744140625,0.199755859375,0.23491210937500004,58845.223903656006,8675.78125,0.00012227572150649824,342.9900619805167,0.1816836548352706,1.0049485887848728
179614.2578125,1.2796630859375,321.2255859375,0.31086425781250004,0.25417480468750003,42999.70328807831,8048.828125,0.00010835663807512879,362.14475756827284,0.18677104517268298,1.0051288907210731
179833.984375,1.511474609375,211.904296875,0.378759765625,0.171923828125,31993.873119354248,8386.71875,0.0001586317835839196,371.16621402614805,0.1740951437906364,1.0050688877431386
179907.2265625,1.0408935546875,113.0419921875,0.1131103515625,0.3411865234375,67494.47524547577,8759.765625,0.0002603473082084834,366.620594263237,0.16180682888658596,1.0049483176766512
180126.953125,1.135009765625,376.923828125,0.33510742187500003,0.12182617187500001,41868.32571029663,7878.90625,9.595385046339373e-5,367.1435812849301,0.1833482100433209,1.0050107563016977
180200.1953125,1.4173583984375,308.6083984375,0.1544189453125,0.36491699218750007,57393.689036369324,7251.953125,0.00010946816045231242,346.65721604244385,0.20048168585907614,1.005098493590442
180419.921875,0.758544921875,95.693359375,0.16254882812500002,0.221728515625,86352.78654098511,3402.34375,0.00031542727286584257,525.6059121625835,0.15650713423278073,1.0050161981299228
180493.1640625,1.7938232421875,165.5029296875,0.34807128906250007,0.2773193359375,6372.05970287323,3775.390625,0.00021828144840568538,499.28887871535034,0.17262424645308797,1.0051650773895524
180712.890625,1.887939453125,238.134765625,0.118896484375,0.18452148437500002,76794.37398910522,4894.53125,0.0001456215584671878,389.75815945356675,0.1994694929777916,1.0049835551812614
180786.1328125,0.6644287109375,341.1474609375,0.3893798828125,0.3162841796875,16526.162028312683,4267.578125,0.0001075868283059043,486.6239807653209,0.16719035552917166,1.005132173050798
181005.859375,0.989990234375,303.544921875,0.24868164062500003,0.287939453125,61056.22053146362,3730.46875,0.0001207363317398991,482.2592987200836,0.17631206744757372,1.0047253049546863
181079.1015625,1.4569091796875,361.4013671875,0.27834472656250003,0.1947021484375,33906.78679943085,3103.515625,0.00011648179996595937,497.4428258946437,0.19080711773728773,1.004794207840551
181298.828125,1.363525390625,117.939453125,0.20737304687500002,0.268310546875,51107.484340667725,4222.65625,0.00027291715721762983,479.0215183527789,0.16420119533727814,1.0050372803863983
181372.0703125,1.0833740234375,227.5927734375,0.3219970703125,0.24890136718750003,45602.10883617401,4595.703125,0.00015750863226993261,466.4031649811173,0.16911286001343853,1.004949535973048
181591.796875,1.737060546875,357.333984375,0.29497070312500007,0.39399414062500004,16318.07279586792,8746.09375,0.00010837540870503223,342.32664278383453,0.21097361153658284,1.0053472335042366
181665.0390625,0.7098388671875,243.8623046875,0.17580566406250003,0.1120849609375,82007.87436962128,8119.140625,0.00013484164851331363,370.7421962409615,0.1667317376651313,1.0046928580633583
181884.765625,0.616455078125,149.150390625,0.253662109375,0.34975585937500003,24363.290309906006,7238.28125,0.00021636745556331255,406.605889150426,0.1580757883799942,1.0050795023134926
181958.0078125,1.8304443359375,90.1318359375,0.21945800781250002,0.14401855468750002,72559.14390087128,7611.328125,0.00033425202734598555,387.7264125921966,0.16381180594033368,1.0049501722932945
182177.734375,0.538818359375,395.185546875,0.193603515625,0.183642578125,45047.78242111206,6824.21875,8.38633825663129e-5,389.6102827143483,0.17002164192785882,1.0049822060443934
182250.9765625,1.9432373046875,285.6982421875,0.29826660156250007,0.3154052734375,51163.817286491394,6447.265625,0.00013485697518629566,387.43402059992474,0.1997438171498689,1.0052431459064626
182470.703125,1.662353515625,188.330078125,0.22495117187500002,0.22260742187500004,37436.044216156006,9316.40625,0.00016349942369647545,337.1835407075516,0.18194483817416826,1.004894692460224
182543.9453125,0.8197021484375,130.6396484375,0.26457519531250007,0.2781982421875,62340.94703197479,9939.453125,0.00023688510892564595,356.9683612879914,0.15900633061954705,1.004964853871019
182763.671875,1.285888671875,257.724609375,0.27739257812500007,0.135009765625,73546.66471481323,5839.84375,0.00013757329204306892,412.3348360941738,0.17683263597787646,1.0050476672112747
182836.9140625,1.1961669921875,316.9091796875,0.23322753906250002,0.37810058593750007,24832.27241039276,5462.890625,0.00011261922777776707,411.0817985480879,0.18713714765161127,1.0051252343410482
183056.640625,0.915283203125,70.791015625,0.30874023437500003,0.158740234375,83645.24984359741,2332.03125,0.00040051167706109435,593.1013752268474,0.1549723971772045,1.0050386697175988
183129.8828125,1.5667724609375,184.4287109375,0.19953613281250002,0.3280029296875,12105.950236320496,2955.078125,0.00019217063423168065,514.9271020737515,0.17675869694433233,1.0051991120104777
183349.609375,1.962646484375,136.201171875,0.35883789062500004,0.35590820312500004,56184.51642990112,5042.96875,0.00025245706837827113,456.3229718709453,0.17149076314069459,1.005187904590439
183422.8515625,0.5545654296875,204.6826171875,0.16818847656250002,0.1501708984375,39340.52550792694,5666.015625,0.0001628501716281902,436.2408633525018,0.15982626558929594,1.0050177617556104
183642.578125,0.836181640625,279.970703125,0.39252929687500004,0.3878417968750001,65619.64559555054,2535.15625,0.00013274915776453723,578.1647432254392,0.16866856058292426,1.0053164191999124
183715.8203125,1.6810302734375,378.9990234375,0.1368408203125,0.10593261718750001,27364.346385002136,2158.203125,0.00011338264590483349,492.13008400233434,0.20974032694052677,1.0040408382609955
183935.546875,1.209716796875,168.740234375,0.105126953125,0.25102539062500007,20027.225017547607,6058.59375,0.0001851032191110931,402.55745329777,0.17111634627810976,1.0048417491890909
184008.7890625,1.3074951171875,65.8935546875,0.36564941406250007,0.23161621093750004,79568.43650341034,6681.640625,0.00045519860746303796,425.8271410230832,0.15617138956027818,1.0049158156047004
184228.515625,1.589111328125,332.431640625,0.138818359375,0.30522460937500007,12896.859645843506,9550.78125,0.00010620808817468944,304.3544455774794,0.21201933222952954,1.005038270664796
184301.7578125,0.9281005859375,262.7880859375,0.33430175781250004,0.21198730468750002,90023.78165721893,9173.828125,0.0001248836207378354,359.06789404229914,0.16986740410759546,1.0050375083743663
184521.484375,1.863037109375,323.466796875,0.21469726562500002,0.12973632812500002,49771.58308029175,3011.71875,0.00012939590167433917,474.30244688125737,0.20084268086515103,1.003186461500455
184594.7265625,0.6424560546875,256.4794921875,0.2584228515625,0.3739990234375,44221.28188610077,3634.765625,0.00013654956917646228,506.30139546589504,0.16469644439018066,1.005150998920693
184814.453125,0.736572265625,180.361328125,0.180419921875,0.16401367187500002,61460.79397201538,4503.90625,0.00018683041102826573,470.6815016972497,0.1611730710147528,1.0050114341175311
185107.421875,1.110107421875,292.255859375,0.317236328125,0.17954101562500002,26723.849773406982,8027.34375,0.00011800438267309607,371.4058069331626,0.17642906539351624,1.0050716032743425
185180.6640625,1.3953857421875,393.9404296875,0.21213378906250002,0.31013183593750004,75437.56568431854,8650.390625,9.43705567381206e-5,330.4203913177691,0.20727610268327323,1.0051197228032112
185400.390625,1.489501953125,126.572265625,0.282958984375,0.22670898437500003,16628.2057762146,7519.53125,0.0002559946657375482,392.6729813531903,0.1652500573217579,1.0046655959542394
185473.6328125,1.0159912109375,197.7099609375,0.24406738281250004,0.28347167968750003,84858.6357831955,7142.578125,0.00016546734388411157,393.96213973319306,0.16790238928924317,1.0049319161475065
185693.359375,0.638427734375,64.482421875,0.384619140625,0.255126953125,42033.63752365112,8855.46875,0.0004585170725320305,385.4885710568368,0.15305647757828403,1.0049901659105487
185766.6015625,1.8553466796875,175.4638671875,0.12365722656250001,0.23688964843750002,57996.26433849335,8478.515625,0.00017156527963409148,335.4673331010791,0.18773906870591894,1.004750365730733
185986.328125,1.761962890625,272.001953125,0.3526855468750001,0.301123046875,31059.083461761475,7347.65625,0.0001374654852114889,384.3928146560567,0.18972357325964015,1.0051826585951362
186059.5703125,0.7318115234375,328.5302734375,0.15793457031250002,0.2067138671875,68421.62787914276,7970.703125,9.984186436542722e-5,362.0665307843241,0.1739665008835978,1.0045732756626775
186279.296875,1.385498046875,203.271484375,0.149658203125,0.361181640625,80455.4934501648,3871.09375,0.00016976292202670686,463.91063979431857,0.17814697195007037,1.0051031180415706
186352.5390625,1.1082763671875,142.9248046875,0.33986816406250003,0.15427246093750002,17747.81882762909,3494.140625,0.00024172495347407402,521.766706527439,0.16089822627423248,1.0046210789836525
186572.265625,1.014892578125,388.212890625,0.11772460937500001,0.382568359375,90637.55178451538,4363.28125,9.308989354650971e-5,418.5132668161117,0.19286538557220667,1.0051219668172011
186645.5078125,1.4788818359375,276.0693359375,0.3741455078125,0.1018310546875,8932.99949169159,4986.328125,0.0001449782587671931,450.266593272422,0.17675180009037164,1.004279484039232
186865.234375,0.890380859375,156.123046875,0.32954101562500004,0.21645507812500003,68800.43745040894,5699.21875,0.00021987526859794385,444.35489568874544,0.16016689665136322,1.005022361839923
186938.4765625,1.5447998046875,99.7607421875,0.1435791015625,0.27321777343750003,31034.560084342957,5072.265625,0.00031588919267928737,448.03246973774316,0.1642029999174593,1.0049460005414068
187158.203125,1.263916015625,342.392578125,0.3702636718750001,0.18979492187500002,57836.16018295288,2191.40625,0.00012419547949587748,589.3106784295293,0.17836358413978343,1.0052537433594082
187231.4453125,1.1712646484375,231.5771484375,0.10051269531250001,0.32038574218750004,39887.471079826355,2564.453125,0.00015161554993026996,520.0241558567341,0.17767669804922925,1.0051759080916396
187451.171875,1.637451171875,103.662109375,0.132080078125,0.16782226562500002,8966.586589813232,6714.84375,0.00029786664122038336,400.81513446190047,0.16564289802334048,1.0049258715471698
187524.4140625,0.7977294921875,215.9716796875,0.39729003906250004,0.3359130859375,90230.40473461151,6087.890625,0.00016390926156551087,435.9135447297922,0.16298067895462506,1.0049136084625063
187744.140625,0.516845703125,309.853515625,0.17280273437500002,0.12592773437500002,21567.796230316162,9207.03125,0.00010593774853410604,355.3321859317395,0.16534839782314076,1.0044555175439092
187817.3828125,1.9183349609375,370.3662109375,0.3542236328125,0.37019042968750004,80217.644572258,9580.078125,0.00011228379174055721,344.8293900493431,0.2122142671049026,1.0053331318035146
188037.109375,1.611083984375,247.763671875,0.19477539062500002,0.3980957031250001,37600.013256073,6417.96875,0.00013998905453240927,380.919803884651,0.19180329603948743,1.0051325174672214
188110.3515625,0.9530029296875,348.1201171875,0.31350097656250003,0.11735839843750001,64122.034907341,6791.015625,0.00010470218998020739,396.2760727848807,0.17498850040305752,1.0049919406525
188330.078125,1.234619140625,83.408203125,0.23784179687500004,0.34565429687500004,49692.61312484741,9910.15625,0.00036066828062682546,360.5514208031234,0.158897906351621,1.0049354951638698
188403.3203125,1.3294677734375,150.5615234375,0.27277832031250004,0.13874511718750002,55702.2522687912,9283.203125,0.00021108887922105955,358.77892119595566,0.1662141645429339,1.004937455950604
188623.046875,0.858154296875,365.302734375,0.25981445312500007,0.293212890625,85154.66642379761,5433.59375,9.974209947677437e-5,424.9460859400616,0.17744310338557678,1.005109914418639
188696.2890625,1.7059326171875,294.3310546875,0.22971191406250002,0.19880371093750002,13653.45847606659,5806.640625,0.00012986498416026735,392.53561283898915,0.1952263278949218,1.0050780494597003
188916.015625,1.987548828125,220.869140625,0.30288085937500003,0.263037109375,73854.31814193726,2925.78125,0.00018447967805425045,525.5574786138657,0.1832902841441086,1.0051808383247631
188989.2578125,0.5765380859375,119.3505859375,0.18898925781250003,0.24479980468750004,21543.801188468933,2298.828125,0.0002609204091733602,590.3382069910353,0.15624766579149918,1.0049404291580328
189208.984375,0.714599609375,265.029296875,0.125634765625,0.331298828125,8683.509349822998,2136.71875,0.00013187743354016538,571.8633237721882,0.16864327341792362,1.0051914852621613
189282.2265625,1.7440185546875,336.1669921875,0.3849853515625,0.16306152343750002,83552.06191539764,2509.765625,0.00013791970536845943,564.4646843075737,0.18519186299548251,1.0050646801633372
189501.953125,1.838134765625,68.798828125,0.156982421875,0.37495117187500004,22992.04397201538,5628.90625,0.00043730387796555507,440.39286654309916,0.1617312332976809,1.0049747449946143
189794.921875,1.461669921875,382.568359375,0.340673828125,0.287353515625,66971.68302536011,9152.34375,0.00010154230999750867,350.1330305293029,0.19736924011421728,1.0052458304848009
189868.1640625,0.9969482421875,282.3779296875,0.15119628906250002,0.23044433593750002,41449.39124584198,9525.390625,0.00011033590780736359,331.62811316755534,0.18052491499894796,1.0048167395836645
190087.890625,1.091064453125,206.259765625,0.37202148437500004,0.306396484375,56153.382778167725,6644.53125,0.00017105205100764872,417.67583040763856,0.16709948555239515,1.0050651718451749
190161.1328125,1.3675537109375,139.2724609375,0.11750488281250002,0.1756591796875,49309.67032909393,6017.578125,0.0002307757962172488,411.768453176293,0.168017572231405,1.0049134547214185
190380.859375,1.786865234375,186.669921875,0.258056640625,0.20356445312500002,90239.26496505737,9980.46875,0.0001706237536201559,334.8351502294289,0.1813474126646045,1.004980624955856
190454.1015625,0.7537841796875,74.5263671875,0.21271972656250002,0.2978271484375,10087.298274040222,9353.515625,0.00040946011123864845,375.1823657139993,0.15477498488375643,1.0048690119869361
190673.828125,0.660400390625,319.814453125,0.291748046875,0.24018554687500002,79672.85299301147,6472.65625,0.00011072353968113193,413.18299910751887,0.16690746192880423,1.0050524746294218
190747.0703125,1.8802490234375,259.4677734375,0.18137207031250002,0.2582763671875,18581.692576408386,6845.703125,0.00013972513170017493,361.7331701151883,0.19978646086400237,1.0050492202364412
190966.796875,1.033935546875,134.208984375,0.21059570312500003,0.10336914062500001,31762.89701461792,2996.09375,0.0002520486742228051,537.461772400876,0.1610163876815757,1.0049679766831043
191040.0390625,1.5067138671875,190.7373046875,0.31643066406250003,0.38395996093750007,71026.97837352753,2369.140625,0.00019821800287231234,577.1122407759104,0.17354212045247208,1.005319391334179
191259.765625,1.413330078125,287.275390625,0.24428710937500003,0.152880859375,43648.812770843506,5488.28125,0.0001308249344543326,413.06721397160476,0.1839542382169914,1.005022169264989
191333.0078125,1.1273193359375,398.2568359375,0.28508300781250007,0.3596435546875001,61792.23716259003,5861.328125,9.740412855499918e-5,409.3986507846705,0.189778989935907,1.005202836288998
191552.734375,1.335693359375,87.060546875,0.31547851562500007,0.32426757812500007,20294.12031173706,4574.21875,0.0003727322873580624,483.27237624145266,0.1592792255672915,1.0050810118137325
191625.9765625,1.2401123046875,147.5732421875,0.19514160156250002,0.1935302734375,84070.25039196014,4197.265625,0.00023387054021229523,477.64843155846074,0.16521025191957373,1.004925375600164
191845.703125,0.959228515625,241.455078125,0.271826171875,0.26948242187500004,8824.594020843506,3066.40625,0.00015465480693566895,529.955378490544,0.16845851815503132,1.0050150861529497
191918.9453125,1.6165771484375,353.7646484375,0.23645019531250003,0.2125732421875,94855.65650463104,3689.453125,0.0001200947443762588,458.2788452875307,0.19737270139767008,1.0042065605304178
192138.671875,0.582763671875,225.849609375,0.230517578125,0.369384765625,58266.81852340698,7589.84375,0.00014994706794824037,395.63216568501645,0.1616623042881362,1.0050141130149894
192211.9140625,1.9930419921875,115.0341796875,0.2613525390625,0.12497558593750001,41133.755564689636,7212.890625,0.00028486204162977426,394.8166675682801,0.1679074267296332,1.00492756125673
192431.640625,1.712158203125,357.666015625,0.18686523437500002,0.33686523437500004,69147.38607406616,8082.03125,0.00010991892592421203,335.8380453194368,0.21379575473147383,1.0051120641104552
192504.8828125,0.8636474609375,301.3037109375,0.30266113281250007,0.1686279296875,31425.49979686737,8705.078125,0.00011573677038103334,366.40425088205774,0.17057345214702743,1.004905359590451
192724.609375,1.165771484375,338.076171875,0.143212890625,0.140283203125,79357.36799240112,7292.96875,0.00010283820412593928,354.5513724031022,0.19080960597781235,1.004875318146134
192797.8515625,1.2576904296875,236.5576171875,0.32756347656250007,0.34704589843750006,28719.00451183319,7916.015625,0.00014648223005444853,382.0131935646886,0.17547418501922,1.00508165187672
193017.578125,1.539306640625,163.095703125,0.10190429687500001,0.115966796875,89955.21688461304,8785.15625,0.00018366788163541107,342.74747920194363,0.17749609178839063,1.0045143570251207
193090.8203125,0.8841552734375,92.1240234375,0.3712158203125,0.39655761718750004,19403.836131095886,8408.203125,0.0003506841623824863,392.6795520333591,0.15664156644247196,1.0047726562725767
193310.546875,1.912841796875,306.865234375,0.395751953125,0.24165039062500002,45296.45109176636,4308.59375,0.00014115157118610333,476.1062501263124,0.18913842426586808,1.0027972458940408
193383.7890625,0.5106201171875,374.0185546875,0.1312744140625,0.2597412109375,51775.071024894714,4931.640625,9.485953193591018e-5,440.3454712592969,0.16914287823214874,1.0048520648999018
193603.515625,0.792236328125,109.306640625,0.35444335937500004,0.20209960937500002,33726.388454437256,3800.78125,0.0003050652081859824,515.6476208886625,0.1561215189038538,1.005048946536897
193676.7578125,1.6312255859375,209.6630859375,0.1749267578125,0.2963623046875,62332.46695995331,3423.828125,0.00017747754532014095,481.8477189353669,0.18134833827235877,1.0051292839264157
193896.484375,1.347412109375,312.841796875,0.33657226562500003,0.195361328125,13627.479076385498,8761.71875,0.00011731516076443515,360.94751333346636,0.18331052135871362,1.0050315747595675
193969.7265625,1.0643310546875,373.3544921875,0.1552978515625,0.28962402343750004,96011.4735364914,8384.765625,9.261841237182712e-5,339.70862161930984,0.1927456061034537,1.0049949202635424
194189.453125,0.970947265625,105.986328125,0.377294921875,0.24838867187500002,23353.31106185913,7253.90625,0.0003163515608945702,414.7703041206866,0.1571652609218455,1.0050238026465976
194482.421875,0.594482421875,345.380859375,0.120361328125,0.113916015625,68261.93571090698,3777.34375,0.00010541968089885607,477.84499478494143,0.16882542575554468,1.0049111402847855
194555.6640625,1.8172607421875,234.5654296875,0.3902587890625,0.3945068359375,28221.989512443542,3400.390625,0.00017887584213546336,524.5623906020139,0.18127647930999,1.0053627540184316
194775.390625,1.723876953125,158.447265625,0.16108398437500002,0.142333984375,57876.1305809021,4269.53125,0.00022216160001745574,456.1775362679924,0.17389745620325098,1.0050092063557348
194848.6328125,0.6878662109375,102.0849609375,0.34719238281250003,0.3490966796875,39750.115275382996,4892.578125,0.0003243924311330404,477.6296193446063,0.15579480349791977,1.005055921486595
195068.359375,1.154052734375,223.857421875,0.20649414062500002,0.33950195312500003,90571.90656661987,3105.46875,0.0001663891860201954,516.3947682278891,0.17271726345856137,1.0052001084401592
195141.6015625,1.4334716796875,122.3388671875,0.3205322265625,0.1712646484375,14794.390559196472,3728.515625,0.000289057867484734,510.6153951929459,0.16214983197152058,1.0050711184414602
195361.328125,1.527587890625,367.626953125,0.24956054687500004,0.36674804687500007,79818.54391098022,4597.65625,0.00011471670679323995,433.54459650840187,0.1996028707930872,1.005276203279345
195434.5703125,1.0599365234375,296.6552734375,0.27980957031250003,0.1223388671875,26841.580271720886,4220.703125,0.0001326806571351843,471.4606784058201,0.1725568479537759,1.0051030794293718
195654.296875,1.901123046875,86.396484375,0.252783203125,0.27680664062500004,37424.487590789795,8121.09375,0.00036488108784991143,386.65301391270754,0.16345041603419694,1.0049296970873018
195727.5390625,0.6864013671875,153.5498046875,0.21799316406250002,0.2198974609375,64683.24363231659,8744.140625,0.00021939698393035945,379.695636579422,0.15843560931848533,1.0049829379494108
195947.265625,0.780517578125,250.087890625,0.29584960937500004,0.31694335937500007,47278.29885482788,7613.28125,0.00014364587142977813,394.6621220045274,0.1658527942620546,1.0053263346572714
196020.5078125,1.8070068359375,350.4443359375,0.17727050781250003,0.1862060546875,53842.17917919159,7236.328125,0.00011564671039168998,346.77560561674164,0.21169890512368697,1.005051538234459
196240.234375,0.843505859375,124.248046875,0.22641601562500002,0.15083007812500002,23682.273387908936,6449.21875,0.0002747317517348784,426.8542426483197,0.15782358954403533,1.0049701329109555
196313.4765625,1.6854248046875,195.3857421875,0.26545410156250004,0.35759277343750007,76460.34133434296,6822.265625,0.0001795000561986582,395.4933675685304,0.17969178948319697,1.0051240105547026
196533.203125,1.967041015625,289.267578125,0.192138671875,0.105419921875,16798.68459701538,9941.40625,0.0001298288995783178,313.8138140912938,0.20539262251295826,1.0050125420630105
196606.4453125,0.5618896484375,390.9521484375,0.29738769531250003,0.3860107421875001,87505.51307201385,9314.453125,8.692050512538813e-5,360.5819968916658,0.1697085201552542,1.0048855221901374
196826.171875,1.590576171875,178.037109375,0.31020507812500003,0.23344726562500004,57248.99625778198,5464.84375,0.0002065658565374766,439.8689389253134,0.17128903806534626,1.0051191791387677
196899.4140625,0.9383544921875,77.8466796875,0.20041503906250002,0.25153808593750004,51307.217478752136,5837.890625,0.00041079758707552867,445.9398220120331,0.15603775653939786,1.0050741029378316
197119.140625,1.219970703125,320.478515625,0.27592773437500007,0.21030273437500002,67703.47738265991,2957.03125,0.00013017564264378214,522.6100051758056,0.1789939056467454,1.0051606280977865
197192.3828125,1.3089599609375,253.4912109375,0.23234863281250004,0.3045654296875,37842.30887889862,2330.078125,0.00015642141786031304,559.0392602911057,0.1775367295184068,1.0052473199364071
197412.109375,1.657958984375,385.888671875,0.39165039062500007,0.313720703125,82397.132396698,5667.96875,0.00011448203814507997,433.6860860709471,0.19600114859550882,1.0038269797611477
197485.3515625,0.8123779296875,273.7451171875,0.1353759765625,0.1829833984375,16822.352290153503,5041.015625,0.00012943278276369825,435.1676276483648,0.1702447813123276,1.0049917994765365
197705.078125,0.531494140625,200.283203125,0.359716796875,0.280029296875,93139.75667953491,2160.15625,0.00017448309219358045,604.8427509879791,0.15912282084608284,1.0049648678563847
197778.3203125,1.9388427734375,139.9365234375,0.16965332031250002,0.22312011718750002,4015.2405500411987,2533.203125,0.00025807010871635515,540.7458996207961,0.1734178740751238,1.0051332519591982
197998.046875,0.905029296875,269.677734375,0.137939453125,0.3775878906250001,46215.15226364136,6683.59375,0.0001260169068205559,390.90175377242167,0.17465466568104343,1.0049862660934703
198071.2890625,1.5653076171875,326.2060546875,0.33283691406250004,0.1331787109375,63691.819071769714,6056.640625,0.00012682568284855077,412.4246306873397,0.1855761491099286,1.004973288169874
198291.015625,1.284423828125,61.494140625,0.10600585937500001,0.32866210937500007,36720.223903656006,9175.78125,0.00048705743152107587,376.0640676465469,0.157051380224942,1.0049762502629134
198364.2578125,1.1859130859375,172.4755859375,0.36711425781250007,0.1604248046875,75876.59537792206,9548.828125,0.0001998504284718962,366.28329010092057,0.1640246847320026,1.004991086650404
198583.984375,1.042724609375,360.654296875,0.322509765625,0.26567382812500007,63713.23347091675,9886.71875,9.920269054507188e-5,346.71917632304985,0.18185225242375355,1.0047919552979774
198657.2265625,1.5096435546875,304.2919921875,0.20686035156250002,0.24743652343750003,46268.03481578827,9259.765625,0.00011837498551991428,334.0010197912251,0.19538812682058954,1.0050321538565754
198876.953125,1.416259765625,228.173828125,0.27885742187500007,0.29057617187500007,73947.06106185913,6378.90625,0.00015969014638496167,408.59051658618506,0.17702095834864115,1.0051227558352829
198950.1953125,1.1361083984375,117.3583984375,0.24816894531250003,0.1961669921875,33894.299387931824,6751.953125,0.0002916594416617117,418.7154707333225,0.1600577180123078,1.0050125526968412
199169.921875,1.789794921875,244.443359375,0.218798828125,0.35297851562500004,16734.378337860107,2902.34375,0.0001680294588702106,510.1072355184982,0.1876204861821019,1.0052926487430298
199243.1640625,0.7625732421875,356.7529296875,0.25432128906250007,0.14606933593750002,84292.40882396698,2275.390625,0.00011140776820948623,570.4113174056821,0.1700923988600413,1.0050137030560367
199462.890625,0.669189453125,89.384765625,0.17514648437500002,0.3907714843750001,8112.245082855225,5394.53125,0.00036567735367382933,460.84134722342725,0.15558743066519387,1.0050198354586721
199536.1328125,1.8831787109375,149.8974609375,0.2956298828125,0.11003417968750001,95522.43888378143,5767.578125,0.0002439412464821091,430.5411658541066,0.16985712306002046,1.0050375770374917
199755.859375,1.458740234375,112.294921875,0.154931640625,0.11918945312500001,48431.83088302612,2230.46875,0.00030049291423873926,576.4147865093959,0.16348180921656144,1.004980486007563
199829.1015625,0.9881591796875,212.6513671875,0.3345947265625,0.36345214843750007,55131.51824474335,2603.515625,0.00017835891201259426,569.8235487834996,0.16649195165549824,1.0052468425131078
200048.828125,1.082275390625,309.189453125,0.11362304687500001,0.174560546875,39197.938442230225,5722.65625,0.00011497829223830964,394.8018320808479,0.18355735917407592,1.0048945966328486
200122.0703125,1.3646240234375,376.3427734375,0.37824707031250004,0.3426513671875,68135.43403148651,5095.703125,0.00011509360082276204,452.29335667115436,0.18736291440335553,1.0052737754653065
200341.796875,0.705810546875,166.083984375,0.38872070312500007,0.187744140625,80147.90678024292,9246.09375,0.00021234744825835648,378.3179469393683,0.15759903361513486,1.0050897851905332
200415.0390625,1.7410888671875,95.1123046875,0.11955566406250001,0.3183349609375,28263.184428215027,9619.140625,0.0003137015690867445,353.0195799782016,0.1662604276538777,1.0048876114815373
200634.765625,1.835205078125,340.400390625,0.34741210937500006,0.21850585937500003,90219.247341156,6738.28125,0.000127159760463551,398.6337039394162,0.19515322684801048,1.005147158373935
200708.0078125,0.6116943359375,238.8818359375,0.1632080078125,0.2752685546875,14739.502787590027,6111.328125,0.0001484184120382311,424.7371716977455,0.16276310219089568,1.0049554836289996
200927.734375,1.945068359375,203.935546875,0.137353515625,0.389892578125,67037.28437423706,7324.21875,0.00016797106833355002,359.43363383506505,0.19314961165306593,1.005003755544249
201000.9765625,0.5369873046875,136.9482421875,0.39201660156250007,0.1091552734375,39468.687891960144,7947.265625,0.00025407556011365363,401.1772335435362,0.15606037430664657,1.004750808796078
201220.703125,0.818603515625,379.580078125,0.168701171875,0.353857421875,57537.118434906006,8816.40625,8.971400200853429e-5,347.99685213886136,0.18216341519867657,1.0049189414664677
201293.9453125,1.6634521484375,279.3896484375,0.35832519531250007,0.14694824218750002,50558.65943431854,8439.453125,0.00013884077488930405,371.86902790699355,0.18290658945002958,1.0050422511053723
201513.671875,1.192138671875,66.474609375,0.33364257812500003,0.30375976562500007,14367.587566375732,4339.84375,0.000477419516725902,497.4648327602726,0.15615181726783467,1.0050571874005707
201586.9140625,1.2899169921875,168.1591796875,0.13947753906250002,0.20935058593750003,92441.03705883026,4962.890625,0.00020942723904576502,442.9446640444242,0.16923319568997972,1.0049840784270934
201806.640625,1.571533203125,262.041015625,0.364990234375,0.25249023437500007,25587.754726409912,3832.03125,0.00016293082650003585,500.15355843378165,0.1774618022109827,1.0052100133651227
201879.8828125,0.9105224609375,333.1787109375,0.1057861328125,0.23425292968750003,80543.328166008,3455.078125,0.00011330058641504984,473.16926366638774,0.1790602405822898,1.0048786398077443
202099.609375,0.556396484375,284.951171875,0.26508789062500004,0.224658203125,31355.659008026123,4542.96875,0.0001324466082186191,475.65020479968865,0.16199121204084949,1.0049268868048213
202172.8515625,1.9608154296875,395.9326171875,0.22443847656250004,0.28142089843750007,72384.16564464569,4166.015625,0.00011971999147826032,431.08188567262016,0.2155049032246562,1.0041471633730112
202392.578125,1.679931640625,131.220703125,0.29877929687500004,0.18159179687500002,41714.86043930054,3035.15625,0.0002818153822720311,539.1788592982498,0.1654635050976873,1.0050675341736475
202465.8203125,0.8372802734375,187.7490234375,0.19309082031250002,0.31218261718750007,61569.363474845886,3658.203125,0.00019382190919893944,505.68068193325513,0.16340177592273064,1.0049690816736505
202685.546875,1.303466796875,317.490234375,0.19887695312500003,0.157275390625,99007.32755661011,7558.59375,0.00011609270056286163,364.05830897483065,0.1878596263107309,1.00500023535174
202758.7890625,1.2137451171875,257.1435546875,0.30939941406250004,0.32536621093750007,11114.21287059784,7181.640625,0.00014308036852017414,397.28157116969516,0.17650043063755894,1.0039397281269207
202978.515625,0.932861328125,183.681640625,0.23256835937500003,0.136474609375,87756.356716156,8050.78125,0.00019137588164330828,386.8168201532914,0.1631286882088371,1.0049596865147963
203051.7578125,1.5843505859375,71.5380859375,0.2780517578125,0.3807373046875,23703.347086906433,8673.828125,0.000443850531450875,387.5180342962848,0.15916811129265498,1.0049607020507378
203271.484375,0.644287109375,174.716796875,0.158447265625,0.29848632812500003,35859.59577560425,2511.71875,0.00020036497284423916,567.976877132664,0.16010004537985315,1.0050653085762766
203344.7265625,1.8612060546875,65.2294921875,0.3521728515625,0.2052490234375,66362.76137828827,2134.765625,0.00047559304110095707,607.1188729468322,0.1585890854107331,1.005003948925717
203564.453125,1.767822265625,329.111328125,0.124169921875,0.25776367187500004,49565.40822982788,5003.90625,0.0001244026078755388,389.37203525426435,0.2085873115565571,1.0050920133869519
203857.421875,1.391357421875,143.505859375,0.37348632812500004,0.38579101562500007,93491.67203903198,9527.34375,0.00023687898101996512,371.08195748765627,0.165686531743162,1.005079926471171
203930.6640625,1.1141357421875,202.6904296875,0.11838378906250001,0.1038818359375,19188.725352287292,9150.390625,0.00016271878761018297,350.43884203924927,0.17219649746066795,1.0047824675051817
204150.390625,1.020751953125,275.322265625,0.339208984375,0.35795898437500007,82329.3776512146,6019.53125,0.00013917419501626783,431.38301569074895,0.17180207647477527,1.0051710111504242
204223.6328125,1.4847412109375,388.9599609375,0.1503173828125,0.1522216796875,27689.629435539246,6642.578125,0.00010436747752677584,359.68394477694784,0.2058183593201209,1.0049912042000486
204443.359375,1.857177734375,255.732421875,0.290869140625,0.161376953125,75060.12678146362,9355.46875,0.00014681099572991872,348.364786184721,0.18867679678107577,1.0050224742580116
204516.6015625,0.6365966796875,324.2138671875,0.17990722656250002,0.33063964843750004,35278.85711193085,9978.515625,0.00010593467089471721,346.9966491746081,0.17040082588603944,1.0047340505590092
204736.328125,0.730712890625,80.751953125,0.25893554687500003,0.132373046875,63143.189907073975,6847.65625,0.0004123286734489162,427.1071607367212,0.15398197843388223,1.0049424627746217
204809.5703125,1.7630615234375,179.7802734375,0.21418457031250002,0.3754638671875,44671.01752758026,6470.703125,0.0001970949362438113,401.0812643627993,0.17929247428682496,1.0050216941077599
205029.296875,1.104248046875,394.521484375,0.24340820312500003,0.22993164062500002,6918.628215789795,2371.09375,0.00011139735344668885,549.0812587298584,0.18297707866333732,1.0051924576341718
205102.5390625,1.3895263671875,291.6748046875,0.28361816406250007,0.2855224609375,99707.47458934784,2994.140625,0.0001467968548050519,525.1722709864767,0.18023776273113665,1.005252621449762
205322.265625,1.483642578125,196.962890625,0.211474609375,0.176318359375,21129.73928451538,5863.28125,0.00018543142466375363,417.24116378437026,0.17417685441373656,1.0050049382144641
205395.5078125,1.0101318359375,127.3193359375,0.31789550781250003,0.3080810546875,88813.79783153534,5486.328125,0.000282854583659936,456.95945604723846,0.1596017558448708,1.0049507661752808
205615.234375,1.546630859375,347.373046875,0.273291015625,0.34770507812500007,44307.029247283936,4199.21875,0.00012589770081039973,460.08397195225115,0.19336169640849984,1.005052857155926
205688.4765625,0.8885498046875,248.5107421875,0.23732910156250003,0.1419677734375,64144.85061168671,4572.265625,0.00015459029701046965,466.83144657223204,0.16632001373968663,1.0049772474245615
205908.203125,1.170166015625,151.142578125,0.31401367187500007,0.39604492187500007,33111.55080795288,3691.40625,0.00024662835477093386,515.6518324038942,0.16406162189282905,1.0053082491223135
205981.4453125,1.2650146484375,82.8271484375,0.1942626953125,0.1141357421875,75252.4002790451,3064.453125,0.0003982392091830913,541.7564813778899,0.15779287300346065,1.0050155155182852
206201.171875,0.793701171875,294.912109375,0.18833007812500002,0.261572265625,87603.42741012573,7214.84375,0.00012135050613702984,390.78299053660686,0.1707361331109791,1.0049275501596309
206274.4140625,1.6414794921875,364.7216796875,0.30354003906250004,0.24216308593750002,21654.35492992401,7587.890625,0.00011608880213380303,376.905541793104,0.19731834719174343,1.0051911880784232
206494.140625,1.923095703125,118.603515625,0.229052734375,0.294677734375,99323.28939437866,8707.03125,0.00027650202562998737,370.65670249896164,0.16984056424250585,1.0049971465966074
206567.3828125,0.5120849609375,221.6162109375,0.2604736328125,0.20144042968750003,10474.114298820496,8080.078125,0.00016426120764134977,395.1722426764957,0.15840682372269224,1.0049758308085075
206787.109375,0.954833984375,99.013671875,0.101025390625,0.19184570312500002,59804.847240448,7917.96875,0.00034042936343699887,397.34058473683666,0.1578228116066147,1.0049037060936608
206860.3515625,1.6092529296875,156.8701171875,0.3697509765625,0.3236083984375,52426.66137218475,7291.015625,0.0002324502085223739,409.1409858648259,0.16851690806422873,1.0050646340691678
207080.078125,1.328369140625,232.158203125,0.144091796875,0.214404296875,71164.29281234741,8410.15625,0.00014573723530309982,354.4457149627554,0.1807450310367655,1.0049022627670081
207153.3203125,1.2357177734375,341.8115234375,0.32902832031250007,0.2699951171875,42826.45881175995,8783.203125,0.00011228037513304103,367.37219955817153,0.18364342738960518,1.005130802044425
207373.046875,1.701904296875,216.552734375,0.35356445312500007,0.12446289062500002,25619.632244110107,4933.59375,0.00019102380324948658,460.3718028022603,0.17279599870550494,1.0050793270544547
207446.2890625,0.8621826171875,103.0810546875,0.1734619140625,0.3675537109375,81466.08054637909,4306.640625,0.0003330354562640961,492.5636974167534,0.15788367765784486,1.0050163223795503
207666.015625,0.581298828125,369.619140625,0.3966308593750001,0.16928710937500002,12201.608180999756,3425.78125,0.00011061537249421714,528.735001076402,0.16298158639804894,1.0050718072839966
207739.2578125,1.9827880859375,310.6005859375,0.1327392578125,0.33854980468750007,93486.30607128143,3798.828125,0.00013942791020981842,429.31361511467804,0.2094980594328866,1.0051395233402247
207958.984375,1.745849609375,73.779296875,0.181884765625,0.23754882812500003,79726.722240448,3636.71875,0.0004475551601591786,513.038247631375,0.16038653413830717,1.0050265734280464
208032.2265625,0.7127685546875,187.4169921875,0.2912353515625,0.2568115234375,22416.991114616394,3009.765625,0.00019850296841007382,547.505165786567,0.16003908243800155,1.0051244167146276
208251.953125,0.619384765625,260.048828125,0.21323242187500002,0.20620117187500003,92358.74319076538,4128.90625,0.00014756947449962184,488.04373310806477,0.16248326403399796,1.0051881893978831
208544.921875,0.992919921875,191.318359375,0.284423828125,0.15610351562500002,55201.78556442261,8652.34375,0.00018893951016412552,380.26883716041596,0.16371146710025528,1.0040399828264477
208618.1640625,1.4656982421875,133.6279296875,0.24494628906250002,0.3616943359375,62067.43323802948,8025.390625,0.00025724776553150873,389.0048544617244,0.16651805985194962,1.0049845260602408
208837.890625,1.372314453125,397.509765625,0.315771484375,0.10014648437500001,43384.950160980225,7144.53125,0.00010731915273623714,388.4647880225303,0.18786775873851497,1.0048668108716023
208911.1328125,1.0863037109375,288.0224609375,0.21125488281250002,0.38190917968750004,72813.45450878143,7517.578125,0.0001251691136238995,380.6035321838651,0.17932695627142234,1.0050798734118762
209130.859375,0.755615234375,335.419921875,0.351806640625,0.372314453125,20913.337230682373,8480.46875,0.00011052402079532565,384.05749642066877,0.1700566568050601,1.0051418514503452
209204.1015625,1.7850341796875,265.7763671875,0.15646972656250002,0.1290771484375,87467.36419200897,8853.515625,0.00013906586407688148,335.5689192065396,0.19649403668117793,1.0049532151770744
209423.828125,1.879150390625,171.064453125,0.385498046875,0.33393554687500004,9059.083461761475,7972.65625,0.0002162107581409536,395.45980426102824,0.17380455207523035,1.005125125365936
209497.0703125,0.6614990234375,68.2177734375,0.1251220703125,0.16452636718750002,99398.03779125214,7345.703125,0.0004774693003795594,418.11704136309487,0.1533967011773504,1.0049544623811286
209716.796875,1.502685546875,282.958984375,0.116845703125,0.30961914062500007,66699.05424118042,3496.09375,0.00014151866865055475,459.0879356243476,0.19050188224472886,1.005154431430383
209790.0390625,1.0379638671875,381.9873046875,0.3726806640625,0.17770996093750002,46760.74302196503,3869.140625,0.00011647604299696322,500.9781009147123,0.1741065956483896,1.0051328766035927
210009.765625,1.132080078125,138.525390625,0.150537109375,0.28413085937500004,78584.481716156,4988.28125,0.00025952511565641357,458.19875673122004,0.16325502614941695,1.0049419043677759
210083.0078125,1.4085693359375,207.0068359375,0.34133300781250003,0.22839355468750003,35602.66196727753,4361.328125,0.0001960039630521725,484.15151223206306,0.16949647204141063,1.005125504359146
210302.734375,1.241943359375,235.810546875,0.3717285156250001,0.11801757812500001,103636.52753829956,5074.21875,0.00017479408980393903,463.2027208237384,0.16726951559412115,1.0050041525552615
210375.9765625,1.3338623046875,338.8232421875,0.1013916015625,0.3997802734375,11599.669337272644,5697.265625,0.00011339340747860368,384.6316192932498,0.19762472477889273,1.004498737624651
210595.703125,1.615478515625,92.705078125,0.32807617187500004,0.138232421875,92406.259059906,2566.40625,0.00037690566203593814,574.5480669017527,0.15974080217632894,1.0048519363747346
210668.9453125,0.9603271484375,162.5146484375,0.1427001953125,0.34382324218750004,20295.231699943542,2189.453125,0.00022213392669299267,582.3873960823083,0.1641563902536182,1.0051593350006276
210888.671875,1.989013671875,374.599609375,0.17426757812500002,0.20063476562500002,31947.238445281982,6089.84375,0.00012169629428543026,371.75425670885653,0.21718331270808444,1.0050803307558152
210961.9140625,0.5867919921875,306.2841796875,0.3551025390625,0.29372558593750003,75266.99531078339,6712.890625,0.00012599135871086033,423.88083826566015,0.16272088741388374,1.004942893262202
211181.640625,0.868408203125,208.916015625,0.130615234375,0.24311523437500002,46100.99935531616,9582.03125,0.00016319335654165574,356.0737847381116,0.16665843502499572,1.0040862111180449
211254.8828125,1.7073974609375,110.0537109375,0.39641113281250007,0.26237792968750007,64360.74149608612,9205.078125,0.00031899512262091367,381.7684517538591,0.1625274178397564,1.005050355327502
211474.609375,1.259521484375,146.826171875,0.23696289062500003,0.27153320312500007,18822.822093963623,6792.96875,0.0002473319108519929,415.3915065332663,0.16447882734891914,1.00456938821663
211547.8515625,1.1639404296875,87.8076171875,0.27131347656250004,0.21579589843750002,98084.36095714569,6416.015625,0.0003960636959820865,435.7530160051443,0.1572462585162751,1.0050379983081295
211767.578125,0.883056640625,354.345703125,0.19565429687500002,0.32221679687500004,32255.631923675537,9285.15625,0.00010098885535243663,350.59990117970835,0.17969874393764987,1.0049592161814147
211840.8203125,1.5404052734375,240.8740234375,0.31496582031250003,0.1903076171875,87894.68085765839,9908.203125,0.00015206828925723884,352.74725679664544,0.17882775677923254,1.005068689936691
212060.546875,0.506591796875,115.615234375,0.302001953125,0.33540039062500004,69083.31632614136,5808.59375,0.000307840833815787,454.79580537203447,0.15471204720306767,1.0050406625115487
212133.7890625,1.9168701171875,225.2685546875,0.18752441406250003,0.16599121093750002,37936.631083488464,5431.640625,0.00017374798605136187,412.1191608717853,0.18700209582424943,1.0049918251537013
212353.515625,1.635986328125,300.556640625,0.26069335937500004,0.370849609375,55202.462673187256,2300.78125,0.0001518432409374582,560.1528033123278,0.18806995019651962,1.0053599958848545
212426.7578125,0.7874755859375,358.4130859375,0.23117675781250002,0.1276123046875,48693.00162792206,2923.828125,0.00011584647905978249,528.8988811485186,0.1702933168012299,1.0050283728888898
212646.484375,1.628662109375,164.091796875,0.31782226562500004,0.32661132812500004,55559.6079826355,6261.71875,0.00022940225235271283,428.0631056106979,0.17018079687916862,1.0049992527215652
212719.7265625,0.7830810546875,97.1044921875,0.21154785156250003,0.1583740234375,61746.641993522644,6884.765625,0.00036135881714512375,425.81209362421606,0.1554085279816062,1.0048815234930166
212939.453125,0.502197265625,339.736328125,0.283544921875,0.379638671875,45219.52199935913,9753.90625,0.0001065085548620219,365.25718244996256,0.16409910153027038,1.0052108546317522
213232.421875,0.875732421875,111.630859375,0.21411132812500003,0.28266601562500004,81528.90348434448,5277.34375,0.00032072033900480565,463.5100639280628,0.1576874620192492,1.0050090065925528
213305.6640625,1.5360107421875,213.3154296875,0.2590087890625,0.2257568359375,26242.741465568542,5900.390625,0.00018170864895118076,423.6730827459377,0.17532738196345427,1.0050706936714868
213525.390625,1.255126953125,307.197265625,0.17983398437500003,0.31108398437500007,95134.5534324646,2769.53125,0.00013754674720402888,518.1033072703199,0.1823677526523121,1.0052211090721033
213598.6328125,1.1566162109375,378.3349609375,0.29094238281250007,0.1803466796875,9096.428751945496,2392.578125,0.00012087219846478613,561.5288093066189,0.17919649743611432,1.005190532085825
213818.359375,0.872802734375,245.107421875,0.15024414062500002,0.20825195312500003,67782.59992599487,5605.46875,0.00015260424440756944,430.42360980347985,0.16808300298038664,1.004981099341041
213891.6015625,1.7147216796875,356.0888671875,0.33928222656250007,0.30251464843750003,49009.66155529022,5228.515625,0.00012807268999749706,442.7193533025938,0.1939069449310436,1.004249065170933
214111.328125,1.996337890625,91.376953125,0.118310546875,0.23549804687500003,80354.92086410522,2097.65625,0.0003752496111452063,581.5945147132887,0.1658626789580666,1.005037636885587
214184.5703125,0.5911865234375,147.9052734375,0.3735595703125001,0.25358886718750007,34495.938181877136,2720.703125,0.0002451444687039744,571.7472024830473,0.15627403437564283,1.0050300609264091
214404.296875,1.619873046875,362.646484375,0.384033203125,0.108056640625,20617.969036102295,6621.09375,0.00012588206467152086,415.10394130108665,0.1844897744900463,1.0050908411771693
214477.5390625,0.9676513671875,302.2998046875,0.12424316406250001,0.3886474609375,88573.50242137909,6244.140625,0.00012235050222496,399.562263637,0.17841068420372044,1.0046206837053602
214697.265625,1.249267578125,228.837890625,0.35209960937500007,0.148193359375,9257.18069076538,9113.28125,0.00016470915137066183,374.2419901336626,0.1692004647797007,1.0050346871555005
214770.5078125,1.3382568359375,116.6943359375,0.15852050781250002,0.3549560546875,102593.39988231659,9736.328125,0.0002886469223044683,363.1492328836796,0.16374781949628525,1.0045807310594592
214990.234375,1.124755859375,315.498046875,0.13266601562500002,0.319580078125,33633.811473846436,8949.21875,0.0001127500945481568,344.62953214298693,0.18647082512980295,1.0049315874350284
215063.4765625,1.4041748046875,259.1357421875,0.3967041015625,0.1888427734375,77764.05227184296,8322.265625,0.0001532336503791198,389.9551807339163,0.17338526635114576,1.005007367990652
215283.203125,1.498291015625,183.017578125,0.173388671875,0.274169921875,46533.18166732788,7441.40625,0.00019310018908374332,384.7107301809028,0.1747457490369762,1.0049596618914385
215356.4453125,1.0306396484375,72.2021484375,0.3536376953125,0.21726074218750002,64353.535532951355,7814.453125,0.00047178859316979904,412.0507364170549,0.15487422005498444,1.0049957568110501
215576.171875,1.871826171875,284.287109375,0.328955078125,0.36469726562500004,107230.44157028198,3964.84375,0.0001579814951772435,487.39511594833016,0.18913972749423874,1.0041409187157235
215649.4140625,0.6571044921875,396.5966796875,0.1441650390625,0.12028808593750001,8924.466013908386,3337.890625,0.0001022758932486824,496.99578510244515,0.17174764655162156,1.005005664402139
215869.140625,0.751220703125,129.228515625,0.36967773437500007,0.341552734375,93938.82894515991,4457.03125,0.00028665700114717416,495.84587308606604,0.15719755761786436,1.0048251843233997
215942.3828125,1.7777099609375,189.7412109375,0.1010986328125,0.17331542968750002,23539.51346874237,4830.078125,0.00019598627862481651,425.5108933304342,0.18151316039124493,1.0048816076504978
216162.109375,1.376708984375,67.138671875,0.26040039062500003,0.14497070312500002,70019.3247795105,3167.96875,0.0004906647913682295,543.5334612227927,0.15637263717085556,1.0049702155428928
216235.3515625,1.0936279296875,167.4951171875,0.22912597656250003,0.35173339843750007,36297.816157341,3541.015625,0.00022944581438538278,515.4513663112585,0.16474414697083317,1.0050594538735438
216455.078125,1.000244140625,264.033203125,0.303466796875,0.111279296875,56797.83773422241,4660.15625,0.00015637789720939304,471.14846294851554,0.1668624162048193,1.0050479676330657
216528.3203125,1.4700927734375,331.1865234375,0.1884033203125,0.3918701171875001,51237.4085187912,4033.203125,0.0001296639408848902,454.1414081614324,0.19293508415292468,1.0052189859569676
216748.046875,0.623779296875,205.927734375,0.19418945312500002,0.24633789062500003,19777.896404266357,8183.59375,0.00018171047470252213,392.76408233838566,0.16113028183282638,1.0045447073018072
216821.2890625,1.8465576171875,134.9560546875,0.3140869140625,0.26442871093750003,101657.82248973846,8556.640625,0.00027111339811881544,384.84299229483275,0.1682833073438165,1.0046162661772946
217041.015625,1.753173828125,380.244140625,0.23725585937500002,0.19741210937500003,32246.835231781006,7675.78125,0.00011666059584698811,365.0219859733489,0.20492425779971182,1.00511363958936
217114.2578125,0.7171630859375,278.7255859375,0.27336425781250007,0.29167480468750007,88508.24820995331,7048.828125,0.00013931785827035149,411.73747591692484,0.16575149427742492,1.0049252981039922
217333.984375,0.573974609375,84.404296875,0.34125976562500004,0.134423828125,100012.67194747925,7386.71875,0.0004141365481314765,421.1062201242881,0.15312116654900484,1.0049648818724983
217407.2265625,1.9783935546875,155.5419921875,0.15061035156250002,0.3786865234375001,17691.49672985077,7759.765625,0.00022039280695185112,373.00184545258685,0.18024987109880722,1.0049595385928225
217626.953125,1.697509765625,249.423828125,0.37260742187500007,0.159326171875,87684.73196029663,8878.90625,0.0001600740387708448,376.7707438515927,0.17808140279997223,1.0049745004370234
217700.1953125,0.8548583984375,351.1083984375,0.11691894531250001,0.32741699218750003,31412.121653556824,8251.953125,0.00010169689287427472,360.100889359713,0.18020175923849585,1.004866789567913
217919.921875,1.321044921875,223.193359375,0.125048828125,0.18422851562500003,38965.57950973511,4402.34375,0.0001731403496953424,451.32638008931576,0.1755572904418753,1.0048280712794224
217993.1640625,1.2313232421875,123.0029296875,0.38557128906250004,0.3148193359375,73043.32435131073,4775.390625,0.0003103636298341751,484.73950145973845,0.16029834503142884,1.005085948441689
218212.890625,0.950439453125,365.634765625,0.156396484375,0.22202148437500002,52955.750942230225,3894.53125,0.00011240189160921464,466.04301805737487,0.17931473379933466,1.0050827894817687
218286.1328125,1.6019287109375,298.6474609375,0.35187988281250004,0.2787841796875,58040.56632518768,3267.578125,0.00015656807329689326,527.0230703812883,0.18091384186352413,1.0052207055217939
218505.859375,1.927490234375,346.044921875,0.21118164062500003,0.25043945312500004,8456.122875213623,4730.46875,0.0001340746390730696,424.59519913835265,0.20459143380938485,1.0050540291562784
218579.1015625,0.5194091796875,233.9013671875,0.31584472656250007,0.23220214843750003,106901.29363536835,4103.515625,0.00016791081268495702,502.8604943871395,0.1583970548339572,1.0050718711058928
218798.828125,0.801025390625,160.439453125,0.24487304687500003,0.30581054687500003,21005.189418792725,3222.65625,0.0002359320668552434,536.9351582913519,0.16006358230246626,1.0050812644413698
218872.0703125,1.6458740234375,100.0927734375,0.28449707031250004,0.21140136718750002,93699.52094554901,3595.703125,0.0003690094252053477,520.3640859851727,0.1613861543383155,1.0050125529626635
219091.796875,1.174560546875,314.833984375,0.25747070312500003,0.35649414062500007,80765.58256149292,7746.09375,0.00012300987533088618,383.8822214812384,0.18167964989064156,1.005097223165027
219165.0390625,1.2723388671875,371.3623046875,0.2133056640625,0.1495849609375,34611.14585399628,7119.140625,0.0001099064499613956,379.5373533183052,0.18918580138141458,1.0050639870828741
219384.765625,1.553955078125,106.650390625,0.29116210937500003,0.38725585937500007,67040.048122406,8238.28125,0.0003331594149583121,396.87171515190903,0.16283681525880278,1.0050174662461493
219458.0078125,0.8929443359375,217.6318359375,0.18195800781250002,0.1065185546875,49468.20151805878,8611.328125,0.0001684904660661986,377.08514653750206,0.16528186802628406,1.0048726154085208
219677.734375,1.476318359375,267.685546875,0.23110351562500003,0.22114257812500002,92697.68476486206,9824.21875,0.00013894607241500217,346.0198030738937,0.18451480535944048,1.0050364637663918
219750.9765625,1.0057373046875,328.1982421875,0.26076660156250003,0.27790527343750004,24820.433497428894,9447.265625,0.00011364946643940111,358.9727879057643,0.1777823488950219,1.0050579348706736
219970.703125,1.099853515625,60.830078125,0.18745117187500002,0.185107421875,106695.077419281,6316.40625,0.000546116658250819,442.03541139468797,0.15490053932432776,1.0050025689871134
220043.9453125,1.3822021484375,173.1396484375,0.30207519531250004,0.31569824218750003,8927.616953849792,6939.453125,0.00022005332759895635,416.0027420172778,0.1678434098479327,1.0049832751734589
220263.671875,0.723388671875,385.224609375,0.31489257812500004,0.17250976562500003,47527.37760543823,2839.84375,0.0001126178964514526,548.9428884264881,0.16793230238617843,1.0051121001175916
220336.9140625,1.7586669921875,274.4091796875,0.1957275390625,0.34060058593750003,67123.04389476776,2462.890625,0.00016449415755158124,533.7802205748777,0.1890324979213583,1.0052533440986189
220556.640625,1.852783203125,198.291015625,0.271240234375,0.121240234375,35411.85140609741,5332.03125,0.00020604413435059817,440.10405010520077,0.17543545331739316,1.0050035984259864
220629.8828125,0.6292724609375,141.9287109375,0.23703613281250002,0.3655029296875001,81957.390666008,5955.078125,0.0002638042194379781,448.96941959842184,0.1571894611330221,1.0050311036477804
220849.609375,1.025146484375,178.701171875,0.396337890625,0.393408203125,25381.049633026123,2042.96875,0.0002195438230260952,621.5779284545926,0.16359385720872727,1.0052821522908546
220922.8515625,1.4920654296875,77.1826171875,0.13068847656250002,0.1126708984375,85275.82824230194,2666.015625,0.0004383790050379271,559.8365400932581,0.15883048876985373,1.0049856496005605
221142.578125,1.398681640625,322.470703125,0.35502929687500007,0.350341796875,14100.114345550537,5535.15625,0.0001360447445186855,446.4794190466092,0.18216134537443884,1.005208123623962
221215.8203125,1.1185302734375,251.4990234375,0.17434082031250003,0.1434326171875,100696.25556468964,5158.203125,0.00015691950834844626,438.7783449682129,0.1723235820668574,1.0049984578251163
221435.546875,1.772216796875,126.240234375,0.142626953125,0.28852539062500004,63710.33048629761,9058.59375,0.00026454738185186156,363.97296946913264,0.17057021922224574,1.0048623274672566
221508.7890625,0.7449951171875,193.3935546875,0.32814941406250003,0.19411621093750003,58120.56052684784,9681.640625,0.00019489563978036627,375.53958410842426,0.15980544750354228,1.0045867307986485
221728.515625,0.651611328125,289.931640625,0.101318359375,0.26772460937500003,75974.2522239685,6550.78125,0.0001291986069309126,409.9195412991246,0.1667838556662484,1.0048997605904673
221801.7578125,1.8656005859375,390.2880859375,0.3718017578125,0.24948730468750002,42761.81876659393,6173.828125,0.00012444078309826738,427.0304516283601,0.19741114600263027,1.0037825476291482
222021.484375,0.925537109375,280.966796875,0.17719726562500002,0.167236328125,19946.631908416748,4011.71875,0.00014500559797399047,479.6243675489952,0.1700553461026563,1.0049337513062884
222094.7265625,1.5799560546875,383.9794921875,0.29592285156250003,0.33649902343750004,93251.31118297577,4634.765625,0.00012201627511044914,455.0302406934771,0.19534641680406276,1.0044457493885046
222314.453125,1.299072265625,137.861328125,0.21791992187500003,0.126513671875,5974.465847015381,3503.90625,0.0002804520154611789,516.8549758010291,0.1624961754469871,1.0050033945272974
222607.421875,1.672607421875,334.755859375,0.27973632812500004,0.21704101562500003,69196.01774215698,7027.34375,0.00013010073716179232,392.6590923806645,0.19244320605425208,1.0051019952942557
222680.6640625,0.8328857421875,266.4404296875,0.24963378906250003,0.27263183593750007,51268.01002025604,7650.390625,0.00014382202530362431,397.8313076987852,0.1672068153191535,1.0050160761386782
222900.390625,0.552001953125,169.072265625,0.32045898437500003,0.189208984375,83857.9421043396,8519.53125,0.00022538334488943096,397.83878166697025,0.15604960397351356,1.0049711632254816
222973.6328125,1.9534912109375,70.2099609375,0.20656738281250003,0.32097167968750007,37384.758830070496,8142.578125,0.00048256689481726914,399.00094567870696,0.16069151725818612,1.0049832725566692
223193.359375,1.575927734375,191.982421875,0.34711914062500004,0.29262695312500003,87738.22736740112,7855.46875,0.0002024525824375572,399.7230384393062,0.17158321682969135,1.0051161790484433
223266.6015625,0.9178466796875,132.9638671875,0.1611572265625,0.1993896484375,29524.950861930847,7478.515625,0.0002798452860608287,409.5218315992805,0.15929581778081467,1.00488003587668
223486.328125,1.199462890625,399.501953125,0.39018554687500007,0.26362304687500004,101595.46041488647,8347.65625,0.00010742048848444143,390.7932534216349,0.18233751929367156,1.0051630809182914
223559.5703125,1.2943115234375,286.0302734375,0.12043457031250002,0.24421386718750002,17780.75873851776,8970.703125,0.00012815406917957307,345.8588939235984,0.18682992775299645,1.0046275205964463
223779.296875,0.822998046875,75.771484375,0.11215820312500001,0.398681640625,56551.440715789795,4871.09375,0.0004545469224651943,481.03919619252224,0.15573640250996526,1.005012312268383
223852.5390625,1.6707763671875,185.4248046875,0.37736816406250007,0.11677246093750002,61855.97312450409,4494.140625,0.00023261246296790906,487.485865797913,0.16711232296492737,1.0049939654763744
224072.265625,1.952392578125,260.712890625,0.15522460937500002,0.345068359375,40878.76272201538,3363.28125,0.00016844808299652108,473.32537567429483,0.1942340167154426,1.0052103883269325
224145.5078125,0.5413818359375,318.5693359375,0.3366455078125,0.1393310546875,76369.40085887909,3986.328125,0.0001310265423657477,505.152616980316,0.16054170364959286,1.0050028129266684
224365.234375,1.827880859375,113.623046875,0.367041015625,0.178955078125,13016.746044158936,2699.21875,0.00034285061094325433,570.5152096696598,0.16258674338177775,1.0050625155583153
224438.4765625,0.6072998046875,227.2607421875,0.1060791015625,0.31071777343750007,103264.41848278046,2072.265625,0.00016706518622366774,590.4705997825116,0.1622878946515687,1.0048337101707374
224658.203125,0.701416015625,299.892578125,0.332763671875,0.22729492187500003,30249.49026107788,5191.40625,0.00013941061574351032,464.1378592706727,0.16402191463646998,1.0049103299390743
224731.4453125,1.7337646484375,359.0771484375,0.13801269531250002,0.28288574218750007,89394.06287670135,5564.453125,0.00012372493008885478,390.32413649591825,0.20767092957657574,1.0050978288396746
224951.171875,1.074951171875,146.162109375,0.16958007812500003,0.13032226562500002,76599.64323043823,9714.84375,0.0002475906379160642,367.95179497319896,0.16209023721472057,1.00488480666989
225024.4140625,1.3602294921875,88.4716796875,0.35979003906250007,0.3734130859375,43705.74653148651,9087.890625,0.00040383854429960463,391.5322724696875,0.15855033845856797,1.0050140681610558
225244.140625,1.454345703125,352.353515625,0.135302734375,0.16342773437500002,61648.85091781616,6207.03125,0.00011836475249565806,382.8298512264386,0.19672690530657175,1.0050225289112669
225317.3828125,0.9808349609375,242.8662109375,0.3917236328125,0.33269042968750007,55656.975626945496,6580.078125,0.000168799026678214,434.2608621994085,0.16590267573939163,1.0051253388287196
225537.109375,0.673583984375,375.263671875,0.23227539062500002,0.360595703125,110800.452709198,9417.96875,9.922589976851944e-5,364.6099177670325,0.1717949135668853,1.0050138495200407
225610.3515625,1.8905029296875,305.6201171875,0.2760009765625,0.15485839843750002,13085.657954216003,9791.015625,0.00013792921141443458,348.8561185933043,0.19448543133571414,1.0048797748210125
225830.078125,1.797119140625,210.908203125,0.20034179687500003,0.383154296875,96714.09749984741,6910.15625,0.00018249600188541872,394.1535037891482,0.18391402035634763,1.0050989622169335
225903.3203125,0.7669677734375,108.0615234375,0.3102783203125,0.10124511718750001,24590.8020734787,6283.203125,0.0003475688543072137,444.633335746809,0.15501234347807322,1.0049845723776023
226123.046875,1.420654296875,237.802734375,0.29731445312500004,0.255712890625,32521.365642547607,2433.59375,0.00018514597092138515,571.8218690110829,0.1729418146682597,1.0052231156616347
226196.2890625,1.1434326171875,336.8310546875,0.19221191406250002,0.23630371093750002,81513.19968700409,2806.640625,0.00013192264052278352,522.9178436654863,0.17951066471552826,1.0051373760241575
226416.015625,1.050048828125,93.369140625,0.265380859375,0.300537109375,48828.195095062256,5925.78125,0.0003935845634613723,452.5512187101269,0.15719815423020134,1.0050484447365207
226489.2578125,1.5140380859375,161.8505859375,0.2264892578125,0.20729980468750003,68311.13517284393,5298.828125,0.00024402814194552066,449.98224115238907,0.16795650044246155,1.004938497138585
226708.984375,1.277099609375,392.529296875,0.163134765625,0.3687988281250001,80434.730052948,5136.71875,0.00011005378439407859,417.34111220540404,0.19505469195727582,1.0051930484220364
226782.2265625,1.1815185546875,293.6669921875,0.34748535156250004,0.12556152343750002,32980.528712272644,5509.765625,0.00014951809497333707,450.412441560991,0.17057208828560777,1.005048912671753
227001.953125,0.900634765625,196.298828125,0.11948242187500001,0.33745117187500007,65806.49709701538,2628.90625,0.0001990951734029219,551.2609289487893,0.16526761826964367,1.0051066062692569
227294.921875,0.524169921875,255.068359375,0.378173828125,0.32485351562500003,11453.616619110107,6152.34375,0.00015908279034957832,447.0641505775289,0.1590546626836201,1.0050360230371644
227368.1640625,1.9344482421875,324.8779296875,0.11369628906250001,0.19294433593750002,113553.27308177948,6525.390625,0.00013421304006184818,365.2250665146537,0.20984779442208226,1.0049799183028607
227587.890625,1.653564453125,78.759765625,0.33452148437500007,0.268896484375,28918.275356292725,9644.53125,0.0004483797146053308,382.25069559473275,0.15870472964184043,1.0049843475518416
227661.1328125,0.8050537109375,181.7724609375,0.15500488281250002,0.21315917968750003,99270.36368846893,9017.578125,0.00020566778823293572,379.7632059426989,0.16172971009887874,1.0048134913886082
227880.859375,1.224365234375,144.169921875,0.29555664062500003,0.24106445312500002,40875.49543380737,6980.46875,0.00027011581571312993,423.07753066287614,0.16202319789985156,1.0049649990850948
227954.1015625,1.3162841796875,202.0263671875,0.1752197265625,0.26032714843750004,74537.85979747772,6353.515625,0.0001903358248998371,414.6192698209878,0.17197440723605562,1.0050041798871094
228173.828125,1.597900390625,277.314453125,0.254248046875,0.202685546875,56416.261196136475,9472.65625,0.00014249771667748483,356.1673986109233,0.18590528389846733,1.0049941212979416
228247.0703125,0.9427490234375,386.9677734375,0.21887207031250003,0.2957763671875,62773.831248283386,9845.703125,9.893740097339485e-5,350.62328517423356,0.1821775731968116,1.0049949192218677
228466.796875,1.971435546875,176.708984375,0.24809570312500004,0.140869140625,107310.01615524292,5996.09375,0.00022711539437237873,424.394983604025,0.17505204231162766,1.0049965485956442
228540.0390625,0.5692138671875,63.2373046875,0.2789306640625,0.34645996093750003,17572.632670402527,5369.140625,0.0005342613133250976,472.4634653118329,0.15324181265093642,1.0052028514474847
228759.765625,0.850830078125,329.775390625,0.20678710937500003,0.115380859375,91815.8049583435,2488.28125,0.0001309359699872192,553.9528742725302,0.17015113558429676,1.0048201606839349
228833.0078125,1.6898193359375,270.7568359375,0.32258300781250004,0.39714355468750007,30505.005717277527,2861.328125,0.00017424716156976225,548.4186692409148,0.18215781345482238,1.0053817935489344
229052.734375,0.773193359375,214.560546875,0.27797851562500003,0.28676757812500003,64305.35078048706,3574.21875,0.00019058588250238612,521.9917835896474,0.1618937444911776,1.0051436790106305
229125.9765625,1.8026123046875,105.0732421875,0.23264160156250002,0.23103027343750002,58526.671290397644,3197.265625,0.0003646189711507009,533.8121212892323,0.16362572507068188,1.0050948016399173
229345.703125,1.896728515625,368.955078125,0.309326171875,0.306982421875,80054.3303489685,4066.40625,0.00013415032464426276,477.44598471692217,0.19903029238469733,1.0029089375507918
229418.9453125,0.6790771484375,311.2646484375,0.19895019531250002,0.17507324218750003,44630.80298900604,4689.453125,0.00013301834336203866,467.63058298328895,0.1654671227820276,1.0050439854704711
229638.671875,1.520263671875,98.349609375,0.19301757812500003,0.331884765625,29597.140789031982,8589.84375,0.00036588675290361256,391.2626568811355,0.16177720524555483,1.0049394214722873
229711.9140625,1.0555419921875,157.5341796875,0.29885253906250003,0.1624755859375,88898.15986156464,8212.890625,0.000247555870253675,400.4630353082733,0.16075248575183443,1.0049693298363045
229931.640625,1.149658203125,230.166015625,0.22436523437500003,0.374365234375,14404.222011566162,7082.03125,0.0001690621059856109,406.2542877726079,0.1717966234800926,1.0050406800793268
230004.8828125,1.4261474609375,343.8037109375,0.26516113281250003,0.1311279296875,102611.90116405487,7705.078125,0.00012406449097861338,382.9772708245488,0.18601617294172346,1.0050585175433808
230224.609375,1.728271484375,295.576171875,0.105712890625,0.102783203125,54661.32307052612,8292.96875,0.00013590954739068362,344.3100187311163,0.20041223300453279,1.0041175374131552
230297.8515625,0.6951904296875,364.0576171875,0.36506347656250004,0.3845458984375001,73729.50255870819,8916.015625,0.00011162267681433462,387.929532415462,0.168432667475496,1.0054903338646706
230517.578125,0.601806640625,120.595703125,0.139404296875,0.153466796875,40058.73250961304,7785.15625,0.00031267919943626064,411.9241400876734,0.15522059692368845,1.0049724484185576
230590.8203125,1.8216552734375,219.6240234375,0.3337158203125,0.35905761718750007,88297.26874828339,7408.203125,0.00018684444159503208,406.42055946921823,0.1798839164827736,1.0051975415710739
230810.546875,0.975341796875,349.365234375,0.358251953125,0.204150390625,95098.69718551636,3308.59375,0.0001326761741928577,533.1012853625518,0.1702209702993894,1.0051126317967791
230883.7890625,1.4481201171875,246.5185546875,0.16877441406250002,0.2972412109375,19041.062235832214,3931.640625,0.00017067709842113728,473.1266687625189,0.1792327202831576,1.0051398600191837
231103.515625,1.354736328125,151.806640625,0.391943359375,0.23959960937500002,109657.29665756226,4800.78125,0.0002734493231237129,485.97531484175096,0.1622949518996003,1.0050901605058846
231176.7578125,1.0687255859375,82.1630859375,0.13742675781250002,0.25886230468750004,5048.043131828308,4423.828125,0.00043761522638184006,493.2049758334157,0.1569575458155017,1.004997350390131
231396.484375,0.784912109375,355.341796875,0.37407226562500007,0.23286132812500002,81177.5279045105,7761.71875,0.00011782529711785612,407.04866406611893,0.16776235837741968,1.0051010911212483
231469.7265625,1.6268310546875,245.8544921875,0.1177978515625,0.25212402343750007,46825.682520866394,7384.765625,0.00015585021344100897,371.38831120857094,0.1881934948542308,1.0048556289164172
231689.453125,1.908447265625,148.486328125,0.33979492187500004,0.21088867187500002,67880.65481185913,8253.90625,0.00026257041626107563,396.42564605600876,0.1687050866413882,1.004947619687613
231982.421875,1.531982421875,302.880859375,0.157861328125,0.151416015625,11999.728679656982,4777.34375,0.00014240256593495303,430.06632667428886,0.18875247779799317,1.0045765020193334
232055.6640625,0.8797607421875,362.0654296875,0.3527587890625,0.35700683593750004,103682.31666088104,4400.390625,0.00012432782160003194,490.2892590431669,0.17154624515745304,1.0051963603295795
232275.390625,1.161376953125,115.947265625,0.12358398437500001,0.10483398437500001,25920.3200340271,3269.53125,0.0003265807487237675,527.933769653236,0.15998631023633314,1.0049747534592828
232348.6328125,1.2503662109375,229.5849609375,0.38469238281250007,0.3865966796875,88295.769572258,3892.578125,0.00019233267405245518,516.7061451234381,0.1691636526349047,1.0052442249818903
232568.359375,1.716552734375,96.357421875,0.24399414062500002,0.37700195312500007,37901.49641036987,4105.46875,0.0003938228869769401,501.9874374143037,0.16266701702956357,1.0050381864091704
232641.6015625,0.8709716796875,164.8388671875,0.28303222656250004,0.13376464843750002,87632.64739513397,4728.515625,0.0002467492482316856,481.9627151206662,0.15913113669975398,1.005087485031957
232861.328125,0.590087890625,240.126953125,0.21206054687500003,0.32924804687500003,52466.248989105225,3597.65625,0.00016962262508937764,518.6603765686395,0.161017832908124,1.0050179762047147
232934.5703125,1.9974365234375,339.1552734375,0.31730957031250007,0.1598388671875,73087.42988109589,3220.703125,0.00014762139272886426,513.3928178306978,0.19162022300855377,1.002038907701455
233154.296875,0.963623046875,213.896484375,0.290283203125,0.314306640625,111286.0598564148,7121.09375,0.00018823347071498131,418.56669386403047,0.16479368141866813,1.004845741861691
233227.5390625,1.6239013671875,111.0498046875,0.18049316406250002,0.18239746093750003,8036.515116691589,7744.140625,0.00033601196793973394,402.38496358580574,0.1634362596209774,1.0049475434660842
233447.265625,1.343017578125,377.587890625,0.25834960937500007,0.27944335937500003,96611.30666732788,8613.28125,0.00011274586765261195,370.224496805875,0.19085372945661205,1.0051232760575033
233520.5078125,1.2445068359375,307.9443359375,0.2147705078125,0.22370605468750004,23259.04929637909,8236.328125,0.00012965776005176624,374.82323293100467,0.1815330436410887,1.005045693651002
233740.234375,1.406005859375,166.748046875,0.18891601562500002,0.11333007812500001,69925.92573165894,9449.21875,0.00022903188672258372,368.35341264918446,0.16870225067782868,1.0048343063561391
233813.4765625,1.1229248046875,67.8857421875,0.3029541015625,0.39509277343750004,51312.27004528046,9822.265625,0.0005144785411148175,384.68370562924537,0.15574440257182107,1.0050180271978049
234033.203125,1.029541015625,331.767578125,0.22963867187500003,0.14291992187500002,84284.28030014038,6941.40625,0.0001251942067560544,402.8794808145092,0.17577727749164174,1.0049823747029383
234106.4453125,1.4993896484375,263.4521484375,0.2598876953125,0.34851074218750006,34404.682993888855,6314.453125,0.00015938646182328875,419.19768643083916,0.1809628548528471,1.0051586742894838
234326.171875,0.653076171875,135.537109375,0.272705078125,0.19594726562500003,23354.709148406982,2464.84375,0.000278623204466093,584.2301730176767,0.1562286565667376,1.0050105830580538
234399.4140625,1.8758544921875,205.3466796875,0.23791503906250003,0.2890380859375,101871.42646312714,2837.890625,0.00021797564149151746,536.0374011328257,0.17781206930549717,1.0052049414985522
234619.140625,1.782470703125,277.978515625,0.31342773437500004,0.24780273437500003,11774.766445159912,5957.03125,0.00016201456036776126,431.4813678704315,0.18397413698398138,1.005195469816409
234692.3828125,0.7464599609375,380.9912109375,0.19484863281250003,0.2670654296875,116662.49930858612,5330.078125,0.00010994823308746017,441.3032049587102,0.172252984831155,1.0050438833265922
234912.109375,1.095458984375,258.388671875,0.3541503906250001,0.276220703125,54288.978099823,2667.96875,0.00017305078135798253,570.9671875511251,0.16797750093274397,1.0052280840681997
234985.3515625,1.3748779296875,316.2451171875,0.17287597656250003,0.22048339843750003,59851.4050245285,2041.015625,0.00014674151179799676,564.2133487141092,0.1828820133978947,1.0051262070455806
235205.078125,1.468994140625,72.783203125,0.397216796875,0.31752929687500003,40682.72542953491,5160.15625,0.0005047032389809718,480.1311348221415,0.157071341152854,1.0049163116060207
235278.3203125,1.0013427734375,182.4365234375,0.13215332031250002,0.18562011718750002,77323.7122297287,5533.203125,0.0002187792270604845,445.4079732325115,0.16446349437642918,1.00488123237842
235498.046875,1.842529296875,397.177734375,0.10043945312500001,0.340087890625,96484.19523239136,9683.59375,0.00011476044981812877,319.3614656049837,0.22414847155490356,1.0050031279498943
235571.2890625,0.6278076171875,283.7060546875,0.3703369140625,0.17067871093750003,35681.443095207214,9056.640625,0.00014575182278466224,389.9038834845966,0.1617391733049747,1.0042729688755259
235791.015625,0.721923828125,188.994140625,0.14350585937500002,0.36616210937500004,110203.866481781,6175.78125,0.00021000238932381834,438.0560738617915,0.16111275886318974,1.004995794211363
235864.2578125,1.7484130859375,129.9755859375,0.32961425781250003,0.12292480468750001,19356.819987297058,6548.828125,0.0003126215892775202,434.35076029390984,0.16337000196645324,1.0049850495581756
236083.984375,1.980224609375,233.154296875,0.285009765625,0.30317382812500004,32124.610424041748,6886.71875,0.00018330354420840808,408.67565681482915,0.18468989884900272,1.0052565912278324
236157.2265625,0.5721435546875,346.7919921875,0.24436035156250002,0.20993652343750002,94136.93130016327,6259.765625,0.00012050362776373865,432.6975008281851,0.16427026760199376,1.0044101019617795
236376.953125,0.853759765625,100.673828125,0.31635742187500004,0.25307617187500003,20376.74856185913,9378.90625,0.00037421455716829327,390.9603275417302,0.15567181017238246,1.0049400453809871
236450.1953125,1.6986083984375,159.8583984375,0.21066894531250002,0.23366699218750003,109300.42731761932,9751.953125,0.00022825316692619575,362.4823806096734,0.17218060541024324,1.004945385003211
