P0,ndot,tads,alpha,beta,PI,Pl,productivity,energy,purity,recovery
100146.484375,1.441162109375,376.591796875,0.20532226562500003,0.28911132812500007,12299.598217010498,7261.71875,4.557219570898406e-5,193.11634409730533,0.4572630024266236,0.9829656326359444
100219.7265625,0.9705810546875,309.6044921875,0.32404785156250004,0.19587402343750002,47006.895899772644,7884.765625,3.300618329376096e-5,226.00997723994038,0.33068401366951916,0.9992431294981982
100439.453125,1.064697265625,212.236328125,0.24604492187500002,0.26713867187500007,18776.16262435913,8753.90625,3.6961215463002645e-5,184.21474772944134,0.3571074188248632,0.9995041042080416
100732.421875,0.688232421875,239.130859375,0.25161132812500003,0.3951660156250001,33195.40739059448,4277.34375,2.5951587218945754e-5,253.78463647249978,0.3379537300621364,0.9990852412371574
100805.6640625,1.7235107421875,340.8154296875,0.22150878906250002,0.11325683593750001,19775.334239006042,4900.390625,5.369691189087501e-5,235.57664986783277,0.40810330558902463,0.9765410090274872
101025.390625,1.817626953125,94.697265625,0.292333984375,0.34858398437500004,27757.3561668396,3769.53125,6.180513789525798e-5,287.70407608993,0.32303221935328413,0.9989741848952903
101098.6328125,0.5941162109375,165.8349609375,0.17844238281250002,0.1428466796875,24104.241251945496,3392.578125,2.531924887741812e-5,230.6406695700599,0.28699700469776573,0.9991417041004216
101318.359375,1.060302734375,117.607421875,0.337744140625,0.17075195312500002,50141.97492599487,4605.46875,4.0325454447542685e-5,277.0051984886325,0.2672244946311505,0.9995753625575331
101391.6015625,1.5272216796875,228.5888671875,0.1517822265625,0.34001464843750007,6803.728938102722,4228.515625,5.019128446655654e-5,207.79339633751619,0.46051168975608003,0.9967756070301788
101611.328125,1.433837890625,303.876953125,0.38081054687500004,0.12299804687500002,44632.508754730225,3097.65625,4.6767623934808456e-5,388.42126555698826,0.3061908380167498,0.9961930257939199
101684.5703125,1.1536865234375,360.4052734375,0.11105957031250001,0.3660888671875,12176.358103752136,3720.703125,3.801255517365781e-5,193.8696822816711,0.5192385222686793,0.9947126403464573
101904.296875,1.807373046875,150.146484375,0.12153320312500002,0.22055664062500002,19067.431926727295,7621.09375,5.919265348214883e-5,146.56122607276632,0.437091836647348,0.9964392698488622
101977.5390625,0.7801513671875,89.7998046875,0.3867431640625001,0.27614746093750003,37436.05124950409,7244.140625,3.474364095278035e-5,240.22942608039085,0.23484834913856426,1.0005723763037833
102197.265625,0.686767578125,356.337890625,0.164599609375,0.18569335937500003,24295.75490951538,8113.28125,2.4320657708464654e-5,158.50273791753258,0.39297779674637245,0.9989479666043702
102270.5078125,1.9007568359375,244.1943359375,0.34602050781250004,0.31745605468750004,33155.04539012909,8736.328125,6.045295678308806e-5,238.59880215893403,0.36817613383088005,0.9952327721955817
102490.234375,0.562255859375,187.998046875,0.3951660156250001,0.3570800781250001,15131.370067596436,9949.21875,2.328518267046154e-5,218.01798756147952,0.2671671496671195,1.0004664257558287
102563.4765625,1.9666748046875,131.6357421875,0.1342041015625,0.15134277343750002,43936.78176403046,9322.265625,6.384545316413826e-5,137.39778262111057,0.4155277915310931,0.9958873349336101
102783.203125,1.685791015625,395.517578125,0.36088867187500007,0.38666992187500004,7121.804714202881,6441.40625,4.900110951027464e-5,309.67782844064874,0.37626363043576133,0.9133758223424497
102856.4453125,0.8431396484375,284.7021484375,0.1661376953125,0.1047607421875,48803.242564201355,6814.453125,2.9730021604810417e-5,170.42562101898352,0.37843207183151667,0.9989899049132703
103076.171875,1.309326171875,71.787109375,0.14145507812500002,0.252197265625,33062.22867965698,2964.84375,5.107313664351948e-5,225.9545963185114,0.2949200439479439,0.9986694904484423
103149.4140625,1.2196044921875,184.0966796875,0.3316650390625,0.23278808593750003,23434.231638908386,2337.890625,4.2574699476020564e-5,375.6562745676525,0.31079288751188,0.9981212439386407
103369.140625,0.938720703125,256.728515625,0.107177734375,0.304052734375,39653.67269515991,5457.03125,3.294380500992039e-5,164.02970071491254,0.4340394586623833,0.9976438659176324
103442.3828125,1.5902099609375,317.2412109375,0.36359863281250004,0.21081542968750003,19890.95389842987,5830.078125,5.1066802883629205e-5,295.6760546124219,0.3367750270286329,0.9940640174648256
103662.109375,1.939208984375,279.638671875,0.22290039062500003,0.18247070312500002,40021.5220451355,2167.96875,6.0959774358418936e-5,330.57198261778217,0.41475022984499677,0.9842933624041955
103735.3515625,0.5311279296875,379.9951171875,0.26662597656250003,0.31423339843750003,11825.892329216003,2541.015625,1.9803716192489205e-5,320.1900544060896,0.3368709302029706,0.9981656793173458
103955.078125,0.812744140625,136.533203125,0.190966796875,0.22377929687500003,46346.17757797241,5660.15625,3.2748488304159605e-5,198.51819564279543,0.29913635852547166,0.9996144317307883
104028.3203125,1.6575927734375,203.6865234375,0.3009033203125,0.27937011718750004,8692.120432853699,5033.203125,5.447678953385445e-5,274.5423128356209,0.3591286807790669,0.9978437269133998
104248.046875,1.186279296875,333.427734375,0.30668945312500007,0.133837890625,30255.435466766357,9183.59375,3.923345914530504e-5,208.92301751799596,0.3406682651843707,0.9986619454098559
104321.2890625,1.2840576171875,262.4560546875,0.2015869140625,0.3769287109375,33302.964091300964,9556.640625,4.2705456078015454e-5,171.17693696120475,0.4339880952164547,0.9982881865187802
104541.015625,1.565673828125,167.744140625,0.274755859375,0.159912109375,23484.384059906006,6675.78125,5.2542153502969436e-5,223.5606368319657,0.3348757958487388,0.9991927368980886
104614.2578125,0.9046630859375,66.2255859375,0.23586425781250003,0.32917480468750004,37388.37516307831,6048.828125,4.155847069215099e-5,212.71639266896446,0.24480665019515208,1.0000543794578882
104833.984375,1.136474609375,296.904296875,0.15375976562500002,0.24692382812500002,31222.388744354248,6386.71875,3.8220311715933003e-5,177.7945224704442,0.43915994838625716,0.9978488813490968
104907.2265625,1.4158935546875,368.0419921875,0.3381103515625,0.26618652343750004,28390.71547985077,6759.765625,4.5595183001997155e-5,268.38204434929975,0.362728678217902,0.9927174825886884
105126.953125,1.510009765625,121.923828125,0.110107421875,0.196826171875,38203.28664779663,9878.90625,5.1730340418519844e-5,129.07450120723803,0.3879742949876318,0.9917271544304913
105200.1953125,1.0423583984375,223.6083984375,0.3794189453125001,0.2899169921875,24650.280833244324,9251.953125,3.6420550548420784e-5,233.401150477633,0.30967300091722233,0.9997552484519776
105419.921875,1.883544921875,350.693359375,0.387548828125,0.146728515625,15127.200603485107,5402.34375,5.8104910560321857e-5,329.2871922194152,0.31507182585714766,0.970579906395597
105493.1640625,0.6688232421875,250.5029296875,0.1230712890625,0.3523193359375001,42414.29603099823,5775.390625,2.5370394583272312e-5,171.6246550359879,0.37640587500525147,0.9985093358981035
105712.890625,0.762939453125,153.134765625,0.34389648437500003,0.109521484375,7456.483364105225,2894.53125,3.10217073193333e-5,332.42807889589943,0.25283054177029507,0.9992457670588611
105786.1328125,1.7894287109375,86.1474609375,0.16437988281250002,0.39128417968750007,47442.42179393768,2267.578125,6.24787611073373e-5,263.1852184289306,0.34934566125886857,0.9981562677044432
106005.859375,1.364990234375,218.544921875,0.32368164062500004,0.3629394531250001,25142.646312713623,5730.46875,4.60016008524311e-5,273.0985456889107,0.35630480645276885,0.9985112718689156
106079.1015625,1.0819091796875,106.4013671875,0.20334472656250002,0.11970214843750002,33975.14617443085,5103.515625,4.214933739361229e-5,210.3885428613782,0.28956243882623567,0.9993662823068
106298.828125,0.988525390625,372.939453125,0.28237304687500003,0.34331054687500007,17117.738246917725,2222.65625,3.339710678487164e-5,369.73185506284676,0.38325213689583976,0.9960664671233295
106372.0703125,1.4583740234375,312.5927734375,0.24699707031250004,0.17390136718750002,39340.39008617401,2595.703125,4.7566861965193535e-5,323.9438567425057,0.3847863732111423,0.9947538656733801
106591.796875,0.612060546875,102.333984375,0.21997070312500003,0.31899414062500003,45954.30326461792,6746.09375,2.983655012145036e-5,199.6726738206725,0.24875350512553812,1.0002555037528256
106665.0390625,1.8348388671875,158.8623046875,0.25080566406250004,0.18708496093750002,12885.315775871277,6119.140625,6.049333026060804e-5,225.49770881662948,0.355840089406701,0.9987270301863109
106884.765625,1.741455078125,234.150390625,0.17866210937500002,0.274755859375,51435.067653656006,9238.28125,5.627585116017837e-5,165.73546752442417,0.4470341567629828,0.9965601726336034
106958.0078125,0.7054443359375,345.1318359375,0.29445800781250003,0.21901855468750003,10885.804057121277,9611.328125,2.513385264156051e-5,198.61332930107125,0.33059620160037334,0.9997598795621816
107177.734375,1.663818359375,140.185546875,0.26860351562500007,0.108642578125,40321.21992111206,8824.21875,5.606909198374492e-5,193.6850905748838,0.3221790007836684,0.9996186203457551
107250.9765625,0.8182373046875,200.6982421875,0.22326660156250003,0.3904052734375001,21010.252833366394,8447.265625,3.068575621330863e-5,186.92951197399634,0.3437513522224168,0.9998937289610218
107470.703125,0.537353515625,273.330078125,0.29995117187500003,0.147607421875,34854.989528656006,7316.40625,2.1231651329381868e-5,219.38121792788965,0.283135144835946,0.9998921136820849
107543.9453125,1.9447021484375,385.6396484375,0.1895751953125,0.35319824218750007,26010.624766349792,7939.453125,5.501373420300941e-5,201.16849640321965,0.48245152623647586,0.8949091730875225
107763.671875,0.910888671875,172.724609375,0.202392578125,0.210009765625,5916.781902313232,3839.84375,3.450631805157024e-5,238.17758501102702,0.32261113320094187,0.9990983473075685
107836.9140625,1.5711669921875,61.9091796875,0.3082275390625,0.3031005859375,52674.31342601776,3462.890625,5.967902257510744e-5,294.9349068223963,0.26337019961489816,0.9993282305670319
108056.640625,1.290283203125,325.791015625,0.23374023437500002,0.23374023437500002,12363.999843597412,4332.03125,4.262015965820599e-5,259.7367195414844,0.3988966648334508,0.9962364156312078
108129.8828125,1.1917724609375,269.4287109375,0.2745361328125,0.25300292968750004,46859.124064445496,4955.078125,4.0421682814267426e-5,263.6241460557339,0.36028410017853396,0.9981631672319357
108349.609375,0.837646484375,391.201171875,0.133837890625,0.28090820312500003,20444.770336151123,3042.96875,2.888895333778913e-5,225.53174659635107,0.4462156035990456,0.9969346714760221
108422.8515625,1.6795654296875,289.6826171875,0.3931884765625,0.22517089843750002,36083.68957042694,3666.015625,5.427278141738186e-5,384.41594508502317,0.3227975566284987,0.9948174925244206
108642.578125,1.961181640625,194.970703125,0.167529296875,0.312841796875,27264.665126800537,4535.15625,6.349101226973573e-5,218.71341518365276,0.4480911312000669,0.9965057045502845
108715.8203125,0.5560302734375,123.9990234375,0.3618408203125001,0.18093261718750003,30814.541697502136,4158.203125,2.71649771630221e-5,287.7509004873557,0.22578190118452166,0.9998504379104982
108935.546875,1.584716796875,253.740234375,0.33012695312500007,0.326025390625,50411.50236129761,8058.59375,5.1836699374121234e-5,245.73795899120526,0.36569077712931264,0.9977878093295734
109008.7890625,0.9324951171875,320.8935546875,0.1406494140625,0.1566162109375,13458.57322216034,8681.640625,3.212102550217705e-5,151.24244852932586,0.42043023588826317,0.9980282614234425
109228.515625,1.214111328125,77.431640625,0.36381835937500007,0.380224609375,44755.746364593506,7550.78125,4.837065051096701e-5,238.97113948987632,0.26036738606105764,1.0004580171720614
109301.7578125,1.3031005859375,177.7880859375,0.10930175781250001,0.1369873046875,17826.027750968933,7173.828125,4.516482013157274e-5,149.93771425180987,0.4063036819008222,0.9970793127630899
109521.484375,0.738037109375,68.466796875,0.28969726562500003,0.20473632812500003,18639.258861541748,5011.71875,3.8197866862950434e-5,241.11431257261697,0.2193701667525067,1.0002361413787755
109594.7265625,1.7674560546875,171.4794921875,0.18342285156250002,0.29899902343750007,40430.26626110077,5634.765625,5.8587500657456926e-5,207.05949237984248,0.4097892241705067,0.998197932755453
109814.453125,1.861572265625,265.361328125,0.25541992187500007,0.23901367187500003,23357.76662826538,2503.90625,5.970864497841662e-5,342.595068063842,0.3956387759652167,0.9925199171311376
110107.421875,1.485107421875,207.255859375,0.24223632812500004,0.10454101562500001,53641.33024215698,6027.34375,4.9918872702709705e-5,224.1336841757028,0.3494336070638142,0.9988274377564144
110180.6640625,1.0203857421875,138.9404296875,0.28713378906250003,0.3851318359375,8861.882090568542,6650.390625,3.890321657476954e-5,231.67391103974478,0.3065789911885903,0.9997946898975276
110400.390625,1.114501953125,381.572265625,0.20795898437500002,0.15170898437500002,48664.8268699646,9519.53125,3.697220858453318e-5,174.71650186195896,0.4045345488819715,0.9978237684933395
110473.6328125,1.3909912109375,282.7099609375,0.3190673828125,0.35847167968750004,16423.577189445496,9142.578125,4.5949287684463853e-5,229.74070276835752,0.37649665859669246,0.9981710466971262
110693.359375,1.763427734375,319.482421875,0.15961914062500002,0.33012695312500007,38133.24689865112,6855.46875,5.566183933024433e-5,188.96888146971992,0.49935848285135254,0.9831492073012597
110766.6015625,0.7303466796875,260.4638671875,0.34865722656250003,0.1618896484375,22943.285822868347,6478.515625,2.728137756792632e-5,257.5222409867131,0.28384211470011317,0.9996467898629557
110986.328125,0.636962890625,187.001953125,0.127685546875,0.3761230468750001,33659.669399261475,9347.65625,2.606800352091505e-5,149.55659166143272,0.32958521466418494,0.9975189602887142
111059.5703125,1.8568115234375,73.5302734375,0.3829345703125,0.1317138671875,30959.46967601776,9970.703125,6.491272037005353e-5,216.2971818227964,0.2553055225582001,1.000137881230509
111279.296875,1.010498046875,288.271484375,0.3746582031250001,0.28618164062500007,11241.626262664795,5871.09375,3.505458229098883e-5,295.79905793146065,0.31795197494380684,0.9988463696921561
111352.5390625,1.4832763671875,397.9248046875,0.1148681640625,0.22927246093750003,51106.46140575409,5494.140625,4.7069866095792665e-5,178.9960906393055,0.5277226825093133,0.981205690849376
111572.265625,1.389892578125,133.212890625,0.34272460937500004,0.30756835937500004,14127.78615951538,2363.28125,4.9841432563365294e-5,380.56223853149436,0.29964057418367473,0.9983934585653426
111645.5078125,1.1038818359375,191.0693359375,0.14914550781250002,0.17683105468750002,44974.25925731659,2986.328125,3.974502232150302e-5,232.89713558293386,0.3679482662902474,0.9981816207923452
111865.234375,1.265380859375,241.123046875,0.10454101562500001,0.14145507812500002,28209.128856658936,3699.21875,4.3215015654639035e-5,192.56175141728622,0.43963521061937344,0.9973618742175373
111938.4765625,1.1697998046875,354.7607421875,0.36857910156250007,0.34821777343750004,31832.411646842957,3072.265625,3.906862266092139e-5,397.0105877966369,0.35110477683495134,0.9959999888296178
112158.203125,0.888916015625,87.392578125,0.145263671875,0.11479492187500001,22813.21096420288,4191.40625,3.980713700725658e-5,206.022658924999,0.26385409268869175,0.9990189353302016
112231.4453125,1.5462646484375,146.5771484375,0.32551269531250004,0.3953857421875,38583.760142326355,4564.453125,5.348771813536927e-5,299.2868887999838,0.3345521023424558,0.9988516159196726
112451.171875,0.512451171875,358.662109375,0.3570800781250001,0.24282226562500003,45577.42643356323,8714.84375,1.959663835570881e-5,231.95829558012755,0.29017317155868805,0.9999341178855363
112524.4140625,1.9227294921875,300.9716796875,0.1722900390625,0.26091308593750007,18190.85395336151,8087.890625,6.037247915968431e-5,182.31615395031162,0.47539937662416504,0.9827478974892364
112744.140625,1.641845703125,224.853515625,0.397802734375,0.200927734375,51258.71419906616,7207.03125,5.420776351423814e-5,284.7605719936806,0.30541119468548317,0.9986026755003051
112817.3828125,0.7933349609375,115.3662109375,0.12922363281250002,0.29519042968750003,11859.734416007996,7580.078125,3.4246972080617895e-5,164.08663641610218,0.29168874219288865,0.9984318848348985
113037.109375,1.236083984375,162.763671875,0.269775390625,0.323095703125,37564.857006073,8417.96875,4.405848636529487e-5,208.28089861884294,0.33417357340653825,0.999721761877119
113110.3515625,1.3280029296875,93.1201171875,0.23850097656250002,0.19235839843750002,28230.189204216003,8791.015625,5.018027533854644e-5,185.52303343075252,0.28853382917390474,1.000107404416143
113330.078125,1.609619140625,338.408203125,0.312841796875,0.27065429687500003,43119.37093734741,7910.15625,5.17075294540219e-5,248.1395552255386,0.376134007825133,0.9922829999767682
113403.3203125,0.9544677734375,235.5615234375,0.19777832031250003,0.21374511718750003,21942.2425031662,7283.203125,3.4317005330256795e-5,190.70256903645628,0.3578995559715022,0.9993515659626754
113623.046875,1.983154296875,110.302734375,0.184814453125,0.36821289062500007,11278.689861297607,3433.59375,6.713102631922202e-5,249.6162898843095,0.374460852209601,0.998254631927198
113696.2890625,0.5809326171875,209.3310546875,0.30471191406250003,0.1238037109375,48288.46824169159,3806.640625,2.4470494304017885e-5,286.6324833778733,0.26168771337106805,0.99936656425268
113916.015625,0.862548828125,305.869140625,0.22788085937500002,0.33803710937500003,6221.505641937256,4925.78125,3.068395655063129e-5,243.58825473818365,0.3739743033802273,0.9986077746218349
113989.2578125,1.7015380859375,374.3505859375,0.26398925781250004,0.1697998046875,54820.41251659393,4298.828125,5.354436123202758e-5,292.7273498995501,0.3865978634910215,0.9784769233517456
114208.984375,1.839599609375,180.029296875,0.35063476562500007,0.25629882812500004,47612.708568573,4136.71875,6.0920283293361784e-5,333.28823997601086,0.32604422765352215,0.9979149829491734
114282.2265625,0.6190185546875,81.1669921875,0.15998535156250002,0.23806152343750003,11332.823634147644,4509.765625,3.398016091114224e-5,211.6100672428906,0.23079435151010752,0.9992015913024649
114501.953125,0.713134765625,323.798828125,0.3819824218750001,0.29995117187500003,54292.33694076538,3628.90625,2.6175249787996984e-5,357.33235446576884,0.30111181685489197,0.9986369404324412
114794.921875,1.086669921875,127.568359375,0.115673828125,0.36235351562500007,28472.171306610107,7152.34375,4.1671152497943765e-5,163.37968321194904,0.34413191150690603,0.9978030074686484
114868.1640625,1.3719482421875,197.3779296875,0.3761962890625,0.1554443359375,38657.39905834198,7525.390625,4.7168353405591154e-5,262.62583310201956,0.2910885455995737,0.9995116462501149
115087.890625,1.466064453125,291.259765625,0.147021484375,0.38139648437500007,23806.214809417725,8644.53125,4.814095650247549e-5,169.72864452811737,0.4863010876474286,0.9958098931577029
115161.1328125,0.9925537109375,394.2724609375,0.3425048828125,0.1006591796875,44500.10001659393,8017.578125,3.3587194702406916e-5,247.35868414425556,0.31198396140398416,0.9988371545594599
115380.859375,0.661865234375,271.669921875,0.18305664062500002,0.128564453125,17519.538402557373,7980.46875,2.527561644367805e-5,176.0644819471518,0.33261172671424594,0.9995390771709523
115454.1015625,1.8787841796875,329.5263671875,0.2877197265625,0.3728271484375001,45564.10491466522,7353.515625,5.861130813231172e-5,255.73296963005183,0.41877981803519354,0.9745476657647444
115673.828125,1.785400390625,64.814453125,0.21674804687500002,0.16518554687500003,12112.306118011475,8472.65625,6.514825529323132e-5,182.1706019797654,0.28446051939462774,0.999817524348551
115747.0703125,0.7552490234375,174.4677734375,0.25637207031250003,0.33327636718750003,52116.116404533386,8845.703125,3.0345714204324555e-5,197.1789591379546,0.2993817342654889,1.0000385767166533
115966.796875,1.408935546875,389.208984375,0.28559570312500004,0.17836914062500003,34723.83451461792,4996.09375,4.575722454161409e-5,285.08996383244227,0.36925451953069494,0.9930225137977623
116040.0390625,1.1317138671875,275.7373046875,0.24143066406250002,0.3089599609375,30500.367045402527,4369.140625,3.905247479089772e-5,266.4087530447415,0.37685589549123055,0.9980100334050038
116259.765625,1.038330078125,202.275390625,0.31928710937500004,0.22788085937500002,40280.648708343506,3488.28125,3.7904750735913385e-5,322.1585261343168,0.3025290838703475,0.9986977600061541
116333.0078125,1.5023193359375,143.2568359375,0.21008300781250003,0.2846435546875,24106.446146965027,3861.328125,5.286173869777436e-5,253.34586159617334,0.3506023818519675,0.9985966355284916
116552.734375,0.960693359375,342.060546875,0.24047851562500003,0.399267578125,53951.83515548706,2574.21875,3.3310247277206914e-5,325.5711836205877,0.3958966084850804,0.9968402972508945
116625.9765625,1.6151123046875,232.5732421875,0.2701416015625,0.1185302734375,9033.629298210144,2197.265625,5.377018491333671e-5,362.72772268725305,0.34370309786047165,0.9968222834459223
116845.703125,1.334228515625,156.455078125,0.196826171875,0.34448242187500006,48392.465114593506,5066.40625,4.763670520816489e-5,224.98361117126552,0.36011690061004487,0.9989766443496572
116918.9453125,1.2415771484375,98.7646484375,0.31145019531250007,0.1375732421875,18250.676035881042,5689.453125,4.839264230929755e-5,250.44313437512065,0.26085145543124055,0.9997942109433203
117138.671875,1.707763671875,310.849609375,0.305517578125,0.29438476562500004,25398.166179656982,9589.84375,5.496368934121587e-5,228.7062973759944,0.3836562644276147,0.994074691989288
117211.9140625,0.8680419921875,370.0341796875,0.18635253906250002,0.19997558593750003,40409.146189689636,9212.890625,3.0134029431704517e-5,174.5277920555891,0.39579847953571945,0.9989260113541829
117431.640625,0.587158203125,102.666015625,0.26186523437500003,0.26186523437500003,29392.014980316162,6082.03125,3.070865148228354e-5,221.219294556815,0.23117305730487206,1.00032194446415
117504.8828125,1.9886474609375,216.3037109375,0.22766113281250003,0.24362792968750002,33224.32792186737,6705.078125,6.44679320857671e-5,224.29147317332294,0.4017951127518196,0.9970487829626634
117724.609375,1.540771484375,83.076171875,0.36821289062500007,0.21528320312500002,12221.625804901123,9292.96875,5.723826152254543e-5,224.49408174401646,0.2596218292055806,1.0000286712413018
117797.8515625,0.8826904296875,151.5576171875,0.1025634765625,0.27204589843750004,58169.44396495819,9916.015625,3.468945362626162e-5,140.27907899682535,0.3378514892617026,0.9931012843969661
118017.578125,1.164306640625,248.095703125,0.326904296875,0.190966796875,15939.591884613037,6785.15625,4.0459454210245e-5,258.7639915728376,0.31584542382680486,0.9991797454458884
118090.8203125,1.2591552734375,347.1240234375,0.14621582031250002,0.32155761718750003,52452.908396720886,6408.203125,4.1848130399779065e-5,191.21962151173526,0.473538142685303,0.9962704709223245
118310.546875,0.787841796875,221.865234375,0.17075195312500002,0.16665039062500003,41751.52921676636,2308.59375,3.0438973151570943e-5,269.7705658419498,0.3300219137078038,0.9981897896401358
118383.7890625,1.6356201171875,119.0185546875,0.35627441406250004,0.33474121093750003,17587.326884269714,2931.640625,5.7967469483361695e-5,367.26804176375384,0.29943695637086337,0.9985541016817454
118603.515625,1.917236328125,364.306640625,0.129443359375,0.127099609375,36391.427516937256,5800.78125,5.924533464542501e-5,190.69005464762083,0.49986129287400355,0.9671052076026377
118676.7578125,0.5062255859375,294.6630859375,0.3999267578125001,0.3713623046875001,25944.527506828308,5423.828125,2.0673255869462963e-5,304.84952988292036,0.27738409464855013,0.9995800509651075
118896.484375,0.972412109375,227.841796875,0.111572265625,0.120361328125,49183.6314201355,6761.71875,3.5334658960701154e-5,162.46094763036666,0.38592164545337415,0.9980725682429263
118969.7265625,1.4393310546875,118.3544921875,0.38029785156250007,0.3646240234375,19076.414942741394,6384.765625,5.2438243131106565e-5,281.49929068991764,0.29018998495040177,0.9996366020865133
119189.453125,1.345947265625,360.986328125,0.15229492187500002,0.173388671875,56030.55715560913,9253.90625,4.410264874623053e-5,165.6339275260019,0.457966424906199,0.9947263898057244
119482.421875,1.719482421875,90.380859375,0.34536132812500003,0.18891601562500002,29518.283367156982,5777.34375,6.200268066423223e-5,270.29666056923674,0.27087820275280977,0.9996675673569602
119555.6640625,0.6922607421875,149.5654296875,0.16525878906250002,0.31950683593750007,33372.38013744354,5400.390625,3.033015312939791e-5,203.6140326274611,0.2895905383738893,0.99936075596463
119775.390625,0.598876953125,243.447265625,0.386083984375,0.217333984375,21034.8219871521,2269.53125,2.4577738131983624e-5,403.51051657821694,0.2587551087943307,0.9986756413032651
119848.6328125,1.8128662109375,357.0849609375,0.12219238281250001,0.27409667968750007,38634.880900382996,2892.578125,5.6978179319905606e-5,242.20289532853752,0.5257590013881246,0.9759151019315511
120068.359375,1.529052734375,308.857421875,0.281494140625,0.264501953125,14787.726879119873,5105.46875,5.02555860365375e-5,284.09996758040046,0.378720204057049,0.9959545327780961
120141.6015625,1.0584716796875,377.3388671875,0.24553222656250004,0.24626464843750004,52893.26751232147,5728.515625,3.589513851106385e-5,248.80044959793705,0.3830217882075255,0.9976136259042773
120361.328125,1.152587890625,112.626953125,0.324560546875,0.291748046875,5943.543910980225,2597.65625,4.567684294458006e-5,347.0755738608347,0.27135559730674075,0.9988708754083723
120434.5703125,1.4349365234375,211.6552734375,0.20480957031250002,0.19733886718750002,59750.027537345886,2220.703125,4.9302004464899645e-5,309.78685814503524,0.37069382052461064,0.9972238030458315
120654.296875,0.776123046875,341.396484375,0.177783203125,0.351806640625,37379.565715789795,6121.09375,2.7989071924025064e-5,207.12827367175495,0.39378901435797,0.9987655077350951
120727.5390625,1.8114013671875,238.5498046875,0.29299316406250003,0.1448974609375,26995.49949169159,6744.140625,5.934817599997075e-5,253.99388750885404,0.3450756615848382,0.9977723840675812
120947.265625,1.905517578125,165.087890625,0.22084960937500003,0.391943359375,44654.27541732788,9613.28125,6.32919698095045e-5,194.52944344100214,0.4022950702804282,0.9989797506013074
121020.5078125,0.6820068359375,95.4443359375,0.25227050781250004,0.1112060546875,22743.30222606659,9236.328125,3.4071091852116746e-5,183.22975071385477,0.23076441658053304,1.0004529464092726
121240.234375,1.968505859375,379.248046875,0.30141601562500003,0.22583007812500003,57384.910106658936,8449.21875,5.9757526721279417e-5,253.14734481728502,0.3751369113735251,0.952892550253731
121313.4765625,0.5604248046875,280.3857421875,0.19045410156250003,0.2825927734375,9467.665553092957,8822.265625,2.24560256076025e-5,179.47556995460525,0.3250528222937521,0.9996458569537848
121533.203125,0.842041015625,204.267578125,0.26713867187500007,0.180419921875,51661.47756576538,7941.40625,3.235741724401624e-5,212.52038139526547,0.29862230074782425,0.999784159768003
121606.4453125,1.6868896484375,135.9521484375,0.22238769531250002,0.3110107421875,14196.431040763855,7314.453125,5.848056306133892e-5,210.51462658638977,0.3539356345367964,0.9992378418360514
121826.171875,1.215576171875,263.037109375,0.23520507812500002,0.158447265625,21108.859539031982,3464.84375,4.204368496402405e-5,286.36962695707695,0.35397730576000236,0.9977328670128365
121899.4140625,1.3133544921875,332.8466796875,0.27541503906250003,0.3265380859375,46155.850291252136,3837.890625,4.387793596901408e-5,314.63960286617703,0.38726358629949487,0.9961865417538588
122119.140625,1.594970703125,65.478515625,0.200927734375,0.135302734375,28926.621913909912,4957.03125,6.230850553341488e-5,220.02811136537096,0.27063261675925343,0.9994184829349151
122192.3828125,0.9339599609375,168.4912109375,0.3073486328125,0.37956542968750007,39462.42606639862,4330.078125,3.651206100877912e-5,291.9200892049439,0.2990188639968278,0.999185906965502
122412.109375,0.532958984375,130.888671875,0.16665039062500003,0.38872070312500007,7966.468334197998,3667.96875,2.759551117251999e-5,234.0540966398764,0.2526288841892096,0.9991685237410253
122485.3515625,1.9373779296875,188.7451171875,0.3603759765625001,0.1079833984375,54010.0964307785,3041.015625,6.421098260720128e-5,385.42253304338317,0.2980782975031634,0.9976274668828617
122705.078125,1.656494140625,285.283203125,0.13471679687500002,0.35502929687500007,15079.209804534912,4160.15625,5.4178126338056026e-5,222.1320271407994,0.4916760542237463,0.9935789484626903
122778.3203125,0.8138427734375,394.9365234375,0.3946533203125,0.1481201171875,48049.6643781662,4533.203125,2.871734319316637e-5,346.0086811307745,0.2869181581840334,0.9985363161431702
122998.046875,1.280029296875,184.677734375,0.3629394531250001,0.302587890625,44504.21476364136,8683.59375,4.543605948885929e-5,249.93187886320837,0.30695733875327386,0.999725019165841
123071.2890625,1.1903076171875,71.2060546875,0.10783691406250001,0.2081787109375,27837.082743644714,8056.640625,5.0755804289669835e-5,158.00060751382085,0.27616995034819597,0.9962551855555315
123291.015625,0.909423828125,316.494140625,0.33100585937500004,0.253662109375,37469.247341156006,7175.78125,3.229193964462143e-5,260.902908934738,0.32146082183429864,0.9992285420403024
123364.2578125,1.5609130859375,257.4755859375,0.1421142578125,0.23542480468750002,34073.61686229706,7548.828125,5.190115188878554e-5,179.82852905884567,0.4488685632451838,0.9972880200099379
123583.984375,1.417724609375,105.654296875,0.24750976562500002,0.340673828125,26864.112377166748,7886.71875,5.3109470614296e-5,210.57305839541667,0.3067208498244325,0.9996575358734993
123657.2265625,1.1346435546875,219.2919921875,0.2818603515625,0.17243652343750002,43323.69887828827,7259.765625,4.0523584633841384e-5,233.7122668381287,0.3180604848074525,0.9994550069655248
123876.953125,1.041259765625,313.173828125,0.20385742187500003,0.365576171875,33877.23684310913,8378.90625,3.614596262969215e-5,200.63533518421323,0.406115336649439,0.9988953826484023
123950.1953125,1.5111083984375,372.3583984375,0.32316894531250007,0.12116699218750002,37637.463450431824,8751.953125,4.918829747096535e-5,245.73009122280388,0.33714031293284147,0.9957581278637143
124169.921875,0.664794921875,159.443359375,0.293798828125,0.27797851562500003,55970.21818161011,4902.34375,2.9536987218309735e-5,262.3895333167757,0.2607318443999087,0.9996977203889716
124243.1640625,1.8875732421875,101.7529296875,0.1793212890625,0.22106933593750003,9627.85804271698,4275.390625,6.639100999861966e-5,231.26459572391718,0.33778438580659004,0.9987262981005501
124462.890625,1.794189453125,344.384765625,0.25014648437500003,0.315771484375,49217.225551605225,3394.53125,5.711151384803815e-5,324.8443827606357,0.4222555241681099,0.9829387945175077
124536.1328125,0.7581787109375,234.8974609375,0.2206298828125,0.18503417968750002,15750.466227531433,3767.578125,2.959559514121964e-5,260.82944931687626,0.3117831924337379,0.9989222495555604
124755.859375,1.083740234375,367.294921875,0.37993164062500007,0.19418945312500002,46279.48713302612,4230.46875,3.699315517723932e-5,358.9638519305842,0.3083408443647847,0.9976381032694787
124829.1015625,1.3631591796875,297.6513671875,0.10959472656250001,0.2884521484375,21356.860041618347,4603.515625,4.58126205012632e-5,198.53879488795624,0.47835831919789923,0.9964390777534452
125048.828125,1.457275390625,224.189453125,0.338623046875,0.24956054687500004,39296.571254730225,3722.65625,4.992059813495245e-5,346.98333438301717,0.3229459414648143,0.9979025045996437
125122.0703125,0.9896240234375,121.3427734375,0.1532470703125,0.26765136718750004,27703.54926586151,3095.703125,4.112220535659928e-5,240.10601528267887,0.2978082264603931,0.9987500311419557
125341.796875,1.830810546875,251.083984375,0.16372070312500003,0.112744140625,8896.93021774292,7246.09375,5.982705212866769e-5,191.77964156532676,0.4263080842670218,0.9965064970012601
125415.0390625,0.6160888671875,350.1123046875,0.34455566406250004,0.3933349609375001,60273.19419384003,7619.140625,2.3346478064965276e-5,259.8268161308011,0.3175860777330804,0.9995820128061447
125634.765625,0.710205078125,85.400390625,0.12241210937500001,0.14350585937500002,16422.372341156006,8738.28125,3.6752993547472034e-5,158.21527333324642,0.24203179695720423,0.9971556363613875
125708.0078125,1.7366943359375,153.8818359375,0.3882080078125001,0.35026855468750007,54180.17661571503,8111.328125,5.951326525246849e-5,274.76621820029544,0.3134789596571802,0.999408101913687
125927.734375,0.820068359375,288.935546875,0.36235351562500007,0.31489257812500004,30303.39765548706,9324.21875,3.0113192222120333e-5,244.8877285828892,0.3079535557681824,0.9998301926430266
126000.9765625,1.6619873046875,391.9482421875,0.16701660156250003,0.18415527343750002,41279.234766960144,9947.265625,5.2812102725065774e-5,177.13045016903462,0.4663988383780778,0.98380280062861
126220.703125,1.943603515625,124.580078125,0.3937011718750001,0.27885742187500007,22621.591091156006,6816.40625,6.657334900174227e-5,291.99187701863514,0.29311548267561616,0.9993780117862978
126293.9453125,0.5384521484375,194.3896484375,0.1333251953125,0.22194824218750003,46519.59693431854,6439.453125,2.4477672419751037e-5,181.71784204859924,0.28841607180983087,0.9989973713790872
126513.671875,1.567138671875,321.474609375,0.108642578125,0.378759765625,54363.19303512573,2339.84375,5.129820948674836e-5,250.54946025169966,0.5199865850144221,0.9910001879458668
126586.9140625,0.9149169921875,253.1591796875,0.3644775390625,0.13435058593750002,12787.228465080261,2962.890625,3.386365995405716e-5,375.13397278723676,0.2770228903975105,0.9985385259353255
126806.640625,1.196533203125,177.041015625,0.13999023437500002,0.327490234375,61913.43832015991,5832.03125,4.3816592399404774e-5,195.53469914242314,0.3732909367865252,0.9986953193422863
126879.8828125,1.2855224609375,78.1787109375,0.3307861328125,0.15925292968750002,7819.207072257996,5455.078125,5.342404667900933e-5,261.6381038772906,0.24141307465671982,0.9997061064679656
127099.609375,1.681396484375,199.951171875,0.19008789062500003,0.149658203125,34744.33088302612,2542.96875,5.703113877366134e-5,292.44729111571735,0.37745560277672224,0.9971506039282505
127172.8515625,0.8358154296875,140.9326171875,0.2994384765625,0.3564208984375,30042.12462902069,2166.015625,3.585469070741687e-5,353.619430222569,0.2699275157109368,0.9987066561453928
127392.578125,0.554931640625,386.220703125,0.22377929687500003,0.106591796875,42815.44637680054,5035.15625,2.132134701260998e-5,239.54734241092896,0.31793941533334996,0.9991397647635586
127465.8203125,1.9622802734375,272.7490234375,0.26809082031250003,0.3871826171875,25607.205271720886,5658.203125,6.319628371905317e-5,280.72002996786,0.4191447525487745,0.9915125605381959
127685.546875,0.928466796875,62.490234375,0.27387695312500004,0.23227539062500002,21777.835369110107,9558.59375,4.6802775000658995e-5,188.99919659987674,0.22308499264061063,1.0008191582057366
127758.7890625,1.5887451171875,172.1435546875,0.23439941406250003,0.2503662109375,52488.48044872284,9181.640625,5.485811614398847e-5,202.07845814886468,0.35423152780866607,0.9993502110708495
127978.515625,1.307861328125,268.681640625,0.30756835937500004,0.211474609375,12020.028591156006,6050.78125,4.486473669866695e-5,276.1454663117344,0.333362887807538,0.9984912236110179
128051.7578125,1.2093505859375,326.5380859375,0.2030517578125,0.30573730468750004,58971.16935253143,6673.828125,4.113017325803301e-5,223.2529785917286,0.4118296764201105,0.997876969833125
128271.484375,1.769287109375,259.716796875,0.3834472656250001,0.37348632812500004,39476.78327560425,4511.71875,5.830433723092224e-5,369.1148491736856,0.3500149080870592,0.9961437579804071
128344.7265625,0.7362060546875,320.2294921875,0.12717285156250002,0.1302490234375,27865.44692516327,4134.765625,2.7525620691293435e-5,209.06049450354482,0.3730129008982961,0.9983951159392782
128564.453125,0.642822265625,74.111328125,0.34916992187500007,0.332763671875,46539.04104232788,3003.90625,3.856144696738844e-5,306.73794620403714,0.20698651475114235,0.9996940654453373
128857.421875,1.016357421875,398.505859375,0.148486328125,0.310791015625,16557.101726531982,7527.34375,3.4731606644436776e-5,190.1104378789375,0.45047375321591865,0.9976831676967733
128930.6640625,1.4891357421875,287.6904296875,0.3433837890625,0.1788818359375,56335.45386791229,7150.390625,4.982752641321852e-5,278.83773526128095,0.32360400474869894,0.9981911022788093
129150.390625,1.395751953125,190.322265625,0.114208984375,0.282958984375,10532.5026512146,8019.53125,4.897292573558706e-5,167.1245366013204,0.41194969404026704,0.9975620941422141
129223.6328125,1.1097412109375,133.9599609375,0.37531738281250004,0.2272216796875,62958.428263664246,8642.578125,4.343746024247904e-5,244.70950328429467,0.26192325100483227,1.0000433212629596
129443.359375,0.732177734375,170.732421875,0.215869140625,0.23637695312500004,33601.63068771362,7355.46875,3.1135280078850384e-5,203.76747501568477,0.28496811514470904,0.9997281103533694
129516.6015625,1.7615966796875,69.2138671875,0.25490722656250003,0.25563964843750003,37740.77117443085,7978.515625,6.674226729266595e-5,210.17296590169227,0.27592357939426365,0.9999006070519554
129736.328125,1.855712890625,335.751953125,0.18393554687500002,0.20737304687500002,27858.521938323975,8847.65625,5.922819709856968e-5,196.92691405589144,0.44980880564803083,0.9876537654469045
129809.5703125,0.6380615234375,264.7802734375,0.2891845703125,0.30046386718750007,45050.90034008026,8470.703125,2.551192817499774e-5,223.77344164083132,0.2983780450456166,0.9999576458505746
130029.296875,1.479248046875,139.521484375,0.31840820312500007,0.154931640625,52607.593059539795,4371.09375,5.376474220873963e-5,301.2718108186978,0.2858490116041006,0.9991015921445853
130102.5390625,1.0145263671875,206.6748046875,0.20861816406250003,0.36052246093750007,18292.92380809784,4994.140625,3.801161447307896e-5,241.98222689949958,0.3459305195254061,0.9989957685860209
130322.265625,1.108642578125,281.962890625,0.286474609375,0.101318359375,59504.25100326538,3863.28125,3.909752594832758e-5,308.67266541377234,0.3161207810168662,0.9982416659891202
130395.5078125,1.3851318359375,382.3193359375,0.24289550781250002,0.3830810546875001,10100.41892528534,3486.328125,4.56472841294585e-5,318.68288418468967,0.42822505469035593,0.9923288592294044
130615.234375,1.171630859375,92.373046875,0.198291015625,0.272705078125,43644.919872283936,2199.21875,4.9623498495644715e-5,291.59403794145345,0.27365020924843647,0.9985978113545979
130688.4765625,1.2635498046875,163.5107421875,0.31232910156250004,0.2169677734375,24931.715846061707,2572.265625,4.681871336302764e-5,361.00313552387587,0.29344040425046847,0.9983719895380435
130908.203125,1.545166015625,236.142578125,0.23901367187500003,0.321044921875,38344.94924545288,5691.40625,5.24430229615461e-5,256.50983452035456,0.38445673586758417,0.998008183662335
130981.4453125,0.8900146484375,337.8271484375,0.2692626953125,0.1891357421875,33610.554575920105,5064.453125,3.188961782638046e-5,273.067309389708,0.33330399759854396,0.9986512346113942
131201.171875,1.918701171875,209.912109375,0.26333007812500003,0.33657226562500003,14198.153972625732,9214.84375,6.345141347602332e-5,226.24011824566313,0.3867246910435598,0.9983747373893204
131274.4140625,0.5164794921875,109.7216796875,0.22854003906250003,0.1671630859375,59876.27875804901,9587.890625,2.94260876125565e-5,178.46705150985,0.2227437168097771,1.0005484250865349
131494.140625,0.798095703125,373.603515625,0.304052734375,0.36967773437500007,19016.648769378662,6707.03125,2.8729790950402514e-5,268.00882918613155,0.3480359527667923,0.9989241548050514
131567.3828125,1.6370849609375,306.6162109375,0.1854736328125,0.12644042968750002,52359.124064445496,6080.078125,5.3847012734759056e-5,222.97426096904437,0.41395564315529404,0.995498378727009
131787.109375,1.329833984375,354.013671875,0.326025390625,0.116845703125,26344.398021697998,9917.96875,4.444693899433675e-5,237.2524784623082,0.32501342133099964,0.9985436837320482
131860.3515625,1.2342529296875,241.8701171875,0.14475097656250002,0.39860839843750007,50041.89574718475,9291.015625,4.324501737023286e-5,176.92215666089672,0.42274838067862625,0.9984246992581481
132080.078125,0.953369140625,147.158203125,0.36909179687500004,0.139404296875,30838.609218597412,6410.15625,3.8849434113627865e-5,270.628313553544,0.24926095717096874,0.9998281261818014
132153.3203125,1.6107177734375,86.8115234375,0.1040283203125,0.34499511718750003,42900.67756175995,6783.203125,6.117704854587027e-5,174.1303962826625,0.328366851562524,0.9975110525410666
132373.046875,0.576904296875,301.552734375,0.128564453125,0.199462890625,63623.05021286011,2933.59375,2.3420577299987755e-5,235.3399266462611,0.335822805492323,0.9983830420290136
132446.2890625,1.9871826171875,358.0810546875,0.3984619140625001,0.29255371093750004,3976.3344526290894,2306.640625,6.239217888999914e-5,511.138652955297,0.33880527419377565,0.9737416350817444
132666.015625,1.706298828125,114.619140625,0.171630859375,0.24428710937500003,56429.635524749756,5425.78125,6.16112536353838e-5,216.297462357115,0.33844751872198026,0.9989130669593557
132739.2578125,0.8577880859375,225.6005859375,0.35773925781250004,0.2635498046875,14656.716227531433,5798.828125,3.3122224999489945e-5,291.51449645150285,0.28309410510542093,0.9994426614578433
132958.984375,0.620849609375,328.779296875,0.25688476562500007,0.16254882812500002,6141.761302947998,5636.71875,2.4190736509661805e-5,249.08493248202038,0.3045094812947655,0.9993100225049267
133032.2265625,1.8377685546875,272.4169921875,0.2162353515625,0.33181152343750003,62957.274317741394,5009.765625,6.012468474817007e-5,264.71251902770183,0.4278653146410947,0.9942803175981674
133251.953125,1.744384765625,175.048828125,0.28823242187500003,0.13120117187500002,10663.43069076538,2128.90625,6.007215559823849e-5,382.5726259727307,0.3156499554880789,0.9976085154950715
133544.921875,1.367919921875,276.318359375,0.20942382812500002,0.23110351562500003,50949.83243942261,6652.34375,4.6728161610164586e-5,228.11426470945196,0.3875426234501972,0.998268163605506
133618.1640625,1.0906982421875,388.6279296875,0.3199462890625,0.28669433593750004,24946.09534740448,6025.390625,3.727745992253501e-5,295.3450228743278,0.3507752758206538,0.9977331316880406
133837.890625,0.997314453125,142.509765625,0.24077148437500004,0.17514648437500002,45112.489223480225,9144.53125,4.024605247091428e-5,197.53309362754578,0.283479351862527,0.9998919341645679
133911.1328125,1.4613037109375,203.0224609375,0.2862548828125,0.30690917968750003,33847.39005565643,9517.578125,5.0831100496284974e-5,226.66690009748731,0.3442281309778242,0.9994531400691679
134130.859375,1.880615234375,80.419921875,0.12680664062500002,0.29731445312500004,59758.55207443237,6480.46875,6.926525286761352e-5,186.08813855749952,0.3270987033131424,0.9983425028180805
134204.1015625,0.6600341796875,180.7763671875,0.3814697265625,0.20407714843750002,11133.868098258972,6853.515625,2.9097894288891132e-5,265.992583122621,0.24306701364381772,0.9999766106442017
134423.828125,0.754150390625,256.064453125,0.16049804687500002,0.25893554687500003,53544.923305511475,9972.65625,2.922447826569486e-5,171.7238220975325,0.3448831730968166,0.9992508864320488
134497.0703125,1.7864990234375,323.2177734375,0.3501220703125001,0.23952636718750003,20640.713572502136,9345.703125,5.800476506412958e-5,265.9073318985064,0.34567133432416336,0.9947945806939877
134716.796875,1.127685546875,197.958984375,0.34184570312500007,0.384619140625,28603.83939743042,5496.09375,4.181672106384476e-5,300.73532431947706,0.3123895007331677,0.9991392871329917
134790.0390625,1.4129638671875,126.9873046875,0.14768066406250002,0.10270996093750001,47372.07114696503,5869.140625,5.303219046939268e-5,197.5685572494531,0.3264255994984057,0.9989614864204577
135009.765625,1.507080078125,393.525390625,0.37553710937500007,0.359130859375,34333.016872406006,2988.28125,4.9234782797919e-5,440.7527442279312,0.36017657321149477,0.9902102441879013
135083.0078125,1.0335693359375,292.0068359375,0.1163330078125,0.15339355468750002,38881.95884227753,2361.328125,3.702883017132029e-5,249.084296597992,0.40407269568591175,0.997256751750564
135302.734375,1.616943359375,150.810546875,0.146728515625,0.19301757812500003,18241.01972579956,3074.21875,5.760729897810628e-5,248.08080149176055,0.36493799867764287,0.998022011664488
135375.9765625,0.9588623046875,83.8232421875,0.3263916015625,0.32478027343750004,55486.632227897644,3697.265625,4.587702759620849e-5,297.8084353386127,0.23401729852930236,0.9995564932043077
135595.703125,1.240478515625,347.705078125,0.10307617187500001,0.21323242187500002,12439.462184906006,4566.40625,4.2114452898664166e-5,203.18726470035384,0.47216459007220646,0.9962408451590008
135668.9453125,1.3353271484375,247.5146484375,0.3677001953125001,0.26882324218750003,63095.28052806854,4189.453125,4.658280140329386e-5,357.0148035783561,0.3118567563849186,0.998157370398926
135888.671875,0.864013671875,119.599609375,0.399267578125,0.125634765625,38630.83219528198,8089.84375,3.860100244989645e-5,247.66047659848783,0.22674461987412958,1.000188268675429
135961.9140625,1.7117919921875,221.2841796875,0.13010253906250002,0.36872558593750004,35033.352732658386,8712.890625,5.757582235226177e-5,180.517332971225,0.4561992684587677,0.997280882484627
136181.640625,1.993408203125,293.916015625,0.3556152343750001,0.16811523437500003,45725.02279281616,7582.03125,6.450752198570004e-5,291.05166972944124,0.327742690264065,0.9949584404159366
136254.8828125,0.5823974609375,365.0537109375,0.17141113281250003,0.3373779296875,26823.38798046112,7205.078125,2.2648893644798796e-5,201.94554124362637,0.3547254149827423,0.9992687060806942
136474.609375,0.884521484375,231.826171875,0.31196289062500004,0.346533203125,60603.58381271362,8792.96875,3.378732715632397e-5,238.4643108665966,0.3093930369149451,0.9998000223024932
136547.8515625,1.5389404296875,342.8076171875,0.19631347656250003,0.1407958984375,18747.93517589569,8416.015625,5.071963285605567e-5,207.5140934777932,0.4109201016089833,0.9956564936770828
136767.578125,1.258056640625,99.345703125,0.27065429687500003,0.397216796875,67637.95614242554,7285.15625,5.132081072877477e-5,231.70178336616144,0.280428082965647,0.9998399141307478
136840.8203125,1.1654052734375,155.8740234375,0.23996582031250002,0.1153076171875,11675.442576408386,7908.203125,4.458401929255006e-5,212.51516245083778,0.2955563358699863,0.9995892784876373
137060.546875,1.631591796875,370.615234375,0.22700195312500002,0.26040039062500003,28490.054607391357,3808.59375,5.304348156802723e-5,303.31982596197463,0.4183719813702121,0.9896060155764549
137133.7890625,0.7918701171875,310.2685546875,0.26252441406250004,0.24099121093750003,40754.013895988464,3431.640625,2.9764211177972307e-5,309.0819230958064,0.32217114446590317,0.9983011848328708
137353.515625,0.510986328125,215.556640625,0.18569335937500003,0.29584960937500004,20992.013454437256,4300.78125,2.3897213036216555e-5,237.01686292530246,0.27575410202192646,0.9991839043253795
137426.7578125,1.9124755859375,103.4130859375,0.30617675781250003,0.20261230468750002,49137.33756542206,4923.828125,6.86491180723219e-5,287.4669178201363,0.288409772975297,0.999305403014727
137646.484375,0.503662109375,249.091796875,0.24282226562500003,0.25161132812500003,53239.2954826355,8261.71875,2.2453161806807787e-5,208.9836740175435,0.2755003067768464,0.9999130575794615
137719.7265625,1.9080810546875,352.1044921875,0.28654785156250007,0.23337402343750002,26968.077540397644,8884.765625,6.092371537764323e-5,251.1047522581337,0.38297515541505345,0.9868426365863592
137939.453125,1.627197265625,84.736328125,0.208544921875,0.30463867187500004,45505.65481185913,7753.90625,6.27434072596147e-5,205.36206002047942,0.2944215434058115,0.9996812317619148
138232.421875,1.250732421875,366.630859375,0.28911132812500007,0.357666015625,3438.0831718444824,3277.34375,4.2404954213563256e-5,357.52366652039706,0.38078838145732,0.9959936474213155
138305.6640625,1.1610107421875,298.3154296875,0.1840087890625,0.1507568359375,66014.46998119354,3900.390625,4.073676485957258e-5,258.9613214918383,0.3768838067366309,0.9977485586681918
138525.390625,0.880126953125,222.197265625,0.25483398437500004,0.386083984375,13681.4284324646,4769.53125,3.43034876626491e-5,272.65336412184666,0.3209773888871363,0.999050290601247
138598.6328125,1.5316162109375,123.3349609375,0.21594238281250003,0.1053466796875,57240.227580070496,4392.578125,5.710502839813997e-5,252.6796338511104,0.3025916083865355,0.9989250675083026
138818.359375,1.997802734375,160.107421875,0.375244140625,0.13325195312500002,27542.853832244873,3605.46875,6.811326563622098e-5,376.1820482261948,0.28505886786222173,0.9983812216500506
138891.6015625,0.5897216796875,101.0888671875,0.1142822265625,0.37751464843750004,48284.07561779022,3228.515625,3.4210616648557784e-5,226.3219901889298,0.23509582265399068,0.9984575390475209
139111.328125,0.871337890625,346.376953125,0.34331054687500007,0.16049804687500002,36539.002895355225,4097.65625,3.1631170628397854e-5,340.03566928564936,0.29678608042246635,0.9984865254017926
139184.5703125,1.7161865234375,232.9052734375,0.1485595703125,0.3285888671875,40688.320994377136,4720.703125,5.790042757225562e-5,232.21858549453026,0.43899534223505043,0.9970096526938839
139404.296875,1.244873046875,107.646484375,0.15903320312500002,0.18305664062500002,62931.933879852295,8621.09375,5.026875882429957e-5,179.313913764216,0.29613304455934314,0.9991944605575928
139477.5390625,1.3426513671875,217.2998046875,0.34924316406250006,0.31364746093750007,12252.70164012909,8244.140625,4.754547329712317e-5,269.0382167768994,0.31791044728323015,0.999384018267819
139697.265625,1.624267578125,313.837890625,0.127099609375,0.223193359375,54256.69240951538,7113.28125,5.360275265269954e-5,193.69924239608457,0.4742355234083032,0.9942001226542493
139770.5078125,0.9632568359375,371.6943359375,0.3835205078125,0.27995605468750007,20223.77097606659,7736.328125,3.392403916799555e-5,294.8169204861507,0.3129507476125056,0.9989324305285262
139990.234375,1.499755859375,60.498046875,0.357666015625,0.39458007812500007,38502.952098846436,6949.21875,6.421377633320408e-5,256.36701647680354,0.24182860872964043,1.0002222093808684
140063.4765625,1.0291748046875,174.1357421875,0.17170410156250002,0.1138427734375,34988.41750621796,6322.265625,4.03105702326492e-5,206.00692629608432,0.31432414670363185,0.9992648540862312
140283.203125,1.123291015625,268.017578125,0.39838867187500004,0.34916992187500007,48297.83010482788,9441.40625,4.006540612362807e-5,276.06181638551084,0.31117249841605954,0.9994736411909152
140356.4453125,1.4056396484375,327.2021484375,0.12863769531250002,0.1422607421875,28899.189829826355,9814.453125,4.712240114119323e-5,171.39362398625676,0.45058939789851815,0.9961490918207866
140576.171875,0.746826171875,199.287109375,0.103955078125,0.28969726562500003,21700.168132781982,5964.84375,3.130742686326476e-5,186.01462996841687,0.3250943715424761,0.9982530649511951
140649.4140625,1.7821044921875,141.5966796875,0.3691650390625001,0.19528808593750002,57552.639842033386,5337.890625,6.299873814217054e-5,317.3612369199764,0.28343754206934857,0.9991328912080775
140869.140625,1.876220703125,384.228515625,0.144677734375,0.26655273437500004,10257.188320159912,2457.03125,5.969712672437042e-5,293.3746089804532,0.4962778575223457,0.9800198304426947
140942.3828125,0.6527099609375,274.7412109375,0.32609863281250007,0.24831542968750003,65830.77323436737,2830.078125,2.6623066494548995e-5,357.6638171660353,0.2782626834416847,0.9985374725891251
141162.109375,1.001708984375,322.138671875,0.18540039062500002,0.21997070312500003,30496.375560760498,5167.96875,3.58275426328525e-5,239.4060944882994,0.3764359463057522,0.9983570575756662
141235.3515625,1.4686279296875,252.4951171875,0.30412597656250007,0.2767333984375,42194.300532341,5541.015625,5.0574512550590004e-5,298.6350786258254,0.3424398393333352,0.9981765467466323
141455.078125,1.375244140625,179.033203125,0.22846679687500002,0.186279296875,19909.654140472412,2660.15625,5.020820968169916e-5,315.008757577741,0.32539890655256926,0.9980937393737248
141528.3203125,1.0950927734375,76.1865234375,0.2634033203125,0.3168701171875,50342.8772687912,2033.203125,5.1968156228792565e-5,328.81549068484406,0.23958304808311898,0.9988688049707973
141748.046875,1.748779296875,290.927734375,0.26918945312500003,0.17133789062500002,62187.56437301636,6183.59375,5.789312072166567e-5,273.85288412829726,0.36256662622743996,0.996612236611823
141821.2890625,0.7215576171875,389.9560546875,0.23908691406250002,0.33942871093750004,18293.076395988464,6556.640625,2.67163085837884e-5,246.51946606966024,0.3549723136353453,0.9990575533493463
142041.015625,0.628173828125,125.244140625,0.312255859375,0.12241210937500001,70631.112575531,9675.78125,3.223067045778319e-5,203.99156302447656,0.22414610497404724,1.0006607685799245
142114.2578125,1.8421630859375,193.7255859375,0.1983642578125,0.3666748046875,12303.658366203308,9048.828125,6.247580085925635e-5,210.31180669877583,0.4040389398508203,0.998676514943337
142333.984375,1.698974609375,339.404296875,0.11625976562500001,0.20942382812500002,19552.711009979248,9386.71875,5.533715113326565e-5,175.36696910948623,0.4968746254044239,0.9910493525650628
142407.2265625,0.8533935546875,240.5419921875,0.3756103515625,0.3036865234375,61888.02993297577,9759.765625,3.2985844457313284e-5,252.26619579772776,0.2848599621819256,0.9999293899751733
142626.953125,0.572509765625,164.423828125,0.147607421875,0.23432617187500002,9364.41946029663,6878.90625,2.8152037790737574e-5,190.83674221490026,0.26512746584302993,0.9992113524286463
142700.1953125,1.9798583984375,96.1083984375,0.3419189453125,0.2524169921875,70062.75641918182,6251.953125,7.163102539789449e-5,281.75442216795744,0.27995791886802246,0.9995453046680899
142919.921875,0.946044921875,308.193359375,0.35004882812500004,0.10922851562500001,42494.87638473511,2402.34375,3.462819261631408e-5,412.0126514821379,0.28357996501844634,0.9980150335178851
142993.1640625,1.6063232421875,378.0029296875,0.1605712890625,0.38981933593750007,30609.48646068573,2775.390625,5.244334211551971e-5,295.4603228661877,0.4885166956048717,0.9885744534167499
143212.890625,1.325439453125,110.634765625,0.38139648437500007,0.147021484375,52964.540004730225,5894.53125,5.300179309948007e-5,290.66215368001394,0.24512936496293114,0.9997320320798407
143286.1328125,1.2269287109375,213.6474609375,0.1268798828125,0.3537841796875001,23012.001872062683,5267.578125,4.475369969441597e-5,211.05478698489938,0.39231104146083445,0.9984069808047334
143505.859375,0.802490234375,91.044921875,0.28618164062500007,0.325439453125,56957.58771896362,2730.46875,4.205031553219867e-5,308.01092880403104,0.22842503509243842,0.9991815028742355
143579.1015625,1.6444091796875,148.9013671875,0.24084472656250003,0.15720214843750002,17942.797541618347,2103.515625,5.9328858130115955e-5,347.35966059431007,0.31557400610036146,0.9978513631200305
143798.828125,1.926025390625,245.439453125,0.31987304687500007,0.38081054687500004,66397.27926254272,5222.65625,6.390317553534136e-5,327.7167722449064,0.37284771661656724,0.996486119745639
143872.0703125,0.5208740234375,355.0927734375,0.20949707031250003,0.1364013671875,12317.196726799011,5595.703125,2.136389620008786e-5,233.76030928783544,0.3029309129089503,0.999379185919573
144091.796875,1.549560546875,229.833984375,0.18247070312500002,0.281494140625,38857.86771774292,9746.09375,5.3326757968182696e-5,197.32464677619888,0.3984925096839401,0.9988681769448351
144165.0390625,0.8973388671875,116.3623046875,0.2883056640625,0.22458496093750002,41753.72397899628,9119.140625,4.066872710302412e-5,213.08188747449265,0.24865544943936005,1.0001266920776675
144384.765625,1.178955078125,361.650390625,0.21616210937500002,0.312255859375,27976.083278656006,6238.28125,4.0558216257959586e-5,250.40642565790083,0.4007421167204121,0.9976664905135675
144458.0078125,1.2679443359375,302.6318359375,0.2569580078125,0.1815185546875,49528.74839305878,6611.328125,4.399502864321053e-5,257.7107153395685,0.3495012998558595,0.9984739173869932
144677.734375,1.101318359375,182.685546875,0.30610351562500004,0.146142578125,12895.92695236206,7824.21875,4.2255136985563525e-5,245.0347447937268,0.28153890782752083,0.9997118767014623
144750.9765625,1.3807373046875,73.1982421875,0.18576660156250002,0.3529052734375,66082.3963880539,7447.265625,5.9417401526479936e-5,201.88523355534812,0.26806692448771635,0.9996037473571278
144970.703125,1.474853515625,315.830078125,0.262451171875,0.110107421875,22322.030544281006,8316.40625,4.975872853235664e-5,240.38108880758332,0.3496737046063129,0.9982168172514118
145043.9453125,1.0072021484375,258.1396484375,0.22707519531250003,0.39069824218750004,57852.66578197479,8939.453125,3.719994141414533e-5,219.0249594633791,0.3576398167476526,0.9994469730442642
145263.671875,1.848388671875,130.224609375,0.23989257812500003,0.24750976562500002,50023.47135543823,4839.84375,6.59685256431946e-5,269.4270379831969,0.3250726649923878,0.9987968844625499
145336.9140625,0.6336669921875,189.4091796875,0.2707275390625,0.2656005859375,28358.15131664276,4462.890625,2.9022043711253385e-5,273.24844712019683,0.260956076450679,0.9994384068877727
145556.640625,0.727783203125,283.291015625,0.19624023437500002,0.19624023437500002,40598.37484359741,3332.03125,2.8845108694108587e-5,273.67698558550006,0.31953553565998943,0.9985300856163103
145629.8828125,1.7542724609375,396.9287109375,0.31203613281250003,0.2905029296875,36888.787150382996,3955.078125,5.649348238248214e-5,368.051998142339,0.37817855861646954,0.9851872094210937
145849.609375,1.400146484375,263.701171875,0.17133789062500002,0.31840820312500007,70536.81135177612,4042.96875,4.8664169958759686e-5,260.46417129298874,0.40742608077351533,0.9974144221312736
145922.8515625,1.1170654296875,332.1826171875,0.3556884765625,0.1876708984375,5783.152461051941,4666.015625,3.9311319645154025e-5,344.25994715503714,0.3052620381508973,0.9982521898038278
146142.578125,1.023681640625,67.470703125,0.130029296875,0.27534179687500004,61357.43856430054,3535.15625,5.269410785040507e-5,226.74548798061429,0.23883848744368177,0.9987307731623319
146215.8203125,1.4935302734375,166.4990234375,0.39934082031250007,0.2184326171875,14070.767283439636,3158.203125,5.4451471413560136e-5,403.2014549343341,0.2743350926524226,0.9985526266000883
146435.546875,0.647216796875,381.240234375,0.36762695312500004,0.363525390625,26085.818767547607,7058.59375,2.479299581993372e-5,294.44304174977196,0.3044014668354952,0.9992725140211374
146508.7890625,1.8699951171875,278.3935546875,0.1031494140625,0.11911621093750001,55500.44333934784,7681.640625,6.140717394529082e-5,181.37131115923708,0.48054642181344315,0.9931715214540778
146728.515625,1.776611328125,204.931640625,0.32631835937500003,0.34272460937500004,35482.553005218506,8550.78125,6.0725618179658666e-5,269.7371378453695,0.3431210754951671,0.9989362685566485
146801.7578125,0.7406005859375,135.2880859375,0.14680175781250002,0.1744873046875,47268.65470409393,8173.828125,3.50908034672993e-5,180.8372840386412,0.2662217274072361,0.9993771154680088
147021.484375,1.300537109375,195.966796875,0.252197265625,0.24223632812500004,66284.03425216675,2011.71875,4.79063728997976e-5,365.77235556701845,0.32216341155024253,0.9977109696960819
147094.7265625,1.2049560546875,128.9794921875,0.22092285156250002,0.26149902343750003,8503.752589225769,2634.765625,4.890577953928321e-5,303.4079676868064,0.28979046270308406,0.9985680692655898
147314.453125,0.924072265625,392.861328125,0.29291992187500004,0.20151367187500002,58182.96194076538,5503.90625,3.290628545330967e-5,293.8977142465765,0.33030865262799597,0.9984260436284178
147607.421875,0.547607421875,79.755859375,0.20473632812500003,0.14204101562500002,31452.365398406982,9027.34375,3.720114349366482e-5,178.29791672183723,0.20463469008509735,0.9997731220809049
147680.6640625,1.9578857421875,181.4404296875,0.32463378906250007,0.3476318359375,52699.65064525604,9650.390625,6.656163637595804e-5,257.242448346458,0.34295767944952626,0.9992165391829652
147900.390625,1.677001953125,254.072265625,0.24545898437500002,0.114208984375,39016.6335105896,6519.53125,5.687400662069681e-5,256.21759636169196,0.3512083074691262,0.998148799397454
147973.6328125,0.8284912109375,325.2099609375,0.28156738281250004,0.3959716796875,42300.774455070496,6142.578125,3.100569812163981e-5,276.76291739860613,0.3396556674164617,0.9989793644521104
148193.359375,1.200927734375,276.982421875,0.12211914062500001,0.36762695312500004,11141.547679901123,9855.46875,4.2460163165634544e-5,178.95320719685282,0.429889315426349,0.9976437298067878
148266.6015625,1.2928466796875,387.9638671875,0.38615722656250007,0.12438964843750001,71655.07781505585,9478.515625,4.373215602643369e-5,280.96127828182114,0.29786975700327367,0.9985535092858823
148486.328125,1.574462890625,144.501953125,0.16518554687500003,0.338623046875,16657.960414886475,6347.65625,5.77830440950769e-5,217.95095225855368,0.3537364588256218,0.9989483312980518
148559.5703125,0.9193115234375,201.0302734375,0.3454345703125,0.16921386718750003,63220.45600414276,6970.703125,3.672322086381049e-5,271.0885461122709,0.26617005822465123,0.9997330051012755
148779.296875,1.947998046875,330.771484375,0.337158203125,0.32368164062500004,55287.768840789795,2871.09375,6.311114103800288e-5,430.3764836047417,0.36826495297965806,0.9887223180856621
148852.5390625,0.5457763671875,270.4248046875,0.1523681640625,0.1917724609375,22918.22898387909,2494.140625,2.407837850020175e-5,267.6262564027657,0.2967245212522458,0.9984468814160353
149072.265625,0.827392578125,175.712890625,0.380224609375,0.27006835937500007,46535.98928451538,5363.28125,3.540019668234067e-5,307.04486125516746,0.2534096640716948,0.9995956255295892
149145.5078125,1.6663818359375,63.5693359375,0.1116455078125,0.21433105468750002,34770.52390575409,5986.328125,6.948958464933407e-5,190.60093192159624,0.27632204396904947,0.9981223193075709
149365.234375,0.702880859375,368.623046875,0.14204101562500002,0.103955078125,63781.882762908936,4699.21875,2.6788729691879465e-5,223.5646494775467,0.3584477906598575,0.9984525674024575
149438.4765625,1.7322998046875,312.2607421875,0.33107910156250003,0.3857177734375,15990.492701530457,4072.265625,5.7407488392072296e-5,374.0224146501023,0.3757376683604861,0.9940574992618149
149658.203125,1.826416015625,214.892578125,0.10776367187500001,0.15229492187500002,73674.78322982788,3191.40625,6.223182646873071e-5,237.53770658130682,0.4333892394427821,0.9966353776227984
149731.4453125,0.6087646484375,104.0771484375,0.3630126953125,0.3578857421875,6053.730845451355,3564.453125,3.5768568582521845e-5,307.3516795302187,0.21330446743276982,0.9995539889599254
149951.171875,1.449951171875,231.162109375,0.39458007812500007,0.20532226562500003,34678.25651168823,7714.84375,5.099562453489148e-5,301.60146628920785,0.2895840441089053,0.9992266995664154
150024.4140625,0.9852294921875,343.4716796875,0.1347900390625,0.29841308593750004,46804.37934398651,7087.890625,3.5345621595032006e-5,203.30638572726838,0.4133085196853225,0.9983752017214973
150244.140625,1.079345703125,97.353515625,0.36030273437500004,0.23842773437500003,26340.745449066162,8207.03125,4.861771041312363e-5,245.1870081338183,0.23588793976932973,1.0001191868308732
150317.3828125,1.3558349609375,157.8662109375,0.16672363281250002,0.2576904296875,56027.092814445496,8580.078125,5.0955465889874886e-5,196.50154577319975,0.33957344086238234,0.9991780995148347
150537.109375,1.798583984375,120.263671875,0.30727539062500003,0.28559570312500004,23088.538646697998,7417.96875,6.564672483749045e-5,261.167734261712,0.29845394401271635,0.9995507237742506
150610.3515625,0.7655029296875,220.6201171875,0.20100097656250002,0.22985839843750003,60585.902094841,7791.015625,3.1697152096146595e-5,211.1952987201002,0.3014698774660342,0.9995770534646262
150830.078125,0.672119140625,295.908203125,0.27534179687500004,0.30815429687500007,15372.300624847412,8910.15625,2.6984564691451e-5,232.021844611693,0.3034601305193824,0.9997987647114659
150903.3203125,1.8919677734375,363.0615234375,0.23527832031250004,0.17624511718750002,70187.7259016037,8283.203125,6.110030330225031e-5,244.5589502765172,0.40015172176201486,0.9898504786847295
151123.046875,1.045654296875,152.802734375,0.22231445312500003,0.33071289062500003,41560.42814254761,4433.59375,4.306882448142814e-5,264.6981382376158,0.2957797761698122,0.9991345168473104
151196.2890625,1.5184326171875,81.8310546875,0.2672119140625,0.1613037109375,37627.21335887909,4806.640625,6.294848536306894e-5,265.10619787172504,0.2547464770513754,0.9994156886494989
151416.015625,1.425048828125,348.369140625,0.19038085937500002,0.37553710937500007,50577.218532562256,3925.78125,4.810659928479129e-5,286.7725671135186,0.43721589879766276,0.9947932687560357
151489.2578125,1.1390380859375,246.8505859375,0.3014892578125,0.13229980468750002,27476.906657218933,3298.828125,4.1954994134124094e-5,345.33057487634136,0.2977987900090772,0.9982923771791594
151708.984375,0.902099609375,137.529296875,0.38813476562500004,0.293798828125,35554.358959198,3136.71875,4.038073214431679e-5,364.1764934201583,0.24272391277166722,0.9991101708427128
151782.2265625,1.5565185546875,208.6669921875,0.12248535156250001,0.2005615234375,40036.192774772644,3509.765625,5.496397203449078e-5,240.57709002945936,0.4003971373559166,0.9975780761868872
152001.953125,1.275634765625,281.298828125,0.34448242187500006,0.262451171875,27455.42287826538,4628.90625,4.507979428625954e-5,345.4554559024393,0.316988294539616,0.9981658425218903
152294.921875,1.649169921875,170.068359375,0.15317382812500002,0.39985351562500004,62501.95646286011,8152.34375,5.877462356308857e-5,204.22019931957638,0.38904253565109564,0.9988187230821374
152368.1640625,0.8094482421875,69.8779296875,0.33869628906250004,0.1179443359375,25357.47230052948,8525.390625,4.7099916364217415e-5,213.83626001018482,0.2020780623000237,1.0008854511464256
152587.890625,0.528564453125,333.759765625,0.109521484375,0.34389648437500003,71835.75582504272,7644.53125,2.2188020135219753e-5,184.55327374193493,0.33841686560277423,0.9983206679351561
152661.1328125,1.9300537109375,266.7724609375,0.3800048828125,0.13815917968750002,14717.141032218933,7017.578125,6.419785950338072e-5,319.7591353497844,0.3018333043206887,0.9978440494228842
152880.859375,1.599365234375,399.169921875,0.22055664062500002,0.166064453125,47223.15168380737,8980.46875,5.244970152349335e-5,230.92037058500102,0.4036065475668482,0.9930028883511113
152954.1015625,0.9412841796875,287.0263671875,0.2502197265625,0.3353271484375,34481.95159435272,8353.515625,3.51411129683375e-5,237.78181755797817,0.3401498269905245,0.9993522159554845
153173.828125,1.222900390625,192.314453125,0.179248046875,0.127685546875,55764.894008636475,7472.65625,4.598572130032582e-5,209.9744926431922,0.33080872656486476,0.9992684435623814
153247.0703125,1.3177490234375,131.9677734375,0.29387207031250007,0.37077636718750007,25560.696482658386,7845.703125,5.193461749616041e-5,249.7626692036356,0.2920284518502468,0.9997160360691074
153466.796875,0.846435546875,261.708984375,0.323095703125,0.215869140625,17527.78959274292,3996.09375,3.3207618748604276e-5,330.32933052069484,0.28467590517286606,0.9987829758829102
153540.0390625,1.6942138671875,318.2373046875,0.20393066406250002,0.2714599609375,66645.14243602753,3369.140625,5.636537673166771e-5,309.87925916294114,0.41689422744109417,0.9934972020678665
153759.765625,1.975830078125,74.775390625,0.28178710937500007,0.19038085937500002,7987.679958343506,4488.28125,7.62129164210234e-5,284.368678560569,0.2644014154368426,0.999223531419256
153833.0078125,0.5648193359375,185.7568359375,0.24758300781250003,0.3221435546875,76758.17954540253,4861.328125,2.7892401873625977e-5,258.38629784067194,0.2537209298509884,0.9994504325414657
154052.734375,1.898193359375,299.560546875,0.20297851562500002,0.36176757812500004,26821.46406173706,5574.21875,6.240381708273881e-5,269.0856694144128,0.44107073847072775,0.9927524407310577
154125.9765625,0.6776123046875,360.0732421875,0.30764160156250003,0.1560302734375,58868.468165397644,5197.265625,2.6362148375715143e-5,296.6850226245306,0.2891570136746615,0.9990758987314837
154345.703125,0.771728515625,113.955078125,0.23432617187500002,0.3819824218750001,34888.803005218506,2066.40625,3.95855748077275e-5,319.46724603895825,0.24333672200905593,0.9987859067709912
154418.9453125,1.8040771484375,226.2646484375,0.27395019531250003,0.10007324218750001,48372.99048900604,2689.453125,6.174332166390068e-5,367.3277310351389,0.32713387754682716,0.997205012729974
154638.671875,1.145263671875,353.349609375,0.26801757812500004,0.25688476562500007,73623.99625778198,6589.84375,4.013751403376209e-5,274.8830817435434,0.3549582138822212,0.9983369487224433
154711.9140625,1.4305419921875,242.5341796875,0.22385253906250002,0.23747558593750004,6681.851267814636,6212.890625,5.049082650746959e-5,255.39981043552305,0.35875564776661867,0.9986014289518633
154931.640625,1.524658203125,145.166015625,0.29936523437500007,0.29936523437500007,65011.15560531616,9082.03125,5.678859464894894e-5,243.72354626806742,0.3025886739185741,0.9997523304208876
155004.8828125,1.0511474609375,88.8037109375,0.19016113281250002,0.20612792968750002,18825.28007030487,9705.078125,4.960762012619256e-5,185.44563880437516,0.2503802211799687,1.0000833482072369
155224.609375,0.603271484375,210.576171875,0.33071289062500003,0.177783203125,55081.24494552612,6292.96875,2.785190660904871e-5,267.3769800908233,0.24458694908579007,0.9997306578094117
155297.8515625,1.8201904296875,109.0576171875,0.1400634765625,0.3095458984375,32387.46154308319,6916.015625,6.774639047023488e-5,204.1561475091346,0.33855488606887757,0.9987763791471859
155517.578125,1.726806640625,375.595703125,0.3644042968750001,0.22846679687500002,47190.56844711304,9785.15625,5.655526106934913e-5,287.32464641578497,0.335484740902088,0.9939688534382157
155590.8203125,0.6966552734375,304.6240234375,0.1087158203125,0.2840576171875,43585.110545158386,9408.203125,2.7691335311600995e-5,174.8590370832067,0.35823421755194984,0.9979591231789499
155810.546875,1.350341796875,94.365234375,0.13325195312500002,0.129150390625,10306.704998016357,5308.59375,5.728600259743124e-5,208.73702759904646,0.2818844596244511,0.9988106559189798
155883.7890625,1.0731201171875,161.5185546875,0.3937744140625,0.37224121093750007,69696.57981395721,5931.640625,4.36218988659543e-5,315.8432779348464,0.26994757963296434,0.9995349061585993
156103.515625,0.979736328125,236.806640625,0.16694335937500002,0.164599609375,17608.468532562256,2800.78125,3.7960280842927495e-5,278.507198278544,0.3320505602639054,0.9980904651266996
156176.7578125,1.4437255859375,337.1630859375,0.3624267578125,0.3338623046875,59597.11539745331,2423.828125,4.922227528915427e-5,465.0927870639721,0.3402420794245009,0.9960604907813734
156396.484375,1.909912109375,100.341796875,0.149072265625,0.157861328125,39201.4536857605,9761.71875,7.076359911523287e-5,182.55408368126578,0.322920354405158,0.9990114022098211
156469.7265625,0.5018310546875,160.8544921875,0.34279785156250003,0.3271240234375,51659.666895866394,9384.765625,2.746236191682339e-5,226.07966147807443,0.2264168521729895,1.0006317600024808
156689.453125,0.783447265625,233.486328125,0.11479492187500001,0.135888671875,28183.87746810913,6253.90625,3.22559594591785e-5,195.79199650087855,0.32600581738929024,0.9986253179216116
156982.421875,1.156982421875,217.880859375,0.38286132812500007,0.22641601562500002,64479.70914840698,2777.34375,4.372556084560575e-5,416.4465580412204,0.27623320922667083,0.9983329863152807
157055.6640625,1.2547607421875,107.0654296875,0.12775878906250002,0.28200683593750003,13012.883067131042,2400.390625,5.363659778048916e-5,261.1105416067844,0.29146579148629237,0.9982902934317819
157275.390625,1.536376953125,370.947265625,0.34858398437500004,0.17983398437500003,75019.4411277771,5269.53125,5.143386719261136e-5,348.4618067660656,0.32507606384314114,0.9962095727031993
157348.6328125,0.8753662109375,314.5849609375,0.1596923828125,0.31159667968750004,6016.960978507996,5892.578125,3.30104889104148e-5,228.6868019118485,0.36870614630128135,0.998692713168464
157568.359375,0.591552734375,351.357421875,0.31899414062500003,0.302001953125,44376.10578536987,2105.46875,2.4213266244083316e-5,403.3872429303057,0.2877277674931553,0.9980368456242134
157641.6015625,1.9959716796875,249.8388671875,0.20803222656250003,0.20876464843750003,40235.91887950897,2728.515625,6.660445331524526e-5,331.7246837086295,0.39359772052455205,0.9950641566325401
157861.328125,1.715087890625,155.126953125,0.28706054687500004,0.254248046875,55691.834926605225,5597.65625,6.207170521861282e-5,289.02996308004913,0.31180420038019974,0.9989533954311361
157934.5703125,0.8724365234375,84.1552734375,0.24230957031250003,0.23483886718750002,32281.521677970886,5220.703125,4.6961675632373006e-5,240.40905027021984,0.22506343699902653,0.999493328348014
158154.296875,1.338623046875,298.896484375,0.21528320312500002,0.3893066406250001,23228.442668914795,9121.09375,4.6665460225848094e-5,232.06307278232418,0.4000570398105345,0.9986564151740566
158227.5390625,1.2489013671875,366.0498046875,0.2554931640625,0.10739746093750001,61957.65769481659,9744.140625,4.304830428471558e-5,233.59706509025665,0.34736421849278837,0.9986724514527376
158447.265625,0.968017578125,122.587890625,0.183349609375,0.35444335937500004,11257.79104232788,6613.28125,4.392442778286019e-5,218.4598187884714,0.2739221884915515,0.9994790703567389
158520.5078125,1.6195068359375,222.9443359375,0.2897705078125,0.1487060546875,71112.80906200409,6236.328125,5.6701062076917735e-5,285.6152007920589,0.31900100612315346,0.9986698606656734
158740.234375,1.031005859375,251.748046875,0.263916015625,0.18833007812500002,29959.617137908936,7449.21875,3.8939653411730316e-5,250.59848423884583,0.3104136484498234,0.999389839445483
158813.4765625,1.4979248046875,322.8857421875,0.2279541015625,0.32009277343750003,53453.87160778046,7822.265625,5.0901172024343154e-5,251.3265887092671,0.40052732423406945,0.9973240411263644
159033.203125,1.404541015625,76.767578125,0.30463867187500004,0.21791992187500003,40886.33108139038,8941.40625,6.16278000595051e-5,226.1491319016966,0.24101384012879595,1.0001514299263778
159106.4453125,1.1243896484375,178.4521484375,0.18488769531250002,0.27351074218750004,44194.722056388855,8314.453125,4.42210272874629e-5,210.46131125727854,0.32123779571071337,0.9994536573715745
159326.171875,1.778076171875,390.537109375,0.19770507812500002,0.12094726562500001,74559.29899215698,4464.84375,5.799545162695544e-5,285.1993279345989,0.41265074557143705,0.9899296987229024
159399.4140625,0.7508544921875,290.3466796875,0.31291503906250007,0.3640380859375001,13519.375681877136,4837.890625,3.0028947747258434e-5,313.1899486792227,0.3006610203968997,0.9989284231950489
159619.140625,0.657470703125,192.978515625,0.23842773437500003,0.17280273437500002,64809.43441390991,3957.03125,3.066472544224541e-5,274.53320303617636,0.2580575273554596,0.9991022233706875
159692.3828125,1.8714599609375,125.9912109375,0.26984863281250004,0.34206542968750003,21992.08915233612,3330.078125,6.861243152827381e-5,331.31407659900475,0.3149245537499383,0.9983615541438496
159912.109375,1.470458984375,173.388671875,0.129150390625,0.3512207031250001,57347.571849823,4667.96875,5.4523183709496406e-5,230.98590664421812,0.3715463031866014,0.9983677148364355
159985.3515625,0.9998779296875,61.2451171875,0.39787597656250007,0.14548339843750002,23084.559321403503,4041.015625,5.66160954511795e-5,297.6383047553712,0.19777699029817955,0.9997438385767109
160205.078125,1.093994140625,327.783203125,0.17221679687500002,0.39252929687500004,46703.23324203491,3160.15625,3.936088698446585e-5,291.9321902198152,0.40082910575436226,0.9971876935587158
160278.3203125,1.3763427734375,267.4365234375,0.3571533203125,0.1106201171875,33438.7024641037,3533.203125,4.880753322896771e-5,385.4167645857647,0.287675585724442,0.9980407597073394
160498.046875,0.717529296875,142.177734375,0.325439453125,0.26508789062500004,11545.718669891357,7683.59375,3.5400276888710934e-5,245.18674133312567,0.23638971823411864,1.000143835105953
160571.2890625,1.7528076171875,198.7060546875,0.14533691406250002,0.24567871093750002,79910.20286083221,7056.640625,6.128889186955272e-5,215.39547786914042,0.3966463081706544,0.9983380225165895
160791.015625,1.846923828125,273.994140625,0.368505859375,0.29116210937500003,21258.553981781006,8175.78125,6.199956248199703e-5,310.23362111188237,0.3322872320137778,0.9976374064810306
160864.2578125,0.6234130859375,384.9755859375,0.1046142578125,0.1979248046875,70727.18131542206,8548.828125,2.4525047569666972e-5,181.43180670684765,0.3664572271060209,0.9980022960553078
161083.984375,0.855224609375,148.154296875,0.210009765625,0.378173828125,78897.55964279175,8886.71875,3.866424775903335e-5,210.12910545542707,0.2765615260485966,0.9998369250260333
161157.2265625,1.6971435546875,91.7919921875,0.31936035156250003,0.1349365234375,10855.193018913269,8259.765625,6.714024673562797e-5,246.36302869445387,0.25422722774992174,0.999933612320889
161376.953125,1.978759765625,355.673828125,0.24135742187500003,0.32807617187500004,69770.79153060913,7378.90625,6.409862448784988e-5,273.88344830426087,0.42451570879320233,0.9889105478722484
161450.1953125,0.5736083984375,244.8583984375,0.28566894531250003,0.15866699218750002,19991.345286369324,7751.953125,2.6084162134983942e-5,239.20960399960362,0.25597166346250255,0.9998676250041687
161669.921875,1.602294921875,116.943359375,0.25629882812500004,0.31547851562500007,24525.393962860107,3902.34375,6.230318060422898e-5,300.9141094274635,0.2945570720207967,0.9988356278375354
161743.1640625,0.9500732421875,229.2529296875,0.21682128906250003,0.18356933593750002,58952.93128490448,3275.390625,3.770356361194184e-5,296.3075692319497,0.3067762268888313,0.9985886581234691
161962.890625,1.231689453125,301.884765625,0.28764648437500007,0.27827148437500004,35320.985317230225,4394.53125,4.3910076880522366e-5,328.9115574421873,0.33845943396463096,0.9978820829257115
162036.1328125,1.3206787109375,362.3974609375,0.18312988281250003,0.22253417968750003,48980.20255565643,4767.578125,4.54089237043227e-5,267.9853893905222,0.4054693274328453,0.9965455587054127
162255.859375,1.646240234375,239.794921875,0.34243164062500003,0.23168945312500003,10875.678539276123,3230.46875,5.7357862208372224e-5,398.6861586168822,0.3140189637343389,0.9975308414211599
162329.1015625,0.8006591796875,340.1513671875,0.1470947265625,0.2509521484375,74555.95672130585,3603.515625,3.0691504130153755e-5,257.4999681775281,0.3614884134593286,0.9981604500121382
162548.828125,0.519775390625,96.689453125,0.3761230468750001,0.21206054687500003,22328.065395355225,4722.65625,3.620279455585779e-5,271.0472263925901,0.19414889662029147,0.9998189451542376
162622.0703125,1.9271240234375,163.8427734375,0.1157470703125,0.3051513671875,65004.57465648651,4095.703125,6.798429673886398e-5,236.4854409895264,0.40068531951172687,0.997703940714479
162841.796875,0.893310546875,378.583984375,0.126220703125,0.15024414062500002,56159.86967086792,8246.09375,3.266073728240826e-5,196.07776022330512,0.3937232808171769,0.9984781966323617
162915.0390625,1.5535888671875,307.6123046875,0.3820556640625,0.3558349609375,32714.844584465027,8619.140625,5.3025158144803135e-5,313.21708147036924,0.3365931762896276,0.9980752011092316
163134.765625,1.272705078125,212.900390625,0.159912109375,0.10600585937500001,45914.559841156006,7738.28125,4.733111832438341e-5,208.76413919738744,0.34548624727131083,0.9991010576808714
163208.0078125,1.1741943359375,111.3818359375,0.3507080078125,0.38776855468750004,41866.08970165253,7111.328125,5.1244265188127804e-5,274.2421415928075,0.2561148432206906,0.9998813311929362
163427.734375,1.382568359375,331.435546875,0.39985351562500004,0.27739257812500007,64081.22968673706,6324.21875,4.7802628277167576e-5,353.2172198880037,0.31098875422424554,0.9979572906767379
163500.9765625,1.0994873046875,264.4482421875,0.1295166015625,0.22165527343750002,23073.058009147644,6947.265625,4.086698632546827e-5,207.72169020880617,0.3771115282961373,0.9986086784581282
163720.703125,1.006103515625,167.080078125,0.356201171875,0.31635742187500004,75071.053981781,9816.40625,4.179535626676865e-5,252.77963430967722,0.2672565963970924,1.0000252458878358
163793.9453125,1.4759521484375,66.8896484375,0.1708251953125,0.1844482421875,15365.544199943542,9439.453125,6.631790888195424e-5,186.70556147078716,0.25227494401274897,0.9995674416426601
164013.671875,0.629638671875,278.974609375,0.146142578125,0.34125976562500004,42063.63248825073,5339.84375,2.6991806439733605e-5,227.23674787053207,0.3165997878998828,0.9989672627452297
164086.9140625,1.8524169921875,380.6591796875,0.32697753906250004,0.17185058593750002,46882.19916820526,5962.890625,6.051100298231503e-5,333.8156339126197,0.3414799527637132,0.9916327881145169
164306.640625,1.759033203125,134.541015625,0.102490234375,0.364990234375,30524.766445159912,2832.03125,6.542304237022331e-5,248.71801878129745,0.3667994480409381,0.9977693455621508
164379.8828125,0.7230224609375,205.6787109375,0.3682861328125,0.12175292968750001,55540.276408195496,2455.078125,3.237432858381201e-5,390.72515290703603,0.2377024617331002,0.9986862722316872
164599.609375,1.118896484375,72.451171875,0.227587890625,0.11215820312500001,17273.871898651123,5542.96875,5.693351759615841e-5,232.5073964115687,0.22616690531714567,0.9996404487727295
164672.8515625,1.3983154296875,183.4326171875,0.2619384765625,0.3939208984375,69129.28283214569,5166.015625,5.2389503285614765e-5,292.8763336752393,0.3294500945903726,0.9988215823974846
164892.578125,1.492431640625,258.720703125,0.186279296875,0.144091796875,3566.422939300537,2035.15625,5.260988921608619e-5,338.1239824037079,0.3672374930272793,0.9968533175703362
164965.8203125,1.0247802734375,315.2490234375,0.30559082031250007,0.34968261718750004,79968.89960765839,2658.203125,3.784298084485291e-5,394.68474439667693,0.329114409731125,0.9975415229883092
165185.546875,1.865966796875,189.990234375,0.311376953125,0.19477539062500002,52186.52677536011,6558.59375,6.526914755003167e-5,296.1018576953417,0.3133165431655117,0.9988031348657733
165258.7890625,0.6512451171875,129.6435546875,0.1968994140625,0.28786621093750003,38041.09275341034,6181.640625,3.53798026002536e-5,222.28220928840736,0.23856151005474116,0.999417441586875
165478.515625,0.745361328125,396.181640625,0.27006835937500007,0.24897460937500002,62698.007106781006,9050.78125,2.8190749434545078e-5,245.93108402814278,0.3231405380155878,0.9995008906035082
165551.7578125,1.7718505859375,284.0380859375,0.24055175781250002,0.26823730468750007,30644.265055656433,9673.828125,5.972739506896155e-5,243.0429411887668,0.3855875899868621,0.9975524609196791
165771.484375,1.206787109375,387.216796875,0.34594726562500006,0.33598632812500007,20293.433666229248,3511.71875,4.2020996367313675e-5,404.58711619371246,0.3408556269195722,0.9968104879213654
165844.7265625,1.2987060546875,277.7294921875,0.1646728515625,0.16774902343750003,64592.25356578827,3134.765625,4.6587289471962405e-5,285.1505438743237,0.374698067035722,0.9973568933943793
166064.453125,1.580322265625,201.611328125,0.38666992187500004,0.3702636718750001,10756.81447982788,4003.90625,5.693825034220563e-5,394.59635608794326,0.3077313170433167,0.9981658135691602
166357.421875,1.953857421875,271.005859375,0.110986328125,0.273291015625,48368.13688278198,8527.34375,6.501874047377228e-5,200.126580762456,0.478314288022664,0.9943254798532214
166430.6640625,0.5516357421875,330.1904296875,0.3808837890625001,0.21638183593750002,44418.33961009979,8150.390625,2.358751183814681e-5,278.57610190967455,0.25579435227416963,0.9997579166827277
166650.390625,0.833251953125,62.822265625,0.15170898437500002,0.32045898437500003,58101.1061668396,7019.53125,5.2730102742703646e-5,194.8958370811065,0.21273618490673343,0.9989901231223901
166723.6328125,1.6722412109375,176.4599609375,0.33781738281250007,0.18972167968750003,33800.469279289246,7642.578125,6.0448603010365566e-5,285.8808047623052,0.2919439398696315,0.9994477141953165
166943.359375,1.294677734375,128.232421875,0.17836914062500003,0.19887695312500003,70891.18146896362,8355.46875,5.304451324823881e-5,207.3567302807538,0.29412106742710564,0.9994454861137054
167016.6015625,1.1990966796875,196.7138671875,0.29240722656250007,0.29313964843750007,20096.117854118347,8978.515625,4.608807172897295e-5,251.471169575774,0.3024933571389166,0.99966501026289
167236.328125,0.918212890625,293.251953125,0.22143554687500003,0.24487304687500003,80917.35982894897,7847.65625,3.511008534997956e-5,238.08956824063472,0.3302146303849504,0.9993191061863369
167309.5703125,1.5755615234375,392.2802734375,0.2516845703125,0.26296386718750003,9237.667918205261,7470.703125,5.2458195961017966e-5,276.0359458406656,0.3926950423252995,0.9939569455123646
167529.296875,0.541748046875,182.021484375,0.28090820312500003,0.117431640625,37169.360637664795,3371.09375,2.8659151723795902e-5,297.8066280074406,0.22858730157188314,0.9991821682217146
167602.5390625,1.9520263671875,79.1748046875,0.24611816406250003,0.39802246093750004,51593.94919872284,3994.140625,7.728478960054275e-5,293.11459439218953,0.28297322097652694,0.998929484974539
167822.265625,1.671142578125,324.462890625,0.323974609375,0.138818359375,27211.28225326538,4863.28125,5.6492659286895294e-5,348.45327111096003,0.32304678396092795,0.9967676667722329
167895.5078125,0.8226318359375,254.8193359375,0.20539550781250002,0.34558105468750006,62666.21482372284,4486.328125,3.3526759323925437e-5,271.78412642609175,0.3173217316951338,0.9988276251372638
168115.234375,1.734130859375,219.873046875,0.23579101562500002,0.31020507812500003,7702.048778533936,5199.21875,6.070982965672597e-5,291.1160507057238,0.364144577093855,0.9979402814150304
168188.4765625,0.7010498046875,121.0107421875,0.27482910156250007,0.17946777343750003,82618.1172132492,5572.265625,3.81130887246207e-5,250.53376713086274,0.22495917967252968,0.9995629770130812
168408.203125,0.607666015625,363.642578125,0.20151367187500002,0.283544921875,16661.59963607788,2691.40625,2.4932542653362578e-5,310.79742308900467,0.3170099764290922,0.9981476297254266
168481.4453125,1.8275146484375,295.3271484375,0.3067626953125,0.22663574218750002,71701.6190290451,2064.453125,6.153213259740564e-5,451.5290463511984,0.3449602622531871,0.9951881909509691
168701.171875,0.981201171875,82.412109375,0.30083007812500007,0.37407226562500007,61955.23405075073,6214.84375,5.1717382815476814e-5,254.00629164558165,0.22683764097995884,0.9998990652738972
168774.4140625,1.4539794921875,152.2216796875,0.1910400390625,0.1296630859375,27766.17133617401,6587.890625,5.593892458278825e-5,232.42848808880464,0.31055303675576557,0.9992410950713466
168994.140625,1.360595703125,246.103515625,0.26655273437500004,0.33217773437500003,53346.72689437866,9707.03125,4.908879851518858e-5,248.31341471771245,0.3451074167658933,0.9993009855298753
169067.3828125,1.0745849609375,349.1162109375,0.22297363281250004,0.1639404296875,39272.576212882996,9080.078125,3.8673825010476894e-5,233.48001322603633,0.35005036129677797,0.9991197757583387
169287.109375,0.767333984375,311.513671875,0.363525390625,0.154345703125,78305.579662323,6917.96875,3.0470880247636315e-5,298.1131546372111,0.2670399307297498,0.999500530350003
169360.3515625,1.7967529296875,369.3701171875,0.1072509765625,0.3611083984375001,13697.413325309753,6291.015625,5.911948996193077e-5,223.7174581842244,0.5202747852011126,0.9909580712320232
169580.078125,1.890869140625,104.658203125,0.33159179687500007,0.10190429687500001,68558.33578109741,9410.15625,7.170451474411844e-5,248.93497918346168,0.26006141174747055,0.999975493023817
169653.3203125,0.6732177734375,214.3115234375,0.1415283203125,0.38249511718750007,27353.19221019745,9783.203125,3.044949632927694e-5,190.56729448924906,0.2971616067753615,0.9991638111494627
169873.046875,1.514404296875,344.052734375,0.166064453125,0.23696289062500003,32357.913494110107,5933.59375,5.1493804109282445e-5,250.25722588360048,0.4245553653353361,0.9955605979190831
169946.2890625,1.0496826171875,230.5810546875,0.3609619140625,0.25505371093750007,57179.33738231659,5306.640625,4.0944312764052206e-5,330.95366473660204,0.279055813484538,0.9990504160339904
170166.015625,1.143798828125,157.119140625,0.13413085937500002,0.20678710937500003,40646.676540374756,2425.78125,4.7432407238262564e-5,273.17413220991585,0.30928807610148445,0.9981318989486156
170239.2578125,1.4202880859375,98.1005859375,0.3952392578125,0.30104980468750003,45707.74161815643,2798.828125,6.096933115649049e-5,392.5580768451161,0.24211393399821549,0.9988621017676276
170458.984375,1.558349609375,286.279296875,0.29438476562500004,0.125048828125,54942.786693573,2636.71875,5.4188826221675674e-5,397.42978888016745,0.32101426159658525,0.9970867400537977
170532.2265625,0.9002685546875,399.9169921875,0.17873535156250003,0.36931152343750007,28413.573145866394,2009.765625,3.308065058073846e-5,340.4480604986959,0.38666466924584403,0.9968085717750078
170751.953125,1.181884765625,132.548828125,0.250732421875,0.168701171875,45840.18850326538,5128.90625,5.03183765958991e-5,268.8567410282741,0.2663285196100745,0.9992402842595566
171044.921875,0.805419921875,318.818359375,0.24692382812500002,0.193603515625,18135.867595672607,9652.34375,3.13964579816289e-5,230.82457717734488,0.3107553752967615,0.9996823128841175
171118.1640625,1.6531982421875,261.1279296875,0.2824462890625,0.3241943359375,80682.30140209198,9025.390625,5.725287914359772e-5,268.8796674548341,0.35852687151034385,0.9985946556000413
171337.890625,1.934814453125,185.009765625,0.20327148437500003,0.21264648437500003,25831.483364105225,6144.53125,6.787270113534457e-5,258.3101431428264,0.3583080929618935,0.9984721472686868
171411.1328125,0.5238037109375,75.5224609375,0.32375488281250003,0.2694091796875,69755.83732128143,6517.578125,4.217904557202411e-5,227.59282736222954,0.18867691197301747,1.0003580652432214
171630.859375,0.943115234375,207.919921875,0.164306640625,0.25981445312500007,28899.665355682373,9480.46875,3.8603684164690636e-5,202.186130439567,0.3164589584602682,0.9993884493018875
171704.1015625,1.5975341796875,138.2763671875,0.3439697265625,0.24157714843750003,62751.91009044647,9853.515625,6.089712864269865e-5,259.044167636296,0.27702115171176644,0.9998653245569816
171923.828125,1.316650390625,383.564453125,0.12299804687500002,0.29643554687500007,37480.714321136475,6972.65625,4.522814710770493e-5,221.23315431686817,0.4589612534501576,0.9958145980915567
171997.0703125,1.2239990234375,280.7177734375,0.38762207031250007,0.2020263671875,51753.262400627136,6345.703125,4.461777948958871e-5,336.3493287825487,0.28479816877873176,0.9989262425450438
172216.796875,1.690185546875,70.458984375,0.37934570312500004,0.34711914062500004,85985.91947555542,2496.09375,7.356401929528251e-5,388.81137945537324,0.23764100495230095,0.9989862239958307
172290.0390625,0.8504638671875,169.4873046875,0.1101806640625,0.14020996093750002,6996.338725090027,2869.140625,3.855216171663644e-5,245.9338782166059,0.2884994763223141,0.9983597781850504
172509.765625,0.569580078125,266.025390625,0.33803710937500003,0.3966308593750001,75084.969997406,5988.28125,2.6063452481165506e-5,296.1636181049756,0.2646868924045409,0.99961623612475
172583.0078125,1.9710693359375,334.5068359375,0.1538330078125,0.11589355468750001,20357.910990715027,5361.328125,6.486730752332226e-5,253.88846613406014,0.43777730381971747,0.9920661624351499
172802.734375,0.679443359375,108.310546875,0.10922851562500001,0.230517578125,54282.52363204956,4074.21875,3.9935938618908755e-5,219.73390911448348,0.23356148686493872,0.9981006049195625
172875.9765625,1.8963623046875,211.3232421875,0.3638916015625,0.28728027343750007,40199.400782585144,4697.265625,6.600125206869673e-5,373.4890585408147,0.3134392363423902,0.9979938427462602
173095.703125,1.802978515625,305.205078125,0.14057617187500002,0.17573242187500002,65761.971950531,3566.40625,6.061514002010498e-5,274.347979532453,0.43704472271400474,0.9936795400921536
173168.9453125,0.7728271484375,375.0146484375,0.3302001953125,0.30632324218750007,28252.751231193542,3189.453125,2.9792799884255757e-5,384.9826443254515,0.30358846044231586,0.9980519478152551
173388.671875,1.426513671875,162.099609375,0.36176757812500004,0.163134765625,17856.662273406982,7089.84375,5.494494477770284e-5,296.4546331396475,0.26531846928424513,0.9995333526142604
173461.9140625,1.1492919921875,93.7841796875,0.1676025390625,0.33122558593750007,72435.94062328339,7712.890625,5.4364286895573416e-5,208.29613747099665,0.25924516758840543,0.9994179585722912
173681.640625,1.055908203125,336.416015625,0.39311523437500007,0.130615234375,9002.366542816162,8582.03125,3.859142038282978e-5,302.37076972195376,0.27494743763952045,0.9993905724379695
173754.8828125,1.5198974609375,237.5537109375,0.1339111328125,0.3748779296875,82709.49637889862,8205.078125,5.4208290212131006e-5,215.13777809737616,0.41164051969194154,0.9983092010698765
173974.609375,1.822021484375,359.326171875,0.27446289062500007,0.384033203125,47119.45295333862,7792.96875,6.0202221845488266e-5,295.34296905425106,0.40749475560702597,0.9924866573243496
174047.8515625,0.6014404296875,300.3076171875,0.23381347656250004,0.1032958984375,51009.89806652069,7416.015625,2.6081834926104585e-5,237.17313803134107,0.2781212162729502,0.9997673022694643
174267.578125,0.695556640625,226.845703125,0.30815429687500007,0.359716796875,36890.88582992554,8285.15625,3.102268933446987e-5,257.84377640848936,0.2698121413436767,0.9998566480848294
174340.8203125,1.7279052734375,113.3740234375,0.20246582031250002,0.15280761718750002,62694.363474845886,8908.203125,6.704136689920898e-5,216.979152516656,0.2957807878946864,0.999520964923468
174560.546875,1.069091796875,243.115234375,0.189501953125,0.29790039062500007,67185.85538864136,4808.59375,4.138527913623322e-5,266.74035093593045,0.3366556905544819,0.998665399115785
174633.7890625,1.3543701171875,352.7685546875,0.3000244140625,0.20349121093750003,20842.759013175964,4431.640625,4.716933905759547e-5,348.6048364482756,0.334329139310164,0.9972675123704592
174853.515625,1.448486328125,88.056640625,0.223193359375,0.25834960937500007,77691.47634506226,3300.78125,6.400203399057156e-5,290.650731539826,0.25834446709279785,0.9988855560524689
174926.7578125,0.9749755859375,145.9130859375,0.2686767578125,0.24011230468750003,9614.144206047058,3923.828125,4.397534293802989e-5,299.65778114127215,0.2579767951092603,0.9991224515161916
175146.484375,1.066162109375,121.591796875,0.28032226562500007,0.364111328125,77210.7310295105,9261.71875,4.835402899434239e-5,234.72368856257995,0.2595191597081068,1.000032144359252
175219.7265625,1.3455810546875,224.6044921875,0.24904785156250003,0.1208740234375,23604.308009147644,9884.765625,4.972027365994385e-5,233.65242305858908,0.3133638680689668,0.9995474650217595
175439.453125,1.439697265625,297.236328125,0.321044921875,0.342138671875,87047.64699935913,6753.90625,5.062475127064421e-5,317.3447480317185,0.34248688275849215,0.9982071380989377
175732.421875,1.813232421875,154.130859375,0.17661132812500002,0.320166015625,34582.12614059448,2277.34375,6.673083617328978e-5,321.49763914843174,0.34881524529914193,0.9975583487524656
175805.6640625,0.5985107421875,85.8154296875,0.2965087890625,0.18825683593750003,51938.66431713104,2900.390625,4.2724895331265344e-5,290.7385981562575,0.19591018206008015,0.9992210617650032
176025.390625,0.692626953125,349.697265625,0.217333984375,0.27358398437500003,27414.5827293396,5769.53125,2.789086635538633e-5,263.78190876371576,0.31798590569950147,0.999019573789575
176098.6328125,1.7191162109375,250.8349609375,0.25344238281250003,0.21784667968750002,62360.344767570496,5392.578125,5.986033628292639e-5,301.88358073614404,0.34970319120959686,0.997848209040301
176318.359375,1.435302734375,372.607421875,0.112744140625,0.24575195312500003,23033.088207244873,2605.46875,4.906577358146261e-5,280.47005821833864,0.4612636748981713,0.9935719309546293
176391.6015625,1.1522216796875,313.5888671875,0.37678222656250004,0.2650146484375,71468.27971935272,2228.515625,4.217026691770183e-5,476.29737621294584,0.2971814988597046,0.9975373516412915
176611.328125,1.058837890625,218.876953125,0.155810546875,0.197998046875,15132.997035980225,5097.65625,4.2087678666271387e-5,242.7437322942964,0.3269193910602358,0.9987996555157506
176684.5703125,1.5286865234375,105.4052734375,0.3360595703125,0.29108886718750004,82512.78388500214,5720.703125,6.33524333905464e-5,300.04128234699596,0.2586059563950293,0.9994927910856662
176904.296875,0.682373046875,235.146484375,0.346533203125,0.145556640625,50152.881145477295,9621.09375,3.0418056821487656e-5,249.82082805009765,0.24612633946806825,0.9999963308527212
176977.5390625,1.9051513671875,344.7998046875,0.1617431640625,0.35114746093750004,44126.48093700409,9244.140625,6.288646616928699e-5,231.46481544537264,0.470134824294212,0.9928632463889688
177197.265625,1.811767578125,101.337890625,0.38959960937500004,0.11069335937500001,57787.45412826538,6113.28125,7.143024992286649e-5,312.164394631353,0.24063500212053757,0.9995788559287383
177270.5078125,0.7757568359375,159.1943359375,0.12102050781250001,0.3924560546875,33429.45945262909,6736.328125,3.730672522444867e-5,207.27197113193827,0.2781206741835757,0.9986820116411942
177490.234375,1.687255859375,272.998046875,0.170166015625,0.282080078125,78685.08100509644,7949.21875,5.822550086403519e-5,236.41064704061768,0.4104362093615127,0.9976348205949279
177563.4765625,0.8416748046875,386.6357421875,0.35920410156250004,0.22634277343750003,13427.748560905457,7322.265625,3.170173119589286e-5,310.2250442592382,0.2921529120228803,0.9991461915830285
177783.203125,0.560791015625,140.517578125,0.135888671875,0.31166992187500003,69996.80471420288,8441.40625,3.284738634556844e-5,190.66375853070582,0.23616711540667862,0.9989012727816879
177856.4453125,1.9681396484375,199.7021484375,0.3911376953125001,0.17976074218750002,24129.170298576355,8814.453125,6.862472743173926e-5,308.26873003740866,0.28630536029279824,0.9991743353417897
178076.171875,0.934326171875,326.787109375,0.366455078125,0.32719726562500007,36040.74430465698,4964.84375,3.553187367097009e-5,359.23090526960175,0.29911134265498085,0.9985588165674442
178149.4140625,1.5946044921875,269.0966796875,0.10666503906250001,0.15778808593750002,61829.007029533386,4337.890625,5.5830003008767645e-5,239.15519828544032,0.4250906540705136,0.9968309296382029
178369.140625,1.313720703125,171.728515625,0.33217773437500003,0.3790527343750001,45441.75863265991,3457.03125,5.187748113424221e-5,369.97149713593427,0.2908027712936725,0.9984332686330345
178442.3828125,1.2152099609375,62.2412109375,0.1385986328125,0.13581542968750002,51341.39335155487,3830.078125,6.52732638582867e-5,233.1766764410417,0.22741774679944932,0.9985531001943214
178662.109375,0.814208984375,194.638671875,0.29790039062500007,0.10747070312500001,5207.557201385498,4167.96875,3.6471135735346835e-5,307.7756366473922,0.24959083312284522,0.99914470890689
178735.3515625,1.6561279296875,124.9951171875,0.19162597656250002,0.38923339843750004,84128.138422966,4541.015625,6.489953434020426e-5,271.463901953036,0.3163620912753268,0.998792626196268
178955.078125,1.937744140625,391.533203125,0.265966796875,0.14877929687500002,14680.650234222412,3660.15625,6.345465756557505e-5,366.1410871934982,0.3689708726560174,0.9903300038825348
179028.3203125,0.5325927734375,288.6865234375,0.22590332031250002,0.3543701171875,74629.1321516037,3033.203125,2.4827266418716798e-5,309.6559606205351,0.2765593524122888,0.9986974399919626
179248.046875,1.561279296875,78.427734375,0.23168945312500003,0.20883789062500002,68249.08781051636,7183.59375,6.897823477865972e-5,234.2612004391909,0.2513449975303104,0.999595094400052
179321.2890625,0.9090576171875,177.4560546875,0.2765869140625,0.30192871093750007,32793.198466300964,7556.640625,3.9946505039554875e-5,256.21666879900414,0.2699691144886262,0.9996356192373745
179541.015625,1.190673828125,252.744140625,0.199755859375,0.23491210937500004,58845.223903656006,8675.78125,4.4687156298364456e-5,232.94663058859595,0.3415966862400046,0.9992263071957067
179614.2578125,1.2796630859375,321.2255859375,0.31086425781250004,0.25417480468750003,42999.70328807831,8048.828125,4.566908517461375e-5,292.25028186524975,0.3273298734059434,0.9987395851184231
179833.984375,1.511474609375,211.904296875,0.378759765625,0.171923828125,31993.873119354248,8386.71875,5.534445607799672e-5,301.7317703053657,0.2778910836048016,0.999409372363953
179907.2265625,1.0408935546875,113.0419921875,0.1131103515625,0.3411865234375,67494.47524547577,8759.765625,4.924337750091766e-5,189.71921239541757,0.27267453674153785,0.9981987368014241
180126.953125,1.135009765625,376.923828125,0.33510742187500003,0.12182617187500001,41868.32571029663,7878.90625,4.055897603947741e-5,299.28246516010245,0.300394660712497,0.9988863996561406
180200.1953125,1.4173583984375,308.6083984375,0.1544189453125,0.36491699218750007,57393.689036369324,7251.953125,4.985588919507495e-5,239.1749946379436,0.4212705233518642,0.9977584054270217
180419.921875,0.758544921875,95.693359375,0.16254882812500002,0.221728515625,86352.78654098511,3402.34375,4.536552893898881e-5,250.44995331688793,0.22328342673461948,0.998803922988054
180493.1640625,1.7938232421875,165.5029296875,0.34807128906250007,0.2773193359375,6372.05970287323,3775.390625,6.58529307366651e-5,379.53562990017576,0.29389696014680433,0.998363316775523
180712.890625,1.887939453125,238.134765625,0.118896484375,0.18452148437500002,76794.37398910522,4894.53125,6.515053560117318e-5,241.88371411572047,0.4243658177883902,0.9966848220298173
180786.1328125,0.6644287109375,341.1474609375,0.3893798828125,0.3162841796875,16526.162028312683,4267.578125,2.749255113622602e-5,373.6003989638373,0.2712590215121085,0.9987323496182446
181005.859375,0.989990234375,303.544921875,0.24868164062500003,0.287939453125,61056.22053146362,3730.46875,3.7834757473633646e-5,326.52752877910933,0.32578209154388355,0.9981297090094873
181079.1015625,1.4569091796875,361.4013671875,0.27834472656250003,0.1947021484375,33906.78679943085,3103.515625,5.026240447647312e-5,382.83147211245966,0.3467288169975017,0.9961892800143728
181298.828125,1.363525390625,117.939453125,0.20737304687500002,0.268310546875,51107.484340667725,4222.65625,5.808030062614709e-5,274.7236248744163,0.27842116808315026,0.9989422973365366
181372.0703125,1.0833740234375,227.5927734375,0.3219970703125,0.24890136718750003,45602.10883617401,4595.703125,4.2802557803214366e-5,334.5246957430762,0.2845552324863525,0.9988300558616237
181591.796875,1.737060546875,357.333984375,0.29497070312500007,0.39399414062500004,16318.07279586792,8746.09375,5.812447061313283e-5,298.4614796757652,0.3926177920955037,0.9942838001747187
181665.0390625,0.7098388671875,243.8623046875,0.17580566406250003,0.1120849609375,82007.87436962128,8119.140625,3.1262246878649935e-5,215.03738467070156,0.28626859895677953,0.9994868372054821
181884.765625,0.616455078125,149.150390625,0.253662109375,0.34975585937500003,24363.290309906006,7238.28125,3.414553149324817e-5,237.4476593955779,0.2338249813962959,0.9998386631549723
181958.0078125,1.8304443359375,90.1318359375,0.21945800781250002,0.14401855468750002,72559.14390087128,7611.328125,7.404471213544003e-5,233.43393153346497,0.27194094377373473,0.9995611892945047
182177.734375,0.538818359375,395.185546875,0.193603515625,0.183642578125,45047.78242111206,6824.21875,2.282210168801531e-5,239.48789609832238,0.30422678241153694,0.9991580556408185
182250.9765625,1.9432373046875,285.6982421875,0.29826660156250007,0.3154052734375,51163.817286491394,6447.265625,6.553203289996903e-5,323.4763436684711,0.3645156395426453,0.995724319457678
182470.703125,1.662353515625,188.330078125,0.22495117187500002,0.22260742187500004,37436.044216156006,9316.40625,6.073625731734082e-5,239.5511373533704,0.33307223492772386,0.9993377802650518
182543.9453125,0.8197021484375,130.6396484375,0.26457519531250007,0.2781982421875,62340.94703197479,9939.453125,4.1396015768703985e-5,219.8913430107272,0.24041031874228264,1.0000353195873388
182763.671875,1.285888671875,257.724609375,0.27739257812500007,0.135009765625,73546.66471481323,5839.84375,4.763245815974983e-5,297.80226203976457,0.306078839846364,0.998762211015885
182836.9140625,1.1961669921875,316.9091796875,0.23322753906250002,0.37810058593750007,24832.27241039276,5462.890625,4.3547506159836024e-5,297.1213341082184,0.3660764268192403,0.9981604356509285
183056.640625,0.915283203125,70.791015625,0.30874023437500003,0.158740234375,83645.24984359741,2332.03125,5.62120799655564e-5,323.1661599933142,0.201810500011614,0.9989873953065901
183129.8828125,1.5667724609375,184.4287109375,0.19953613281250002,0.3280029296875,12105.950236320496,2955.078125,5.86832399175873e-5,319.8380190186634,0.3411602155793892,0.9978464889951629
183349.609375,1.962646484375,136.201171875,0.35883789062500004,0.35590820312500004,56184.51642990112,5042.96875,7.272418629080398e-5,351.8556215461777,0.2935426007424537,0.9987853578716088
183422.8515625,0.5545654296875,204.6826171875,0.16818847656250002,0.1501708984375,39340.52550792694,5666.015625,2.8791877995174925e-5,228.8306425234251,0.2513776645517086,0.9992403538719794
183642.578125,0.836181640625,279.970703125,0.39252929687500004,0.3878417968750001,65619.64559555054,2535.15625,3.4156667234564234e-5,446.6246066888032,0.27958850647617733,0.9981610813917664
183715.8203125,1.6810302734375,378.9990234375,0.1368408203125,0.10593261718750001,27364.346385002136,2158.203125,5.6398965759384516e-5,318.67105420727256,0.4393700657466869,0.9920444200939579
183935.546875,1.209716796875,168.740234375,0.105126953125,0.25102539062500007,20027.225017547607,6058.59375,4.9408760057609344e-5,214.37363568783368,0.3279893218014307,0.9984082121026651
184008.7890625,1.3074951171875,65.8935546875,0.36564941406250007,0.23161621093750004,79568.43650341034,6681.640625,6.694224600505932e-5,267.18339479126655,0.2131497593961814,0.9999061184578155
184228.515625,1.589111328125,332.431640625,0.138818359375,0.30522460937500007,12896.859645843506,9550.78125,5.432111255709557e-5,219.85336031078893,0.4479144034203017,0.9960500350812139
184301.7578125,0.9281005859375,262.7880859375,0.33430175781250004,0.21198730468750002,90023.78165721893,9173.828125,3.7060186518586526e-5,271.476269046517,0.2775086884333697,0.9996496587422409
184521.484375,1.863037109375,323.466796875,0.21469726562500002,0.12973632812500002,49771.58308029175,3011.71875,6.263043377773617e-5,346.99509743714856,0.38026221076608335,0.9937646743422096
184594.7265625,0.6424560546875,256.4794921875,0.2584228515625,0.3739990234375,44221.28188610077,3634.765625,2.9294620185423437e-5,315.59227026737835,0.2758584151784337,0.9988354061835627
184814.453125,0.736572265625,180.361328125,0.180419921875,0.16401367187500002,61460.79397201538,4503.90625,3.557752177517822e-5,252.7099167424297,0.2610148012061732,0.9991428732130865
185107.421875,1.110107421875,292.255859375,0.317236328125,0.17954101562500002,26723.849773406982,8027.34375,4.164840207624935e-5,286.7434602925461,0.2964322441427256,0.9992856367397387
185180.6640625,1.3953857421875,393.9404296875,0.21213378906250002,0.31013183593750004,75437.56568431854,8650.390625,4.7894666752272316e-5,258.6532456496076,0.40601403246111667,0.9963346642082449
185400.390625,1.489501953125,126.572265625,0.282958984375,0.22670898437500003,16628.2057762146,7519.53125,6.067909980592926e-5,264.10016152658085,0.2720710083592452,0.9996025016734195
185473.6328125,1.0159912109375,197.7099609375,0.24406738281250004,0.28347167968750003,84858.6357831955,7142.578125,4.234822667884466e-5,258.41113760424156,0.2903124867709814,0.999449577111536
185693.359375,0.638427734375,64.482421875,0.384619140625,0.255126953125,42033.63752365112,8855.46875,5.090893950767197e-5,218.13918808485528,0.18468457176052486,1.0005914264230003
185766.6015625,1.8553466796875,175.4638671875,0.12365722656250001,0.23688964843750002,57996.26433849335,8478.515625,6.704348437542364e-5,211.75439589985095,0.38051225640875364,0.9983596557408863
185986.328125,1.761962890625,272.001953125,0.3526855468750001,0.301123046875,31059.083461761475,7347.65625,6.102716549285521e-5,331.76977282663205,0.3277512327091699,0.9980033070682521
186059.5703125,0.7318115234375,328.5302734375,0.15793457031250002,0.2067138671875,68421.62787914276,7970.703125,2.981535489790628e-5,221.4691987212719,0.32679806077705137,0.9992866090434064
186279.296875,1.385498046875,203.271484375,0.149658203125,0.361181640625,80455.4934501648,3871.09375,5.2810019170114156e-5,272.431490984887,0.3570174210524991,0.9980818103896811
186352.5390625,1.1082763671875,142.9248046875,0.33986816406250003,0.15427246093750002,17747.81882762909,3494.140625,4.9104710658947375e-5,347.69413696489164,0.24213548677227895,0.9990062244336538
186572.265625,1.014892578125,388.212890625,0.11772460937500001,0.382568359375,90637.55178451538,4363.28125,3.714963942984343e-5,254.7955755187212,0.41940987172906513,0.9973904528484456
186645.5078125,1.4788818359375,276.0693359375,0.3741455078125,0.1018310546875,8932.99949169159,4986.328125,5.297134502012692e-5,369.98713593755457,0.27893931281374695,0.9984162166088953
186865.234375,0.890380859375,156.123046875,0.32954101562500004,0.21645507812500003,68800.43745040894,5699.21875,4.1766366202355914e-5,292.55913572314427,0.24111232549857656,0.9994924235503145
186938.4765625,1.5447998046875,99.7607421875,0.1435791015625,0.27321777343750003,31034.560084342957,5072.265625,6.602718418460632e-5,237.71397346805134,0.2854968515471836,0.9987782075675978
187158.203125,1.263916015625,342.392578125,0.3702636718750001,0.18979492187500002,57836.16018295288,2191.40625,4.53652842695505e-5,486.93853097223155,0.29465045085019154,0.9973414298111147
187231.4453125,1.1712646484375,231.5771484375,0.10051269531250001,0.32038574218750004,39887.471079826355,2564.453125,4.561953751905044e-5,267.9354806962123,0.36573576806068997,0.9975938647702149
187451.171875,1.637451171875,103.662109375,0.132080078125,0.16782226562500002,8966.586589813232,6714.84375,6.773669476655362e-5,216.17868778797597,0.2941244226114904,0.998818854802339
187524.4140625,0.7977294921875,215.9716796875,0.39729003906250004,0.3359130859375,90230.40473461151,6087.890625,3.5452828340748565e-5,326.1533490159658,0.25291998095113677,0.9995075643517187
187744.140625,0.516845703125,309.853515625,0.17280273437500002,0.12592773437500002,21567.796230316162,9207.03125,2.396587107099563e-5,208.35967308299203,0.2786615073002661,0.9994382820139407
187817.3828125,1.9183349609375,370.3662109375,0.3542236328125,0.37019042968750004,80217.644572258,9580.078125,6.338935828481153e-5,322.3461395646227,0.36698103764921086,0.9925700119734038
188037.109375,1.611083984375,247.763671875,0.19477539062500002,0.3980957031250001,37600.013256073,6417.96875,5.749007169740442e-5,271.1042999638835,0.3882265441190034,0.9982018354572765
188110.3515625,0.9530029296875,348.1201171875,0.31350097656250003,0.11735839843750001,64122.034907341,6791.015625,3.607030007834284e-5,300.8464881374876,0.28998516144697806,0.999088944062159
188330.078125,1.234619140625,83.408203125,0.23784179687500004,0.34565429687500004,49692.61312484741,9910.15625,6.058840481350436e-5,217.0194349689013,0.24175456692170552,0.9999541157914456
188403.3203125,1.3294677734375,150.5615234375,0.27277832031250004,0.13874511718750002,55702.2522687912,9283.203125,5.425709370134816e-5,243.77869475509183,0.2712945036916968,0.9998213497347462
188623.046875,0.858154296875,365.302734375,0.25981445312500007,0.293212890625,85154.66642379761,5433.59375,3.3031553340990855e-5,303.7688570034591,0.3237424404257723,0.9986704304461549
188696.2890625,1.7059326171875,294.3310546875,0.22971191406250002,0.19880371093750002,13653.45847606659,5806.640625,5.8967265244895715e-5,294.9144937303853,0.3664299364606334,0.9970660662217283
188916.015625,1.987548828125,220.869140625,0.30288085937500003,0.263037109375,73854.31814193726,2925.78125,6.937792764629735e-5,406.2100791539296,0.33081083031065744,0.9971531730963177
188989.2578125,0.5765380859375,119.3505859375,0.18898925781250003,0.24479980468750004,21543.801188468933,2298.828125,3.776125251909159e-5,287.08313102191784,0.2157744491717247,0.9987130521687793
189208.984375,0.714599609375,265.029296875,0.125634765625,0.331298828125,8683.509349822998,2136.71875,3.141865412341898e-5,289.4423006044052,0.3109884828322502,0.9980055143607802
189282.2265625,1.7440185546875,336.1669921875,0.3849853515625,0.16306152343750002,83552.06191539764,2509.765625,5.945814978121634e-5,495.48953118736415,0.29971367646800884,0.9961815946077662
189501.953125,1.838134765625,68.798828125,0.156982421875,0.37495117187500004,22992.04397201538,5628.90625,8.036142094033455e-5,236.0643319928977,0.2672676719467681,0.9989097114163926
189794.921875,1.461669921875,382.568359375,0.340673828125,0.287353515625,66971.68302536011,9152.34375,5.026244562506232e-5,310.00705446704023,0.33937021026833936,0.9973374320771116
189868.1640625,0.9969482421875,282.3779296875,0.15119628906250002,0.23044433593750002,41449.39124584198,9525.390625,3.876702018788716e-5,214.52591304200035,0.3474498919456292,0.9992179495898103
190087.890625,1.091064453125,206.259765625,0.37202148437500004,0.306396484375,56153.382778167725,6644.53125,4.4433603525417196e-5,320.48357117589615,0.2708620115560636,0.9994130387217601
190161.1328125,1.3675537109375,139.2724609375,0.11750488281250002,0.1756591796875,49309.67032909393,6017.578125,5.669872698726887e-5,220.52304036455516,0.3088250965673295,0.9985631586386203
190380.859375,1.786865234375,186.669921875,0.258056640625,0.20356445312500002,90239.26496505737,9980.46875,6.491274127169946e-5,251.8826987070813,0.3205263137371597,0.9994567205415996
190454.1015625,0.7537841796875,74.5263671875,0.21271972656250002,0.2978271484375,10087.298274040222,9353.515625,5.111107652928108e-5,197.97170363193484,0.20570217683613704,1.0001589885531281
190673.828125,0.660400390625,319.814453125,0.291748046875,0.24018554687500002,79672.85299301147,6472.65625,2.820745174781285e-5,286.7663907404612,0.2769521322432385,0.9993575677866516
190747.0703125,1.8802490234375,259.4677734375,0.18137207031250002,0.2582763671875,18581.692576408386,6845.703125,6.48329866419743e-5,261.5705598873346,0.3986562901956172,0.9970178175996652
190966.796875,1.033935546875,134.208984375,0.21059570312500003,0.10336914062500001,31762.89701461792,2996.09375,4.84634759680403e-5,296.8125671541426,0.2527368023614376,0.9987854397939844
191040.0390625,1.5067138671875,190.7373046875,0.31643066406250003,0.38395996093750007,71026.97837352753,2369.140625,5.7310582004187254e-5,422.88199558942523,0.3086574368022785,0.9978451324120915
191259.765625,1.413330078125,287.275390625,0.24428710937500003,0.152880859375,43648.812770843506,5488.28125,5.096594079013546e-5,300.59622670336745,0.33329103397417204,0.9982493513719353
191333.0078125,1.1273193359375,398.2568359375,0.28508300781250007,0.3596435546875001,61792.23716259003,5861.328125,4.0468920297890445e-5,326.82436580962377,0.3555262447588769,0.9977719665535998
191552.734375,1.335693359375,87.060546875,0.31547851562500007,0.32426757812500007,20294.12031173706,4574.21875,6.369689195129205e-5,304.30219874437586,0.23655105592709885,0.9993386500338901
191625.9765625,1.2401123046875,147.5732421875,0.19514160156250002,0.1935302734375,84070.25039196014,4197.265625,5.2772422859114595e-5,276.1287764501766,0.2832253298741035,0.9988459260610681
191845.703125,0.959228515625,241.455078125,0.271826171875,0.26948242187500004,8824.594020843506,3066.40625,3.943982058729918e-5,351.8897300301466,0.289424922112203,0.9982661050074894
191918.9453125,1.6165771484375,353.7646484375,0.23645019531250003,0.2125732421875,94855.65650463104,3689.453125,5.53200700170171e-5,347.44851987554296,0.3737127850466942,0.9947697971523657
192138.671875,0.582763671875,225.849609375,0.230517578125,0.369384765625,58266.81852340698,7589.84375,2.9047372902351628e-5,243.1052102290433,0.25977263755824664,0.9996806095653565
192211.9140625,1.9930419921875,115.0341796875,0.2613525390625,0.12497558593750001,41133.755564689636,7212.890625,7.638596070001135e-5,265.8687534120214,0.28054240165270405,0.9993641137627121
192431.640625,1.712158203125,357.666015625,0.18686523437500002,0.33686523437500004,69147.38607406616,8082.03125,5.786711390593157e-5,261.38366184935575,0.43255942801219277,0.9946159160427247
192504.8828125,0.8636474609375,301.3037109375,0.30266113281250007,0.1686279296875,31425.49979686737,8705.078125,3.45904890832148e-5,270.299037916897,0.2824592012879775,0.9995897738780399
192724.609375,1.165771484375,338.076171875,0.143212890625,0.140283203125,79357.36799240112,7292.96875,4.259617444273343e-5,233.35771741079276,0.38294480621179366,0.9981755075555537
192797.8515625,1.2576904296875,236.5576171875,0.32756347656250007,0.34704589843750006,28719.00451183319,7916.015625,4.802143083837268e-5,301.32779913519744,0.30571517110919827,0.9992283259421764
193017.578125,1.539306640625,163.095703125,0.10190429687500001,0.115966796875,89955.21688461304,8785.15625,5.953570358370762e-5,199.11384556973877,0.34648704957049276,0.9979548200806327
193090.8203125,0.8841552734375,92.1240234375,0.3712158203125,0.39655761718750004,19403.836131095886,8408.203125,5.058043535489187e-5,255.72906259183563,0.21547268107973194,1.0002400799632472
193310.546875,1.912841796875,306.865234375,0.395751953125,0.24165039062500002,45296.45109176636,4308.59375,6.498742366839928e-5,430.1851143423356,0.309597478578222,0.9961818058388671
193383.7890625,0.5106201171875,374.0185546875,0.1312744140625,0.2597412109375,51775.071024894714,4931.640625,2.2853639883575125e-5,241.27126008512855,0.30649415009005604,0.9987201749908551
193603.515625,0.792236328125,109.306640625,0.35444335937500004,0.20209960937500002,33726.388454437256,3800.78125,4.55457697559951e-5,314.9748183955068,0.209972598236447,0.9993776625716063
193676.7578125,1.6312255859375,209.6630859375,0.1749267578125,0.2963623046875,62332.46695995331,3423.828125,6.002247689037377e-5,303.5795919781577,0.3602202059853739,0.9976588207374585
193896.484375,1.347412109375,312.841796875,0.33657226562500003,0.195361328125,13627.479076385498,8761.71875,4.8489302916406384e-5,301.10012480159816,0.3058208023239675,0.9990582918127866
193969.7265625,1.0643310546875,373.3544921875,0.1552978515625,0.28962402343750004,96011.4735364914,8384.765625,3.9024009069258614e-5,235.33319791749201,0.38976206970178584,0.9985230525592732
194189.453125,0.970947265625,105.986328125,0.377294921875,0.24838867187500002,23353.31106185913,7253.90625,5.0537653521291296e-5,275.3953471325813,0.2188464991207399,0.9998934198143222
194482.421875,0.594482421875,345.380859375,0.120361328125,0.113916015625,68261.93571090698,3777.34375,2.5974687385355212e-5,250.32296812972618,0.30977898335821075,0.9983991571401376
194555.6640625,1.8172607421875,234.5654296875,0.3902587890625,0.3945068359375,28221.989512443542,3400.390625,6.440513550004741e-5,452.31970211134905,0.3201349483672757,0.997375625301595
194775.390625,1.723876953125,158.447265625,0.16108398437500002,0.142333984375,57876.1305809021,4269.53125,6.560369802634841e-5,269.6787568406257,0.32743745467931246,0.9984260086163829
194848.6328125,0.6878662109375,102.0849609375,0.34719238281250003,0.3490966796875,39750.115275382996,4892.578125,4.410629496161986e-5,285.2432750169521,0.2065905810899122,0.9996687380337147
195068.359375,1.154052734375,223.857421875,0.20649414062500002,0.33950195312500003,90571.90656661987,3105.46875,4.595111265704393e-5,322.043169833824,0.3215348559029683,0.9981027397315568
195141.6015625,1.4334716796875,122.3388671875,0.3205322265625,0.1712646484375,14794.390559196472,3728.515625,6.112040828069438e-5,341.40500659442694,0.25023550881375145,0.9989478179678946
195361.328125,1.527587890625,367.626953125,0.24956054687500004,0.36674804687500007,79818.54391098022,4597.65625,5.260366079187019e-5,342.1375810305728,0.3913796433304698,0.994835682436504
195434.5703125,1.0599365234375,296.6552734375,0.27980957031250003,0.1223388671875,26841.580271720886,4220.703125,4.076198022201412e-5,334.14300781237614,0.29588983923636136,0.9983429275608287
195654.296875,1.901123046875,86.396484375,0.252783203125,0.27680664062500004,37424.487590789795,8121.09375,7.857935573496737e-5,250.4591459484352,0.2672732663910696,0.9997006940721886
195727.5390625,0.6864013671875,153.5498046875,0.21799316406250002,0.2198974609375,64683.24363231659,8744.140625,3.6864249007184404e-5,220.34066165041335,0.237573182974478,0.9997234218696351
195947.265625,0.780517578125,250.087890625,0.29584960937500004,0.31694335937500007,47278.29885482788,7613.28125,3.39865534692423e-5,277.2849886608932,0.2752094510695374,0.9996103547012348
196020.5078125,1.8070068359375,350.4443359375,0.17727050781250003,0.1862060546875,53842.17917919159,7236.328125,6.092111556190696e-5,262.30139265921497,0.4152427892249706,0.9944441900896899
196240.234375,0.843505859375,124.248046875,0.22641601562500002,0.15083007812500002,23682.273387908936,6449.21875,4.470922589691854e-5,240.9122181364355,0.23261837833241078,0.9994188418209815
196313.4765625,1.6854248046875,195.3857421875,0.26545410156250004,0.35759277343750007,76460.34133434296,6822.265625,6.226977839959802e-5,295.9917928910882,0.3316579779438029,0.9988539889124552
196533.203125,1.967041015625,289.267578125,0.192138671875,0.105419921875,16798.68459701538,9941.40625,6.671708580015244e-5,240.9696422633985,0.38482171813807337,0.9966157171532875
196606.4453125,0.5618896484375,390.9521484375,0.29738769531250003,0.3860107421875001,87505.51307201385,9314.453125,2.405624525675342e-5,268.5739314297025,0.29134858769678407,0.9997836769893117
196826.171875,1.590576171875,178.037109375,0.31020507812500003,0.23344726562500004,57248.99625778198,5464.84375,6.0693695026158455e-5,324.6969959812382,0.29024819446630645,0.9988411668956643
196899.4140625,0.9383544921875,77.8466796875,0.20041503906250002,0.25153808593750004,51307.217478752136,5837.890625,5.651283133490702e-5,232.70930825031067,0.2163446596188854,0.9994691543867366
197119.140625,1.219970703125,320.478515625,0.27592773437500007,0.21030273437500002,67703.47738265991,2957.03125,4.494687460928881e-5,383.0710380613428,0.32124608926771353,0.9975204498106983
197192.3828125,1.3089599609375,253.4912109375,0.23234863281250004,0.3045654296875,37842.30887889862,2330.078125,4.939929366853049e-5,374.73524084932984,0.3337701220837289,0.9974573051975986
197412.109375,1.657958984375,385.888671875,0.39165039062500007,0.313720703125,82397.132396698,5667.96875,5.6232890899239926e-5,402.04614017921955,0.32923602572745186,0.9948191917696275
197485.3515625,0.8123779296875,273.7451171875,0.1353759765625,0.1829833984375,16822.352290153503,5041.015625,3.4288884933776323e-5,245.01730004404652,0.3183832104006238,0.9985467166874976
197705.078125,0.531494140625,200.283203125,0.359716796875,0.280029296875,93139.75667953491,2160.15625,2.9675882506179438e-5,388.5687374080525,0.22159572170546676,0.9988496960771792
197778.3203125,1.9388427734375,139.9365234375,0.16965332031250002,0.22312011718750002,4015.2405500411987,2533.203125,7.34261632076126e-5,316.0193068444247,0.32693251937714085,0.9978175858586797
197998.046875,0.905029296875,269.677734375,0.137939453125,0.3775878906250001,46215.15226364136,6683.59375,3.7058721830368606e-5,236.652413576732,0.33814724033873017,0.9988419512354912
198071.2890625,1.5653076171875,326.2060546875,0.33283691406250004,0.1331787109375,63691.819071769714,6056.640625,5.480544450949438e-5,344.3863026607742,0.3069208246359415,0.9978956905415574
198291.015625,1.284423828125,61.494140625,0.10600585937500001,0.32866210937500007,36720.223903656006,9175.78125,7.00687824400569e-5,187.2827457560698,0.23136665119745287,0.9971386839207195
198364.2578125,1.1859130859375,172.4755859375,0.36711425781250007,0.1604248046875,75876.59537792206,9548.828125,4.951098434362673e-5,276.6080857318062,0.2501193810485554,0.9998606207924908
198583.984375,1.042724609375,360.654296875,0.322509765625,0.26567382812500007,63713.23347091675,9886.71875,3.880252386462833e-5,286.61709424378586,0.31207217524264186,0.9992722049135133
198657.2265625,1.5096435546875,304.2919921875,0.20686035156250002,0.24743652343750003,46268.03481578827,9259.765625,5.348897475934159e-5,254.0067206748927,0.37356008949328284,0.9984564366656564
198876.953125,1.416259765625,228.173828125,0.27885742187500007,0.29057617187500007,73947.06106185913,6378.90625,5.336322309468283e-5,305.256240974263,0.3158867370730057,0.9988399471187769
198950.1953125,1.1361083984375,117.3583984375,0.24816894531250003,0.1961669921875,33894.299387931824,6751.953125,5.3861219435125505e-5,254.37205422608577,0.2463219375548101,0.9994775603398282
199169.921875,1.789794921875,244.443359375,0.218798828125,0.35297851562500004,16734.378337860107,2902.34375,6.347578322039686e-5,358.9494680918185,0.3737509805936699,0.9967272498534004
199243.1640625,0.7625732421875,356.7529296875,0.25432128906250007,0.14606933593750002,84292.40882396698,2275.390625,3.0939061944825195e-5,376.8046893031753,0.29227429225850393,0.9979195018394794
199462.890625,0.669189453125,89.384765625,0.17514648437500002,0.3907714843750001,8112.245082855225,5394.53125,4.6957245564474914e-5,230.28716948022586,0.2091243275820362,0.9993297214649802
199536.1328125,1.8831787109375,149.8974609375,0.2956298828125,0.11003417968750001,95522.43888378143,5767.578125,7.102795004843449e-5,309.17351627506065,0.28050097912604227,0.9990022151479516
199755.859375,1.458740234375,112.294921875,0.154931640625,0.11918945312500001,48431.83088302612,2230.46875,6.383862786590538e-5,299.61912914970685,0.2747940811706032,0.9983307045785353
199829.1015625,0.9881591796875,212.6513671875,0.3345947265625,0.36345214843750007,55131.51824474335,2603.515625,4.209712281139049e-5,406.06785274475925,0.2739415387686161,0.9982996732224264
200048.828125,1.082275390625,309.189453125,0.11362304687500001,0.174560546875,39197.938442230225,5722.65625,4.12146317611072e-5,237.07670528987043,0.3725291397493404,0.9981924064541345
200122.0703125,1.3646240234375,376.3427734375,0.37824707031250004,0.3426513671875,68135.43403148651,5095.703125,4.810665479822565e-5,401.4206973307984,0.32555985494734685,0.9971444827511097
200341.796875,0.705810546875,166.083984375,0.38872070312500007,0.187744140625,80147.90678024292,9246.09375,3.6710685912790256e-5,262.9443425005079,0.2194437020758485,1.000024005384068
200415.0390625,1.7410888671875,95.1123046875,0.11955566406250001,0.3183349609375,28263.184428215027,9619.140625,7.31945025849603e-5,202.59596908395847,0.29485218588393114,0.9984144926604402
200634.765625,1.835205078125,340.400390625,0.34741210937500006,0.21850585937500003,90219.247341156,6738.28125,6.226106644023953e-5,353.5591541549173,0.3261290413922089,0.9958246334270235
200708.0078125,0.6116943359375,238.8818359375,0.1632080078125,0.2752685546875,14739.502787590027,6111.328125,2.992785007362095e-5,239.1482906181224,0.27103842922711896,0.9990298463509741
200927.734375,1.945068359375,203.935546875,0.137353515625,0.389892578125,67037.28437423706,7324.21875,6.936542531482406e-5,243.85310264887346,0.4041393010021994,0.9980190312219657
201000.9765625,0.5369873046875,136.9482421875,0.39201660156250007,0.1091552734375,39468.687891960144,7947.265625,3.509913878744357e-5,251.35579970808317,0.19592534032482833,0.999953411756154
201220.703125,0.818603515625,379.580078125,0.168701171875,0.353857421875,57537.118434906006,8816.40625,3.2008105179325084e-5,238.61949952285352,0.35553968686313725,0.9990118741338403
201293.9453125,1.6634521484375,279.3896484375,0.35832519531250007,0.14694824218750002,50558.65943431854,8439.453125,5.885393772676932e-5,318.88937806610414,0.29432811990325664,0.9988390969044295
201513.671875,1.192138671875,66.474609375,0.33364257812500003,0.30375976562500007,14367.587566375732,4339.84375,6.772056406639347e-5,296.83526902910705,0.20984288756916153,0.9995555027161493
201586.9140625,1.2899169921875,168.1591796875,0.13947753906250002,0.20935058593750003,92441.03705883026,4962.890625,5.333936892155503e-5,250.02583493386385,0.31102218831660366,0.9986903938586115
201806.640625,1.571533203125,262.041015625,0.364990234375,0.25249023437500007,25587.754726409912,3832.03125,5.713549357673622e-5,412.98666216020973,0.30022608322128713,1.0018874281727528
201879.8828125,0.9105224609375,333.1787109375,0.1057861328125,0.23425292968750003,80543.328166008,3455.078125,3.5830872331444005e-5,262.1175132123143,0.364363961225798,0.9977632131348813
202099.609375,0.556396484375,284.951171875,0.26508789062500004,0.224658203125,31355.659008026123,4542.96875,2.6789783829253288e-5,299.6979800061461,0.255146589837291,0.9991712542770674
202172.8515625,1.9608154296875,395.9326171875,0.22443847656250004,0.28142089843750007,72384.16564464569,4166.015625,6.494456375273893e-5,347.4897030853915,0.41375744427304073,0.9907317711533421
202392.578125,1.679931640625,131.220703125,0.29877929687500004,0.18159179687500002,41714.86043930054,3035.15625,6.766596619594297e-5,366.20601535232856,0.26768504539371196,0.9984963429817563
202465.8203125,0.8372802734375,187.7490234375,0.19309082031250002,0.31218261718750007,61569.363474845886,3658.203125,3.940442549314831e-5,288.6396182359004,0.2713631677781724,0.9987873671168794
202685.546875,1.303466796875,317.490234375,0.19887695312500003,0.157275390625,99007.32755661011,7558.59375,4.752399729978105e-5,262.01443933086813,0.35244265251324675,0.9986111313032207
202758.7890625,1.2137451171875,257.1435546875,0.30939941406250004,0.32536621093750007,11114.21287059784,7181.640625,4.667167535902386e-5,309.5667561982158,0.307169260500913,0.9990905658381823
202978.515625,0.932861328125,183.681640625,0.23256835937500003,0.136474609375,87756.356716156,8050.78125,4.2108240751211614e-5,244.60763514913023,0.2629783422662741,0.9995897658375278
203051.7578125,1.5843505859375,71.5380859375,0.2780517578125,0.3807373046875,23703.347086906433,8673.828125,7.528229209027269e-5,246.79524363305464,0.23955892343979854,0.9999037129892454
203271.484375,0.644287109375,174.716796875,0.158447265625,0.29848632812500003,35859.59577560425,2511.71875,3.505533912805175e-5,288.6526519136066,0.24728877739593133,0.998474280790198
203344.7265625,1.8612060546875,65.2294921875,0.3521728515625,0.2052490234375,66362.76137828827,2134.765625,8.529991366447467e-5,393.1025170364933,0.22390581711925978,0.9989347231829951
203564.453125,1.767822265625,329.111328125,0.124169921875,0.25776367187500004,49565.40822982788,5003.90625,6.052864328170176e-5,265.6285694394435,0.4481740234053928,0.9942184557870256
203857.421875,1.391357421875,143.505859375,0.37348632812500004,0.38579101562500007,93491.67203903198,9527.34375,5.808319780273058e-5,291.03678503700365,0.2669917775112505,0.9998504617479187
203930.6640625,1.1141357421875,202.6904296875,0.11838378906250001,0.1038818359375,19188.725352287292,9150.390625,4.604793711736866e-5,207.0809074321261,0.3188743027477383,0.9986872582627404
204150.390625,1.020751953125,275.322265625,0.339208984375,0.35795898437500007,82329.3776512146,6019.53125,4.062386230288038e-5,336.71935238104334,0.2943719802482761,0.9989440208060728
204223.6328125,1.4847412109375,388.9599609375,0.1503173828125,0.1522216796875,27689.629435539246,6642.578125,5.131516484334448e-5,257.8766206698831,0.4155387697733473,0.9954518062169032
204443.359375,1.857177734375,255.732421875,0.290869140625,0.161376953125,75060.12678146362,9355.46875,6.51786708493059e-5,286.2317815068502,0.32306696335838175,0.9987227145782902
204516.6015625,0.6365966796875,324.2138671875,0.17990722656250002,0.33063964843750004,35278.85711193085,9978.515625,2.789980906445329e-5,226.49925871881837,0.3034541194773571,0.999713456288679
204736.328125,0.730712890625,80.751953125,0.25893554687500003,0.132373046875,63143.189907073975,6847.65625,5.1524191902759745e-5,227.82771222873936,0.19754760244522387,0.9997895901502487
204809.5703125,1.7630615234375,179.7802734375,0.21418457031250002,0.3754638671875,44671.01752758026,6470.703125,6.598833079660412e-5,282.25214263155624,0.3414438749856321,0.9987208322987878
205029.296875,1.104248046875,394.521484375,0.24340820312500003,0.22993164062500002,6918.628215789795,2371.09375,4.04747897111351e-5,394.00759353337395,0.34223717356475203,0.9969604907654134
205102.5390625,1.3895263671875,291.6748046875,0.28361816406250007,0.2855224609375,99707.47458934784,2994.140625,5.095981014559655e-5,395.8228239411905,0.32847595202371055,0.9973985532825818
205322.265625,1.483642578125,196.962890625,0.211474609375,0.176318359375,21129.73928451538,5863.28125,5.7226313782079364e-5,278.6146878911227,0.3140513134308901,0.9988314674252845
205395.5078125,1.0101318359375,127.3193359375,0.31789550781250003,0.3080810546875,88813.79783153534,5486.328125,4.9987222865458457e-5,298.1967764357512,0.2375438586122401,0.9995387318962864
205615.234375,1.546630859375,347.373046875,0.273291015625,0.34770507812500007,44307.029247283936,4199.21875,5.4016356251040616e-5,369.0837850039919,0.3681394205999791,0.995739465268635
205688.4765625,0.8885498046875,248.5107421875,0.23732910156250003,0.1419677734375,64144.85061168671,4572.265625,3.791004083292989e-5,298.90154261077475,0.2790788968396255,0.9988199685070267
205908.203125,1.170166015625,151.142578125,0.31401367187500007,0.39604492187500007,33111.55080795288,3691.40625,5.193588087394972e-5,352.1292034770768,0.2652962064919648,0.9988301556595016
205981.4453125,1.2650146484375,82.8271484375,0.1942626953125,0.1141357421875,75252.4002790451,3064.453125,6.538814222148516e-5,283.672942044797,0.23136696916267466,0.9988906049793361
206201.171875,0.793701171875,294.912109375,0.18833007812500002,0.261572265625,87603.42741012573,7214.84375,3.347851524179456e-5,251.64761511779682,0.3070321360937589,0.9992172981905386
206274.4140625,1.6414794921875,364.7216796875,0.30354003906250004,0.24216308593750002,21654.35492992401,7587.890625,5.640768009262923e-5,323.8978264704304,0.34549314999946845,0.9962369824216574
206494.140625,1.923095703125,118.603515625,0.229052734375,0.294677734375,99323.28939437866,8707.03125,7.562555450152467e-5,254.0797800978542,0.297110759847109,0.9995104849507043
206567.3828125,0.5120849609375,221.6162109375,0.2604736328125,0.20144042968750003,10474.114298820496,8080.078125,2.816098636154598e-5,242.71468851643493,0.23229832298292447,0.9997711781376509
206787.109375,0.954833984375,99.013671875,0.101025390625,0.19184570312500002,59804.847240448,7917.96875,5.286511423991509e-5,197.74032913203095,0.2398800961785904,0.9976030554671513
206860.3515625,1.6092529296875,156.8701171875,0.3697509765625,0.3236083984375,52426.66137218475,7291.015625,6.343908569944217e-5,324.68992485192524,0.27539055889911235,0.9994565312734842
207080.078125,1.328369140625,232.158203125,0.144091796875,0.214404296875,71164.29281234741,8410.15625,5.107035713997013e-5,231.47805545590256,0.34872152217520114,0.998918776645808
207153.3203125,1.2357177734375,341.8115234375,0.32902832031250007,0.2699951171875,42826.45881175995,8783.203125,4.522070586324595e-5,310.03019984406905,0.31534481710821266,0.9989262317728744
207373.046875,1.701904296875,216.552734375,0.35356445312500007,0.12446289062500002,25619.632244110107,4933.59375,6.26832978089298e-5,367.92897104519676,0.2779798384937638,0.9985955433833198
207446.2890625,0.8621826171875,103.0810546875,0.1734619140625,0.3675537109375,81466.08054637909,4306.640625,5.027256275684559e-5,256.4025234976556,0.22959419839010053,0.9990274412381621
207666.015625,0.581298828125,369.619140625,0.3966308593750001,0.16928710937500002,12201.608180999756,3425.78125,2.5676515582407713e-5,402.2298859980175,0.24337716055932243,0.9986472042416653
207739.2578125,1.9827880859375,310.6005859375,0.1327392578125,0.33854980468750007,93486.30607128143,3798.828125,6.731121894797254e-5,294.99394628877945,0.45658562736709474,0.9931204217044278
207958.984375,1.745849609375,73.779296875,0.181884765625,0.23754882812500003,79726.722240448,3636.71875,8.035948012599813e-5,277.83903916443916,0.25130119340743123,0.9988274741178678
208032.2265625,0.7127685546875,187.4169921875,0.2912353515625,0.2568115234375,22416.991114616394,3009.765625,3.639521545835056e-5,340.95149093613423,0.23890340400023535,0.9988977690566679
208251.953125,0.619384765625,260.048828125,0.21323242187500002,0.20620117187500003,92358.74319076538,4128.90625,2.9853354832145813e-5,288.5115184516928,0.2622765262348363,0.9988840290510572
208544.921875,0.992919921875,191.318359375,0.284423828125,0.15610351562500002,55201.78556442261,8652.34375,4.371690716840645e-5,261.6999389132658,0.25881052589184955,0.9997332065179192
208618.1640625,1.4656982421875,133.6279296875,0.24494628906250002,0.3616943359375,62067.43323802948,8025.390625,6.176063057106133e-5,263.9263886770194,0.28375881475798675,0.9994937401119341
208837.890625,1.372314453125,397.509765625,0.315771484375,0.10014648437500001,43384.950160980225,7144.53125,4.830690004880978e-5,325.88177854975464,0.3101062284013608,0.9979243414027666
208911.1328125,1.0863037109375,288.0224609375,0.21125488281250002,0.38190917968750004,72813.45450878143,7517.578125,4.2315932207764815e-5,271.79298326521985,0.33991389644656744,0.9989789931932216
209130.859375,0.755615234375,335.419921875,0.351806640625,0.372314453125,20913.337230682373,8480.46875,3.141355887871624e-5,306.90869531441547,0.28463355646492583,0.9995596231866588
209204.1015625,1.7850341796875,265.7763671875,0.15646972656250002,0.1290771484375,87467.36419200897,8853.515625,6.290937268134557e-5,240.66350413250794,0.38515228515305333,0.9978744492152755
209423.828125,1.879150390625,171.064453125,0.385498046875,0.33393554687500004,9059.083461761475,7972.65625,7.011952270411665e-5,335.16713945766423,0.2888194163772414,0.9992432299259961
209497.0703125,0.6614990234375,68.2177734375,0.1251220703125,0.16452636718750002,99398.03779125214,7345.703125,5.476829521894573e-5,194.10062084687826,0.1942207743195434,0.9982278705239328
209716.796875,1.502685546875,282.958984375,0.116845703125,0.30961914062500007,66699.05424118042,3496.09375,5.456595866922633e-5,281.64112122764374,0.40766695521761803,0.9968976542184959
209790.0390625,1.0379638671875,381.9873046875,0.3726806640625,0.17770996093750002,46760.74302196503,3869.140625,3.8949193113549094e-5,414.2279963031445,0.28195363878011714,0.9980986863874604
210009.765625,1.132080078125,138.525390625,0.150537109375,0.28413085937500004,78584.481716156,4988.28125,5.247856955083571e-5,252.93040530844286,0.27478660426030926,0.998917890241754
210083.0078125,1.4085693359375,207.0068359375,0.34133300781250003,0.22839355468750003,35602.66196727753,4361.328125,5.5002507912030786e-5,369.8617902522984,0.278584711641552,0.9985739700919557
210302.734375,1.241943359375,235.810546875,0.3717285156250001,0.11801757812500001,103636.52753829956,5074.21875,4.886406094115353e-5,362.41944574682617,0.26243638768100075,0.9986810255332244
210375.9765625,1.3338623046875,338.8232421875,0.1013916015625,0.3997802734375,11599.669337272644,5697.265625,4.816606770729113e-5,249.14882807112218,0.43548650475273354,0.9968606912786564
210595.703125,1.615478515625,92.705078125,0.32807617187500004,0.138232421875,92406.259059906,2566.40625,7.288009336464511e-5,375.9925803851258,0.23281994590623853,0.9988442770528879
210668.9453125,0.9603271484375,162.5146484375,0.1427001953125,0.34382324218750004,20295.231699943542,2189.453125,4.5598751970565825e-5,302.507307335963,0.276262845490669,0.9982527289098093
210888.671875,1.989013671875,374.599609375,0.17426757812500002,0.20063476562500002,31947.238445281982,6089.84375,6.642931396821724e-5,287.6533459937493,0.42731745614758493,0.9925799598186791
210961.9140625,0.5867919921875,306.2841796875,0.3551025390625,0.29372558593750003,75266.99531078339,6712.890625,2.738612714958213e-5,310.97407977325645,0.2512561062783201,0.9995369243323731
211181.640625,0.868408203125,208.916015625,0.130615234375,0.24311523437500002,46100.99935531616,9582.03125,3.922146453422128e-5,211.75869113562544,0.29338027410732936,0.9989788119997844
211254.8828125,1.7073974609375,110.0537109375,0.39641113281250007,0.26237792968750007,64360.74149608612,9205.078125,7.153250008382578e-5,295.7003938322164,0.2453284722530125,0.9999391118385225
211474.609375,1.259521484375,146.826171875,0.23696289062500003,0.27153320312500007,18822.822093963623,6792.96875,5.510619549784412e-5,269.44871580934796,0.2724594189603076,0.9993793452173318
211547.8515625,1.1639404296875,87.8076171875,0.27131347656250004,0.21579589843750002,98084.36095714569,6416.015625,6.190824336723258e-5,260.19478904017586,0.22343862040472576,0.9996361542173607
211767.578125,0.883056640625,354.345703125,0.19565429687500002,0.32221679687500004,32255.631923675537,9285.15625,3.481144411708314e-5,250.59060278006552,0.33833432661458906,0.9992183476770409
211840.8203125,1.5404052734375,240.8740234375,0.31496582031250003,0.1903076171875,87894.68085765839,9908.203125,5.707096452809784e-5,287.6315718226187,0.2989583618796317,0.999357897318396
212060.546875,0.506591796875,115.615234375,0.302001953125,0.33540039062500004,69083.31632614136,5808.59375,3.886697990096201e-5,255.85594987519215,0.19739718788781443,0.9998187655490062
212133.7890625,1.9168701171875,225.2685546875,0.18752441406250003,0.16599121093750002,37936.631083488464,5431.640625,6.856461257758672e-5,288.3785990939911,0.3580602125727904,0.9978582423852158
212353.515625,1.635986328125,300.556640625,0.26069335937500004,0.370849609375,55202.462673187256,2300.78125,5.806675290955062e-5,426.06913537214507,0.36501220311616983,0.9960005172708961
212426.7578125,0.7874755859375,358.4130859375,0.23117675781250002,0.1276123046875,48693.00162792206,2923.828125,3.2181911195363034e-5,345.55557036103465,0.2959975487461527,0.9981275929127139
212646.484375,1.628662109375,164.091796875,0.31782226562500004,0.32661132812500004,55559.6079826355,6261.71875,6.401086613206646e-5,324.37448657400824,0.2887271539123251,0.9990847773674509
212719.7265625,0.7830810546875,97.1044921875,0.21154785156250003,0.1583740234375,61746.641993522644,6884.765625,4.9849146054133357e-5,228.63185187782298,0.21156942430101297,0.9994603278569378
212939.453125,0.502197265625,339.736328125,0.283544921875,0.379638671875,45219.52199935913,9753.90625,2.398906076483059e-5,259.5711959321467,0.2658206596404983,0.9999321578846537
213232.421875,0.875732421875,111.630859375,0.21411132812500003,0.28266601562500004,81528.90348434448,5277.34375,4.9678954230210644e-5,258.48364275295717,0.22820608768245712,0.9992282995033929
213305.6640625,1.5360107421875,213.3154296875,0.2590087890625,0.2257568359375,26242.741465568542,5900.390625,5.84447648787929e-5,308.9186014416249,0.3097540694457236,0.9987677452823025
213525.390625,1.255126953125,307.197265625,0.17983398437500003,0.31108398437500007,95134.5534324646,2769.53125,4.7051150199109715e-5,337.96055799171313,0.36212000403541506,0.997174801477406
213598.6328125,1.1566162109375,378.3349609375,0.29094238281250007,0.1803466796875,9096.428751945496,2392.578125,4.265427307732516e-5,429.09369239312537,0.31399887784667113,0.9972061487282444
213818.359375,0.872802734375,245.107421875,0.15024414062500002,0.20825195312500003,67782.59992599487,5605.46875,3.802496634525488e-5,253.15185096882774,0.3005426510329634,0.9988915364626924
213891.6015625,1.7147216796875,356.0888671875,0.33928222656250007,0.30251464843750003,49009.66155529022,5228.515625,5.904809359200812e-5,390.8336005340071,0.33970390205793555,0.9953765403166294
214111.328125,1.996337890625,91.376953125,0.118310546875,0.23549804687500003,80354.92086410522,2097.65625,8.362060960938587e-5,294.4450363037069,0.29115366252106417,0.9980156788624197
214184.5703125,0.5911865234375,147.9052734375,0.3735595703125001,0.25358886718750007,34495.938181877136,2720.703125,3.713289875847091e-5,357.658009376463,0.20605399450110853,0.9991757626048877
214404.296875,1.619873046875,362.646484375,0.384033203125,0.108056640625,20617.969036102295,6621.09375,5.6390769478351195e-5,371.5490848559703,0.28703381247206255,0.9977705272456467
214477.5390625,0.9676513671875,302.2998046875,0.12424316406250001,0.3886474609375,88573.50242137909,6244.140625,3.877862340114562e-5,248.27495243515278,0.355661036663679,0.9984648522931556
214697.265625,1.249267578125,228.837890625,0.35209960937500007,0.148193359375,9257.18069076538,9113.28125,4.9448101124334063e-5,297.10808149571375,0.2662763290232214,0.9995703912145919
214770.5078125,1.3382568359375,116.6943359375,0.15852050781250002,0.3549560546875,102593.39988231659,9736.328125,6.094964543097487e-5,220.705956292829,0.27601613516485807,0.9994429183666663
214990.234375,1.124755859375,315.498046875,0.13266601562500002,0.319580078125,33633.811473846436,8949.21875,4.28847751255817e-5,234.57802687329817,0.3750979815789325,0.9986017946120201
215063.4765625,1.4041748046875,259.1357421875,0.3967041015625,0.1888427734375,77764.05227184296,8322.265625,5.2777865323469725e-5,335.0044526533894,0.2721898231913021,0.9991607922776666
215283.203125,1.498291015625,183.017578125,0.173388671875,0.274169921875,46533.18166732788,7441.40625,5.912741317610029e-5,253.7128412827538,0.3243420122498075,0.9990453605562224
215356.4453125,1.0306396484375,72.2021484375,0.3536376953125,0.21726074218750002,64353.535532951355,7814.453125,6.359607727752416e-5,252.49030114577587,0.20038267562631115,0.9999650682007126
215576.171875,1.871826171875,284.287109375,0.328955078125,0.36469726562500004,107230.44157028198,3964.84375,6.539294995034414e-5,415.65662266997737,0.34454250217325433,0.9961391157312753
215649.4140625,0.6571044921875,396.5966796875,0.1441650390625,0.12028808593750001,8924.466013908386,3337.890625,2.7696755907438918e-5,286.38412568429953,0.3240706963547144,0.9978880633731599
215869.140625,0.751220703125,129.228515625,0.36967773437500007,0.341552734375,93938.82894515991,4457.03125,4.3932346030603706e-5,321.9455057291739,0.2150959751768249,0.9994513661443876
215942.3828125,1.7777099609375,189.7412109375,0.1010986328125,0.17331542968750002,23539.51346874237,4830.078125,6.672163186061154e-5,250.06340169630838,0.36908655057379963,0.9978420577004058
216162.109375,1.376708984375,67.138671875,0.26040039062500003,0.14497070312500002,70019.3247795105,3167.96875,7.502916858292989e-5,303.8560651635338,0.21466792635651408,0.9990534532076248
216235.3515625,1.0936279296875,167.4951171875,0.22912597656250003,0.35173339843750007,36297.816157341,3541.015625,4.9288225099808015e-5,319.8872069417357,0.27475721968332306,0.998649755636716
216455.078125,1.000244140625,264.033203125,0.303466796875,0.111279296875,56797.83773422241,4660.15625,4.1171925151224105e-5,337.6527632125294,0.2742838661639775,0.9987499383970765
216528.3203125,1.4700927734375,331.1865234375,0.1884033203125,0.3918701171875001,51237.4085187912,4033.203125,5.2622404384488947e-5,325.82296191558834,0.3970059201144712,0.9962473881847038
216748.046875,0.623779296875,205.927734375,0.19418945312500002,0.24633789062500003,19777.896404266357,8183.59375,3.2941506049457454e-5,233.46429208535093,0.2481703070153896,0.9995976913659892
216821.2890625,1.8465576171875,134.9560546875,0.3140869140625,0.26442871093750003,101657.82248973846,8556.640625,7.287553108657944e-5,291.361260387159,0.2774324248460442,0.9994860817722805
217041.015625,1.753173828125,380.244140625,0.23725585937500002,0.19741210937500003,32246.835231781006,7675.78125,5.976034430136791e-5,300.7750122745435,0.37503268874518125,0.9949722698517459
217114.2578125,0.7171630859375,278.7255859375,0.27336425781250007,0.29167480468750007,88508.24820995331,7048.828125,3.2359090329611405e-5,285.4199439596334,0.2709506348209137,0.9993971650659974
217333.984375,0.573974609375,84.404296875,0.34125976562500004,0.134423828125,100012.67194747925,7386.71875,4.8355207230412884e-5,233.19195192328885,0.18420791094672662,0.9997680101043376
217407.2265625,1.9783935546875,155.5419921875,0.15061035156250002,0.3786865234375001,17691.49672985077,7759.765625,7.466970024027742e-5,250.02563701418367,0.35239702665448064,0.9987754640621564
217626.953125,1.697509765625,249.423828125,0.37260742187500007,0.159326171875,87684.73196029663,8878.90625,6.1689321192248e-5,325.5800696847252,0.28256275855033597,0.999134248478876
217700.1953125,0.8548583984375,351.1083984375,0.11691894531250001,0.32741699218750003,31412.121653556824,8251.953125,3.4325798497253237e-5,230.98201771715463,0.356924815661524,0.9985938568783973
217919.921875,1.321044921875,223.193359375,0.125048828125,0.18422851562500003,38965.57950973511,4402.34375,5.21976835956743e-5,265.38782030967127,0.340732319975066,0.9981984005108148
217993.1640625,1.2313232421875,123.0029296875,0.38557128906250004,0.3148193359375,73043.32435131073,4775.390625,5.8089163654957505e-5,348.24304338091997,0.23549583693919196,0.999280195974994
218212.890625,0.950439453125,365.634765625,0.156396484375,0.22202148437500002,52955.750942230225,3894.53125,3.700325523288463e-5,294.6728333210769,0.349212118945678,0.9978956501698065
218286.1328125,1.6019287109375,298.6474609375,0.35187988281250004,0.2787841796875,58040.56632518768,3267.578125,5.7558451906333663e-5,444.4171714333895,0.3122363946964754,0.9971911296348558
218505.859375,1.927490234375,346.044921875,0.21118164062500003,0.25043945312500004,8456.122875213623,4730.46875,6.551336291869802e-5,331.9039792765744,0.3969367328497163,0.993683683355714
218579.1015625,0.5194091796875,233.9013671875,0.31584472656250007,0.23220214843750003,106901.29363536835,4103.515625,2.8773039742550153e-5,320.7572770236636,0.22630019127397705,0.9992525398134203
218798.828125,0.801025390625,160.439453125,0.24487304687500003,0.30581054687500003,21005.189418792725,3222.65625,4.2018991260568125e-5,318.2834320880736,0.2427677852419858,0.9989977867846304
218872.0703125,1.6458740234375,100.0927734375,0.28449707031250004,0.21140136718750002,93699.52094554901,3595.703125,7.323791966831538e-5,334.8791711140353,0.24785444821018981,0.9989500599076073
219091.796875,1.174560546875,314.833984375,0.25747070312500003,0.35649414062500007,80765.58256149292,7746.09375,4.46369096050832e-5,298.83217791562413,0.33489945134359894,0.9987716595655632
219165.0390625,1.2723388671875,371.3623046875,0.2133056640625,0.1495849609375,34611.14585399628,7119.140625,4.620878640299711e-5,285.5758355686034,0.34970950407126966,0.998208882845147
219384.765625,1.553955078125,106.650390625,0.29116210937500003,0.38725585937500007,67040.048122406,8238.28125,6.913446265117875e-5,276.5326968156924,0.25994732951690996,0.999739123072555
219458.0078125,0.8929443359375,217.6318359375,0.18195800781250002,0.1065185546875,49468.20151805878,8611.328125,4.011781187713503e-5,235.095782430334,0.2771290006335868,0.9994345809599249
219677.734375,1.476318359375,267.685546875,0.23110351562500003,0.22114257812500002,92697.68476486206,9824.21875,5.4697278217091816e-5,266.91761778081474,0.33484497003882074,0.9990599349571213
219750.9765625,1.0057373046875,328.1982421875,0.26076660156250003,0.27790527343750004,24820.433497428894,9447.265625,3.935440761892804e-5,276.9874708328353,0.3144839229664268,0.9993554341325325
219970.703125,1.099853515625,60.830078125,0.18745117187500002,0.185107421875,106695.077419281,6316.40625,7.114447857782965e-5,227.36191924918631,0.20612327166773717,0.999258981458998
220043.9453125,1.3822021484375,173.1396484375,0.30207519531250004,0.31569824218750003,8927.616953849792,6939.453125,5.700550257064492e-5,307.07138985748463,0.2800934997367518,0.9992383452529321
220263.671875,0.723388671875,385.224609375,0.31489257812500004,0.17250976562500003,47527.37760543823,2839.84375,3.0093644279350476e-5,400.62321497717664,0.2729445484844705,0.9986533938460601
220336.9140625,1.7586669921875,274.4091796875,0.1957275390625,0.34060058593750003,67123.04389476776,2462.890625,6.270291125786841e-5,372.2185622423387,0.3826852956418486,0.9959796406712478
220556.640625,1.852783203125,198.291015625,0.271240234375,0.121240234375,35411.85140609741,5332.03125,6.876781102936719e-5,327.2559394442131,0.300471543306573,0.9985106290504882
220629.8828125,0.6292724609375,141.9287109375,0.23703613281250002,0.3655029296875001,81957.390666008,5955.078125,3.923636080096039e-5,258.84201112004394,0.22126623161312978,0.9994574698872738
220849.609375,1.025146484375,178.701171875,0.396337890625,0.393408203125,25381.049633026123,2042.96875,4.693254649444689e-5,463.5295989697474,0.2509636905299901,0.9982703537756816
220922.8515625,1.4920654296875,77.1826171875,0.13068847656250002,0.1126708984375,85275.82824230194,2666.015625,7.531966044670839e-5,274.67215089465697,0.24183745768973336,0.9984083945746873
221142.578125,1.398681640625,322.470703125,0.35502929687500007,0.350341796875,14100.114345550537,5535.15625,5.112716061461485e-5,385.18787722045437,0.31867450799678837,0.9979407096132863
221215.8203125,1.1185302734375,251.4990234375,0.17434082031250003,0.1434326171875,100696.25556468964,5158.203125,4.5317098620529e-5,277.56081679452626,0.31311541823268774,0.998675273895804
221435.546875,1.772216796875,126.240234375,0.142626953125,0.28852539062500004,63710.33048629761,9058.59375,7.22417430984938e-5,230.0156594387812,0.30950116938295147,0.9990082612780309
221508.7890625,0.7449951171875,193.3935546875,0.32814941406250003,0.19411621093750003,58120.56052684784,9681.640625,3.746767419545038e-5,261.2153736726558,0.2351573457322024,0.9999162528376395
221728.515625,0.651611328125,289.931640625,0.101318359375,0.26772460937500003,75974.2522239685,6550.78125,3.0303079730700406e-5,228.52809075894618,0.30075414975594067,0.9983586910125156
221801.7578125,1.8656005859375,390.2880859375,0.3718017578125,0.24948730468750002,42761.81876659393,6173.828125,6.313018039352993e-5,396.9440820483754,0.3245869846128102,0.9943378139784163
222021.484375,0.925537109375,280.966796875,0.17719726562500002,0.167236328125,19946.631908416748,4011.71875,3.8721767023599844e-5,295.09443959256515,0.30520222109141826,0.9984044904075169
222094.7265625,1.5799560546875,383.9794921875,0.29592285156250003,0.33649902343750004,93251.31118297577,4634.765625,5.493511837712606e-5,386.0864004510459,0.36059362237897014,0.9949519208284626
222314.453125,1.299072265625,137.861328125,0.21791992187500003,0.126513671875,5974.465847015381,3503.90625,5.855215739906514e-5,309.82195552732327,0.2637048606896656,0.9985798967257418
222607.421875,1.672607421875,334.755859375,0.27973632812500004,0.21704101562500003,69196.01774215698,7027.34375,5.8637196927187245e-5,326.92290194712797,0.3416181551115626,0.9969362758907101
222680.6640625,0.8328857421875,266.4404296875,0.24963378906250003,0.27263183593750007,51268.01002025604,7650.390625,3.644261955508014e-5,276.64273353387256,0.2809712393505939,0.9994494810725724
222900.390625,0.552001953125,169.072265625,0.32045898437500003,0.189208984375,83857.9421043396,8519.53125,3.41516612836839e-5,250.72203912907713,0.21263015412515615,0.999622661941431
222973.6328125,1.9534912109375,70.2099609375,0.20656738281250003,0.32097167968750007,37384.758830070496,8142.578125,8.863424896901848e-5,244.12525816611156,0.25213008617408694,0.9995379813262707
223193.359375,1.575927734375,191.982421875,0.34711914062500004,0.29262695312500003,87738.22736740112,7855.46875,6.136831870978281e-5,323.7310514366851,0.28411827268427947,0.9992439575046228
223266.6015625,0.9178466796875,132.9638671875,0.1611572265625,0.1993896484375,29524.950861930847,7478.515625,4.843541118734635e-5,229.64861621630004,0.24657603382242269,0.9992255788327603
223486.328125,1.199462890625,399.501953125,0.39018554687500007,0.26362304687500004,101595.46041488647,8347.65625,4.377697376750418e-5,353.78664364362106,0.29775288450229515,0.998636729418412
223559.5703125,1.2943115234375,286.0302734375,0.12043457031250002,0.24421386718750002,17780.75873851776,8970.703125,4.903257760551636e-5,233.61222133252792,0.37665232759944073,0.9983562960626653
223779.296875,0.822998046875,75.771484375,0.11215820312500001,0.398681640625,56551.440715789795,4871.09375,5.89832376329362e-5,227.99694725570427,0.20837164195412458,0.9983369171390756
223852.5390625,1.6707763671875,185.4248046875,0.37736816406250007,0.11677246093750002,61855.97312450409,4494.140625,6.474763478494056e-5,387.3686024401026,0.25744732294879413,0.9987325252374202
224072.265625,1.952392578125,260.712890625,0.15522460937500002,0.345068359375,40878.76272201538,3363.28125,6.873651297254388e-5,322.956778134161,0.408547766577557,0.9952202490359751
224145.5078125,0.5413818359375,318.5693359375,0.3366455078125,0.1393310546875,76369.40085887909,3986.328125,2.6463333493941573e-5,348.57329931282055,0.23615479942926781,0.9989752845463321
224365.234375,1.827880859375,113.623046875,0.367041015625,0.178955078125,13016.746044158936,2699.21875,7.653081221056978e-5,418.201067864387,0.24359019635844953,0.9985759093965318
224438.4765625,0.6072998046875,227.2607421875,0.1060791015625,0.31071777343750007,103264.41848278046,2072.265625,3.212689094130514e-5,287.8500565680604,0.26446789365110224,0.9981223397706157
224658.203125,0.701416015625,299.892578125,0.332763671875,0.22729492187500003,30249.49026107788,5191.40625,3.167989195425942e-5,336.8100410915793,0.25513225022873487,0.9990188812661877
224731.4453125,1.7337646484375,359.0771484375,0.13801269531250002,0.28288574218750007,89394.06287670135,5564.453125,5.987147556857029e-5,282.19319686119866,0.4378418170157303,0.9943102886151145
224951.171875,1.074951171875,146.162109375,0.16958007812500003,0.13032226562500002,76599.64323043823,9714.84375,5.110071653109549e-5,222.27387833283746,0.263550559942814,0.9993098785175276
225024.4140625,1.3602294921875,88.4716796875,0.35979003906250007,0.3734130859375,43705.74653148651,9087.890625,6.851853021395131e-5,275.0437443408346,0.22814804535292593,0.9999523779559314
225244.140625,1.454345703125,352.353515625,0.135302734375,0.16342773437500002,61648.85091781616,6207.03125,5.197490518189594e-5,266.17423902716286,0.4043663965825111,0.9964676890621319
225317.3828125,0.9808349609375,242.8662109375,0.3917236328125,0.33269042968750007,55656.975626945496,6580.078125,4.191205494455242e-5,348.7349659253642,0.26226896928354676,0.9992650431471973
225537.109375,0.673583984375,375.263671875,0.23227539062500002,0.360595703125,110800.452709198,9417.96875,2.8797481170448618e-5,265.0618289482882,0.30314978059963305,0.9994672244531485
225610.3515625,1.8905029296875,305.6201171875,0.2760009765625,0.15485839843750002,13085.657954216003,9791.015625,6.566961851608221e-5,295.2875203121238,0.3361234774208996,0.9974498780036798
225830.078125,1.797119140625,210.908203125,0.20034179687500003,0.383154296875,96714.09749984741,6910.15625,6.672850807939666e-5,289.1179769942889,0.3564989896201351,0.9985045720809087
225903.3203125,0.7669677734375,108.0615234375,0.3102783203125,0.10124511718750001,24590.8020734787,6283.203125,4.8946619933992414e-5,262.8661583715069,0.20224296275261391,0.9995601175872891
226123.046875,1.420654296875,237.802734375,0.29731445312500004,0.255712890625,32521.365642547607,2433.59375,5.500852047719526e-5,425.2466421341185,0.29786934566357265,0.9977660088413687
226196.2890625,1.1434326171875,336.8310546875,0.19221191406250002,0.23630371093750002,81513.19968700409,2806.640625,4.36566168274171e-5,348.64339801464115,0.3430690945060987,0.9973462191057748
226416.015625,1.050048828125,93.369140625,0.265380859375,0.300537109375,48828.195095062256,5925.78125,5.985003319979462e-5,270.1181101435361,0.22066250305654786,0.9994670335849997
226489.2578125,1.5140380859375,161.8505859375,0.2264892578125,0.20729980468750003,68311.13517284393,5298.828125,6.229971525335263e-5,298.39138064762824,0.28748262649216744,0.9988886453952099
226708.984375,1.277099609375,392.529296875,0.163134765625,0.3687988281250001,80434.730052948,5136.71875,4.6157022875778114e-5,299.3957282128298,0.40459433800706796,0.9964490466117217
226782.2265625,1.1815185546875,293.6669921875,0.34748535156250004,0.12556152343750002,32980.528712272644,5509.765625,4.5955082348379414e-5,358.6900397675412,0.27174930579903034,0.9987422479755579
227001.953125,0.900634765625,196.298828125,0.11948242187500001,0.33745117187500007,65806.49709701538,2628.90625,4.255142193319829e-5,288.77343432614543,0.2855139566746475,0.9982628380780019
227294.921875,0.524169921875,255.068359375,0.378173828125,0.32485351562500003,11453.616619110107,6152.34375,2.8326027459614504e-5,317.6308646240866,0.22801041250362988,0.9995678552416761
227368.1640625,1.9344482421875,324.8779296875,0.11369628906250001,0.19294433593750002,113553.27308177948,6525.390625,6.647628640213865e-5,259.44218135895034,0.44514731732661306,0.9944749146620463
227587.890625,1.653564453125,78.759765625,0.33452148437500007,0.268896484375,28918.275356292725,9644.53125,7.902812010513033e-5,264.10596873934713,0.22914027241245324,1.0004375591448162
227661.1328125,0.8050537109375,181.7724609375,0.15500488281250002,0.21315917968750003,99270.36368846893,9017.578125,4.0528470405757826e-5,224.29713144755294,0.25991317182047896,0.9992086974336566
227880.859375,1.224365234375,144.169921875,0.29555664062500003,0.24106445312500002,40875.49543380737,6980.46875,5.60354676939642e-5,291.1143307476711,0.25086317253498386,0.9995212455509996
227954.1015625,1.3162841796875,202.0263671875,0.1752197265625,0.26032714843750004,74537.85979747772,6353.515625,5.382447846621947e-5,269.7110969711937,0.31274409371614326,0.99886698430251
228173.828125,1.597900390625,277.314453125,0.254248046875,0.202685546875,56416.261196136475,9472.65625,5.8359132782418065e-5,285.585650325431,0.33011122897208617,0.9988892501293248
228247.0703125,0.9427490234375,386.9677734375,0.21887207031250003,0.2957763671875,62773.831248283386,9845.703125,3.657955467627778e-5,267.8779531022008,0.3361360516969409,0.9991451211498649
228466.796875,1.971435546875,176.708984375,0.24809570312500004,0.140869140625,107310.01615524292,5996.09375,7.402907258978252e-5,309.54098853813775,0.30408544335127163,0.9986500700474495
228540.0390625,0.5692138671875,63.2373046875,0.2789306640625,0.34645996093750003,17572.632670402527,5369.140625,5.902042967969857e-5,240.46259920101338,0.1794156410658753,0.99975658703367
228759.765625,0.850830078125,329.775390625,0.20678710937500003,0.115380859375,91815.8049583435,2488.28125,3.545937353468412e-5,351.5365272917256,0.2979291845331738,0.9978066657539014
228833.0078125,1.6898193359375,270.7568359375,0.32258300781250004,0.39714355468750007,30505.005717277527,2861.328125,6.146075206444254e-5,450.61261702983444,0.3341497794526469,0.9969157719861917
229052.734375,0.773193359375,214.560546875,0.27797851562500003,0.28676757812500003,64305.35078048706,3574.21875,3.785024505654276e-5,338.9123824969159,0.2506303710649853,0.998834905844418
229125.9765625,1.8026123046875,105.0732421875,0.23264160156250002,0.23103027343750002,58526.671290397644,3197.265625,7.786347298492009e-5,331.9581470825195,0.2647610609257466,0.9985886276262885
229345.703125,1.896728515625,368.955078125,0.309326171875,0.306982421875,80054.3303489685,4066.40625,6.468944856528897e-5,417.45445685270727,0.35710898515110745,0.9936405740573363
229418.9453125,0.6790771484375,311.2646484375,0.19895019531250002,0.17507324218750003,44630.80298900604,4689.453125,3.0926147691814604e-5,290.45726365379335,0.2781301567953453,0.9988572520757841
229638.671875,1.520263671875,98.349609375,0.19301757812500003,0.331884765625,29597.140789031982,8589.84375,7.112922214110034e-5,242.9527215320276,0.25916599147035674,0.9994451011661724
229711.9140625,1.0555419921875,157.5341796875,0.29885253906250003,0.1624755859375,88898.15986156464,8212.890625,4.9992086939192795e-5,274.1380623130101,0.24149433219671543,0.9996764847095059
229931.640625,1.149658203125,230.166015625,0.22436523437500003,0.374365234375,14404.222011566162,7082.03125,4.761991256523608e-5,286.67905790373965,0.3076048085382227,0.9990497551152515
230004.8828125,1.4261474609375,343.8037109375,0.26516113281250003,0.1311279296875,102611.90116405487,7705.078125,5.172772540195943e-5,307.57326679011186,0.32313534123133486,0.9983941980227284
230224.609375,1.728271484375,295.576171875,0.105712890625,0.102783203125,54661.32307052612,8292.96875,6.135973240216357e-5,238.24885170327914,0.4147347904037853,0.9963891559873018
230297.8515625,0.6951904296875,364.0576171875,0.36506347656250004,0.3845458984375001,73729.50255870819,8916.015625,2.9897398853141255e-5,317.67266124105646,0.2760635963756678,0.9994762138146819
230517.578125,0.601806640625,120.595703125,0.139404296875,0.153466796875,40058.73250961304,7785.15625,4.24853436021212e-5,210.28201174857182,0.21131661281607045,0.9988619054349848
230590.8203125,1.8216552734375,219.6240234375,0.3337158203125,0.35905761718750007,88297.26874828339,7408.203125,6.734463336530612e-5,344.68386918959766,0.314657482483381,0.9986968092702441
230810.546875,0.975341796875,349.365234375,0.358251953125,0.204150390625,95098.69718551636,3308.59375,3.8684668759028506e-5,426.04764398729344,0.27500067814839346,0.9981487487074606
230883.7890625,1.4481201171875,246.5185546875,0.16877441406250002,0.2972412109375,19041.062235832214,3931.640625,5.559874480878276e-5,310.87629009245643,0.34771939244950434,0.9978059716539109
231103.515625,1.354736328125,151.806640625,0.391943359375,0.23959960937500002,109657.29665756226,4800.78125,5.9311414972846614e-5,370.34839226901056,0.24269271069775258,0.9990560435658321
231176.7578125,1.0687255859375,82.1630859375,0.13742675781250002,0.25886230468750004,5048.043131828308,4423.828125,6.439286048064385e-5,248.08748277775334,0.22388325612201226,0.9986072618079816
231396.484375,0.784912109375,355.341796875,0.37407226562500007,0.23286132812500002,81177.5279045105,7761.71875,3.2836853002605353e-5,331.0247762163854,0.26371965598586455,0.9995754062087505
231469.7265625,1.6268310546875,245.8544921875,0.1177978515625,0.25212402343750007,46825.682520866394,7384.765625,6.051603552500522e-5,249.28497701706516,0.38242255377888645,0.9980798189975714
231689.453125,1.908447265625,148.486328125,0.33979492187500004,0.21088867187500002,67880.65481185913,8253.90625,7.475097237574477e-5,313.3844354799235,0.2702125499565219,0.9993852927850612
231982.421875,1.531982421875,302.880859375,0.157861328125,0.151416015625,11999.728679656982,4777.34375,5.593461459662223e-5,294.9632781995757,0.37001307859974325,0.9973541739257694
232055.6640625,0.8797607421875,362.0654296875,0.3527587890625,0.35700683593750004,103682.31666088104,4400.390625,3.559829176198708e-5,394.94867700678327,0.29011393730423823,0.9983543576096819
232275.390625,1.161376953125,115.947265625,0.12358398437500001,0.10483398437500001,25920.3200340271,3269.53125,5.91390878257997e-5,267.79788950553774,0.25120367901526575,0.9984125313741646
232348.6328125,1.2503662109375,229.5849609375,0.38469238281250007,0.3865966796875,88295.769572258,3892.578125,5.0865661500085294e-5,420.54701335235046,0.2792513714274188,0.9984567890660547
232568.359375,1.716552734375,96.357421875,0.24399414062500002,0.37700195312500007,37901.49641036987,4105.46875,7.771817069603263e-5,317.55849841389403,0.25951187262347136,0.9989471516974722
232641.6015625,0.8709716796875,164.8388671875,0.28303222656250004,0.13376464843750002,87632.64739513397,4728.515625,4.467119589836564e-5,305.8344855042927,0.2320632243882117,0.9993398702088613
232861.328125,0.590087890625,240.126953125,0.21206054687500003,0.32924804687500003,52466.248989105225,3597.65625,3.1416024187757434e-5,305.9866843355478,0.255843111585828,0.9988191510589588
232934.5703125,1.9974365234375,339.1552734375,0.31730957031250007,0.1598388671875,73087.42988109589,3220.703125,6.845693256130355e-5,442.5051135156879,0.32410787276046904,0.9946871470035102
233154.296875,0.963623046875,213.896484375,0.290283203125,0.314306640625,111286.0598564148,7121.09375,4.340169044496768e-5,299.82924763583736,0.2663121539786253,0.999395316840855
233227.5390625,1.6239013671875,111.0498046875,0.18049316406250002,0.18239746093750003,8036.515116691589,7744.140625,7.20179961467329e-5,248.27748365107578,0.2702003692449011,0.9991049499662679
233447.265625,1.343017578125,377.587890625,0.25834960937500007,0.27944335937500003,96611.30666732788,8613.28125,4.8642592786105656e-5,305.8204833623067,0.34867572713999595,0.9980816894943263
233520.5078125,1.2445068359375,307.9443359375,0.2147705078125,0.22370605468750004,23259.04929637909,8236.328125,4.754172517009978e-5,280.5248234639929,0.33190523165021807,0.9988981708946577
233740.234375,1.406005859375,166.748046875,0.18891601562500002,0.11333007812500001,69925.92573165894,9449.21875,5.916695852220957e-5,244.08309506945378,0.2864748396860988,0.9995612950892997
233813.4765625,1.1229248046875,67.8857421875,0.3029541015625,0.39509277343750004,51312.27004528046,9822.265625,7.066423309550878e-5,238.7398694553591,0.20710023013901632,1.0003559192847522
234033.203125,1.029541015625,331.767578125,0.22963867187500003,0.14291992187500002,84284.28030014038,6941.40625,4.0719086371576416e-5,291.9305246661036,0.3073436212617158,0.9988820529941375
234106.4453125,1.4993896484375,263.4521484375,0.2598876953125,0.34851074218750006,34404.682993888855,6314.453125,5.648393508092971e-5,327.2162658178553,0.33255412910796767,0.99839557605801
234326.171875,0.653076171875,135.537109375,0.272705078125,0.19594726562500003,23354.709148406982,2464.84375,4.251034286625974e-5,331.3596052572031,0.20887859059204575,0.9990133284880813
234399.4140625,1.8758544921875,205.3466796875,0.23791503906250003,0.2890380859375,101871.42646312714,2837.890625,7.009690526495774e-5,383.2612127146689,0.3285433271635452,0.997513321647153
234619.140625,1.782470703125,277.978515625,0.31342773437500004,0.24780273437500003,11774.766445159912,5957.03125,6.41081548530913e-5,362.3617707509687,0.31937744570391025,0.9978284532947725
234692.3828125,0.7464599609375,380.9912109375,0.19484863281250003,0.2670654296875,116662.49930858612,5330.078125,3.1320640560659215e-5,295.4595167744628,0.31799932090725486,0.9980819919134858
234912.109375,1.095458984375,258.388671875,0.3541503906250001,0.276220703125,54288.978099823,2667.96875,4.529721558460769e-5,441.89324639303055,0.27088548788557115,0.9981372696402517
234985.3515625,1.3748779296875,316.2451171875,0.17287597656250003,0.22048339843750003,59851.4050245285,2041.015625,5.1290547861988156e-5,369.95288006720006,0.358864673106927,0.9967678516870694
235205.078125,1.468994140625,72.783203125,0.397216796875,0.31752929687500003,40682.72542953491,5160.15625,7.838931505480876e-5,326.5387015496325,0.21232070024343955,0.9994795977418404
235278.3203125,1.0013427734375,182.4365234375,0.13215332031250002,0.18562011718750002,77323.7122297287,5533.203125,4.6895080134227586e-5,252.41705180450558,0.2785149244873818,0.9987570337841145
235498.046875,1.842529296875,397.177734375,0.10043945312500001,0.340087890625,96484.19523239136,9683.59375,6.26660796084012e-5,245.5366174684616,0.49108844923301725,0.993692304467749
235571.2890625,0.6278076171875,283.7060546875,0.3703369140625,0.17067871093750003,35681.443095207214,9056.640625,3.047447706907775e-5,292.30113586768084,0.23465210015755122,0.9996277334570147
235791.015625,0.721923828125,188.994140625,0.14350585937500002,0.36616210937500004,110203.866481781,6175.78125,3.8475191423126584e-5,247.7195986467216,0.25606811623063686,0.9990951372328952
235864.2578125,1.7484130859375,129.9755859375,0.32961425781250003,0.12292480468750001,19356.819987297058,6548.828125,7.303675448808031e-5,317.87429148616604,0.2496622554579642,0.9994070944777627
236083.984375,1.980224609375,233.154296875,0.285009765625,0.30317382812500004,32124.610424041748,6886.71875,7.151554457639321e-5,336.14372504070286,0.3320029303980665,0.9981231729325001
236157.2265625,0.5721435546875,346.7919921875,0.24436035156250002,0.20993652343750002,94136.93130016327,6259.765625,2.7037117170651534e-5,289.0102425425411,0.2676219680914991,0.998860388047795
236376.953125,0.853759765625,100.673828125,0.31635742187500004,0.25307617187500003,20376.74856185913,9378.90625,5.387139846643412e-5,245.67577163894893,0.20675239357527672,1.0000437399727844
236450.1953125,1.6986083984375,159.8583984375,0.21066894531250002,0.23366699218750003,109300.42731761932,9751.953125,6.816362202149695e-5,258.83892442018595,0.30076017394912136,0.9994193668386999
236669.921875,1.227294921875,371.943359375,0.18129882812500003,0.390478515625,64149.90568161011,5902.34375,4.557704456340005e-5,302.88233869758704,0.3813616606991448,0.9976340479979011
236743.1640625,1.3250732421875,314.2529296875,0.29182128906250004,0.10856933593750001,58151.17347240448,5275.390625,4.999805390329921e-5,350.0876731223169,0.2955973131050433,0.9983482019981726
236962.890625,1.606689453125,216.884765625,0.21264648437500003,0.353271484375,78293.15328598022,2394.53125,6.202684461036032e-5,380.90166973464505,0.33192072317692806,0.9974054205086673
237036.1328125,0.9456787109375,107.3974609375,0.25812988281250004,0.14753417968750002,40946.02286815643,2767.578125,5.570681321040413e-5,322.97874417944496,0.21560827843989658,0.9988944091493827
237255.859375,0.521240234375,154.794921875,0.117431640625,0.15668945312500002,101407.90510177612,5230.46875,3.633018239445178e-5,231.11745096992723,0.21646509879177878,0.9985502361164144
237329.1015625,1.9256591796875,85.1513671875,0.3720947265625001,0.32595214843750003,24235.400080680847,5603.515625,8.639942055831499e-5,339.2853028586708,0.2378346203074328,0.9993732455338266
237548.828125,1.644775390625,351.689453125,0.151123046875,0.13706054687500002,116451.11227035522,2722.65625,5.807718983672573e-5,340.23510798379533,0.3945056302442171,0.9945554418506871
237622.0703125,0.8021240234375,248.8427734375,0.34074707031250007,0.3801513671875001,6626.400828361511,2095.703125,3.744722931834733e-5,441.3677128159183,0.25766593160481954,0.9981312242534532
237841.796875,1.268310546875,123.583984375,0.3512207031250001,0.22524414062500003,51855.18217086792,6246.09375,6.112885031225919e-5,315.46144919571117,0.23146353775049758,0.999387639510147
237915.0390625,1.1785888671875,222.6123046875,0.15705566406250002,0.28083496093750004,71866.45591259003,6619.140625,4.9383248495971783e-5,265.24537222181044,0.313288442815495,0.99881185654961
238134.765625,0.897705078125,297.900390625,0.3849121093750001,0.18100585937500002,38938.973903656006,9738.28125,3.7953674296453865e-5,311.1085401287275,0.2529325165284396,0.9996221623669644
238208.0078125,1.5491943359375,366.3818359375,0.12570800781250002,0.31276855468750003,87926.88071727753,9111.328125,5.483829761526777e-5,254.949792187834,0.43156163652624757,0.9961434217148971
238427.734375,1.007568359375,76.435546875,0.174853515625,0.352392578125,10111.01484298706,8324.21875,6.540400355475809e-5,223.2116540024478,0.2129773020858777,0.9992343245828526
238500.9765625,1.4744873046875,179.4482421875,0.3545166015625001,0.1466552734375,115453.42910289764,8947.265625,6.0508490607927904e-5,307.4706378977998,0.2566054803276475,0.9994087301307677
238720.703125,1.381103515625,252.080078125,0.13120117187500002,0.391357421875,25190.682888031006,7816.40625,5.3703608991548295e-5,256.9576638583499,0.36380332394926157,0.9984623860911371
238793.9453125,1.1009521484375,321.8896484375,0.39582519531250004,0.1094482421875,100564.27466869354,7439.453125,4.330614063348114e-5,351.83002550411834,0.25612645566130227,0.9992340098793314
239013.671875,1.754638671875,193.974609375,0.37114257812500007,0.26625976562500003,88026.03483200073,3339.84375,6.77682274659113e-5,439.3138186044955,0.27698179412943336,0.9981640744098488
239086.9140625,0.7274169921875,125.6591796875,0.10197753906250001,0.24685058593750003,37231.80854320526,3962.890625,4.6405888473093166e-5,246.51254462176834,0.22752674020564093,0.998139257727221
239306.640625,0.634033203125,389.541015625,0.327490234375,0.28999023437500004,73623.88753890991,4832.03125,2.8050784411221864e-5,358.2873867367591,0.2680263789050236,0.9987043753916888
239379.8828125,1.8480224609375,290.6787109375,0.14328613281250002,0.19675292968750002,52366.448283195496,4455.078125,6.556848327566166e-5,301.54173182955253,0.3974689005836368,0.9955347224954397
239599.609375,1.493896484375,327.451171875,0.302587890625,0.18715820312500003,108503.36408615112,3542.96875,5.4665677214966125e-5,409.96899375839354,0.31131970286110755,0.9973748462883837
239672.8515625,1.0233154296875,268.4326171875,0.1869384765625,0.31892089843750004,12366.343379020691,3166.015625,4.303476621507394e-5,331.59327848065345,0.3101535677629063,0.9980876244101042
239892.578125,1.117431640625,173.720703125,0.26127929687500007,0.21909179687500002,93175.79793930054,4035.15625,5.140753671539377e-5,330.62876313442445,0.2573888564127787,0.9987974104725902
239965.8203125,1.3997802734375,60.2490234375,0.23059082031250003,0.27468261718750003,29857.327342033386,4658.203125,8.319341685398143e-5,273.19059276845525,0.2110638211826866,0.9991692990469107
240185.546875,0.740966796875,274.990234375,0.23637695312500004,0.119775390625,47606.44865036011,8558.59375,3.4372470507224296e-5,263.46585846862763,0.2639688255233028,0.9995590402578213
240258.7890625,1.7762451171875,384.6435546875,0.27189941406250007,0.36286621093750004,82822.58689403534,8181.640625,6.122887736560126e-5,334.66088888098943,0.38097426457092254,0.9948524825247699
240478.515625,1.870361328125,141.181640625,0.195068359375,0.17397460937500003,61157.968044281006,7050.78125,7.541773983902576e-5,273.8011233366697,0.2955517979340891,0.9990277023901428
240551.7578125,0.6468505859375,199.0380859375,0.3155517578125,0.3432373046875,68125.95450878143,7673.828125,3.585958069968438e-5,283.92769525578586,0.23048120371682146,0.9997649965804475
240771.484375,1.581787109375,132.216796875,0.12094726562500001,0.260986328125,115954.56647872925,5511.71875,6.876793513164547e-5,256.29864362724044,0.2952268517656726,0.9987249773191815
240844.7265625,0.9237060546875,192.7294921875,0.3896728515625001,0.24274902343750002,7470.915675163269,5134.765625,4.4386432920002755e-5,356.31351385636805,0.23328041224373647,0.9992345381224848
241064.453125,1.205322265625,286.611328125,0.161669921875,0.295263671875,101028.29885482788,2003.90625,4.7693021419970566e-5,359.08837798641537,0.3410027955633924,0.9972573763998316
241357.421875,0.828857421875,186.005859375,0.33598632812500007,0.34829101562500003,38911.10563278198,6527.34375,4.2170109388827136e-5,312.5583536989622,0.23993123339722863,0.9993101582473407
241430.6640625,1.6766357421875,75.1904296875,0.1558837890625,0.1413818359375,90144.16968822479,6150.390625,8.363578339757391e-5,245.62860751789518,0.2401899888592377,0.9989026994037524
241650.390625,1.958251953125,317.822265625,0.376708984375,0.39545898437500004,55914.5827293396,9019.53125,6.802607678862478e-5,371.175952437984,0.33925605230212086,0.996172435973712
241723.6328125,0.5472412109375,261.4599609375,0.1128173828125,0.11472167968750001,75869.07279491425,9642.578125,2.9300709200254035e-5,212.93564606345643,0.2595284680889205,0.9983769838750434
241943.359375,0.919677734375,383.232421875,0.25336914062500004,0.12387695312500001,15813.544750213623,6355.46875,3.665353159878347e-5,312.5574219526984,0.29715933031838926,0.9987284821513832
242016.6015625,1.5740966796875,281.7138671875,0.21740722656250003,0.3681396484375,109510.66863536835,6978.515625,5.829523936247338e-5,309.23658925065394,0.3590925701187401,0.9981362276859279
242236.328125,1.293212890625,208.251953125,0.29643554687500007,0.16987304687500002,33699.098110198975,9847.65625,5.361995161611141e-5,284.69632022480755,0.2707704287332343,0.9996699612374923
242309.5703125,1.2005615234375,137.2802734375,0.1766845703125,0.33796386718750004,95824.09369945526,9470.703125,5.7440078784656064e-5,241.3785222657533,0.26580537454536746,0.9995972884074737
242529.296875,1.666748046875,267.021484375,0.20590820312500002,0.192431640625,83067.3098564148,5371.09375,6.160800392360456e-5,316.6247050999216,0.342255419856912,0.997891989720465
242602.5390625,0.8270263671875,334.1748046875,0.32111816406250004,0.32302246093750003,45940.62888622284,5994.140625,3.515979032806752e-5,344.3400491581281,0.2798162093095787,0.9988756880502316
242822.265625,0.546142578125,69.462890625,0.24897460937500002,0.21381835937500002,66015.48147201538,2863.28125,5.855416941719242e-5,275.370821783272,0.17846473126423698,0.9991989424348524
242895.5078125,1.9476318359375,169.8193359375,0.2803955078125,0.27058105468750004,59846.87888622284,2486.328125,7.531541889217372e-5,417.9816357770482,0.29688980590385494,0.9977768721807512
243115.234375,0.609130859375,304.873046875,0.310791015625,0.38520507812500004,95724.50971603394,3199.21875,2.9841227637255767e-5,378.3652834891591,0.2558992588648728,0.9989220768235672
243188.4765625,1.8260498046875,376.0107421875,0.1998291015625,0.10446777343750001,30859.084010124207,3572.265625,6.307468386720706e-5,358.03223763572777,0.37443152118320716,0.994025866190749
243408.203125,1.732666015625,108.642578125,0.27651367187500003,0.3585449218750001,112505.34963607788,4691.40625,7.703936016029103e-5,329.9162780350076,0.2604963743253896,0.9990536957596984
243481.4453125,0.7025146484375,210.3271484375,0.23176269531250002,0.1516357421875,15527.546763420105,4064.453125,3.709048720909958e-5,304.41621966972156,0.23928420897680663,0.9990794746242625
243701.171875,1.356201171875,337.412109375,0.22583007812500003,0.299072265625,60871.24967575073,8214.84375,5.039990862488079e-5,299.55988322691206,0.3501341008250198,0.9983722263993448
243774.4140625,1.0789794921875,237.2216796875,0.26604003906250007,0.20466308593750002,67754.69672679901,8587.890625,4.603538213386225e-5,285.9435299478065,0.2802427226446606,0.999188113127552
243994.140625,0.985595703125,161.103515625,0.19155273437500003,0.257177734375,45822.31283187866,7707.03125,4.900064641129643e-5,254.8870702390193,0.2562282774821614,0.9994271187611701
244067.3828125,1.4495849609375,94.1162109375,0.2979736328125,0.23894042968750004,81816.765666008,7080.078125,7.253304979338013e-5,284.6250405492073,0.22974977942580807,0.9994980073974777
244287.109375,1.892333984375,226.513671875,0.13852539062500002,0.22934570312500002,27991.614818572998,8917.96875,6.964411114750536e-5,255.6013396680512,0.3738446721253338,0.9982839952151484
244360.3515625,0.6717529296875,114.3701171875,0.3322509765625,0.2861083984375,104468.40941905975,8291.015625,4.72101939135021e-5,255.78778439838322,0.20008579133239332,1.0000074913790644
244580.078125,0.765869140625,359.658203125,0.106591796875,0.17690429687500003,11392.808437347412,7410.15625,3.2709843985917085e-5,241.32451754872778,0.32608461808318745,0.9985269615173152
244653.3203125,1.7982177734375,299.3115234375,0.36652832031250004,0.3074951171875,120508.95392894745,7783.203125,6.429343119641695e-5,371.55102438335126,0.3145215689061929,0.9978111971683029
244873.046875,1.139404296875,89.052734375,0.39106445312500004,0.16196289062500002,73195.31583786011,3933.59375,6.638173978228778e-5,340.61225122288255,0.20170708702264967,0.9993197107957831
244946.2890625,1.4246826171875,145.5810546875,0.13596191406250002,0.3300537109375,51107.07175731659,3306.640625,6.337874149016868e-5,295.24977431770924,0.29091121165062256,0.9983204385696031
245166.015625,1.518798828125,242.119140625,0.359130859375,0.13178710937500002,88601.26638412476,4425.78125,5.8758272962605205e-5,399.5062587571431,0.26786465400160775,0.9984819932416696
245239.2578125,1.0452880859375,353.1005859375,0.17023925781250002,0.37604980468750004,36756.56974315643,4798.828125,4.117769989756875e-5,308.63416493686896,0.3515223323577085,0.9982233531285878
245458.984375,1.183349609375,201.279296875,0.21938476562500003,0.20004882812500002,49901.771068573,4636.71875,5.150167571171575e-5,312.13668134173867,0.2791638079692574,0.9987962429989082
245532.2265625,1.2752685546875,144.9169921875,0.25373535156250004,0.2943115234375,71361.0829114914,4009.765625,5.936420210128363e-5,330.21556231815435,0.2577558016537417,0.9988647291159451
245751.953125,1.556884765625,387.548828125,0.17573242187500002,0.24370117187500004,33942.72756576538,3128.90625,5.510698633517961e-5,355.62944622489323,0.3937841813683829,0.9945010140023065
246044.921875,1.930419921875,63.818359375,0.32192382812500003,0.11860351562500002,107080.20353317261,7652.34375,9.504787256702433e-5,275.98865123025445,0.2157861924853663,0.9996507200925167
246118.1640625,0.5281982421875,176.1279296875,0.2074462890625,0.3991943359375001,28640.06507396698,7025.390625,3.490822725519181e-5,251.30237209236552,0.22043283682921624,0.9992957645659826
246337.890625,0.809814453125,270.009765625,0.27827148437500004,0.13764648437500002,122888.12398910522,8144.53125,3.69387087479829e-5,285.78920626432136,0.2611501187610368,0.9994032167096795
246411.1328125,1.6488037109375,330.5224609375,0.24875488281250002,0.34440917968750007,14089.577555656433,8517.578125,5.900549933048854e-5,316.1370568655697,0.3648840791162649,0.9971626020773775
246630.859375,1.318115234375,292.919921875,0.3893066406250001,0.334814453125,65906.98957443237,7480.46875,5.0870086452604426e-5,371.47512677739326,0.28897801646292876,0.9988109220054116
246704.1015625,1.2225341796875,393.2763671875,0.11896972656250002,0.16657714843750002,59371.05071544647,7853.515625,4.525800152320228e-5,256.6062831524685,0.39251683647245034,0.9976257734546802
246923.828125,0.941650390625,128.564453125,0.347998046875,0.371435546875,81814.21041488647,8972.65625,5.220174813146331e-5,280.70128476840733,0.22394475533728037,0.9999825106658398
246997.0703125,1.5989990234375,195.7177734375,0.16262207031250003,0.12702636718750002,45202.481150627136,8345.703125,6.351208248153012e-5,258.26053200306677,0.31716636277132426,0.9989281542772446
247216.796875,0.565185546875,325.458984375,0.154345703125,0.27211914062500003,34099.68900680542,4496.09375,2.80090810934604e-5,280.76028750210594,0.2750110648237406,0.9985245285971157
247290.0390625,1.9754638671875,254.4873046875,0.3351806640625,0.21520996093750003,99837.64731884003,4869.140625,7.128251591173865e-5,399.8704347285483,0.30417192107256064,0.9977062947959965
247509.765625,1.694580078125,181.025390625,0.113037109375,0.321630859375,17263.192653656006,3988.28125,6.756773707557284e-5,284.80106682006067,0.34142862326173656,0.9979465957959491
247583.0078125,0.8460693359375,79.5068359375,0.37883300781250007,0.19089355468750002,116000.00083446503,3361.328125,6.256510522766397e-5,323.557231797582,0.18844227078299683,0.9993777512653143
247802.734375,1.804443359375,363.310546875,0.334228515625,0.155517578125,45915.33613204956,2074.21875,6.303662570302528e-5,517.8474772503898,0.31094555760422915,0.995182848790386
247875.9765625,0.7713623046875,296.3232421875,0.13889160156250002,0.3622802734375,85665.46523571014,2697.265625,3.5114731613936395e-5,314.0529626473392,0.3004661733984053,0.9981128850334283
248095.703125,0.677978515625,220.205078125,0.365576171875,0.100732421875,64749.276638031006,5566.40625,3.597304095037416e-5,324.76221999475143,0.21767819899970037,0.9994685294676654
248168.9453125,1.8978271484375,120.0146484375,0.10520019531250001,0.3813232421875,70645.57349681854,5189.453125,7.99707022599335e-5,261.50444654752215,0.3092857809817119,0.9982432391996177
248388.671875,1.051513671875,247.099609375,0.136767578125,0.23813476562500002,110986.54508590698,9089.84375,4.4998480898148273e-5,243.7591697284158,0.3119234437056167,0.9990198331942307
248461.9140625,1.5242919921875,348.7841796875,0.3926025390625001,0.2562255859375,17625.149607658386,9712.890625,5.5229336568914194e-5,356.22131403928176,0.2963651941912955,0.9985460853813867
248681.640625,1.430908203125,81.416015625,0.16811523437500003,0.205615234375,95533.61654281616,6582.03125,7.646270788871668e-5,247.37780584962994,0.23274549586097532,0.9992429133783564
248754.8828125,1.1448974609375,152.5537109375,0.3589111328125001,0.29987792968750004,29487.57255077362,6205.078125,5.497618840185205e-5,331.6586543935157,0.23881442266022948,0.9994839713871279
248974.609375,0.697021484375,104.326171875,0.199462890625,0.30903320312500004,95421.69904708862,9792.96875,5.0464080119212944e-5,219.78813543042338,0.2057728806709493,0.9997286015557157
249047.8515625,1.7264404296875,215.3076171875,0.3088134765625,0.17829589843750002,43672.98400402069,9416.015625,6.604783675191073e-5,309.23530463393575,0.2882782429156239,0.9993373608555252
249267.578125,1.820556640625,311.845703125,0.23315429687500003,0.28471679687500007,78808.36629867554,6285.15625,6.463644728485101e-5,333.7278294367543,0.36448676936703167,0.9962053721926236
249340.8203125,0.6029052734375,368.3740234375,0.2774658203125,0.22780761718750003,58400.418162345886,6908.203125,2.7951313622733578e-5,303.90903711142334,0.2627714543254613,0.9993145260376602
249560.546875,1.444091796875,158.115234375,0.264501953125,0.372900390625,3582.8280448913574,2808.59375,6.298106940056075e-5,381.0935343029508,0.2762374534423832,0.9982442035375153
249633.7890625,0.9793701171875,97.7685546875,0.2250244140625,0.12849121093750002,118452.62229442596,2431.640625,6.06350506870087e-5,319.5988017648604,0.21198579725475747,0.9988558482223097
249853.515625,1.073486328125,343.056640625,0.298193359375,0.333349609375,21363.839626312256,5300.78125,4.246720166869661e-5,364.2742583339641,0.3066544823407117,0.9982712336270466
249926.7578125,1.3499755859375,230.9130859375,0.19367675781250002,0.16511230468750002,103311.89811229706,5923.828125,5.467029442294346e-5,294.52611890986935,0.3066519881152645,0.9986719226022328
250146.484375,0.691162109375,206.591796875,0.355322265625,0.13911132812500002,78501.7466545105,3261.71875,3.75339010807434e-5,370.08833445452933,0.22866883189714368,0.9983373787969377
250219.7265625,1.7205810546875,139.6044921875,0.17404785156250002,0.34587402343750007,55588.927149772644,3884.765625,7.275279495153866e-5,311.26306438575335,0.29701540355670625,0.9984157083895546
250439.453125,1.814697265625,382.236328125,0.39604492187500007,0.11713867187500002,94103.31106185913,4753.90625,6.308209778894295e-5,446.98358106719166,0.2845873251632193,0.9962856571330834
250732.421875,1.438232421875,69.130859375,0.10161132812500001,0.24516601562500004,23199.313640594482,8277.34375,8.120323304602761e-5,215.37800503546612,0.23006278842290578,0.9976403079520345
250805.6640625,0.9735107421875,170.8154296875,0.37150878906250007,0.26325683593750004,105236.76002025604,8900.390625,4.821037848268192e-5,300.57875009166384,0.23214187361299765,0.9998456090204338
251025.390625,1.067626953125,264.697265625,0.142333984375,0.19858398437500002,9321.8092918396,7769.53125,4.488883451217433e-5,256.54585002007195,0.31555819857409206,0.9988625335090305
251098.6328125,1.3441162109375,335.8349609375,0.32844238281250004,0.2928466796875,118366.4482831955,7392.578125,5.051795632447578e-5,354.5321650236865,0.30941257013073487,0.9984931411424617
251318.359375,1.810302734375,287.607421875,0.187744140625,0.32075195312500004,65817.75617599487,8605.46875,6.511117580476944e-5,290.0473732607284,0.3813921908519865,0.9972954338376747
251391.6015625,0.7772216796875,398.5888671875,0.30178222656250003,0.19001464843750002,73472.18596935272,8228.515625,3.2456553184397475e-5,311.6762507442066,0.27775664601172584,0.9993528777814836
251611.328125,0.683837890625,133.876953125,0.23081054687500002,0.27299804687500007,51091.493129730225,7097.65625,4.498720692769864e-5,253.4603702231279,0.21336111483371173,0.9994749050970412
251684.5703125,1.9036865234375,190.4052734375,0.26105957031250004,0.21608886718750003,87977.62763500214,7720.703125,7.290054706883154e-5,310.59829562074145,0.303464395172508,0.9989120078624392
251904.296875,1.057373046875,320.146484375,0.27153320312500007,0.37055664062500004,97101.6116142273,3621.09375,4.2801470419193426e-5,384.47117645229457,0.30898180303932904,0.9979148606023733
251977.5390625,1.5301513671875,259.7998046875,0.23674316406250004,0.1261474609375,26588.39499950409,3244.140625,5.8683438594182234e-5,372.4022175418425,0.3084367513708575,0.9977948787316154
252197.265625,1.436767578125,186.337890625,0.31459960937500003,0.335693359375,111029.15334701538,4113.28125,6.031991655900383e-5,380.0847552827109,0.27628175193118915,0.9984498741245132
252270.5078125,1.1507568359375,74.1943359375,0.19602050781250002,0.16745605468750002,13953.87351512909,4736.328125,7.294418889679722e-5,263.7203575846063,0.20951345022782555,0.9992356887295685
252490.234375,1.312255859375,357.998046875,0.24516601562500004,0.207080078125,81192.89350509644,5949.21875,4.908938054404885e-5,334.68092793428144,0.32931651403222456,0.9980120771919679
252563.4765625,1.2166748046875,301.6357421875,0.28420410156250003,0.30134277343750004,44628.18801403046,5322.265625,4.800709431081246e-5,356.7822304965036,0.30561542110646245,0.9984023461177332
252783.203125,0.935791015625,225.517578125,0.21088867187500002,0.23666992187500002,66292.70315170288,2441.40625,4.350355425587144e-5,355.5822854998715,0.269744487218152,0.9982970868707223
252856.4453125,1.5931396484375,114.7021484375,0.3161376953125,0.2547607421875,57348.164439201355,2814.453125,7.35335391519397e-5,389.4378689318869,0.24261198020236446,0.9985817671115179
253076.171875,0.559326171875,241.787109375,0.29145507812500004,0.102197265625,21269.259929656982,6964.84375,3.152023173245804e-5,281.34912217116965,0.22195807202815496,0.9996543809931906
253149.4140625,1.9696044921875,354.0966796875,0.18166503906250003,0.3827880859375,117973.78242015839,6337.890625,6.798833945979452e-5,320.13490417749296,0.4255083987576453,0.9940037378171999
253369.140625,1.688720703125,86.728515625,0.257177734375,0.154052734375,37561.87582015991,9457.03125,8.179767022041503e-5,256.43535796073064,0.2338274091668382,0.9997094851537134
253442.3828125,0.8402099609375,147.2412109375,0.21359863281250002,0.3608154296875,104090.66092967987,9830.078125,4.7277672474695695e-5,244.9151841553591,0.2363999908175947,0.9999475012895985
253662.109375,1.189208984375,109.638671875,0.372900390625,0.33247070312500004,37806.6782951355,6167.96875,6.348238114191208e-5,321.8721916006824,0.22151879574933045,0.9995654571931305
253735.3515625,1.2811279296875,209.9951171875,0.11662597656250001,0.1642333984375,89353.724360466,6541.015625,5.4131200778234235e-5,255.47109459841099,0.3148144121804538,0.9985936506819849
253955.078125,1.562744140625,306.533203125,0.34096679687500003,0.373779296875,54055.16195297241,9660.15625,5.772044646981389e-5,343.2846519797708,0.3227520502285402,0.9988487389313659
254028.3203125,0.9075927734375,373.6865234375,0.1509033203125,0.12937011718750002,77212.1399641037,9033.203125,3.687916045403309e-5,255.23238060863318,0.3274267595793687,0.9989439791182662
254248.046875,1.936279296875,163.427734375,0.15668945312500002,0.28383789062500003,125992.74015426636,5183.59375,7.635638453300974e-5,293.9524078065513,0.3264284546315436,0.9983577897913478
254321.2890625,0.5340576171875,92.4560546875,0.3515869140625001,0.22692871093750003,12533.432841300964,5556.640625,5.071316752367276e-5,265.476341193131,0.19842111512735552,0.9990445995234726
254541.015625,0.815673828125,337.744140625,0.12475585937500001,0.309912109375,110905.282497406,2675.78125,3.536373103996181e-5,313.8528847677091,0.32403988008259815,0.9975321570534212
254614.2578125,1.6546630859375,236.2255859375,0.3858642578125,0.17917480468750002,24280.953288078308,2048.828125,6.362438015620502e-5,523.689118422361,0.2670564929708317,0.9978821271079519
254833.984375,1.886474609375,126.904296875,0.30375976562500007,0.39692382812500004,7331.763744354248,2386.71875,7.964543116231782e-5,424.9151616665997,0.2734399778613658,0.998039260256974
254907.2265625,0.6658935546875,198.0419921875,0.1881103515625,0.11618652343750001,124135.34438610077,2759.765625,3.78674072695384e-5,312.09149811275967,0.23352432433389395,0.9986786423198615
255126.953125,0.760009765625,291.923828125,0.260107421875,0.34682617187500003,25783.36477279663,5878.90625,3.5196119058512276e-5,317.2766096084781,0.2720924323074421,0.9991290794145601
255200.1953125,1.7923583984375,393.6083984375,0.2294189453125,0.1399169921875,109887.09723949432,5251.953125,6.220789091362225e-5,350.5973063560499,0.36121074210086135,0.9946214189774696
255419.921875,1.133544921875,180.693359375,0.23754882812500003,0.296728515625,92876.22404098511,9402.34375,5.214258985397672e-5,271.09947145547267,0.26740034213441977,0.9996385639163005
255493.1640625,1.4188232421875,80.5029296875,0.2730712890625,0.2023193359375,42810.78040599823,9775.390625,7.710727067703547e-5,250.46828454614922,0.21926337400310064,0.9998502387319588
255712.890625,1.512939453125,323.134765625,0.193896484375,0.259521484375,78420.35055160522,6894.53125,5.583642863306459e-5,305.47651369604233,0.36062035156689615,0.9977241190218288
255786.1328125,1.0394287109375,256.1474609375,0.31437988281250007,0.24128417968750002,53985.39054393768,6267.578125,4.483784787773396e-5,337.40143552617866,0.26715267299180623,0.9990164157473342
256005.859375,0.614990234375,388.544921875,0.17368164062500002,0.212939453125,117434.63850021362,9730.46875,2.7974279345432667e-5,252.48241519617983,0.2930872791914705,0.9989530170618547
256079.1015625,1.8319091796875,276.4013671875,0.35334472656250004,0.26970214843750007,21270.068049430847,9103.515625,6.66308666538118e-5,350.75368311372245,0.3058129639346722,0.9984798363610967
256298.828125,1.738525390625,202.939453125,0.132373046875,0.19331054687500002,102847.23043441772,6222.65625,6.774098481443067e-5,273.633171728125,0.34135597465389483,0.9982683560498111
256372.0703125,0.7083740234375,142.5927734375,0.3969970703125001,0.32390136718750007,34113.82758617401,6595.703125,4.490101152496788e-5,307.3739333261407,0.20635023024915874,0.9997446358246554
256591.796875,1.362060546875,272.333984375,0.369970703125,0.168994140625,45719.92826461792,2746.09375,5.3649966569891787e-5,469.3257439296958,0.2667318564165822,0.9980152879859355
256665.0390625,1.0848388671875,328.8623046875,0.10080566406250001,0.33708496093750007,83313.53843212128,2119.140625,4.3573915969563115e-5,321.2759199768828,0.3609694512819105,0.9974056635821729
256884.765625,0.991455078125,64.150390625,0.32866210937500007,0.12475585937500001,61245.614528656006,5238.28125,7.455356960846657e-5,274.69408004682657,0.18701943507394692,0.9995270473498543
256958.0078125,1.4554443359375,175.1318359375,0.1444580078125,0.3690185546875,70614.80796337128,5611.328125,6.206813524855471e-5,280.80694733979067,0.30916674253765025,0.9986248166668754
257177.734375,0.913818359375,310.185546875,0.11860351562500002,0.258642578125,30024.34492111206,4824.21875,3.914753921023407e-5,277.57950673321085,0.32208744309720566,0.9982478602432064
257250.9765625,1.5682373046875,370.6982421875,0.3732666015625,0.24040527343750004,101067.3817396164,4447.265625,5.644229343117565e-5,445.23678994494617,0.3019626119955092,0.9969414836175793
257470.703125,1.287353515625,103.330078125,0.149951171875,0.297607421875,15013.192653656006,3316.40625,6.831143775900891e-5,290.95424131762684,0.24328964098720374,0.9986100916744873
257543.9453125,1.1947021484375,215.6396484375,0.3395751953125,0.20319824218750002,115575.56617259979,3939.453125,5.1767559478613375e-5,389.0592124896644,0.25549136763553987,0.9985087808071776
257763.671875,1.660888671875,342.724609375,0.352392578125,0.3600097656250001,73384.55533981323,7839.84375,5.962622213659688e-5,377.78417822609856,0.32891947788658005,0.9971345657044534
257836.9140625,0.8211669921875,231.9091796875,0.1582275390625,0.1531005859375,65195.79780101776,7462.890625,3.9865403660826124e-5,254.8903717912088,0.2700219713494824,0.9991984470607391
258056.640625,0.540283203125,155.791015625,0.38374023437500004,0.38374023437500004,88187.24203109741,8332.03125,3.8465599382857486e-5,278.32743914843627,0.20167531674388833,1.0000152253559655
258129.8828125,1.9417724609375,99.4287109375,0.1245361328125,0.10300292968750001,51386.467814445496,8955.078125,8.584414460981817e-5,234.16810915689754,0.2752607061596456,0.9987034881850492
258349.609375,1.587646484375,221.201171875,0.28383789062500003,0.130908203125,109674.26252365112,7042.96875,6.252361411389733e-5,324.4063075244223,0.28350552770636633,0.9989784799435816
258422.8515625,0.9295654296875,119.6826171875,0.24318847656250003,0.37517089843750007,24847.36144542694,7666.015625,5.487144538562622e-5,265.24541880304804,0.2250124718507448,0.9996175003739638
258642.578125,1.211181640625,364.970703125,0.31752929687500003,0.162841796875,124072.28231430054,8535.15625,4.6222111951958506e-5,331.76985737752915,0.292621196837721,0.9988542169337121
258715.8203125,1.3060302734375,293.9990234375,0.2118408203125,0.3309326171875,11916.104197502136,8158.203125,5.102746688158127e-5,297.93131973570814,0.3337878451086498,0.9987782586531962
258935.546875,0.834716796875,83.740234375,0.18012695312500002,0.176025390625,55802.12736129761,4058.59375,6.242592474648766e-5,263.76439831942986,0.20026965435166186,0.9989411460875592
259008.7890625,1.6824951171875,150.8935546875,0.2906494140625,0.3066162109375,80105.54587841034,4681.640625,7.115840635113099e-5,355.2037733885117,0.27252563707103616,0.9987555653104376
259228.515625,1.964111328125,247.431640625,0.21381835937500002,0.23022460937500003,40175.668239593506,3550.78125,7.184746335246625e-5,367.45817636731243,0.3452110209430715,0.9968933002441731
259301.7578125,0.5531005859375,347.7880859375,0.25930175781250003,0.2869873046875,94789.40665721893,3173.828125,2.7603428296308816e-5,357.73821742099955,0.25505575031388455,0.9987889454647615
259521.484375,1.488037109375,238.466796875,0.139697265625,0.354736328125,102462.50104904175,9011.71875,5.860503449069182e-5,263.1299491685231,0.3504044308950989,0.9986911682293175
259594.7265625,1.0174560546875,341.4794921875,0.33342285156250007,0.14899902343750002,34600.18813610077,9634.765625,4.117382591760028e-5,315.69730079951887,0.2748341054721256,0.9993723096377566
259814.453125,1.111572265625,95.361328125,0.105419921875,0.389013671875,117313.82131576538,6503.90625,6.559587179240335e-5,236.37996366101504,0.2327813071437087,0.9983109019769766
260107.421875,0.735107421875,377.255859375,0.3922363281250001,0.25454101562500003,62352.26774215698,2027.34375,3.2244301335517755e-5,503.3542867779022,0.2534308321120335,0.9983843634713333
260180.6640625,1.7703857421875,308.9404296875,0.1371337890625,0.23513183593750003,72188.54224681854,2650.390625,6.382642317965632e-5,345.1669845924954,0.3960420628078946,0.9948576606170759
260400.390625,1.864501953125,211.572265625,0.35795898437500007,0.30170898437500004,50022.2487449646,5519.53125,7.117966503415497e-5,395.6449608799552,0.2895092983658453,0.9984920820120256
260473.6328125,0.6409912109375,112.7099609375,0.1690673828125,0.20847167968750002,87449.4560956955,5142.578125,4.9066872762876144e-5,250.0523069989635,0.20251630643443286,0.9989596474130249
260693.359375,1.013427734375,149.482421875,0.30961914062500007,0.18012695312500002,21344.184398651123,2855.46875,5.310075295941957e-5,371.48093412808663,0.23361607103118953,0.9983781860083882
260766.6015625,1.4803466796875,90.4638671875,0.1986572265625,0.3118896484375,109492.60222911835,2478.515625,7.737742514779422e-5,331.6998022978723,0.2373054367345943,0.9985118814700562
260986.328125,1.386962890625,357.001953125,0.277685546875,0.226123046875,8708.497524261475,5347.65625,5.1654984274467395e-5,367.0955855137032,0.32100866368845354,0.9977105187011067
261059.5703125,1.1068115234375,243.5302734375,0.23293457031250003,0.2817138671875,125633.78608226776,5970.703125,4.773456747220138e-5,313.82551346720885,0.28744940766924926,0.9988328247519654
261279.296875,1.760498046875,118.271484375,0.224658203125,0.13618164062500002,83287.5247001648,9871.09375,7.765825518426766e-5,261.25245156540126,0.26157549314098727,0.9995250841907856
261352.5390625,0.7332763671875,227.9248046875,0.2648681640625,0.3792724609375,59049.82078075409,9494.140625,3.770792991615133e-5,276.09971663173735,0.2511522232534074,0.9998508901871257
261572.265625,0.639892578125,303.212890625,0.19272460937500002,0.15756835937500002,95974.46584701538,6363.28125,3.157737908816557e-5,277.5491084214439,0.26165415120055185,0.9991543097291405
261645.5078125,1.8538818359375,361.0693359375,0.29914550781250004,0.32683105468750007,43478.16550731659,6986.328125,6.487484527108811e-5,371.48179002108185,0.35332637615945506,0.9952912644133968
261865.234375,0.515380859375,71.123046875,0.25454101562500003,0.29145507812500004,127141.74604415894,7699.21875,5.944377189713104e-5,222.70962373262165,0.20752128941032477,0.9985231404882753
261938.4765625,1.9197998046875,184.7607421875,0.21857910156250002,0.19821777343750002,12486.708521842957,7072.265625,7.460157242599769e-5,303.98402242790263,0.30955485307494696,0.9987796991176455
262158.203125,1.638916015625,257.392578125,0.295263671875,0.26479492187500003,113738.01565170288,8191.40625,6.228665981944847e-5,332.62810432954444,0.3076699758121727,0.9988009488486893
262231.4453125,0.7962646484375,316.5771484375,0.17551269531250002,0.24538574218750003,28161.885142326355,8564.453125,3.560311172850223e-5,265.8512815037681,0.29325055695942126,0.9991561567745856
262451.171875,1.262451171875,188.662109375,0.207080078125,0.392822265625,39616.48893356323,4714.84375,5.597705889352312e-5,319.5874756075049,0.28799843957905247,0.9986319164075378
262524.4140625,1.1727294921875,130.9716796875,0.32229003906250003,0.1109130859375,94345.63910961151,4087.890625,6.031415968428848e-5,343.27142905330703,0.2228572651391777,0.9991426993135504
262744.140625,0.891845703125,394.853515625,0.24780273437500003,0.350927734375,53959.88607406616,3207.03125,3.648086453096816e-5,387.441255415564,0.31254828400434564,0.9977042561553668
262817.3828125,1.5433349609375,285.3662109375,0.27922363281250007,0.1451904296875,78698.113322258,3580.078125,5.8611895277114615e-5,397.80391079445025,0.3003915303955741,0.9977568601307433
263037.109375,1.986083984375,332.763671875,0.119775390625,0.173095703125,17885.169506072998,4417.96875,6.943873816739628e-5,306.4757053000662,0.4287834187733888,0.9939619350593109
263110.3515625,0.5780029296875,263.1201171875,0.38850097656250004,0.34235839843750004,119763.880610466,4791.015625,3.168358852272124e-5,362.5826597702881,0.22881913374850246,0.9998948590115468
263330.078125,0.859619140625,168.408203125,0.162841796875,0.12065429687500001,32293.199062347412,3910.15625,4.671628454802663e-5,286.2543728438391,0.24144801573114194,0.9987507600606038
263403.3203125,1.7044677734375,65.5615234375,0.34777832031250006,0.3637451171875,105585.3089094162,3283.203125,9.290203817096418e-5,360.47977225078,0.2144235981045402,0.9990828744817235
263623.046875,1.233154296875,280.302734375,0.334814453125,0.21821289062500002,87902.71329879761,7433.59375,4.978327536969368e-5,345.1403216154327,0.2762178920786883,0.9990630726531591
263696.2890625,1.3309326171875,379.3310546875,0.1547119140625,0.2738037109375,49809.95261669159,7806.640625,4.936675382356437e-5,286.1550986812501,0.38140698149216645,0.9975578864082346
263916.015625,1.612548828125,135.869140625,0.37788085937500004,0.188037109375,73505.68532943726,8925.78125,7.129749489495683e-5,317.9284176949373,0.23800390133280167,0.99964413854204
263989.2578125,0.9515380859375,204.3505859375,0.11398925781250001,0.3197998046875,65043.06876659393,8298.828125,4.5760374543335124e-5,243.24280736012147,0.28242633585244453,0.9987630639268169
264208.984375,1.089599609375,350.029296875,0.20063476562500002,0.10629882812500001,47905.677318573,8136.71875,4.327184026816454e-5,287.0156281981274,0.3174493424292302,0.998781520974865
264282.2265625,1.3690185546875,251.1669921875,0.30998535156250007,0.3880615234375,86352.84316539764,8509.765625,5.4955476743769724e-5,333.44221094250315,0.30086334423287797,0.9991193394175595
264501.953125,1.463134765625,153.798828125,0.23198242187500004,0.149951171875,63063.82131576538,7628.90625,6.499636596550418e-5,285.4040526557311,0.26744285994356765,0.9990614354441052
264794.921875,1.836669921875,297.568359375,0.26567382812500007,0.21235351562500002,122615.72599411011,3152.34375,6.649751305120766e-5,418.11347379499506,0.330467348670323,0.9963383001724213
264868.1640625,0.6219482421875,367.3779296875,0.22619628906250003,0.30544433593750003,19481.61780834198,3525.390625,2.9299889805633813e-5,345.2042289145654,0.2738739627174606,0.9984454667154713
265087.890625,0.716064453125,121.259765625,0.29702148437500003,0.23139648437500002,108250.55074691772,4644.53125,4.9895956032054096e-5,297.8448241082547,0.20178597141559912,0.9993250815952511
265161.1328125,1.7425537109375,224.2724609375,0.1925048828125,0.25065917968750007,34369.24064159393,4017.578125,6.72601751930246e-5,340.2531026917567,0.3301988823242232,0.9977647268619965
265380.859375,1.411865234375,101.669921875,0.33305664062500007,0.278564453125,93034.18684005737,3980.46875,7.302958333778577e-5,352.92022608322253,0.2249646015866991,0.999107616539109
265454.1015625,1.1287841796875,159.5263671875,0.1377197265625,0.2228271484375,36802.38616466522,3353.515625,5.546524059360721e-5,296.0960018177219,0.26527104399452606,0.9984697929433398
265673.828125,1.035400390625,234.814453125,0.36674804687500007,0.315185546875,78119.14205551147,4472.65625,4.653735216156432e-5,393.0957305210526,0.25473625365894026,0.9986527617288616
265747.0703125,1.5052490234375,344.4677734375,0.10637207031250001,0.1832763671875,53825.100779533386,4845.703125,5.53760218961099e-5,289.24821268057315,0.4006431783281846,0.9963068140363837
265966.796875,0.658935546875,219.208984375,0.13559570312500002,0.328369140625,16563.67826461792,8996.09375,3.645681879988311e-5,238.35598698118312,0.2515704439099095,0.9991018755125655
266040.0390625,1.8817138671875,105.7373046875,0.39143066406250004,0.1589599609375,131407.10532665253,8369.140625,8.412407730122138e-5,321.51274900023276,0.22835199455647207,0.999674503478848
266259.765625,1.788330078125,372.275390625,0.16928710937500002,0.37788085937500004,29266.976833343506,7488.28125,6.28501427918531e-5,308.57517344436417,0.42023032933604926,0.9950070021967271
266333.0078125,0.7523193359375,313.2568359375,0.3600830078125,0.1346435546875,117228.02817821503,7861.328125,3.467622419160797e-5,325.55344543439753,0.2401274423955608,0.999392258479669
266552.734375,1.710693359375,172.060546875,0.390478515625,0.24926757812500003,60088.55390548706,6574.21875,7.02876230994709e-5,372.86344552385117,0.2564036043790972,0.9990500783788888
266625.9765625,0.8651123046875,62.5732421875,0.1201416015625,0.2685302734375,85241.14882946014,6197.265625,7.401546613585458e-5,224.8158522826809,0.19243013242327284,0.9984306807215275
266845.703125,0.584228515625,326.455078125,0.34682617187500003,0.19448242187500003,47867.074489593506,9066.40625,2.9268795423777092e-5,302.1566001955071,0.23703175708876822,0.9995742893036276
266918.9453125,1.9915771484375,268.7646484375,0.16145019531250002,0.2875732421875,101036.32056713104,9689.453125,7.171945906116652e-5,280.2905565115693,0.38684780651325845,0.9971467325787552
267138.671875,0.957763671875,140.849609375,0.155517578125,0.14438476562500002,110885.47086715698,5589.84375,5.318833580852745e-5,262.6721939803986,0.2376256947432176,0.9989672212500014
267211.9140625,1.6180419921875,200.0341796875,0.33635253906250007,0.34997558593750006,22108.364939689636,5212.890625,6.54805698415385e-5,385.26337712198244,0.2837700214029728,0.9985653220963722
267431.640625,1.337158203125,272.666015625,0.11186523437500001,0.11186523437500001,126195.72591781616,2082.03125,5.344737970296046e-5,330.2862471699746,0.3416700402324879,0.9972124681099112
267504.8828125,1.2386474609375,386.3037109375,0.3776611328125,0.39362792968750004,3952.8435468673706,2705.078125,4.698465476888254e-5,514.1349750378399,0.309042961917041,0.9970494814639075
267724.609375,0.790771484375,253.076171875,0.21821289062500002,0.36528320312500007,77173.77424240112,5292.96875,3.856449705089162e-5,309.7590821262181,0.26706030643768247,0.9989620342660569
267797.8515625,1.6326904296875,321.5576171875,0.2525634765625,0.12204589843750001,68001.47521495819,5916.015625,6.0004589789570186e-5,346.5136162056184,0.3208880225847769,0.9976297091225894
268017.578125,1.914306640625,78.095703125,0.17690429687500003,0.34096679687500003,91399.55282211304,2785.15625,9.370804067833614e-5,322.07332461862006,0.24691198286837276,0.9985254360239556
268090.8203125,0.5091552734375,177.1240234375,0.29621582031250004,0.1715576171875,51740.017771720886,2408.203125,3.646192992536222e-5,347.3155498654156,0.2009629164642532,0.998942780481421
268310.546875,1.537841796875,391.865234375,0.32075195312500004,0.316650390625,31091.372966766357,6308.59375,5.534922563087703e-5,390.44585054705493,0.33305370248671246,0.9963567157406691
268383.7890625,0.8856201171875,289.0185546875,0.20627441406250002,0.1847412109375,103712.81516551971,6931.640625,3.960313287954967e-5,290.6627857177488,0.28066419578291574,0.999095986788511
268603.515625,1.167236328125,194.306640625,0.27944335937500003,0.277099609375,18737.130641937256,9800.78125,5.2962642089534915e-5,289.5719360203894,0.262725022220423,0.9995911578846776
268676.7578125,1.2562255859375,124.6630859375,0.24992675781250004,0.2213623046875,119425.48453807831,9423.828125,6.3793966692088e-5,266.04424705759396,0.24209170190292473,0.9995650208059167
268896.484375,1.722412109375,397.841796875,0.261572265625,0.270361328125,42949.2564201355,2761.71875,6.063696331813201e-5,445.3712541192738,0.35793683739963555,0.9941198112437312
268969.7265625,0.6893310546875,288.3544921875,0.23029785156250002,0.21462402343750003,100008.5438489914,2384.765625,3.414692781596121e-5,369.2169803044253,0.2613453304003869,0.9978785461720427
269189.453125,0.595947265625,190.986328125,0.30229492187500007,0.32338867187500003,60766.88528060913,5253.90625,3.7422145192035175e-5,309.59102457907284,0.21671380251494562,0.9994102906074013
269482.421875,0.969482421875,260.380859375,0.195361328125,0.33891601562500007,127236.05680465698,9777.34375,4.3225406693957415e-5,271.21404394575757,0.29197065135403155,0.9994559073682434
269555.6640625,1.4422607421875,319.5654296875,0.31525878906250004,0.16950683593750002,11206.364512443542,9400.390625,5.46406277628028e-5,329.86588558960483,0.29447117843458165,0.998932341881574
269775.390625,1.348876953125,73.447265625,0.23608398437500003,0.3673339843750001,112467.4391746521,6269.53125,8.10997431616195e-5,274.23445956469874,0.21562904257784196,0.9993862224213886
269848.6328125,1.0628662109375,187.0849609375,0.2721923828125,0.12409667968750002,23115.349650382996,6892.578125,5.092139041298742e-5,300.9377582755788,0.2443679042915292,0.9993041772090988
270068.359375,0.779052734375,138.857421875,0.131494140625,0.114501953125,94267.21906661987,9105.46875,4.8492145577000124e-5,224.5600432188099,0.22533424364604346,0.9989633797071117
270141.6015625,1.8084716796875,207.3388671875,0.3955322265625001,0.3962646484375001,55844.43938732147,9728.515625,7.031479129400217e-5,360.75647326948416,0.2885362119537391,0.9991937511154991
270361.328125,1.902587890625,282.626953125,0.174560546875,0.141748046875,78360.53609848022,6597.65625,6.899296024779456e-5,305.9276078632716,0.36169879729263404,0.9968369927429092
270434.5703125,0.6849365234375,381.6552734375,0.35480957031250004,0.34733886718750007,69679.71503734589,6220.703125,3.095656277018489e-5,363.4974029220219,0.2639694091455695,0.9998027330586083
270654.296875,1.526123046875,171.396484375,0.32778320312500003,0.20180664062500003,12332.690715789795,2121.09375,6.580312295661312e-5,453.67061217895935,0.25934182095077374,0.997958845928036
270727.5390625,1.0614013671875,68.5498046875,0.1429931640625,0.2948974609375,119142.47214794159,2744.140625,7.702831568855743e-5,282.69979222261793,0.20323213692096095,0.998698940911945
270947.265625,1.155517578125,335.087890625,0.370849609375,0.24194335937500003,30152.32229232788,5613.28125,4.6050505858419844e-5,398.78270297052643,0.27498360578872616,0.9985308702118653
271020.5078125,1.4320068359375,265.4443359375,0.10227050781250001,0.2612060546875,104691.05613231659,5236.328125,5.6510926574483175e-5,280.2665614304303,0.36111461844169196,0.9977662001960335
271240.234375,1.218505859375,209.248046875,0.151416015625,0.375830078125,61900.535106658936,4449.21875,5.378546710082008e-5,303.9083933292349,0.3028835180340558,0.998279658517921
271313.4765625,1.3104248046875,110.3857421875,0.3404541015625,0.1325927734375,71868.54445934296,4822.265625,6.89438039095634e-5,334.9027388834599,0.2165541275625566,0.9992310114621995
271533.203125,1.592041015625,374.267578125,0.11713867187500002,0.330419921875,47132.18069076538,3941.40625,5.740445383918231e-5,317.6381525694714,0.4236629034574791,0.9953110585376975
271606.4453125,0.9368896484375,305.9521484375,0.37238769531250004,0.1610107421875,86605.12244701385,3314.453125,4.077339363081881e-5,432.59346981053085,0.2482586099760393,0.9984290786176114
271826.171875,1.965576171875,93.037109375,0.38520507812500004,0.308447265625,111139.13297653198,7464.84375,9.030424742519742e-5,334.6784830852125,0.23378289351989737,0.9995580211768742
271899.4140625,0.5633544921875,162.8466796875,0.1254150390625,0.17653808593750003,38708.584666252136,7837.890625,3.94514581683551e-5,228.17859425806287,0.2172217425114315,0.998306345929622
272119.140625,0.844970703125,235.478515625,0.350927734375,0.28530273437500003,126812.36410140991,8957.03125,4.120499753839149e-5,312.6340208824169,0.24199097089693933,0.9998908908171614
272192.3828125,1.6839599609375,338.4912109375,0.1573486328125,0.22956542968750002,23521.01981639862,8330.078125,6.089314151560735e-5,289.8087082670897,0.38733343358964306,0.9965725990136524
272412.109375,1.282958984375,300.888671875,0.316650390625,0.23872070312500002,81539.710521698,7667.96875,5.087771160018526e-5,345.876202254662,0.28852231667340594,0.998911066981188
272485.3515625,1.1873779296875,358.7451171875,0.2103759765625,0.25798339843750007,55586.2683057785,7041.015625,4.625619335769674e-5,314.78859747887213,0.3318756275650091,0.9984093501113255
272705.078125,0.906494140625,115.283203125,0.28471679687500007,0.20502929687500002,96730.57699203491,8160.15625,5.680272273922903e-5,266.588191116688,0.2101912037501836,0.9995941569861634
272778.3203125,1.5638427734375,224.9365234375,0.24465332031250003,0.29812011718750003,42463.7268781662,8533.203125,6.246879781900528e-5,309.4863800945943,0.3069947135557543,0.9990776489535058
272998.046875,0.530029296875,354.677734375,0.212939453125,0.152587890625,28176.089763641357,4683.59375,2.726014681124592e-5,307.7614288409067,0.25098518339494935,0.9989582689072087
273071.2890625,1.9403076171875,241.2060546875,0.25783691406250003,0.3581787109375001,119296.55539989471,4056.640625,7.233912239290511e-5,391.97881747601417,0.3359872213965829,0.9972413518937372
273291.015625,1.659423828125,146.494140625,0.18100585937500002,0.103662109375,10670.419216156006,3175.78125,7.255715670859882e-5,330.2678298660317,0.2752306604000975,0.998308717925727
273364.2578125,0.8109130859375,87.4755859375,0.2921142578125,0.38542480468750007,135349.49576854706,3548.828125,6.280619554594182e-5,311.4315447624312,0.19591378883183208,0.9994069085644887
273583.984375,0.667724609375,275.654296875,0.39750976562500007,0.190673828125,117128.76081466675,3886.71875,3.4264768403386556e-5,395.8103624026788,0.2306825781243168,0.9982115455390265
273657.2265625,1.8846435546875,389.2919921875,0.1318603515625,0.32243652343750007,24749.48012828827,3259.765625,6.564765771843938e-5,346.17055517445965,0.44116759161327673,0.993010574413072
273876.953125,1.791259765625,143.173828125,0.353857421875,0.21557617187500003,133766.88528060913,4378.90625,7.660904613378307e-5,390.83542366338014,0.24994968043578356,0.9987139899223612
273950.1953125,0.7611083984375,202.3583984375,0.17316894531250002,0.27116699218750007,10401.135325431824,4751.953125,4.1502894182948406e-5,288.63344315769206,0.24639325910860502,0.9990663275085504
274169.921875,1.414794921875,329.443359375,0.143798828125,0.127978515625,59286.62443161011,8902.34375,5.358379105754369e-5,272.4210722178202,0.36117263026914004,0.9981278242413211
274243.1640625,1.1375732421875,271.7529296875,0.3293212890625,0.3710693359375,84620.53382396698,8275.390625,4.791609370460248e-5,340.91850785713564,0.2828933364809615,0.99922311774951
274462.890625,1.044189453125,174.384765625,0.10014648437500001,0.165771484375,43594.178676605225,7394.53125,5.186654239865649e-5,243.56055590296506,0.2710242374286072,0.9983587785070768
274536.1328125,1.5081787109375,64.8974609375,0.3706298828125001,0.33503417968750004,99043.92325878143,7767.578125,8.983220945396314e-5,291.2212557698643,0.20434241655034718,0.9997349452274453
274755.859375,1.833740234375,197.294921875,0.22993164062500002,0.34418945312500004,37049.01838302612,8230.46875,7.211881252592637e-5,310.80267394220624,0.3174062141996552,0.9989228448701447
274829.1015625,0.6131591796875,127.6513671875,0.25959472656250004,0.1384521484375,110337.81707286835,8603.515625,4.6519300395944515e-5,244.10338250184338,0.19705996535303066,0.9997836393634617
275048.828125,0.707275390625,394.189453125,0.18862304687500003,0.3995605468750001,21349.305629730225,7722.65625,3.140833451892145e-5,291.32417119656054,0.3054428102547944,0.9989376319417433
275122.0703125,1.7396240234375,291.3427734375,0.30324707031250003,0.11765136718750001,126317.31879711151,7095.703125,6.452875929197997e-5,354.35515634531316,0.2966768009786755,0.9983088107575662
275341.796875,1.080810546875,81.083984375,0.313720703125,0.26274414062500007,74462.35990524292,3246.09375,7.254553354660591e-5,332.1904305867592,0.20004973413729865,0.9991392091410334
275415.0390625,1.3660888671875,180.1123046875,0.19455566406250002,0.24333496093750004,64738.03794384003,3619.140625,6.07578780794997e-5,333.6497703169318,0.28169777702853666,0.9982141546828568
275634.765625,1.460205078125,255.400390625,0.27241210937500004,0.29350585937500007,90187.020778656,4738.28125,5.8202403104946507e-5,372.13707421502386,0.3018156976879974,0.9982153610400709
275708.0078125,0.9866943359375,323.8818359375,0.23820800781250004,0.20026855468750002,49791.50474071503,4111.328125,4.174623156596172e-5,354.9567818070484,0.28904917616212716,0.9982770716756043
275927.734375,1.570068359375,118.935546875,0.21235351562500002,0.16489257812500002,123521.17109298706,5324.21875,7.463386546331202e-5,300.176647103462,0.25052689582706916,0.9989799213334317
276000.9765625,0.9119873046875,221.9482421875,0.3170166015625,0.33415527343750007,17908.141016960144,5947.265625,4.4399806954610866e-5,340.10722325853567,0.2517665043262156,0.9988561806789662
276220.703125,1.193603515625,294.580078125,0.24370117187500004,0.12885742187500002,108448.739528656,2816.40625,4.890084129093403e-5,392.5667321010355,0.28890696311054337,0.997927166276874
276293.9453125,1.2884521484375,364.3896484375,0.2833251953125,0.3719482421875,30502.018809318542,2439.453125,4.9298460056288646e-5,461.28234137724274,0.32803173115311013,0.996861717617211
276513.671875,0.817138671875,151.474609375,0.258642578125,0.22875976562500003,53038.97428512573,6339.84375,4.86420071382308e-5,287.0628543705158,0.22118909359305416,0.9996140144048332
276586.9140625,1.6649169921875,83.1591796875,0.21447753906250003,0.28435058593750007,94014.27924633026,6962.890625,8.634688974132045e-5,275.6128339070066,0.23414279597971016,0.9992338908744675
276806.640625,1.946533203125,347.041015625,0.28999023437500004,0.177490234375,70790.39144515991,9832.03125,6.851948238798635e-5,335.6121925845176,0.32999656057577004,0.9966404042883371
276879.8828125,0.5355224609375,248.1787109375,0.1807861328125,0.30925292968750007,79206.414103508,9455.078125,3.176152610070659e-5,248.9978282087788,0.23658941269394482,0.9997698055781115
277099.609375,0.931396484375,369.951171875,0.340087890625,0.299658203125,10216.987133026123,6542.96875,3.874134377647605e-5,369.06864981152944,0.27972160802488805,0.9987751560760301
277172.8515625,1.5858154296875,310.9326171875,0.1494384765625,0.20642089843750003,132476.2066602707,6166.015625,5.9289558096861586e-5,301.9136987967601,0.367616510270342,0.9973531939150941
277392.578125,1.304931640625,216.220703125,0.373779296875,0.256591796875,27711.930751800537,9035.15625,5.595952412094729e-5,338.39310377785444,0.2559683285277731,0.9995034851490293
277465.8203125,1.2122802734375,102.7490234375,0.11809082031250001,0.23718261718750003,118533.47480297089,9658.203125,6.830079696670086e-5,228.17743959051148,0.23684382995769904,0.9986960546731292
277685.546875,1.678466796875,232.490234375,0.12387695312500001,0.38227539062500004,102202.64005661011,5558.59375,6.562125055344988e-5,294.91892618013566,0.36001093747662777,0.9979402116701005
277758.7890625,0.8387451171875,342.1435546875,0.3843994140625,0.1003662109375,44187.69919872284,5181.640625,3.690239598560537e-5,388.1022075748326,0.2399544357950347,0.998908580314996
277978.515625,0.557861328125,98.681640625,0.15756835937500002,0.3614746093750001,84628.427028656,2050.78125,5.330299915328644e-5,296.9902275310688,0.1901610057465453,0.9988543075179043
278051.7578125,1.9593505859375,156.5380859375,0.3530517578125001,0.15573730468750002,58832.49747753143,2673.828125,8.01203472405337e-5,454.1223506161096,0.25480723481107986,0.99824926929433
278271.484375,1.019287109375,89.716796875,0.23344726562500004,0.22348632812500002,19801.002025604248,8511.71875,6.742352304789255e-5,249.7228299862349,0.21184404481879177,0.9992816517353761
278344.7265625,1.4862060546875,150.2294921875,0.27717285156250004,0.2802490234375,125447.96645641327,8134.765625,6.737987922703568e-5,305.80200443122993,0.2589615100252258,0.9994427803595421
278564.453125,1.392822265625,244.111328125,0.19916992187500002,0.18276367187500003,34841.77541732788,7003.90625,5.692302701008217e-5,302.4408299084262,0.30503496485070863,0.9987300705124532
278857.421875,1.766357421875,228.505859375,0.29848632812500003,0.160791015625,93044.40641403198,3527.34375,6.869631232407881e-5,412.6228157522473,0.28560547010419,0.9980088922030097
278930.6640625,0.7391357421875,117.6904296875,0.19338378906250003,0.32888183593750003,51972.17261791229,3150.390625,5.3069779545810725e-5,300.195225817398,0.20820695580137022,0.9989284080127779
279150.390625,0.645751953125,360.322265625,0.26420898437500007,0.132958984375,77820.5885887146,4019.53125,3.077495558067427e-5,351.3976047718783,0.26059945280947927,0.9982840691846083
279223.6328125,1.8597412109375,303.9599609375,0.22531738281250002,0.3772216796875001,68140.06888866425,4642.578125,6.746087408353818e-5,374.2416995492259,0.36865709516311473,0.9957160489787467
279443.359375,1.482177734375,340.732421875,0.3658691406250001,0.3863769531250001,133928.77912521362,3355.46875,5.569146433579218e-5,486.55713038494525,0.31242483008663263,0.997025562590775
279516.6015625,1.0115966796875,239.2138671875,0.10490722656250001,0.10563964843750001,7260.302424430847,3978.515625,4.647402673980229e-5,283.52019448865735,0.2925311112828458,0.9982977920766628
279736.328125,1.105712890625,165.751953125,0.33393554687500004,0.35737304687500004,118177.85787582397,4847.65625,5.5276686798109246e-5,359.824915653345,0.24093833411311952,0.999095557256173
279809.5703125,1.3880615234375,94.7802734375,0.1391845703125,0.15046386718750002,24541.13471508026,4470.703125,7.620724792037378e-5,273.6418899776556,0.23449939779351464,0.9987078955070241
280029.296875,0.729248046875,309.521484375,0.16840820312500002,0.304931640625,47259.936809539795,8371.09375,3.476991072194796e-5,271.21513830918184,0.2804481692639345,0.9992326632559804
280102.5390625,1.7645263671875,376.6748046875,0.3586181640625,0.21052246093750002,103543.41208934784,8994.140625,6.271939572902555e-5,374.2655228350065,0.3063787534898731,0.9969073545310937
280322.265625,1.858642578125,111.962890625,0.136474609375,0.251318359375,61803.07912826538,7863.28125,8.399551383918089e-5,260.4153703233215,0.2764226994247682,0.9988797283246127
280395.5078125,0.6351318359375,212.3193359375,0.39289550781250004,0.23308105468750004,88065.75095653534,7486.328125,3.741222628668494e-5,316.0571769152368,0.21149651124168387,0.9996537256513143
280615.234375,1.921630859375,262.373046875,0.34829101562500003,0.122705078125,27219.138622283936,6199.21875,7.133251066613675e-5,389.6272134111412,0.2806180686496258,0.9982924839037408
280688.4765625,0.5135498046875,333.5107421875,0.16232910156250002,0.3669677734375001,121107.9853773117,6572.265625,2.7696951828929375e-5,275.8600770189119,0.2587362532534546,0.9992652327442414
280908.203125,0.795166015625,66.142578125,0.389013671875,0.17104492187500003,15757.05862045288,9691.40625,7.250229087563133e-5,241.1030488247806,0.1778052084520688,1.000151981266071
280981.4453125,1.6400146484375,167.8271484375,0.1192626953125,0.33913574218750003,136864.9491071701,9064.453125,6.970261638453108e-5,258.55030828967966,0.3136875863740861,0.9986759196196723
281201.171875,1.168701171875,379.912109375,0.11333007812500001,0.186572265625,84872.95866012573,5214.84375,4.5487430795277665e-5,292.4615172600074,0.366996116038863,0.9976377107651331
281274.4140625,1.2664794921875,279.7216796875,0.3785400390625,0.31716308593750003,59231.74750804901,5587.890625,5.180045689321775e-5,406.04550462935674,0.2740179414750162,0.9985818017923198
281494.140625,1.548095703125,203.603515625,0.154052734375,0.21967773437500002,100507.85970687866,2707.03125,6.438067014114017e-5,343.97193635364073,0.3103412142335875,0.9977238587175773
281567.3828125,0.8870849609375,136.6162109375,0.33547363281250003,0.27644042968750004,40243.889689445496,2080.078125,5.376109454862193e-5,401.79595844770785,0.21230223603576778,0.9988081777556881
281787.109375,0.579833984375,184.013671875,0.176025390625,0.266845703125,113015.296459198,5917.96875,3.854163997535985e-5,266.2308415148622,0.2213284667924051,0.9988773582961551
281860.3515625,1.9842529296875,71.8701171875,0.29475097656250004,0.24860839843750002,35061.42699718475,5291.015625,0.00010004733537447007,319.8313014123196,0.22501254272709775,0.9993229126080284
282080.078125,1.703369140625,317.158203125,0.21909179687500002,0.289404296875,128517.32015609741,2410.15625,6.276908267792105e-5,423.10581714547163,0.3525302822424223,0.9957556348494452
282153.3203125,0.8607177734375,256.8115234375,0.2540283203125,0.1949951171875,17875.28693675995,2783.203125,4.136561086679832e-5,377.5991037335294,0.2545076415374806,0.9985435860266266
282373.046875,1.326904296875,131.552734375,0.278564453125,0.349462890625,68619.14396286011,6933.59375,6.630789836135426e-5,310.26446249096796,0.24382434777455067,0.9994419146370295
282446.2890625,1.2371826171875,188.0810546875,0.24846191406250004,0.14255371093750002,77289.32273387909,6306.640625,5.678392516205514e-5,312.27208442112806,0.2571505857240612,0.9991326891142813
282666.015625,0.956298828125,284.619140625,0.321630859375,0.394287109375,53931.588649749756,9425.78125,4.2495593931507503e-5,325.8140941935679,0.27449158382863587,0.9995115242587849
282739.2578125,1.6077880859375,395.6005859375,0.20773925781250002,0.1135498046875,94825.17325878143,9798.828125,5.774504064229084e-5,302.6538204807297,0.35414866654755467,0.9970185564878195
282958.984375,1.370849609375,158.779296875,0.106884765625,0.31254882812500007,76652.503490448,9636.71875,6.33101015120814e-5,245.26048427353317,0.2884067265849841,0.9983402194137746
283032.2265625,1.0877685546875,102.4169921875,0.3662353515625001,0.1818115234375,67595.9461927414,9009.765625,6.602086005331121e-5,282.5953317243389,0.20337319096303416,0.9998775461422945
283251.953125,0.994384765625,345.048828125,0.138232421875,0.28120117187500004,91806.98537826538,6128.90625,4.152951744029976e-5,291.6336830803209,0.3293210938664761,0.9985262658006714
283544.921875,0.617919921875,106.318359375,0.35942382812500007,0.381103515625,35598.26993942261,2652.34375,5.330956978151291e-5,347.11231632048754,0.18868319621676138,0.9991696431898254
283618.1640625,1.8406982421875,218.6279296875,0.16994628906250003,0.13669433593750002,115429.00550365448,2025.390625,7.170216087677346e-5,383.3857542876706,0.32450009654987944,0.9972257710160382
283837.890625,1.747314453125,312.509765625,0.3907714843750001,0.32514648437500004,21907.411098480225,5144.53125,6.4404141161149e-5,451.2960590016217,0.30082422390173846,0.9973592892237677
283911.1328125,0.7113037109375,373.0224609375,0.1362548828125,0.1569091796875,131529.51896190643,5517.578125,3.249091565242159e-5,285.0006022297551,0.2944482078099661,0.9986406727419126
284130.859375,1.130615234375,250.419921875,0.27680664062500004,0.14731445312500002,55438.23957443237,2480.46875,4.9620736642735135e-5,413.97372831606424,0.2635988373875241,0.9980506669332216
284204.1015625,1.4100341796875,350.7763671875,0.23146972656250003,0.35407714843750004,82370.68450450897,2853.515625,5.3444439798697086e-5,415.11881550755567,0.34553921991046915,0.9965896031469488
284423.828125,1.504150390625,86.064453125,0.31049804687500004,0.10893554687500001,41562.501430511475,5972.65625,8.259888231631135e-5,304.9240864261638,0.21177445422791194,0.9993688884713834
284497.0703125,1.0364990234375,153.2177734375,0.2001220703125,0.3895263671875,100502.52997875214,5345.703125,5.532207972466168e-5,299.5032876208228,0.2467155640027976,0.9989683427950157
284716.796875,1.877685546875,367.958984375,0.19184570312500002,0.23461914062500003,125555.98783493042,9496.09375,6.6272294230011e-5,307.8732070319849,0.3853868035181389,0.9958231188170772
284790.0390625,0.6629638671875,296.9873046875,0.29768066406250004,0.25270996093750003,33002.93052196503,9869.140625,3.349380032085266e-5,293.01087747661256,0.263183199037695,0.9992963323674041
285009.765625,0.757080078125,223.525390625,0.22553710937500002,0.20913085937500003,140585.946559906,6988.28125,4.0397251121772885e-5,287.5376560418679,0.24349018195308858,0.9993754157228414
285083.0078125,1.7835693359375,122.0068359375,0.2663330078125,0.30339355468750007,14573.365092277527,6361.328125,8.07920252356302e-5,322.5769418149029,0.2579819505034097,0.9991719757374857
285302.734375,0.866943359375,320.810546875,0.296728515625,0.343017578125,106704.88691329956,7074.21875,3.870067643638392e-5,339.5034350478697,0.2746264942273146,0.9991045932980374
285375.9765625,1.7088623046875,253.8232421875,0.1763916015625,0.17478027343750002,49453.429102897644,7697.265625,6.573351178100072e-5,298.60920005023,0.33480571141084126,0.9984610192151308
285595.703125,1.990478515625,177.705078125,0.25307617187500003,0.36323242187500004,92395.516872406,8566.40625,7.899081936512332e-5,321.7188920569227,0.30729553846128943,0.9989602640286271
285668.9453125,0.5853271484375,77.5146484375,0.2177001953125,0.11882324218750001,65485.90552806854,8189.453125,6.240718289301164e-5,222.9695457939769,0.1812718785829566,0.9993040639135765
285888.671875,1.614013671875,289.599609375,0.24926757812500003,0.275634765625,5513.644695281982,4089.84375,6.157432132877396e-5,387.62944180793187,0.32416138871912475,0.9976999969515961
285961.9140625,0.9617919921875,391.2841796875,0.28010253906250004,0.21872558593750002,135250.6378889084,4712.890625,3.949857188850375e-5,376.75265652094316,0.2898083798196118,0.9982536993227977
286181.640625,1.243408203125,123.916015625,0.205615234375,0.318115234375,21769.944667816162,3582.03125,6.618046074445944e-5,324.0394761664449,0.2403653345056064,0.9987442147986888
286254.8828125,1.3323974609375,195.0537109375,0.3214111328125,0.1873779296875,118224.26688671112,3205.078125,5.9341247917883935e-5,409.8227475729756,0.2515325184323108,0.9983397113588616
286474.609375,1.634521484375,61.826171875,0.16196289062500002,0.196533203125,56236.39631271362,4792.96875,9.755517780168184e-5,270.81996869451126,0.21506649903346348,0.9989660502556925
286547.8515625,0.7889404296875,172.8076171875,0.34631347656250006,0.29079589843750003,97812.87658214569,4416.015625,4.6202767691527904e-5,351.13679753846594,0.21783783737174806,0.9992077808707643
286767.578125,0.508056640625,269.345703125,0.12065429687500001,0.24721679687500003,71624.28426742554,3285.15625,3.071857862846621e-5,289.6451144642056,0.239512071801175,0.998489593927697
286840.8203125,1.9154052734375,325.8740234375,0.38996582031250004,0.26530761718750007,82349.75898265839,3908.203125,6.890119858169792e-5,490.96802819653493,0.2988212944426391,0.9963228702664605
287060.546875,0.881591796875,200.615234375,0.37700195312500007,0.11040039062500001,127426.57804489136,7808.59375,4.586218596177055e-5,320.51949709502867,0.21964317454335852,0.99973879173213
287133.7890625,1.5418701171875,140.2685546875,0.11252441406250001,0.3909912109375,17369.248270988464,7431.640625,7.117522174786022e-5,262.9819407999154,0.286753806549229,0.9985006296575465
287353.515625,1.260986328125,385.556640625,0.335693359375,0.14584960937500002,111088.69314193726,8300.78125,4.8345833630050636e-5,357.8616424583255,0.28436678837437646,0.9986895005565161
287426.7578125,1.1624755859375,273.4130859375,0.1561767578125,0.35261230468750004,34953.74381542206,8923.828125,4.920981905368633e-5,280.06758246748944,0.32293482763161513,0.9987759734507861
287646.484375,1.253662109375,79.091796875,0.392822265625,0.10161132812500001,38129.9204826355,4261.71875,7.966990175542532e-5,337.312045394919,0.1934388524881707,0.9993399127656393
287719.7265625,1.1580810546875,182.1044921875,0.13654785156250002,0.38337402343750004,116275.20644664764,4884.765625,5.5619057448923335e-5,292.6676109882599,0.27867066095450616,0.9985404220042474
287939.453125,0.877197265625,254.736328125,0.3585449218750001,0.15463867187500002,20116.98293685913,3753.90625,4.224999898681614e-5,399.154478037055,0.2338845330323305,0.9986642793398168
288232.421875,0.500732421875,196.630859375,0.13911132812500002,0.20766601562500003,76030.85660934448,7277.34375,3.546958001452681e-5,243.36403647094951,0.2159051962128614,0.9988628628277971
288305.6640625,1.9110107421875,128.3154296875,0.33400878906250003,0.3007568359375,69473.45435619354,7900.390625,8.334949046146923e-5,336.16754282734837,0.25500519896513457,0.9993962591609226
288525.390625,1.630126953125,392.197265625,0.10483398437500001,0.23608398437500003,95239.0456199646,8769.53125,5.861585018479404e-5,277.22119244342514,0.4296364687433075,0.9954492050162468
288598.6328125,0.7816162109375,293.3349609375,0.3659423828125,0.2553466796875,51095.696330070496,8392.578125,3.7403900561836543e-5,334.66106733006313,0.24228719605934976,0.9995902269443656
288818.359375,1.247802734375,330.107421875,0.22524414062500003,0.28325195312500007,125772.34601974487,7605.46875,4.957721962149742e-5,323.12119724846707,0.3205478469451681,0.9985931684553812
288891.6015625,1.3397216796875,271.0888671875,0.2642822265625,0.22751464843750002,31985.247492790222,7228.515625,5.463746249876207e-5,334.3930499956742,0.29223374146471864,0.9988821275279453
289111.328125,1.621337890625,176.376953125,0.19331054687500002,0.31049804687500004,143955.99508285522,8097.65625,6.9116277106275e-5,294.28342220961787,0.2951987552513405,0.9990872446358242
289184.5703125,0.9661865234375,62.9052734375,0.2985595703125,0.1785888671875,16118.008494377136,8720.703125,8.04761591229652e-5,244.0170005970007,0.18488764890089804,0.9999913069958232
289404.296875,1.994873046875,277.646484375,0.30903320312500004,0.33305664062500007,59135.058879852295,4621.09375,7.297092413160087e-5,423.1851218272073,0.3266943140096885,0.9965525362167653
289477.5390625,0.5926513671875,387.2998046875,0.19924316406250003,0.16364746093750002,83649.67429637909,4244.140625,2.8888588749664457e-5,323.81349981674634,0.2649259524594744,0.9985781906148208
289697.265625,0.874267578125,143.837890625,0.277099609375,0.3731933593750001,38754.73928451538,3113.28125,5.293641965795862e-5,353.2022808820675,0.22143330100782954,0.9989059641869532
289770.5078125,1.7132568359375,201.6943359375,0.23352050781250003,0.12995605468750002,102671.52488231659,3736.328125,6.977616614188164e-5,367.3195043624361,0.28719872797647356,0.9980810006067198
289990.234375,0.749755859375,230.498046875,0.20766601562500003,0.24458007812500002,3018.5770988464355,2949.21875,4.025861138724354e-5,342.39863471842534,0.24599428281842398,0.9985378169295154
290063.4765625,1.7791748046875,344.1357421875,0.32170410156250007,0.26384277343750007,137889.29641246796,2322.265625,6.4522784544206e-5,512.3392010573164,0.31869007818584605,0.9955757891272313
290283.203125,1.873291015625,98.017578125,0.24838867187500002,0.19916992187500002,25018.53322982788,5441.40625,8.9406315187822e-5,316.63923141631443,0.24163632453188755,0.999099955927947
290356.4453125,0.6556396484375,157.2021484375,0.27863769531250004,0.29226074218750003,119557.88123607635,5814.453125,4.4688542437495274e-5,295.4268864688286,0.2086656282392521,0.9993221881499789
290576.171875,1.496826171875,369.287109375,0.25395507812500007,0.139697265625,110730.44157028198,9964.84375,5.556252409631719e-5,318.8053473286085,0.32174798303141505,0.9985856325573312
290649.4140625,1.0321044921875,311.5966796875,0.2191650390625,0.34528808593750004,50605.374217033386,9337.890625,4.400970240309928e-5,300.7072010744087,0.3030899160087258,0.9991712715602986
290869.140625,1.126220703125,214.228515625,0.294677734375,0.11655273437500001,91892.93050765991,6457.03125,5.2078137465673696e-5,330.0494782139456,0.24696466506829196,0.9991820300167145
290942.3828125,1.4027099609375,104.7412109375,0.17609863281250002,0.3983154296875,66639.36698436737,6830.078125,7.504512329233792e-5,276.8234636117208,0.2423293606988866,0.9990516244332311
291162.109375,1.751708984375,152.138671875,0.33540039062500004,0.369970703125,130194.6177482605,9167.96875,7.562740226130227e-5,333.85309784546223,0.2660286054426971,0.9994644080020133
291235.3515625,0.7186279296875,82.4951171875,0.15412597656250002,0.1267333984375,18145.472407341003,9541.015625,6.423578045872817e-5,216.37273021954587,0.1902142508674323,0.9990913224062172
291455.078125,0.625244140625,349.033203125,0.37846679687500007,0.336279296875,111436.02132797241,6660.15625,3.09666372835529e-5,361.6440864168656,0.24266691593002346,0.9993335025181065
291528.3203125,1.8450927734375,246.1865234375,0.1134033203125,0.1668701171875,34381.9397687912,6033.203125,7.026794313245692e-5,290.30814995416966,0.36682483758276324,0.997462109164527
291748.046875,0.998779296875,120.927734375,0.11918945312500001,0.32133789062500007,54734.43937301636,2183.59375,6.09481669295394e-5,310.17534505714167,0.2303881783706791,0.9985281909035916
291821.2890625,1.4715576171875,219.9560546875,0.38908691406250007,0.18942871093750002,100377.54905223846,2556.640625,6.179780981011058e-5,490.11674410219797,0.2501021505919574,0.9982576266862628
292041.015625,1.378173828125,295.244140625,0.162255859375,0.27241210937500004,74957.284450531,5675.78125,5.48237374332133e-5,316.1231842458262,0.3373807292311974,0.9980891033894803
292114.2578125,1.0921630859375,363.7255859375,0.3483642578125,0.21667480468750003,82954.53727245331,5048.828125,4.430280825463966e-5,407.76609185240443,0.27437322184099666,0.9984295058481316
292333.984375,0.948974609375,169.404296875,0.26625976562500003,0.35942382812500007,98942.35944747925,5386.71875,5.151062863287406e-5,323.7153531129284,0.2372725750394649,0.9992205227999276
292407.2265625,1.6033935546875,70.5419921875,0.22561035156250003,0.1536865234375,54688.81118297577,5759.765625,9.30090762583253e-5,282.20333251070645,0.21356883933607795,0.9991908911479339
292626.953125,1.322509765625,334.423828125,0.297607421875,0.38432617187500007,80129.06789779663,2878.90625,5.190661431113231e-5,456.026502402535,0.3149856940318959,0.997278365375151
292700.1953125,1.2298583984375,266.1083984375,0.19191894531250003,0.1024169921875,71451.42829418182,2251.953125,5.212807663784686e-5,381.8557986010881,0.29146070082991654,0.9976754375338069
292919.921875,1.696044921875,138.193359375,0.20004882812500002,0.25922851562500004,17686.282634735107,6402.34375,7.647544421883698e-5,303.08813107383185,0.27075573318947566,0.9989628008665229
292993.1640625,0.8563232421875,208.0029296875,0.31057128906250003,0.23981933593750002,133227.16224193573,6775.390625,4.5003180328673044e-5,321.5769553090671,0.23305498951352582,0.9994248989947689
293212.890625,0.575439453125,280.634765625,0.23139648437500002,0.29702148437500003,39466.493129730225,9894.53125,3.2134543703064315e-5,271.9566531373358,0.23994354019366837,0.99991380168149
293286.1328125,1.9769287109375,383.6474609375,0.27687988281250003,0.2037841796875,114680.45890331268,9267.578125,6.918781642576299e-5,349.7240779564659,0.34356232998790714,0.9956425150413739
293505.859375,1.552490234375,261.044921875,0.13618164062500002,0.17543945312500003,46727.11896896362,6730.46875,6.138223013674053e-5,292.16555002654,0.3413223909580286,0.9981533340027346
293579.1015625,0.8944091796875,318.9013671875,0.3908447265625,0.30720214843750004,108423.75457286835,6103.515625,4.0007712476545276e-5,391.3869785755978,0.25413574555583973,0.9988679167627168
293798.828125,1.176025390625,75.439453125,0.16987304687500002,0.23081054687500002,66700.01363754272,9222.65625,7.952974415145331e-5,236.60550720378575,0.20789400785151219,0.999125358624508
293872.0703125,1.2708740234375,185.0927734375,0.3594970703125,0.28640136718750003,92180.96625804901,9595.703125,5.869719443043294e-5,326.898377494264,0.24635703440428147,0.9995767046107435
294091.796875,0.799560546875,399.833984375,0.33247070312500004,0.131494140625,142423.29740524292,5746.09375,3.4818546219706196e-5,370.8239815960158,0.2568034501686799,0.99896206260201
294165.0390625,1.6473388671875,286.3623046875,0.1383056640625,0.37458496093750004,7718.567728996277,5119.140625,6.285608447181704e-5,320.1780612818886,0.3735008673686531,0.9971045024179181
294384.765625,1.928955078125,191.650390625,0.36616210937500004,0.162255859375,122490.731716156,2238.28125,7.716311443407193e-5,503.68414674495483,0.25911029286345294,0.9980267672975415
294458.0078125,0.5179443359375,132.6318359375,0.1069580078125,0.3315185546875,24890.076518058777,2611.328125,4.56915647483149e-5,280.09279826939394,0.1990172057052915,0.998635168351612
294677.734375,1.851318359375,352.685546875,0.15610351562500002,0.296142578125,86863.70038986206,3824.21875,6.639934163852136e-5,357.10011469736855,0.3996845411868724,0.9943932880386307
294750.9765625,0.6307373046875,243.1982421875,0.33576660156250004,0.20290527343750003,61461.302638053894,3447.265625,3.625844333367018e-5,374.6625423813368,0.2241244550920757,0.998544724893418
294970.703125,0.724853515625,145.830078125,0.112451171875,0.260107421875,107149.178981781,4316.40625,4.8855958600613695e-5,268.2747099803212,0.2214573431618359,0.9987435939208972
295043.9453125,1.7572021484375,88.1396484375,0.3770751953125,0.24069824218750002,43335.08765697479,4939.453125,9.020704009850504e-5,360.14381077736925,0.21704645530865663,0.9993904739482496
295263.671875,1.098388671875,300.224609375,0.389892578125,0.39750976562500007,31949.252605438232,8839.84375,4.664676205958758e-5,370.9623886986321,0.2737346539799622,0.9991659113758962
295336.9140625,1.3836669921875,359.4091796875,0.1207275390625,0.11560058593750001,126835.20209789276,8462.890625,5.2648153906932834e-5,278.54286060874995,0.3692748327424513,0.9976758398520196
295556.640625,1.477783203125,113.291015625,0.34624023437500007,0.34624023437500007,12475.327968597412,7332.03125,7.552400578605968e-5,328.34977339957936,0.2304731623598517,0.9995472540029937
295629.8828125,1.0042724609375,226.9287109375,0.1620361328125,0.1405029296875,144775.994181633,7955.078125,4.787783008013916e-5,273.4901340232146,0.27027473154114867,0.999127297900696
295849.609375,0.650146484375,93.701171875,0.32133789062500007,0.16840820312500002,73134.46760177612,8042.96875,5.912755072553799e-5,253.95394532704213,0.18295442392478614,0.9996616757534444
295922.8515625,1.8670654296875,162.1826171875,0.20568847656250003,0.33767089843750003,80592.23449230194,8666.015625,7.804618087084435e-5,300.81533329443937,0.29778758280165646,0.9991002583485246
296142.578125,1.773681640625,237.470703125,0.280029296875,0.12534179687500002,54128.92293930054,7535.15625,6.927602578893925e-5,341.67293185356726,0.2875530048182316,0.9987908974125697
296215.8203125,0.7435302734375,336.4990234375,0.24934082031250002,0.3684326171875001,99622.03681468964,7158.203125,3.5033752811219336e-5,321.8392070515296,0.2732254874660792,0.9991128659439537
296435.546875,1.397216796875,211.240234375,0.21762695312500002,0.21352539062500003,117385.62345504761,3058.59375,6.058959009287088e-5,372.70301803937474,0.28199161551736035,0.9980877445813056
296508.7890625,1.1199951171875,108.3935546875,0.2531494140625,0.26911621093750004,36824.66208934784,3681.640625,6.76684455398837e-5,328.54712302225545,0.21688987092842,0.9990179659615825
296728.515625,1.026611328125,374.931640625,0.176318359375,0.19272460937500002,136215.9514427185,4550.78125,4.2222802867949915e-5,333.98537514121136,0.3178418392609655,0.9980413042988873
296801.7578125,1.4906005859375,305.2880859375,0.29680175781250007,0.32448730468750003,18504.982829093933,4173.828125,5.797798173382475e-5,417.60633919489936,0.3095388040772901,0.9976730053228843
297021.484375,0.550537109375,365.966796875,0.102197265625,0.3922363281250001,62858.25300216675,6011.71875,2.8463294790565366e-5,271.36405626583945,0.2786903724341418,0.9983333421381088
297094.7265625,1.9549560546875,298.9794921875,0.37092285156250004,0.11149902343750001,89336.27212047577,6634.765625,7.156806770700538e-5,406.31194316325144,0.27721532287731576,0.9980078093922747
297314.453125,1.674072265625,222.861328125,0.14291992187500002,0.35151367187500004,47485.69631576538,9503.90625,6.722007676528838e-5,281.62193227050955,0.3385488382528129,0.9986772944097396
297607.421875,1.297607421875,249.755859375,0.354736328125,0.29204101562500007,126689.67008590698,5027.34375,5.515732872507871e-5,404.9414877803259,0.2663067229948085,0.9985647558000821
297680.6640625,1.2078857421875,351.4404296875,0.17463378906250002,0.1976318359375,30086.369395256042,5650.390625,4.818390514415587e-5,323.1270640409238,0.3296228372380516,0.9984717907453662
297900.390625,0.927001953125,84.072265625,0.39545898437500004,0.26420898437500007,146304.7194480896,2519.53125,7.113881240592271e-5,371.0719902394339,0.18812305473839616,0.9991298865919653
297973.6328125,1.5784912109375,155.2099609375,0.13156738281250002,0.24597167968750003,6982.415080070496,2142.578125,7.158398729369077e-5,342.91187860494006,0.28540310503895244,0.9979558627552568
298193.359375,1.950927734375,106.982421875,0.27211914062500003,0.21762695312500002,80343.69611740112,5855.46875,9.014981675831344e-5,329.4619461937209,0.24579483750473816,0.9991103182368899
298266.6015625,0.5428466796875,217.9638671875,0.23615722656250002,0.2743896484375,71799.60906505585,5478.515625,3.567287892070714e-5,296.6884227463197,0.21722008306506502,0.9994546987836845
298486.328125,0.824462890625,314.501953125,0.315185546875,0.18862304687500003,98102.29635238647,2347.65625,3.851538567454545e-5,440.5733758731454,0.24975970288268742,0.9981895517001701
298559.5703125,1.6693115234375,371.0302734375,0.1954345703125,0.3192138671875,52085.69037914276,2970.703125,6.0822467230618705e-5,402.70860926402617,0.37531338344046455,0.9947126387312547
298779.296875,1.197998046875,160.771484375,0.18715820312500003,0.17368164062500002,40065.112590789795,6871.09375,5.998222930504155e-5,285.90830851638316,0.2530711120062195,0.9991212501512515
298852.5390625,1.2957763671875,100.4248046875,0.3023681640625,0.3417724609375,118543.71726512909,6494.140625,7.456912871278313e-5,310.83944347844937,0.21914375093640567,0.9995371917669729
299072.265625,1.577392578125,345.712890625,0.23022460937500003,0.12006835937500002,22709.81740951538,9363.28125,5.889427799413059e-5,317.65227399880246,0.3258248145250337,0.9982303650688311
299145.5078125,0.9163818359375,233.5693359375,0.26164550781250007,0.36433105468750004,138360.8559370041,9986.328125,4.5029771378873786e-5,296.78544306919554,0.2583800272661842,0.9995806712363305
299365.234375,1.452880859375,198.623046875,0.29204101562500007,0.25395507812500007,57231.101512908936,8699.21875,6.309456067924595e-5,324.85455464824366,0.2678829096310336,0.9992873644699364
299438.4765625,0.9822998046875,142.2607421875,0.1810791015625,0.23571777343750003,102791.76223278046,8072.265625,5.667934428837878e-5,265.0436309590607,0.23195445277846843,0.9993907239840766
299658.203125,1.076416015625,384.892578125,0.25776367187500004,0.30229492187500007,76211.89260482788,7191.40625,4.345905039912768e-5,346.4239805446218,0.30959043629437055,0.9985384188873245
299731.4453125,1.3587646484375,274.0771484375,0.21301269531250003,0.20788574218750003,83683.12537670135,7564.453125,5.5595251929334394e-5,316.43644272027973,0.3043305781308546,0.9987469223901164
299951.171875,0.699951171875,61.162109375,0.24458007812500002,0.355322265625,135478.06119918823,3714.84375,7.83586399182537e-5,277.8537315602088,0.17783545471172713,0.9993374714102503
300024.4140625,1.7352294921875,173.4716796875,0.2847900390625,0.14841308593750002,15534.848093986511,3087.890625,7.388218349071413e-5,406.7634005739077,0.2625667288271877,0.9981504259140456
300244.140625,1.829345703125,267.353515625,0.21030273437500002,0.388427734375,116706.95638656616,4207.03125,6.931032014595652e-5,377.3433326110944,0.3507464130207845,0.9969326742145985
300317.3828125,0.6058349609375,327.8662109375,0.31672363281250004,0.1076904296875,35536.858439445496,4580.078125,3.1616229380642956e-5,357.2757482515599,0.22943415738823733,0.9989715691277911
300537.109375,1.048583984375,290.263671875,0.157275390625,0.13559570312500002,110759.437084198,3417.96875,4.611061421817165e-5,333.7580026569562,0.2958221150220761,0.9980816899961784
300610.3515625,1.5155029296875,390.6201171875,0.35100097656250007,0.3798583984375,45105.433344841,3791.015625,5.6022986140912046e-5,481.5321255892151,0.3230839539906331,0.9960233589373686
300830.078125,1.422119140625,125.908203125,0.12534179687500002,0.15815429687500002,91801.01156234741,4910.15625,7.214388681903645e-5,281.5784396704403,0.25499462872455014,0.9987073055500777
300903.3203125,1.1419677734375,193.0615234375,0.3852783203125001,0.32624511718750004,65912.3352766037,4283.203125,5.518702637346296e-5,409.28317495282323,0.23910832488746853,0.9988000479219241
301123.046875,1.795654296875,322.802734375,0.372314453125,0.180712890625,11556.521892547607,8433.59375,6.619983651397104e-5,387.8397735911215,0.28543705398650643,0.9981755146916466
301196.2890625,0.7684326171875,251.8310546875,0.1172119140625,0.31130371093750003,145440.2016401291,8806.640625,3.97626031706143e-5,256.77031967183433,0.2680862403811254,0.9986693230934589
301416.015625,0.675048828125,178.369140625,0.34038085937500007,0.22553710937500002,29329.171657562256,7925.78125,4.33194881825142e-5,297.82669532123737,0.20935797043012386,0.9994260222334068
301489.2578125,1.8890380859375,76.8505859375,0.1514892578125,0.28229980468750004,126895.36368846893,7298.828125,9.856442777591312e-5,265.76432960899706,0.2383629781206394,0.9989148321086684
301708.984375,1.652099609375,307.529296875,0.23813476562500002,0.143798828125,143065.101146698,7136.71875,6.262425330892253e-5,340.5880940292509,0.3176003498579543,0.9981641559339383
301782.2265625,0.8065185546875,378.6669921875,0.27248535156250003,0.3505615234375,8174.864649772644,7509.765625,3.5809439250887727e-5,337.4252693936618,0.28304448785952,0.9990247764212438
302001.953125,0.525634765625,111.298828125,0.19448242187500003,0.112451171875,125348.97756576538,8628.90625,5.107424563463239e-5,229.9355659195602,0.18629181319504767,0.9991865038597462
302294.921875,0.899169921875,340.068359375,0.30317382812500004,0.24985351562500002,48150.39396286011,4152.34375,3.986100082154798e-5,394.80311205147586,0.2674137416490437,0.9983871930069896
302368.1640625,1.5594482421875,239.8779296875,0.18869628906250002,0.2679443359375,114340.38245677948,4525.390625,6.35011059629182e-5,344.7019526056369,0.3148841354974099,0.9982420658255741
302587.890625,1.278564453125,163.759765625,0.259521484375,0.193896484375,67880.67770004272,3644.53125,6.245736008190994e-5,361.2242559420967,0.24516545344212834,0.9987065158863434
302661.1328125,1.1800537109375,96.7724609375,0.23000488281250003,0.28815917968750004,93649.26993846893,3017.578125,7.360416987858323e-5,332.716682793203,0.21471714565460456,0.9987977413811672
302880.859375,0.849365234375,229.169921875,0.37055664062500004,0.31606445312500003,14777.839183807373,4980.46875,4.39718531358624e-5,379.47276205552527,0.23283298088447602,0.9996079140992883
302954.1015625,1.6912841796875,117.0263671875,0.1002197265625,0.18532714843750003,134343.76800060272,4353.515625,8.156995960691099e-5,282.8145389647066,0.2691666321241703,0.9983507717891822
303173.828125,1.972900390625,362.314453125,0.32924804687500003,0.277685546875,32907.472133636475,3472.65625,7.011623425050447e-5,483.6792639826246,0.32622943149800554,0.9947834007407789
303247.0703125,0.5677490234375,301.9677734375,0.14387207031250002,0.22077636718750002,115797.51288890839,3845.703125,3.17223648800738e-5,302.5651663377873,0.24994555792587095,0.99849342729698
303466.796875,1.596435546875,91.708984375,0.173095703125,0.3658691406250001,106604.93803024292,7996.09375,8.560858285372016e-5,270.57394197364044,0.23857472033664756,0.999097453980445
303540.0390625,0.9442138671875,148.2373046875,0.35393066406250007,0.12145996093750001,59651.00181102753,7369.140625,5.516727397693659e-5,310.9034104380969,0.2127302175922955,0.999830086799007
303759.765625,1.225830078125,244.775390625,0.13178710937500002,0.34038085937500007,87115.6096458435,8488.28125,5.354156674321829e-5,279.01002277639736,0.3113009983495196,0.9987826656388925
303833.0078125,1.3148193359375,355.7568359375,0.3975830078125,0.17214355468750003,80074.58579540253,8861.328125,5.142165807621608e-5,381.38195461522224,0.26498234393226267,0.9989455635768383
304052.734375,1.148193359375,129.560546875,0.35297851562500004,0.21176757812500002,123160.33124923706,9574.21875,6.389330669509537e-5,298.9137067002354,0.21554498005837466,0.9997736160361961
304125.9765625,1.4276123046875,190.0732421875,0.1576416015625,0.3060302734375,44460.265040397644,9197.265625,6.344331740214712e-5,279.37325345256033,0.2928899362797603,0.9991001324876548
304345.703125,1.521728515625,283.955078125,0.38432617187500007,0.23198242187500004,142969.8576927185,6066.40625,6.020102690789646e-5,415.9690164127917,0.2703967270505291,0.9985308456717503
304418.9453125,1.0540771484375,396.2646484375,0.12395019531250001,0.25007324218750004,23138.615489006042,6689.453125,4.263578316464879e-5,295.5717576695324,0.35079734178965416,0.9980067605067704
304638.671875,1.895263671875,183.349609375,0.11801757812500001,0.106884765625,69631.80875778198,2589.84375,7.764462527636807e-5,335.37115489781445,0.31900127321173044,0.9975486036775726
304711.9140625,0.6805419921875,72.5341796875,0.37385253906250004,0.3874755859375001,78274.13642406464,2212.890625,7.177080006766992e-5,345.4809395004501,0.17767407829825282,0.9993557812374322
304931.640625,0.774658203125,315.166015625,0.14936523437500002,0.14936523437500002,51931.07748031616,5082.03125,3.722621026586214e-5,300.392325077257,0.2769733720393551,0.9985256082756598
305004.8828125,1.8011474609375,258.8037109375,0.34016113281250004,0.35612792968750007,98851.15897655487,5705.078125,6.938615076593716e-5,415.63527050226315,0.30237942078657293,0.9980193589324002
305224.609375,1.353271484375,380.576171875,0.180712890625,0.32778320312500003,29964.057445526123,2292.96875,5.17578047560097e-5,408.02311883301724,0.35803356515186946,0.9960150557493157
305297.8515625,1.0701904296875,279.0576171875,0.29006347656250003,0.1595458984375,131702.4029493332,2916.015625,4.755766193908978e-5,416.26137738564006,0.26047588791586146,0.9981258362601471
305517.578125,0.976806640625,205.595703125,0.214404296875,0.37846679687500007,13176.896572113037,5785.15625,4.9592088035599077e-5,317.0326905420655,0.2575799477836017,0.998980683169691
305590.8203125,1.4466552734375,134.6240234375,0.25871582031250007,0.1340576171875,152759.4269514084,5408.203125,7.16627438380294e-5,325.87781394610965,0.23945734155420545,0.9989544786219722
305810.546875,0.600341796875,264.365234375,0.28325195312500007,0.279150390625,90993.22843551636,9308.59375,3.4450092153912245e-5,291.3912878953998,0.22912779000658837,0.9996632864402814
305883.7890625,1.8231201171875,331.5185546875,0.24377441406250003,0.22224121093750004,65061.814188957214,9931.640625,6.66335468020742e-5,330.8577250528175,0.3397670214294619,0.9973159580378075
306103.515625,1.729736328125,66.806640625,0.31694335937500007,0.31459960937500003,108705.14822006226,6800.78125,0.00010054201804385955,305.4018521068405,0.20968947472107038,0.9995409881834539
306176.7578125,0.6937255859375,167.1630859375,0.21242675781250003,0.18386230468750003,43913.52164745331,6423.828125,4.5725213985453604e-5,279.11948165685413,0.21804087874165828,0.9990110054026368
306396.484375,1.159912109375,270.341796875,0.299072265625,0.307861328125,142903.6021232605,5761.71875,5.05346370520709e-5,370.21072051027664,0.2745010304153928,0.998684268501484
306469.7265625,1.2518310546875,330.8544921875,0.1927978515625,0.1771240234375,22241.698145866394,5384.765625,5.0549328030977225e-5,336.83191495294835,0.3186465078418411,0.9982049034363412
306689.453125,1.533447265625,63.486328125,0.26479492187500003,0.285888671875,123761.02590560913,2253.90625,9.863312847706364e-5,356.03603475295284,0.2034587716315627,0.9988503161215996
306982.421875,1.906982421875,387.880859375,0.23286132812500002,0.37641601562500004,52983.61539840698,6777.34375,6.757345979095956e-5,371.6383170983814,0.3845513402700609,0.9946184645385523
307055.6640625,0.5047607421875,277.0654296875,0.27775878906250007,0.1320068359375,100474.30884838104,6400.390625,3.1196793464936425e-5,302.8842190506682,0.21614393139838428,0.9993217172459493
307275.390625,0.786376953125,200.947265625,0.19858398437500002,0.329833984375,74333.8942527771,9269.53125,4.4496570178505256e-5,272.5300496495282,0.23977315417884545,0.9996679618377047
307348.6328125,1.6253662109375,144.5849609375,0.3096923828125,0.16159667968750002,82029.168009758,9892.578125,7.471652837529467e-5,308.6373954465438,0.2428696729806644,0.9996261153061842
307568.359375,1.341552734375,181.357421875,0.168994140625,0.152001953125,13676.887035369873,6105.46875,6.238709978411611e-5,298.2933457340367,0.27237176716756845,0.9987312934442647
307641.6015625,1.2459716796875,79.8388671875,0.3580322265625,0.3587646484375,152779.37591075897,6728.515625,8.21137894439831e-5,309.2812527809648,0.20142509532077815,0.9996439096504018
307861.328125,0.965087890625,325.126953125,0.13706054687500002,0.104248046875,36025.819301605225,9597.65625,4.233197717230911e-5,270.16019896047146,0.3022162045706007,0.9989468426159438
307934.5703125,1.6224365234375,254.1552734375,0.3923095703125,0.38483886718750004,134707.7912092209,9220.703125,6.462551281304858e-5,386.1673764397957,0.2848956767270732,0.9989307319895353
308154.296875,0.588623046875,128.896484375,0.36528320312500007,0.23930664062500004,109637.6223564148,5121.09375,4.966599381696554e-5,308.7746969064973,0.18739496666326227,0.9994572532098667
308227.5390625,1.9989013671875,196.0498046875,0.1054931640625,0.25739746093750004,43235.00144481659,5744.140625,7.932387108375394e-5,295.48095097903143,0.34599213772215026,0.9978804251261207
308447.265625,1.718017578125,292.587890625,0.333349609375,0.20444335937500002,88116.18947982788,2613.28125,6.571085335200446e-5,494.27024021212486,0.2885964208280651,0.9973273426181736
308520.5078125,0.8695068359375,392.9443359375,0.1397705078125,0.2987060546875,61286.63718700409,2236.328125,3.767491445719083e-5,363.36144852343546,0.31749388514210336,0.9974556650849576
308740.234375,1.781005859375,81.748046875,0.113916015625,0.33833007812500004,126146.14057540894,3449.21875,9.554991205077975e-5,295.75999422944614,0.2410390392962927,0.9984218272394861
308813.4765625,0.7479248046875,152.8857421875,0.3779541015625001,0.1700927734375,24520.277857780457,3822.265625,4.9810953437909535e-5,359.53562745403906,0.19889345711089748,0.9992746684612376
309033.203125,0.654541015625,246.767578125,0.15463867187500002,0.367919921875,147432.22951889038,4941.40625,3.750100597713243e-5,296.82802901613326,0.24581251612472613,0.9988464019176925
309106.4453125,1.8743896484375,348.4521484375,0.33488769531250007,0.12351074218750001,4864.643931388855,4314.453125,6.8001159602996e-5,448.5251920786665,0.29448088964676816,0.996489786978682
309326.171875,1.028076171875,220.537109375,0.34770507812500007,0.27094726562500004,71641.33024215698,8464.84375,4.994200906816812e-5,336.00000796082,0.241270911322777,0.9995356371035865
309399.4140625,1.5008544921875,120.3466796875,0.16291503906250002,0.2140380859375,98683.92646312714,8837.890625,7.600845758719509e-5,267.7450198270542,0.25001761259793764,0.9992459642156548
309619.140625,1.407470703125,362.978515625,0.388427734375,0.32280273437500007,52342.63753890991,7957.03125,5.4088082469753636e-5,407.84702211784065,0.2915204529741596,0.9983593545773346
309692.3828125,1.1214599609375,295.9912109375,0.11984863281250001,0.1920654296875,117066.79618358612,7330.078125,4.822538418371454e-5,283.24678904016724,0.319863289266896,0.9983562674007117
309912.109375,0.720458984375,343.388671875,0.279150390625,0.201220703125,37882.728099823,8667.96875,3.468616376704462e-5,314.69858132501633,0.25318653911173833,0.9994135439750019
309985.3515625,1.7498779296875,231.2451171875,0.24787597656250002,0.29548339843750004,118362.3913526535,8041.015625,6.978777405835557e-5,337.4832596761146,0.3069615411459686,0.9987686935836216
310205.078125,1.843994140625,157.783203125,0.32221679687500004,0.24252929687500002,16912.217617034912,7160.15625,7.940094209696455e-5,354.7383638782394,0.25873522852345077,0.9991399248209816
310278.3203125,0.6263427734375,97.4365234375,0.20715332031250003,0.2606201171875,138958.7219953537,7533.203125,5.928520882245458e-5,246.51081241559504,0.18765686413595128,0.9991732652633908
310498.046875,1.467529296875,312.177734375,0.17543945312500003,0.11508789062500001,87533.02335739136,3683.59375,5.7675073128800025e-5,357.78514036891863,0.3261601806811254,0.9974883424460455
310571.2890625,1.0028076171875,368.7060546875,0.29533691406250007,0.39567871093750007,78390.67161083221,3056.640625,4.234688015389474e-5,442.7327166876961,0.2952229511121304,0.9978469419149036
310791.015625,1.096923828125,103.994140625,0.21850585937500003,0.141162109375,107179.452419281,4175.78125,7.010190611650297e-5,305.5471231090677,0.21367094068296613,0.9988145408565582
310864.2578125,1.3734130859375,214.9755859375,0.2546142578125,0.34792480468750003,59619.75944042206,4548.828125,6.0545320965574726e-5,370.55713842342595,0.2799881692723166,0.9984699414756152
311083.984375,1.605224609375,318.154296875,0.3600097656250001,0.22817382812500003,76756.93464279175,4886.71875,6.149471199312779e-5,440.9719475174779,0.28501082741573225,0.9978338600127705
311157.2265625,0.9471435546875,261.7919921875,0.1693603515625,0.28493652343750003,85349.82192516327,4259.765625,4.516848160240613e-5,326.5868760290441,0.27924847233517064,0.9983178165992347
311376.953125,1.228759765625,185.673828125,0.391357421875,0.17807617187500002,56850.86965560913,3378.90625,5.926161204314066e-5,433.18500449278207,0.22776358183844023,0.9986355656017852
311450.1953125,1.3236083984375,74.8583984375,0.1356689453125,0.30866699218750004,105228.16169261932,3751.953125,8.754144272840139e-5,286.0817137088729,0.2128395699006697,0.9988387623680238
311669.921875,0.852294921875,286.943359375,0.10629882812500001,0.16547851562500002,121524.41740036011,7902.34375,4.0924418822143785e-5,265.9110534880888,0.28684599863038773,0.9984627959911281
311743.1640625,1.7000732421875,399.2529296875,0.3668212890625,0.33356933593750004,39599.41565990448,7275.390625,6.151737249035583e-5,425.68801784393867,0.3185948357250197,0.9960899949635822
311962.890625,1.981689453125,131.884765625,0.13764648437500002,0.12827148437500002,141784.85250473022,8394.53125,8.71113583415595e-5,274.15163657989024,0.28321942441855613,0.9989874151414752
312036.1328125,0.5706787109375,192.3974609375,0.3331298828125,0.3725341796875,20523.171305656433,8767.578125,3.9627222159627404e-5,293.3536246595928,0.207562005777209,0.9999229000200722
312255.859375,0.896240234375,69.794921875,0.192431640625,0.381689453125,96292.67072677612,7230.46875,7.92025974993517e-5,250.6702500890902,0.19027957665310452,0.999426650855838
312329.1015625,1.5506591796875,170.1513671875,0.2970947265625,0.1009521484375,69225.87859630585,7603.515625,6.985120565498044e-5,329.32091429324413,0.24682428332521217,0.9993698963071326
312548.828125,1.269775390625,266.689453125,0.226123046875,0.362060546875,116432.55758285522,8722.65625,5.408184075388337e-5,320.19640105099296,0.30053629058701387,0.9990168905296826
312622.0703125,1.1771240234375,333.8427734375,0.2657470703125,0.1551513671875,50903.01215648651,8095.703125,4.851375146948294e-5,335.9057174158398,0.28548374960505823,0.9989010295853925
312841.796875,1.643310546875,208.583984375,0.276220703125,0.30024414062500004,27800.49467086792,4246.09375,6.887036980916205e-5,393.7145812186892,0.2836978372059603,0.9981927423674534
312915.0390625,0.8035888671875,137.6123046875,0.23205566406250003,0.20583496093750003,130768.06724071503,4619.140625,5.433094048005399e-5,304.2477184966878,0.20947199366675698,0.9992460572036364
313134.765625,0.522705078125,382.900390625,0.309912109375,0.25600585937500003,6350.106716156006,3738.28125,2.793258790776353e-5,382.58897426410226,0.23620645980265167,0.9992794040135866
313208.0078125,1.9241943359375,281.3818359375,0.20070800781250003,0.23776855468750002,151470.09360790253,3111.328125,7.200915597641636e-5,399.20422683380326,0.3441704234354037,0.9960771272300576
313427.734375,0.632568359375,161.435546875,0.24985351562500002,0.12739257812500002,43409.35468673706,2324.21875,4.583749853765084e-5,348.2526496003717,0.20204741434829784,0.999001996779156
313500.9765625,1.8494873046875,94.4482421875,0.2795166015625,0.37165527343750004,113005.18691539764,2947.265625,9.345111820209809e-5,385.5049036502238,0.2366418137775234,0.9987108376827629
313720.703125,1.756103515625,337.080078125,0.20620117187500003,0.16635742187500002,67104.257106781,5816.40625,6.496268097755608e-5,354.52663079784537,0.3436655963221526,0.9964208897060751
313793.9453125,0.7259521484375,236.8896484375,0.32082519531250003,0.3344482421875,93555.48560619354,5439.453125,4.052458156526242e-5,350.29874849554966,0.23004835535388424,0.9991883002493092
314013.671875,1.379638671875,108.974609375,0.296142578125,0.19125976562500002,153906.40592575073,9339.84375,7.604139356341866e-5,290.28846927160697,0.2195157962197252,0.9997030850458619
314086.9140625,1.1024169921875,210.6591796875,0.17697753906250002,0.32185058593750004,15528.683543205261,9962.890625,5.304768857063356e-5,280.41401588429017,0.2721997436895438,0.9995439109871692
314306.640625,1.009033203125,304.541015625,0.25249023437500007,0.21499023437500003,134473.0086326599,6832.03125,4.4903382308638686e-5,335.9264514473116,0.2737702331737655,0.9989615237306652
314379.8828125,1.4730224609375,375.6787109375,0.21828613281250003,0.27175292968750003,31442.620158195496,6455.078125,5.563597192654983e-5,355.1057187697365,0.34387285158412845,0.9970123908760792
314599.609375,1.868896484375,242.451171875,0.3775878906250001,0.26215820312500004,106003.36408615112,9542.96875,7.274334058985003e-5,376.649824749552,0.2775092803405222,0.9990212203727792
314672.8515625,0.6483154296875,353.4326171875,0.1119384765625,0.24392089843750003,57892.95470714569,9166.015625,3.236912285672993e-5,262.2462058147222,0.2804116745652858,0.9985591955675923
314892.578125,0.742431640625,88.720703125,0.336279296875,0.29409179687500003,84624.04012680054,6035.15625,6.657222464018244e-5,287.1551823724135,0.18488161469491907,0.9995701902994204
314965.8203125,1.7747802734375,145.2490234375,0.15559082031250002,0.19968261718750002,77320.46210765839,6658.203125,7.972696718684274e-5,295.24796572998696,0.2795142321632007,0.9987900860951892
315185.546875,1.115966796875,359.990234375,0.161376953125,0.34477539062500007,18077.151775360107,2558.59375,4.606097503462995e-5,379.43698530317437,0.33182285138356077,0.9972335490900414
315258.7890625,1.4012451171875,299.6435546875,0.3468994140625,0.1378662109375,144688.06540966034,2181.640625,5.673094517586602e-5,508.9693625993692,0.2646392299402885,0.9978247688466737
315478.515625,1.495361328125,226.181640625,0.12006835937500002,0.39897460937500007,39867.928981781006,5050.78125,6.337648423020466e-5,311.41014346849056,0.32569684561935724,0.9980823757281149
315551.7578125,1.0218505859375,114.0380859375,0.39055175781250007,0.11823730468750002,125357.64396190643,5673.828125,6.574050032579192e-5,331.07377107754394,0.1960798231735046,0.9997951076840152
315771.484375,1.956787109375,217.216796875,0.19594726562500003,0.18598632812500002,114491.67585372925,7511.71875,7.697306605529945e-5,321.557461122172,0.3174285632488697,0.9984019456614988
315844.7265625,0.5487060546875,107.7294921875,0.3146728515625,0.3177490234375,47887.17544078827,7134.765625,5.4714168935620306e-5,268.8865071839885,0.1828503058616842,0.9998416403725789
316064.453125,0.830322265625,371.611328125,0.23666992187500002,0.220263671875,95837.86916732788,8003.90625,3.727838909883053e-5,320.2251530631195,0.2781132022932775,0.9990974654473794
316357.421875,1.203857421875,101.005859375,0.260986328125,0.12329101562500001,9704.074382781982,4527.34375,7.45989395434071e-5,316.34683678962176,0.20891390582647276,0.999277407218245
316430.6640625,1.3016357421875,160.1904296875,0.2308837890625,0.36638183593750007,155619.9997663498,4150.390625,6.479087182026551e-5,350.6756406202107,0.25460186422441655,0.9989434957707892
316650.390625,1.583251953125,232.822265625,0.30170898437500004,0.170458984375,29333.5280418396,3019.53125,6.56780820436077e-5,437.7213640195789,0.270599410924279,0.9980364998844534
316723.6328125,0.9222412109375,346.4599609375,0.18781738281250002,0.3397216796875,134451.34818553925,3642.578125,4.0961858983816825e-5,360.08309776032274,0.2984854392421055,0.9980829921283976
316943.359375,0.544677734375,298.232421875,0.328369140625,0.34887695312500006,55602.11896896362,4355.46875,3.19108081664846e-5,368.1770132400528,0.2258415880570184,0.9990884918310472
317016.6015625,1.9490966796875,366.7138671875,0.14240722656250002,0.14313964843750002,104645.43426036835,4978.515625,6.977951977641007e-5,339.87876853705114,0.3932987867433131,0.9946883405675699
317236.328125,1.668212890625,123.251953125,0.371435546875,0.394873046875,75716.18795394897,3847.65625,8.13528491389825e-5,416.3607799712686,0.2380335837184072,0.9987237828479849
317309.5703125,0.8255615234375,222.2802734375,0.1016845703125,0.11296386718750001,84661.98432445526,3470.703125,4.481105946064036e-5,295.6759658020465,0.25489984655035713,0.9983036624155301
317529.296875,1.291748046875,352.021484375,0.130908203125,0.267431640625,146715.2590751648,7371.09375,5.127596873121273e-5,302.6346204086577,0.35362201775932783,0.998068119356433
317602.5390625,1.2020263671875,249.1748046875,0.3961181640625,0.24802246093750002,22537.30857372284,7994.140625,5.3512675823256494e-5,374.9809312432241,0.24643560944956888,0.9992306361493758
317822.265625,0.921142578125,154.462890625,0.17397460937500003,0.288818359375,126307.96194076538,8863.28125,5.470933993666096e-5,267.2035932798778,0.2343735054810916,0.998801504527308
317895.5078125,1.5726318359375,84.8193359375,0.35539550781250007,0.19558105468750003,43420.12107372284,8486.328125,8.973312583074746e-5,305.1859846033806,0.20731265127378867,0.999669100346393
318115.234375,0.984130859375,389.873046875,0.38579101562500007,0.160205078125,88884.66596603394,9199.21875,4.132464141879262e-5,367.32150634937,0.25703787103439296,0.9988601157918544
318188.4765625,1.4510498046875,291.0107421875,0.12482910156250002,0.3294677734375,81522.4140882492,9572.265625,5.818458541501211e-5,287.4239685925944,0.35280164988629026,0.9981477612433906
318408.203125,1.357666015625,193.642578125,0.35151367187500004,0.133544921875,109086.40432357788,6691.40625,6.241979060020535e-5,361.25240739280486,0.2404673227363449,0.9989571131038439
318481.4453125,1.0775146484375,125.3271484375,0.1567626953125,0.37663574218750007,59279.744029045105,6064.453125,6.479214142459675e-5,282.8837457818291,0.2306898110557366,0.9990946414988378
318701.171875,1.731201171875,252.412109375,0.15083007812500002,0.22407226562500004,35744.29655075073,2214.84375,6.858563758653311e-5,383.61553118422563,0.33516161073835343,0.9969897250505648
318774.4140625,0.7039794921875,322.2216796875,0.3410400390625,0.2796630859375,123670.95649242401,2587.890625,3.564086862657663e-5,443.166978716188,0.23956988274246171,0.9982175723794942
318994.140625,0.610595703125,76.103515625,0.11655273437500001,0.182177734375,18547.898769378662,5707.03125,6.983462371882597e-5,238.14089709127936,0.18056022425539847,0.9983506149945001
319067.3828125,1.8245849609375,179.1162109375,0.37297363281250007,0.3139404296875,144110.955119133,5080.078125,7.721815875962862e-5,420.4316449764757,0.2610098015388295,0.9984886981504483
319287.109375,1.517333984375,141.513671875,0.21352539062500003,0.30434570312500003,68500.892162323,2917.96875,7.401297503896786e-5,368.057618579608,0.2587427481977029,0.9983983525765286
319360.3515625,1.0467529296875,199.3701171875,0.25725097656250007,0.2111083984375,95856.10473155975,2291.015625,5.339074193447376e-5,402.73631137819154,0.24221943709866225,0.9984067254240242
319580.078125,1.140869140625,274.658203125,0.18159179687500002,0.25190429687500004,49357.16390609741,5410.15625,5.0481841686370266e-5,328.5537431297155,0.2924559382427145,0.9985428138967848
319653.3203125,1.4232177734375,384.3115234375,0.29152832031250003,0.23249511718750002,118871.25861644745,5783.203125,5.4302216247195026e-5,398.0084019709192,0.3097366063813562,0.9974770517080304
319873.046875,0.764404296875,174.052734375,0.31606445312500003,0.386962890625,135106.9369316101,9933.59375,4.7757016855559195e-5,295.0174254457681,0.21793718628405037,0.99986321154198
319946.2890625,1.7996826171875,60.5810546875,0.21096191406250003,0.1050537109375,32075.82175731659,9306.640625,0.00010833376000049196,256.4666225553492,0.20981309364603007,0.9990869100829789
320166.015625,1.893798828125,327.119140625,0.28413085937500004,0.356787109375,154305.85622787476,6425.78125,6.953426145065238e-5,399.30986207504145,0.34042103669955465,0.9961513891584735
320239.2578125,0.6702880859375,268.1005859375,0.24523925781250003,0.1510498046875,10055.397868156433,6798.828125,3.720974939803676e-5,307.2236813415867,0.23259927003585126,0.9992375276345373
320458.984375,0.808349609375,116.279296875,0.14438476562500002,0.27504882812500003,27110.755443572998,6636.71875,5.983824646445277e-5,259.6561502685814,0.2086053599897185,0.9987203954197396
320532.2265625,1.6502685546875,229.9169921875,0.3287353515625,0.21931152343750002,132058.5926771164,6009.765625,6.791790203767775e-5,390.47867183882397,0.2706923343981665,0.9989161776613917
320751.953125,1.931884765625,302.548828125,0.100732421875,0.318701171875,10236.67287826538,9128.90625,7.138692919548806e-5,290.53614156085973,0.40698746834809624,0.9962215624039517
321044.921875,1.555419921875,148.818359375,0.39692382812500004,0.343603515625,100404.42228317261,5652.34375,7.383250656907948e-5,397.2295399769342,0.23827313974078168,0.9990334967883869
321118.1640625,0.9031982421875,91.1279296875,0.1324462890625,0.1741943359375,72881.52015209198,5025.390625,7.076290615212892e-5,264.287780360681,0.20072910392312557,0.9987501398196365
321337.890625,1.184814453125,355.009765625,0.353271484375,0.362646484375,120650.81930160522,2144.53125,4.856448183129585e-5,531.6152665415033,0.28676810004244285,0.9974933067591257
321411.1328125,1.2738037109375,245.5224609375,0.1737548828125,0.1194091796875,49749.97794628143,2517.578125,5.627002096840523e-5,371.35999056002004,0.28654985669519106,0.9980232429893443
321630.859375,1.693115234375,377.919921875,0.314306640625,0.109814453125,122664.31379318237,5480.46875,6.237291316515042e-5,415.33162640519856,0.2968629188682049,0.99690519074667
321704.1015625,0.8475341796875,308.2763671875,0.1939697265625,0.3915771484375,36240.19134044647,5853.515625,4.04336010620623e-5,326.91301516347517,0.2810314613130199,0.9987927928963031
321923.828125,0.566650390625,213.564453125,0.27299804687500007,0.14643554687500002,142987.55025863647,2972.65625,3.852776817995359e-5,351.61672151208273,0.20981021603450462,0.9987463598511999
321997.0703125,1.9739990234375,110.7177734375,0.23762207031250002,0.3520263671875,13462.246775627136,2345.703125,9.321663209863874e-5,400.07834104544514,0.25473223026936054,0.9983044651141703
322216.796875,0.940185546875,240.458984375,0.22934570312500002,0.19711914062500002,83575.76322555542,6496.09375,4.689918008694337e-5,318.8555870823392,0.2519692030127141,0.9991429264162434
322290.0390625,1.6004638671875,339.4873046875,0.26018066406250007,0.29020996093750007,91653.07700634003,6869.140625,6.081201763556677e-5,373.0862578951941,0.3268683381666869,0.9974181589855488
322509.765625,1.319580078125,96.025390625,0.188037109375,0.24663085937500004,64571.298122406006,9988.28125,7.940059010462148e-5,259.44770620073285,0.22094413290373893,0.9993426798974716
322583.0078125,1.2210693359375,164.5068359375,0.3038330078125,0.26589355468750003,113479.49302196503,9361.328125,6.209361322411079e-5,313.48294860148036,0.23711698851255544,0.9997070231567389
322802.734375,1.429443359375,278.310546875,0.25922851562500004,0.3805175781250001,24919.24238204956,8074.21875,5.8648426728389554e-5,350.55000857528273,0.30691845087586395,0.9986878893901567
322875.9765625,1.1463623046875,381.3232421875,0.21389160156250003,0.13728027343750002,151406.92031383514,8697.265625,4.646659967162964e-5,320.2242633208594,0.3064733128980542,0.9987524460294667
323095.703125,1.052978515625,135.205078125,0.29057617187500007,0.32573242187500007,45986.581325531006,7566.40625,6.243037635309621e-5,308.75147995984815,0.22034388124062484,0.9995240395026526
323168.9453125,1.5228271484375,205.0146484375,0.18020019531250003,0.15632324218750002,130788.39576244354,7189.453125,6.632914588889898e-5,308.4350520605137,0.2865392755265653,0.9987935000144791
323388.671875,0.676513671875,332.099609375,0.21176757812500002,0.31313476562500003,103843.96696090698,3089.84375,3.4636567677803994e-5,366.8535685970531,0.25853703913493375,0.9983306920906411
323461.9140625,1.8992919921875,263.7841796875,0.3176025390625,0.18122558593750002,54135.159373283386,3712.890625,7.308214196633523e-5,448.5004187019183,0.2874589022517471,0.9976535301188653
323681.640625,1.805908203125,166.416015625,0.24311523437500002,0.280615234375,84056.07748031616,4582.03125,7.860417741059436e-5,367.38979826300084,0.2755597116218742,0.9984915660345753
323754.8828125,0.7698974609375,67.5537109375,0.2839111328125,0.22487792968750003,74688.01200389862,4205.078125,8.02259676064877e-5,287.84530181164547,0.17805540055419386,0.9994880397806994
323974.609375,1.072021484375,189.326171875,0.12446289062500002,0.23403320312500003,161446.60139083862,3792.96875,5.538319776097011e-5,309.2225636936788,0.26208561055094975,0.9983918764054454
324047.8515625,1.3514404296875,130.3076171875,0.3838134765625001,0.2532958984375,10966.929316520691,3416.015625,7.208268888531239e-5,413.27382456721324,0.21837123915312398,0.998892154678653
324267.578125,1.445556640625,396.845703125,0.15815429687500002,0.20971679687500003,140475.84676742554,4285.15625,5.46488273494597e-5,356.27843119913103,0.3629540859374325,0.996155980736157
324340.8203125,0.9779052734375,283.3740234375,0.35246582031250007,0.30280761718750004,34356.472849845886,4908.203125,4.5607638541501425e-5,404.58998364926003,0.2515979937784786,0.9986328096074318
324560.546875,1.819091796875,73.115234375,0.33950195312500003,0.14790039062500002,48150.69913864136,8808.59375,0.00010243075040990631,298.3988861212087,0.2059365770527078,0.9997475154962661
324633.7890625,0.6043701171875,182.7685546875,0.1500244140625,0.3534912109375,115843.24729442596,8431.640625,4.2638584562607054e-5,258.4321782614397,0.21728865097812136,0.9993031808557312
324853.515625,0.698486328125,258.056640625,0.3731933593750001,0.108349609375,66912.17947006226,7300.78125,3.8877882222309814e-5,337.35460606062634,0.2136328703647553,0.9995960611050657
324926.7578125,1.7249755859375,315.9130859375,0.1186767578125,0.3901123046875,95720.10123729706,7923.828125,6.517496510243195e-5,307.1476373836469,0.3913588044266962,0.9966770963938593
325146.484375,1.816162109375,291.591796875,0.13032226562500002,0.21411132812500003,63101.3560295105,5261.71875,6.89421084087107e-5,327.3335283777117,0.3673867748271959,0.9964575358509511
325219.7265625,0.5955810546875,394.6044921875,0.3990478515625,0.2708740234375,111911.43691539764,5884.765625,3.0142321342619106e-5,391.49064198708754,0.23279684392424238,0.9992101795578965
325439.453125,0.689697265625,127.236328125,0.17104492187500003,0.192138671875,81408.97512435913,2753.90625,5.4941461691929345e-5,309.5871155296532,0.2004589968406227,0.9988964577872457
325732.421875,1.063232421875,324.130859375,0.32661132812500004,0.170166015625,143674.89957809448,6277.34375,4.625786067699557e-5,378.49244372194477,0.26126644022029927,0.9988453618292784
325805.6640625,1.3485107421875,255.8154296875,0.1465087890625,0.3382568359375,18897.648692131042,6900.390625,5.77793615716745e-5,309.47907260435596,0.31499164270162167,0.9985144431358771
326025.390625,1.442626953125,179.697265625,0.3673339843750001,0.12358398437500001,126722.1999168396,9769.53125,6.669931052966602e-5,334.8124642916681,0.2327045088611857,0.9996413776522737
326098.6328125,0.9691162109375,80.8349609375,0.10344238281250001,0.36784667968750007,38465.813517570496,9392.578125,7.701080910480568e-5,232.72887811689995,0.2015857202772136,0.9976148791875936
326318.359375,0.685302734375,202.607421875,0.26274414062500007,0.395751953125,122262.58039474487,6605.46875,4.3036347866598434e-5,312.745035088271,0.222998843435477,0.9994474842429633
326391.6015625,1.9022216796875,143.5888671875,0.22678222656250002,0.1150146484375,54169.45159435272,6228.515625,8.470159630661005e-5,327.8713841250973,0.26106887648841387,0.9988981638583344
326611.328125,1.808837890625,388.876953125,0.30581054687500003,0.347998046875,104799.98922348022,9097.65625,6.542676497707025e-5,386.4014132243834,0.34138045420837887,0.9960728918671012
326684.5703125,0.7786865234375,275.4052734375,0.18605957031250003,0.14108886718750002,75692.47138500214,9720.703125,4.014177842077475e-5,278.957845660596,0.2528305077275272,0.999317644722813
326904.296875,1.432373046875,65.146484375,0.196533203125,0.29555664062500003,7856.006145477295,5621.09375,9.848188592718678e-5,282.30923135449365,0.20347484531052756,0.9990601069045815
326977.5390625,1.1551513671875,174.7998046875,0.3117431640625,0.20114746093750002,154023.4535932541,5244.140625,5.959914312911506e-5,357.5577188144051,0.23122303662821184,0.9990382047000824
327197.265625,1.061767578125,271.337890625,0.23959960937500002,0.26069335937500004,22535.50100326538,2113.28125,4.892938182140726e-5,425.9429854500403,0.26978522051845727,0.9976189468525167
327270.5078125,1.5257568359375,329.1943359375,0.27102050781250003,0.24245605468750003,135627.2133588791,2736.328125,5.951101125218921e-5,456.9303832711612,0.30770787913905645,0.9971837728979779
327490.234375,0.937255859375,102.998046875,0.320166015625,0.132080078125,63950.706005096436,3949.21875,6.846635213372751e-5,331.2450587648873,0.1949658939996962,0.9992360614367396
327563.4765625,1.5916748046875,216.6357421875,0.20920410156250002,0.3763427734375,95578.62746715546,3322.265625,6.778422566881146e-5,387.7864518499485,0.300708719154737,0.9978580229216948
327783.203125,1.310791015625,310.517578125,0.285888671875,0.161669921875,46717.50783920288,4441.40625,5.415796952385029e-5,402.1391090545906,0.27872891282908946,0.9981682489378457
327856.4453125,1.2181396484375,369.7021484375,0.24113769531250004,0.32976074218750007,114787.86170482635,4814.453125,4.9188156457603076e-5,387.58191474929606,0.31616711332790076,0.9977922206742914
328076.171875,1.684326171875,156.787109375,0.21645507812500003,0.17719726562500002,143821.01774215698,8964.84375,7.658615260441328e-5,302.7067426796945,0.2650794722959125,0.9992209539526535
328149.4140625,0.8446044921875,99.0966796875,0.25666503906250004,0.30778808593750007,36131.741404533386,8337.890625,6.686434947716806e-5,269.07184831579474,0.1961848373544028,0.9994872046465608
328369.140625,0.563720703125,341.728515625,0.182177734375,0.229052734375,162577.5008201599,7457.03125,3.10049644749859e-5,292.18450402532216,0.2475899553765214,0.9992479042122027
328442.3828125,1.9652099609375,232.2412109375,0.28859863281250003,0.28581542968750007,16649.98710155487,7830.078125,7.699275378791353e-5,368.34899882525997,0.30044013661793073,0.9985086566916294
328662.109375,1.564208984375,364.638671875,0.14790039062500002,0.25747070312500003,88155.7993888855,8167.96875,5.9059946304552966e-5,316.2838304655361,0.3715339657981366,0.9968854133866811
328735.3515625,0.9061279296875,294.9951171875,0.34162597656250004,0.23923339843750002,76829.310297966,8541.015625,4.301711345850107e-5,347.71021555276684,0.2462280220714772,0.9994110162624521
328955.078125,1.187744140625,221.533203125,0.115966796875,0.29877929687500004,106207.01742172241,7660.15625,5.574914867935264e-5,283.55777083160666,0.28932270416972145,0.9986140628042688
329028.3203125,1.2825927734375,118.6865234375,0.37590332031250007,0.20437011718750003,58668.1946516037,7033.203125,7.30567265324909e-5,336.0183895749025,0.20983853999113272,0.9995073821661395
329248.046875,0.811279296875,248.427734375,0.381689453125,0.35883789062500004,42045.96281051636,3183.59375,4.323804192403879e-5,437.9507796693882,0.2309701428301244,0.9985023421880956
329321.2890625,1.6590576171875,347.4560546875,0.1265869140625,0.15192871093750002,133627.67112255096,3556.640625,6.248341494702928e-5,350.3864911492075,0.3722477905048283,0.995516366771017
329541.015625,1.940673828125,82.744140625,0.34975585937500003,0.3849121093750001,23671.395778656006,4675.78125,0.00010246153914470629,373.75712337178317,0.22282987261844378,0.9991316251655066
329614.2578125,0.5296630859375,151.2255859375,0.16086425781250002,0.10417480468750001,153150.5821943283,4048.828125,4.596734907987879e-5,281.39322210225583,0.19574423090331572,0.9990362444879153
329833.984375,0.761474609375,381.904296875,0.22875976562500003,0.32192382812500003,131133.52155685425,4386.71875,3.562724251234882e-5,365.7596025232808,0.27668601118592745,0.9985339276797948
329907.2265625,1.7908935546875,283.0419921875,0.26311035156250007,0.19118652343750003,40545.25649547577,4759.765625,6.920016572513482e-5,399.4059771535345,0.30544067396758307,0.9976281008083802
330126.953125,1.885009765625,206.923828125,0.185107421875,0.271826171875,151132.97414779663,3878.90625,7.699985206552338e-5,366.52500447480116,0.3114440479868887,0.9978305428522967
330200.1953125,0.6673583984375,138.6083984375,0.3044189453125,0.21491699218750002,20282.360911369324,3251.953125,5.231858093386181e-5,341.6812241543982,0.19435553473837341,0.9991427634257299
330419.921875,1.508544921875,265.693359375,0.31254882812500007,0.3717285156250001,79294.19279098511,7402.34375,6.207274861867559e-5,381.6408013961193,0.2921698788725158,0.9986488970373076
330493.1640625,1.0438232421875,335.5029296875,0.19807128906250002,0.1273193359375,91239.73548412323,7775.390625,4.538149187782602e-5,315.9473702953882,0.28861422819052424,0.9989172096180862
330712.890625,1.137939453125,68.134765625,0.268896484375,0.33452148437500007,62296.327114105225,8894.53125,8.943540144800942e-5,265.47850693364944,0.19263138040812794,0.9995626690990035
330786.1328125,1.4144287109375,171.1474609375,0.23937988281250003,0.16628417968750003,109194.61905956268,8267.578125,6.741221654101499e-5,311.2688835210731,0.2538002362542326,0.9991719427427641
331005.859375,1.739990234375,133.544921875,0.398681640625,0.137939453125,33075.75178146362,7730.46875,8.241144711106412e-5,359.5241304850717,0.22256068281348013,0.9994783596309954
331079.1015625,0.7069091796875,191.4013671875,0.1283447265625,0.3447021484375,142137.74383068085,7103.515625,4.5135494314345316e-5,270.38372686305576,0.23019480301589323,0.9988963002068048
331298.828125,0.613525390625,287.939453125,0.35737304687500004,0.118310546875,14910.218715667725,8222.65625,3.500228502257606e-5,324.59490406008894,0.21434656185363402,0.9996778711638677
331372.0703125,1.8333740234375,397.5927734375,0.1719970703125,0.3989013671875,161965.878367424,8595.703125,6.607999539303288e-5,338.70315510893556,0.4059349969882529,0.9954012052121288
331591.796875,0.987060546875,187.333984375,0.14497070312500002,0.24399414062500002,100133.50248336792,4746.09375,5.373083106348177e-5,304.7772932988893,0.2497587754887277,0.9985638128118399
331665.0390625,1.4598388671875,73.8623046875,0.3258056640625,0.2620849609375,67722.71811962128,4119.140625,9.504133156736e-5,342.82406423419644,0.2002337823865281,0.9991602443988604
331884.765625,1.366455078125,319.150390625,0.103662109375,0.199755859375,117877.938747406,3238.28125,5.5447770293766455e-5,335.2668897717862,0.347305885003866,0.9972529286951738
331958.0078125,1.0804443359375,260.1318359375,0.36945800781250004,0.29401855468750004,48920.47202587128,3611.328125,5.037453244676916e-5,445.089962174153,0.24736046432502626,0.9983819656802722
332177.734375,1.288818359375,225.185546875,0.343603515625,0.33364257812500003,158515.55585861206,2824.21875,5.885653310241374e-5,462.642465784916,0.2564912820523832,0.9981641749976287
332250.9765625,1.1932373046875,115.6982421875,0.14826660156250002,0.1654052734375,7042.723536491394,2447.265625,7.22616172565026e-5,328.6454477355779,0.2255611675101276,0.9985199647856519
332470.703125,0.912353515625,358.330078125,0.37495117187500004,0.37260742187500007,141013.192653656,5316.40625,4.0899980993667276e-5,425.2578361398988,0.26361024327361965,0.9984610065494723
332543.9453125,1.5697021484375,300.6396484375,0.1145751953125,0.1281982421875,29073.368906974792,5939.453125,6.193897524045808e-5,310.3179748225675,0.3503903172523103,0.9975494838260696
332763.671875,0.535888671875,87.724609375,0.12739257812500002,0.285009765625,55472.44596481323,9839.84375,6.359561055952101e-5,221.0775996088916,0.18325938439564318,0.9971609510822551
332836.9140625,1.9461669921875,146.9091796875,0.38322753906250007,0.22810058593750002,123309.32319164276,9462.890625,8.576606831170555e-5,356.9381155571868,0.24196199848777628,0.9994833101543501
333056.640625,1.665283203125,240.791015625,0.158740234375,0.30874023437500003,72272.20296859741,6332.03125,6.819930837373017e-5,326.8081555815203,0.3248655009306716,0.9982631618919282
333129.8828125,0.8167724609375,354.4287109375,0.34953613281250007,0.17800292968750003,103243.1572675705,6955.078125,3.8222423584819924e-5,370.09167766105907,0.24409888649418626,0.9992557263240572
333349.609375,1.212646484375,306.201171875,0.20883789062500002,0.20590820312500002,23282.172679901123,9042.96875,5.1574494126137804e-5,317.21652219037395,0.29568578847811927,0.9989818798090557
333422.8515625,1.3045654296875,374.6826171875,0.31818847656250004,0.3001708984375,149649.60753917694,9666.015625,5.165134717250922e-5,368.3171343216028,0.29880290986829905,0.9986584188730541
333642.578125,1.586181640625,109.970703125,0.24252929687500002,0.23784179687500004,39641.12997055054,6535.15625,8.410100448193957e-5,315.43653056670263,0.23185113758139703,0.9993084001922042
333715.8203125,0.9310302734375,208.9990234375,0.2868408203125,0.25593261718750004,131665.61591625214,6158.203125,4.997928761346405e-5,339.7742548532665,0.23397846050201662,0.999225398872707
333935.546875,1.959716796875,338.740234375,0.255126953125,0.101025390625,111327.02970504761,2058.59375,7.180397893094037e-5,486.74931139423285,0.31865245907130274,0.9953689650919139
334008.7890625,0.5574951171875,235.8935546875,0.21564941406250002,0.3816162109375001,60892.65525341034,2681.640625,3.716853705489534e-5,354.5196299558442,0.22067023414046258,0.9987559376029751
334228.515625,0.839111328125,162.431640625,0.288818359375,0.15522460937500002,92880.2580833435,5550.78125,5.306105631515662e-5,322.50829584034756,0.2119155159153244,0.9992335462691974
334301.7578125,1.6781005859375,92.7880859375,0.18430175781250002,0.36198730468750007,82010.10978221893,5173.828125,9.229363068396544e-5,310.6449272376513,0.23403848846006095,0.9988423564439342
334521.484375,1.113037109375,153.466796875,0.36469726562500004,0.27973632812500004,10845.801830291748,7011.71875,6.201186557994302e-5,346.32305529177165,0.21921017968753043,0.9994730099203372
334594.7265625,1.3924560546875,86.4794921875,0.1084228515625,0.22399902343750003,160553.80141735077,7634.765625,8.699417162246207e-5,256.12414080625075,0.22179511337830835,0.9981768683071209
334814.453125,1.486572265625,350.361328125,0.330419921875,0.31401367187500007,32013.52834701538,8503.90625,5.777341906805132e-5,389.0840125266813,0.30183403037410406,0.9982681937236759
335107.421875,1.860107421875,122.255859375,0.167236328125,0.32954101562500004,121961.15446090698,4027.34375,8.879116564738753e-5,335.0744622601473,0.2643496080383944,0.9985049984893639
335180.6640625,0.6453857421875,223.9404296875,0.36213378906250004,0.16013183593750002,52824.28443431854,4650.390625,4.067708580773879e-5,360.8272913332266,0.20585681552571672,0.9993087407856114
335400.390625,0.739501953125,296.572265625,0.132958984375,0.376708984375,103166.2917137146,3519.53125,3.8628867810824574e-5,327.51562725299794,0.26746989552281347,0.9983597477291148
335473.6328125,1.7659912109375,367.7099609375,0.3940673828125001,0.1334716796875,70290.2764081955,3142.578125,6.550831304631448e-5,532.7303406733939,0.27197648910444794,0.9969574725086894
335693.359375,1.388427734375,234.482421875,0.23461914062500003,0.105126953125,150735.78596115112,4855.46875,6.11223219454519e-5,359.7509505858368,0.26933233998746076,0.998540265576699
335766.6015625,1.1053466796875,345.4638671875,0.2736572265625,0.38688964843750007,18640.795588493347,4478.515625,4.713895511635989e-5,406.67922285138314,0.2954478592865532,0.9980134949643773
335986.328125,1.011962890625,102.001953125,0.202685546875,0.151123046875,131253.41939926147,3347.65625,7.199255056128575e-5,316.18727013558464,0.20365423262885635,0.9989630456274157
336059.5703125,1.4818115234375,158.5302734375,0.30793457031250004,0.3567138671875001,38536.86225414276,3970.703125,7.183265430659221e-5,399.3803898979269,0.2481648248193018,0.9986318811518949
336279.296875,0.635498046875,373.271484375,0.299658203125,0.21118164062500003,65232.837200164795,7871.09375,3.233914549459714e-5,335.30732552279926,0.244262293247267,0.9992696236196593
336352.5390625,1.8582763671875,312.9248046875,0.1898681640625,0.30427246093750004,113373.30710887909,7494.140625,6.9729783008898e-5,345.53400199887494,0.35762428057520074,0.9966737167430274
336572.265625,1.764892578125,218.212890625,0.26772460937500003,0.23256835937500003,83561.37990951538,8363.28125,7.295009666826654e-5,347.32288036394124,0.2855042911868845,0.9988315599632163
336645.5078125,0.7288818359375,106.0693359375,0.22414550781250003,0.2518310546875,95773.33152294159,8986.328125,6.24753974999612e-5,256.6819745830084,0.1927558542919204,0.9997411402350157
336865.234375,1.640380859375,326.123046875,0.17954101562500002,0.366455078125,44499.656200408936,9699.21875,6.290366007936297e-5,325.4284121073794,0.358939137047025,0.9976015057642695
336938.4765625,0.7947998046875,269.7607421875,0.2935791015625,0.12321777343750001,135585.82961559296,9072.265625,4.155542317087793e-5,313.9204701850834,0.23220964523749632,0.9996151142183258
337158.203125,0.513916015625,172.392578125,0.220263671875,0.33979492187500004,23873.26955795288,6191.40625,4.2663325062545486e-5,285.0085087224769,0.1996105502699154,0.9994219307435155
337231.4453125,1.9212646484375,61.5771484375,0.25051269531250003,0.17038574218750002,154016.86561107635,6564.453125,0.00011475306450021543,295.8240308594466,0.20705194976600158,0.999313087112846
337451.171875,0.887451171875,273.662109375,0.282080078125,0.31782226562500004,90016.39127731323,2714.84375,4.4323780834363634e-5,420.5865934389772,0.2510154606269155,0.9982133587456549
337524.4140625,1.5477294921875,385.9716796875,0.24729003906250002,0.1859130859375,78710.87348461151,2087.890625,5.853279555115862e-5,479.65616972442615,0.32198097297241396,0.9958160528266553
337744.140625,1.266845703125,139.853515625,0.32280273437500007,0.27592773437500007,110934.00716781616,5207.03125,6.914064417824034e-5,360.016319904985,0.22439031251121483,0.999158668341187
337817.3828125,1.1683349609375,200.3662109375,0.20422363281250003,0.22019042968750002,60727.410197257996,5580.078125,5.7899591363210444e-5,327.86433438102705,0.25657007444509067,0.9987934885195581
338037.109375,0.861083984375,77.763671875,0.34477539062500007,0.24809570312500004,145020.911693573,2417.96875,7.915759579045935e-5,353.38860895048373,0.1816108459575561,0.9990909742992556
338110.3515625,1.7030029296875,178.1201171875,0.1635009765625,0.26735839843750003,28891.566157341003,2791.015625,7.559045956142891e-5,368.16942183789166,0.2879932831209668,0.9979094622449896
338330.078125,1.984619140625,253.408203125,0.3878417968750001,0.19565429687500002,164621.3240623474,5910.15625,7.696458162104594e-5,440.1703915116003,0.26807938976471046,0.9982968486461895
338403.3203125,0.5794677734375,320.5615234375,0.12277832031250001,0.28874511718750007,12926.861643791199,5283.203125,3.288831180980509e-5,295.1156096525827,0.25193103463899474,0.9987873248492228
338623.046875,1.608154296875,195.302734375,0.109814453125,0.143212890625,72900.76017379761,9433.59375,7.055069573267676e-5,277.2436888097762,0.30205859493550724,0.9984636978189079
338696.2890625,0.9559326171875,124.3310546875,0.37971191406250004,0.34880371093750007,103716.44675731659,9806.640625,6.365238179123398e-5,306.4983647993107,0.20368832274483037,0.9998216787171242
338916.015625,1.237548828125,390.869140625,0.152880859375,0.113037109375,51606.271266937256,6925.78125,4.9416097394993196e-5,320.9593502661293,0.33457486681125376,0.9979831022595551
338989.2578125,1.3265380859375,289.3505859375,0.3389892578125,0.3947998046875001,121962.25821971893,6298.828125,5.608690253863853e-5,408.9433429053773,0.28322119061365153,0.9984608305628211
339208.984375,1.464599609375,95.029296875,0.275634765625,0.18129882812500003,99444.251537323,6136.71875,8.648987827925322e-5,315.93718140648525,0.2126275539235137,0.9992535980198027
339282.2265625,0.9940185546875,166.1669921875,0.23498535156250003,0.31306152343750004,68440.73379039764,6509.765625,5.718114702474454e-5,315.65217023650644,0.23086154986567645,0.9991966419299259
339501.953125,1.088134765625,238.798828125,0.306982421875,0.22495117187500002,120885.59865951538,9628.90625,5.219088881302621e-5,329.70094848389175,0.2476208368667732,0.999508157700076
339794.921875,0.711669921875,212.568359375,0.190673828125,0.137353515625,33870.12052536011,5152.34375,4.387063913688201e-5,305.9694978785098,0.22490491839396462,0.9991362744396526
339868.1640625,1.7469482421875,112.3779296875,0.30119628906250007,0.38044433593750004,149182.30140209198,5525.390625,8.864411175089847e-5,360.61156197237165,0.23775882166754683,0.9991252961386614
340087.890625,1.841064453125,376.259765625,0.22202148437500002,0.156396484375,12698.304653167725,2644.53125,6.737829830749624e-5,446.10884659392906,0.34131594644226515,0.9948998739147564
340161.1328125,0.6175537109375,309.2724609375,0.26750488281250007,0.3256591796875,167741.79923534393,2017.578125,3.475494738556987e-5,421.4232358236409,0.23606086278798105,0.9983146866156057
340380.859375,1.036865234375,356.669921875,0.108056640625,0.35356445312500007,78543.95246505737,5980.46875,4.4838048122509375e-5,309.37179606718183,0.3288132644183029,0.9981237539376299
340454.1015625,1.5037841796875,244.5263671875,0.36271972656250007,0.1478271484375,89199.11468029022,5353.515625,6.401407800021508e-5,415.8434786528533,0.2508115178291477,0.9987841402235252
340673.828125,1.410400390625,149.814453125,0.141748046875,0.39018554687500007,56815.431118011475,2472.65625,7.178146215852213e-5,352.08375904983285,0.2615723277816432,0.9982002127393341
340747.0703125,1.1302490234375,89.4677734375,0.33137207031250004,0.1082763671875,108818.50898265839,2845.703125,8.066128424829419e-5,362.96105354464635,0.19423835069522813,0.9990087793539688
340966.796875,1.783935546875,304.208984375,0.360595703125,0.25336914062500004,139590.04545211792,6996.09375,6.853245971681099e-5,420.6242843893694,0.2869724085869692,0.99806452611585
341040.0390625,0.7567138671875,360.7373046875,0.1664306640625,0.23395996093750002,45282.83774852753,6369.140625,3.6564396244713525e-5,314.75197196154636,0.27938620377301193,0.9987641541461165
341259.765625,0.663330078125,117.275390625,0.394287109375,0.30288085937500003,158276.7424583435,9488.28125,5.788690422581541e-5,283.2544178372526,0.1982705909561878,0.9997464774970897
341333.0078125,1.8773193359375,228.2568359375,0.13508300781250002,0.2096435546875,29608.643412590027,9861.328125,7.536612251415276e-5,296.3061554559899,0.3328501988738444,0.9985434616557547
341552.734375,0.585693359375,257.060546875,0.16547851562500002,0.17426757812500002,117632.98749923706,8574.21875,3.6566397076706024e-5,273.145078370024,0.22906855723319058,0.9990674976920333
341625.9765625,1.9901123046875,317.5732421875,0.34514160156250007,0.34353027343750003,68662.04726696014,8197.265625,7.36441173258318e-5,414.381744314337,0.31571530497747746,0.9967993772104492
341845.703125,1.709228515625,71.455078125,0.12182617187500001,0.11948242187500001,99155.6487083435,7066.40625,0.00010386930830467154,263.2666248061878,0.2188238545421352,0.9985276627744226
341918.9453125,0.8665771484375,183.7646484375,0.3864501953125,0.3625732421875001,87371.28150463104,7689.453125,5.139864824873725e-5,346.9689660991886,0.21681455647750125,0.9995577408358244
342138.671875,1.332763671875,395.849609375,0.3805175781250001,0.21938476562500003,15774.631023406982,3589.84375,5.240457348452607e-5,500.21204871876535,0.27444770750328923,0.9976231466593346
342211.9140625,1.2430419921875,285.0341796875,0.1113525390625,0.27497558593750004,151226.04072093964,3212.890625,5.4140182967781666e-5,339.33134711469836,0.31720411529056625,0.9976961501356711
342431.640625,0.962158203125,187.666015625,0.33686523437500004,0.18686523437500002,36317.30794906616,4082.03125,5.393320650137715e-5,382.45038160409297,0.21901859475418203,0.9992019234752194
342504.8828125,1.6136474609375,131.3037109375,0.15266113281250002,0.31862792968750003,131201.37870311737,4705.078125,8.086073063471467e-5,319.5541642712788,0.25890244750776303,0.9985687421283794
342724.609375,1.915771484375,168.076171875,0.293212890625,0.290283203125,55240.18049240112,3292.96875,8.318254202282391e-5,430.0803730462382,0.26707452541220295,0.998151476877081
342797.8515625,0.5076904296875,66.5576171875,0.17756347656250002,0.19704589843750003,127033.94591808319,3916.015625,7.817844030256444e-5,262.9955458724673,0.16978257603976143,0.9992646246643438
343017.578125,0.789306640625,333.095703125,0.25190429687500004,0.265966796875,75691.54500961304,4785.15625,3.8737689816813776e-5,365.8572331875546,0.2578372925758627,0.9986823727522511
343090.8203125,1.6341552734375,262.1240234375,0.22121582031250003,0.24655761718750002,108828.15253734589,4408.203125,6.665587096444251e-5,383.9025192748279,0.3049366507906762,0.997869225709926
343310.546875,1.162841796875,136.865234375,0.24575195312500003,0.39165039062500007,162482.97452926636,8308.59375,6.715185806711231e-5,306.0984820850672,0.22979650536501356,0.9994255892399321
343383.7890625,1.2606201171875,204.0185546875,0.28127441406250003,0.1097412109375,10640.305399894714,8931.640625,6.0369085387717e-5,322.66565503772773,0.24315998586188806,0.999466341172536
343603.515625,1.542236328125,279.306640625,0.20444335937500002,0.35209960937500007,142573.06814193726,7800.78125,6.289606119062164e-5,342.0413056614653,0.3203628572047501,0.9985096893601672
343676.7578125,0.8812255859375,379.6630859375,0.3249267578125,0.1463623046875,28898.873209953308,7423.828125,3.968010274095987e-5,366.3961795543699,0.25528464884090135,0.9988091443656009
343896.484375,0.597412109375,142.841796875,0.186572265625,0.34536132812500003,97579.6275138855,4761.71875,5.074053593100028e-5,292.0072589951816,0.19837130480808615,0.9992593134751029
343969.7265625,1.8143310546875,203.3544921875,0.3052978515625,0.13962402343750002,86343.5047864914,4384.765625,7.643587846833946e-5,410.8823170259571,0.2620770055446118,0.9983543531040008
344189.453125,1.720947265625,275.986328125,0.22729492187500003,0.39838867187500004,117930.45949935913,3253.90625,6.828945404448079e-5,424.45807913069206,0.32776835023185025,0.9971099967811471
344482.421875,1.344482421875,175.380859375,0.270361328125,0.263916015625,39015.84196090698,7777.34375,6.611665906677518e-5,332.51483774458814,0.24740638130457915,0.9993602566892422
344555.6640625,1.0672607421875,64.5654296875,0.24025878906250003,0.24450683593750003,133433.41529369354,7400.390625,9.308067933395882e-5,266.5333211072393,0.18662944317015215,0.9994357423258429
344775.390625,0.973876953125,328.447265625,0.31108398437500007,0.292333984375,20690.5837059021,8269.53125,4.4281547675048384e-5,359.3463524741297,0.2642092397316306,0.999170768019085
344848.6328125,1.4378662109375,272.0849609375,0.1971923828125,0.1990966796875,152262.322306633,8892.578125,6.03785831098823e-5,320.8725908455451,0.3004767665672486,0.9988079453821062
345068.359375,1.904052734375,393.857421875,0.35649414062500007,0.189501953125,77622.68781661987,7105.46875,6.889835670420658e-5,431.90227654507635,0.2985936048952014,0.9961961609257188
345141.6015625,0.6834716796875,292.3388671875,0.1705322265625,0.3212646484375,109587.84759044647,7728.515625,3.7528178934840906e-5,297.3827497400341,0.2523769810073068,0.9991357862144964
345361.328125,0.777587890625,197.626953125,0.3995605468750001,0.21674804687500002,59152.528285980225,8597.65625,4.747514782323048e-5,331.80429304556367,0.2071175983328614,0.9996772949864141
345434.5703125,1.8099365234375,126.6552734375,0.1298095703125,0.2723388671875,130267.84980297089,8220.703125,8.713986769782141e-5,285.89626296990645,0.26766490506514645,0.9987937901246206
345654.296875,1.151123046875,256.396484375,0.102783203125,0.12680664062500002,143583.6672782898,4121.09375,5.334854639801827e-5,313.91790988898515,0.29267970267166354,0.9980870669557635
345727.5390625,1.4364013671875,323.5498046875,0.36799316406250004,0.3698974609375001,26210.58738231659,4744.140625,5.80199563229164e-5,464.5174954370679,0.28752456927349246,0.9979022724722885
345947.265625,1.530517578125,80.087890625,0.14584960937500002,0.16694335937500002,162636.69729232788,3613.28125,9.602735048123173e-5,305.48340349163954,0.21595687169618916,0.9987061535133505
346020.5078125,1.0570068359375,180.4443359375,0.3272705078125,0.33620605468750003,5516.007304191589,3236.328125,5.78159450272924e-5,410.79787103639313,0.231291127601509,0.9985640636849544
346240.234375,1.593505859375,294.248046875,0.37641601562500004,0.30083007812500007,119868.79682540894,2449.21875,6.40189182346448e-5,543.2912413048907,0.2770551720738369,0.9975132971783294
346313.4765625,0.9354248046875,365.3857421875,0.11545410156250001,0.20759277343750002,47526.74758434296,2822.265625,4.196054819183146e-5,346.8379545950969,0.30733520299378436,0.9976871802133866
346533.203125,1.217041015625,119.267578125,0.342138671875,0.25541992187500007,102594.58303451538,5941.40625,7.33225309334302e-5,343.6931173400334,0.21027482577747192,0.9993551203924964
346606.4453125,1.3118896484375,220.9521484375,0.1473876953125,0.23601074218750004,68925.43494701385,5314.453125,6.0660047394271794e-5,322.3852370233055,0.2864738054124099,0.9984981349057491
346826.171875,0.840576171875,348.037109375,0.160205078125,0.3834472656250001,18831.027507781982,9464.84375,3.960700671588003e-5,301.2571896535147,0.3006617526356493,0.999028294314336
346899.4140625,1.6883544921875,247.8466796875,0.35041503906250004,0.10153808593750001,171971.76826000214,9837.890625,6.924063702073856e-5,361.8329202348446,0.2562668646186029,0.9992013644769699
347119.140625,1.969970703125,150.478515625,0.12592773437500002,0.36030273437500004,36486.68050765991,6957.03125,8.732724631283342e-5,305.1070402903702,0.2966433824187797,0.9985009214890197
347192.3828125,0.5589599609375,83.4912109375,0.3823486328125001,0.1545654296875,151667.01591014862,6330.078125,6.926395492776138e-5,275.7934782428636,0.1703727397832245,0.9998368306423632
347412.109375,0.907958984375,215.888671875,0.24165039062500002,0.16372070312500003,62932.288646698,9667.96875,4.94109097452215e-5,297.8150294610242,0.2344509695894319,0.9995430939839867
347485.3515625,1.5623779296875,103.7451171875,0.2853759765625,0.3329833984375,112100.1843214035,9041.015625,8.685367589101497e-5,310.62698009847156,0.22455750274083758,0.999653922036626
347705.078125,1.281494140625,370.283203125,0.20971679687500003,0.130029296875,80098.74105453491,6160.15625,5.178914368611831e-5,355.244180813758,0.3076978379744966,0.9981264044025298
347778.3203125,1.1888427734375,309.9365234375,0.31965332031250004,0.37312011718750004,92785.2600812912,6533.203125,5.1541538654603716e-5,396.5569624413718,0.27943202551708285,0.9985760784784905
347998.046875,1.655029296875,99.677734375,0.287939453125,0.227587890625,161702.45695114136,2683.59375,9.150414656407068e-5,394.3201716426724,0.21996674215157788,0.9990073005216561
348071.2890625,0.8153076171875,156.2060546875,0.18283691406250002,0.2831787109375,22672.287821769714,2056.640625,5.492839940571879e-5,356.33526432279393,0.21873906356834044,0.9985166602189857
348291.015625,0.534423828125,231.494140625,0.25600585937500003,0.17866210937500002,141391.122341156,5175.78125,3.765713469741525e-5,317.76333041315024,0.20904674465365594,0.9991763178219006
348364.2578125,1.9359130859375,342.4755859375,0.21711425781250002,0.3104248046875,46019.17350292206,5548.828125,7.145180975745783e-5,390.33657786394656,0.35700401555367867,0.9955312418221918
348583.984375,1.792724609375,190.654296875,0.17250976562500003,0.115673828125,23072.608470916748,5886.71875,7.730304201192672e-5,329.5901182484019,0.29018141349098553,0.9984607698839723
348657.2265625,0.7596435546875,134.2919921875,0.35686035156250007,0.3974365234375,159262.66372203827,5259.765625,5.752817199751441e-5,339.2747895827491,0.19822156773566504,0.9993616639015944
348876.953125,0.666259765625,398.173828125,0.12885742187500002,0.14057617187500002,41277.13918685913,2378.90625,3.314066643121405e-5,352.7240600349156,0.27476837686124517,0.9984654030825225
348950.1953125,1.8861083984375,287.3583984375,0.3981689453125,0.3461669921875,138881.11579418182,2751.953125,7.277076604313765e-5,560.3098778269346,0.2877556655186652,0.9971257107457311
349169.921875,1.039794921875,74.443359375,0.3687988281250001,0.20297851562500002,114733.40177536011,6902.34375,8.681443658435451e-5,297.37795976730655,0.18346355148701018,0.999650054058502
349243.1640625,1.5125732421875,186.7529296875,0.1043212890625,0.29606933593750007,63938.89319896698,6275.390625,6.984410666149369e-5,299.0792397449182,0.2925065234665906,0.9982972362409731
349462.890625,1.419189453125,259.384765625,0.32514648437500004,0.24077148437500004,96826.11227035522,9394.53125,6.0920668741891676e-5,360.7168979212604,0.26627117541395035,0.9991385150936656
349536.1328125,1.1331787109375,319.8974609375,0.1456298828125,0.26003417968750003,84815.40763378143,9767.578125,4.936135720946636e-5,299.8862178025009,0.30987927330775017,0.9988777337602648
349755.859375,0.708740234375,282.294921875,0.304931640625,0.26918945312500003,170348.82307052612,6230.46875,3.9154391625189964e-5,351.4567576982071,0.23180920765754906,0.9991746218778563
349829.1015625,1.7381591796875,382.6513671875,0.18459472656250003,0.21345214843750002,13301.440119743347,6603.515625,6.4469293474796e-5,358.04167330142764,0.3598737184628224,0.9958449768589664
350048.828125,1.832275390625,139.189453125,0.26362304687500004,0.324560546875,151052.43062973022,9722.65625,8.564057569357689e-5,324.7027377006709,0.2568366392790344,0.9994527903980421
350122.0703125,0.6146240234375,206.3427734375,0.22824707031250002,0.19265136718750003,36283.87153148651,9095.703125,4.22034071346499e-5,280.12041687922505,0.21150279659181073,0.9995317908990202
350341.796875,1.455810546875,336.083984375,0.23872070312500002,0.337744140625,52788.53178024292,5246.09375,5.8144162082816824e-5,393.1961813621819,0.3200621131939343,0.9976310900598394
350415.0390625,0.9910888671875,265.1123046875,0.26955566406250003,0.1683349609375,125316.40708446503,5619.140625,4.845393458301278e-5,358.5240709289334,0.24798098498771728,0.998961634108029
350634.765625,1.085205078125,170.400390625,0.19741210937500003,0.368505859375,70404.794216156,2738.28125,6.0400025009598916e-5,367.78870178962256,0.24141966909834714,0.9985054917864729
350708.0078125,1.3616943359375,68.8818359375,0.3132080078125,0.1252685546875,104593.50669384003,2111.328125,9.940870160416766e-5,376.18949158359237,0.19325118702596253,0.9988209345382904
350927.734375,1.195068359375,373.935546875,0.287353515625,0.23989257812500003,27615.40937423706,3324.21875,4.941956156016061e-5,447.81242422941796,0.2880645989970366,0.9977742736400655
351000.9765625,1.2869873046875,306.9482421875,0.24201660156250002,0.2591552734375,148150.81679821014,3947.265625,5.475458537023348e-5,402.00959403944745,0.29055153497010466,0.9979130840589604
351220.703125,1.568603515625,209.580078125,0.318701171875,0.20385742187500003,10070.321559906006,4816.40625,6.937180945949663e-5,406.76902852952054,0.25827646319741315,0.9983378616870922
351293.9453125,0.9134521484375,109.3896484375,0.20832519531250002,0.29694824218750004,168248.60084056854,4439.453125,6.878914669234236e-5,308.2246608529778,0.2030759527828831,0.9991240777460983
351513.671875,1.942138671875,236.474609375,0.183642578125,0.15375976562500002,109460.36100387573,8339.84375,7.73583527899243e-5,327.0285444764087,0.3158326893886816,0.9984418742593792
351586.9140625,0.5399169921875,338.1591796875,0.28947753906250007,0.3593505859375,77837.52143383026,8962.890625,3.144607769702496e-5,321.3045574912597,0.23328990625093132,0.9995657920595283
351806.640625,0.821533203125,92.041015625,0.21499023437500003,0.102490234375,129535.99691390991,7832.03125,7.24551095216507e-5,261.2126283805659,0.18841926740954065,0.9995540536136863
351879.8828125,1.6605224609375,163.1787109375,0.25578613281250007,0.3842529296875,56445.671916007996,7455.078125,7.728129371189105e-5,346.51619827589883,0.26539472817226323,0.9990581392268785
352099.609375,1.306396484375,114.951171875,0.11508789062500001,0.3746582031250001,138835.15119552612,8542.96875,7.718008547584803e-5,269.93491318622847,0.23663047855886601,0.9988026814939737
352172.8515625,1.2108154296875,225.9326171875,0.37443847656250007,0.13142089843750002,42397.83751964569,8166.015625,5.76167963578152e-5,364.2890669592715,0.2311926592725255,0.9993579195549042
352392.578125,0.929931640625,301.220703125,0.14877929687500002,0.33159179687500007,158272.47762680054,7035.15625,4.464090027747445e-5,311.65489240704056,0.2833005463480548,0.9988569030565766
352465.8203125,1.5872802734375,357.7490234375,0.34309082031250004,0.16218261718750002,23420.925974845886,7658.203125,6.125913724403243e-5,404.70475380782733,0.2814157340776434,0.9981672639032961
352685.546875,0.553466796875,147.490234375,0.34887695312500006,0.30727539062500003,85647.95255661011,3558.59375,4.962455617288549e-5,346.11770766097413,0.18843698031795877,0.9992582351532587
352758.7890625,1.9637451171875,87.1435546875,0.15939941406250002,0.17536621093750002,97011.18552684784,3181.640625,0.00010499926037756076,333.45252119455307,0.2344458603808529,0.9985550805927487
352978.515625,1.682861328125,353.681640625,0.382568359375,0.286474609375,64926.278591156006,4050.78125,6.418338188295103e-5,505.35470836863277,0.28898998971483786,0.9969646325403683
353051.7578125,0.8343505859375,241.5380859375,0.1280517578125,0.23073730468750003,118416.72599315643,4673.828125,4.5776910526058105e-5,309.459239956163,0.2528056405439902,0.9986877132981061
353271.484375,1.394287109375,344.716796875,0.308447265625,0.148486328125,148807.83796310425,6511.71875,5.6282101655159626e-5,395.6883465749966,0.2789634043653945,0.9985992446246227
353344.7265625,1.1112060546875,235.2294921875,0.20217285156250003,0.3552490234375001,30907.68325328827,6134.765625,5.417356823693045e-5,337.1047299477661,0.26821111244535784,0.9987717698568713
353564.453125,1.017822265625,159.111328125,0.274169921875,0.10776367187500001,170146.46291732788,9003.90625,6.001548894173749e-5,300.1434307172394,0.2164285208287865,0.9996728820472375
353857.421875,0.641357421875,313.505859375,0.22348632812500002,0.23579101562500002,75577.60953903198,5527.34375,3.5771832035601706e-5,333.19950372280334,0.23931312437641805,0.9989551563475398
353930.6640625,1.8641357421875,372.6904296875,0.26838378906250004,0.2538818359375,109640.38550853729,5150.390625,6.865301147138846e-5,424.64018855860746,0.33217914087860356,0.9955300826873786
354150.390625,1.770751953125,105.322265625,0.189208984375,0.20795898437500002,53561.7995262146,2019.53125,9.353912354115304e-5,380.139770444879,0.23681555426708617,0.9983761127986606
354223.6328125,0.7347412109375,218.9599609375,0.30031738281250003,0.3022216796875,128340.50834178925,2642.578125,4.5068015146583657e-5,403.1851755313854,0.21944051348587118,0.9989059509288591
354443.359375,1.107177734375,85.732421875,0.140869140625,0.311376953125,41021.06428146362,5355.46875,8.349345717538022e-5,280.58709653824184,0.20375087776787637,0.9987203578229079
354516.6015625,1.3865966796875,154.2138671875,0.32990722656250004,0.18063964843750002,138578.17351818085,5978.515625,7.144997981381298e-5,363.6031714285781,0.22656501419209576,0.999237939939025
354736.328125,1.480712890625,250.751953125,0.10893554687500001,0.28237304687500003,18442.018032073975,2847.65625,6.374450291112781e-5,350.9601584745762,0.3197173840743772,0.9975792193928162
354809.5703125,1.0130615234375,349.7802734375,0.36418457031250007,0.22546386718750003,159595.33393383026,2470.703125,4.5231737443166185e-5,504.8716141878907,0.25225014907747345,0.9980570011532504
355029.296875,1.854248046875,224.521484375,0.393408203125,0.37993164062500007,99714.5266532898,6371.09375,7.631782136204524e-5,441.6353567289855,0.27400594921729937,0.9984702312807373
355102.5390625,0.6395263671875,121.6748046875,0.13361816406250002,0.1355224609375,87400.83396434784,6994.140625,5.787379106294915e-5,255.77475402900768,0.19372898017921295,0.9986848029952212
355322.265625,0.733642578125,366.962890625,0.3614746093750001,0.32631835937500003,120226.41897201538,9863.28125,3.613853880340162e-5,357.0022882442904,0.2495033018819204,0.9988974950107465
355395.5078125,1.7601318359375,297.3193359375,0.1678955078125,0.1580810546875,69567.70408153534,9486.328125,6.852699543297608e-5,320.6047923271392,0.33552643763213325,0.997970011997559
355615.234375,0.796630859375,177.373046875,0.12329101562500001,0.19770507812500002,161989.64643478394,8199.21875,5.125861553120713e-5,268.43270699098485,0.228165592621377,0.9985457783914712
355688.4765625,1.6385498046875,78.5107421875,0.3873291015625,0.2919677734375,26549.147486686707,8572.265625,0.00010052178731741035,323.95728194702843,0.2021330681607704,0.9997271072136887
355908.203125,1.920166015625,321.142578125,0.16401367187500002,0.24604492187500002,143286.35549545288,7691.40625,7.20605291366476e-5,340.98591494633195,0.3653487060358398,0.9962963063708481
355981.4453125,0.5150146484375,252.8271484375,0.34426269531250003,0.2641357421875,45080.525279045105,7064.453125,3.576747009843448e-5,328.0153642157052,0.20505812730106635,0.9994274157225852
356201.171875,1.543701171875,124.912109375,0.33833007812500004,0.111572265625,62392.48991012573,3214.84375,8.212175256144809e-5,407.7201236076368,0.21656172591676887,0.9988252469798271
356274.4140625,0.8914794921875,194.7216796875,0.15354003906250002,0.39216308593750004,116559.14008617401,3587.890625,5.217434824320878e-5,332.60684687373424,0.24072122203619942,0.9986107156123509
356494.140625,1.173095703125,288.603515625,0.3790527343750001,0.144677734375,84274.46126937866,4707.03125,5.271887488410413e-5,433.9693786366766,0.2409133055278,0.9986279376602628
356567.3828125,1.2620849609375,391.6162109375,0.1104736328125,0.3514404296875,95562.4932050705,4080.078125,5.0725439139650336e-5,345.7670105701083,0.3623502548827921,0.9968233589672406
356787.109375,1.704833984375,269.013671875,0.25102539062500007,0.34184570312500007,11500.159740447998,3917.96875,6.899552645172577e-5,422.2916811992092,0.3084546134773095,0.9975933339050151
356860.3515625,0.8592529296875,326.8701171875,0.21975097656250003,0.17360839843750003,173085.35277843475,3291.015625,4.1737414888415944e-5,383.39007040071107,0.26329986570116615,0.9981504655522778
357080.078125,0.578369140625,62.158203125,0.29409179687500003,0.3644042968750001,32213.120937347412,4410.15625,8.621717590592132e-5,281.14363319764533,0.16895797513181685,0.9993619639284484
357153.3203125,1.9857177734375,171.8115234375,0.17902832031250002,0.1199951171875,154094.52521800995,4783.203125,8.573972098570403e-5,348.1270459136356,0.28333550285955866,0.9983411171696268
357373.046875,0.951904296875,386.552734375,0.20356445312500002,0.27446289062500007,129368.65568161011,8933.59375,4.198905222981913e-5,328.4467985968385,0.2944780224018232,0.9989284090264856
357446.2890625,1.6121826171875,273.0810546875,0.3234619140625,0.21755371093750003,55362.56492137909,8306.640625,6.609981986174149e-5,381.7889042354562,0.27508373040416106,0.9987700767549519
357666.015625,1.331298828125,199.619140625,0.24663085937500004,0.31928710937500004,108110.78786849976,7425.78125,6.39506574957699e-5,341.5533333723086,0.2600792640254742,0.9991119494329359
357739.2578125,1.2327880859375,140.6005859375,0.28273925781250003,0.18854980468750002,75583.96232128143,7798.828125,6.986415008236783e-5,319.64985888042435,0.22105395610252232,0.999441701281901
357958.984375,0.995849609375,243.779296875,0.331884765625,0.387548828125,51894.690990448,7636.71875,5.0452899920601204e-5,365.6273940202995,0.24603251241070523,1.0000381194649324
358032.2265625,1.4627685546875,357.4169921875,0.1412353515625,0.1068115234375,126062.0106458664,7009.765625,5.766907184411569e-5,326.31522841959463,0.3423206047635524,0.9974518929813804
358251.953125,1.369384765625,90.048828125,0.36323242187500004,0.356201171875,73505.22756576538,8128.90625,8.856225324634651e-5,323.5800822059257,0.20384918550029546,0.999675948730457
358544.921875,1.742919921875,361.318359375,0.134423828125,0.30610351562500004,176970.3402519226,4652.34375,6.562674403065101e-5,359.85656018863256,0.3822296267365953,0.9953252436119852
358618.1640625,0.7156982421875,303.6279296875,0.39494628906250007,0.21169433593750003,14766.65198802948,4025.390625,3.874189313394127e-5,424.731249461004,0.22117803212079676,0.9986999602362842
358837.890625,0.622314453125,227.509765625,0.165771484375,0.25014648437500003,156954.28609848022,3144.53125,4.1327376336341314e-5,332.0450400644464,0.22193887423042888,0.9987343891236166
358911.1328125,1.8363037109375,118.0224609375,0.36125488281250007,0.23190917968750002,34057.59513378143,3517.578125,9.206007221207455e-5,425.385256676577,0.22507689670928693,0.9988080728923967
359130.859375,1.505615234375,165.419921875,0.20180664062500003,0.22231445312500003,114677.98566818237,4480.46875,7.349547906038826e-5,350.95908202404433,0.2563230927613481,0.9986493440075626
359204.1015625,1.0350341796875,95.7763671875,0.30646972656250004,0.27907714843750003,60955.64544200897,4853.515625,7.798627994432538e-5,327.9474848392643,0.1953391377883463,0.9993359499867543
359423.828125,1.129150390625,341.064453125,0.23549804687500003,0.18393554687500002,93815.91939926147,3972.65625,4.91268673960983e-5,395.6368825099966,0.2824455907613396,0.9990228953227741
359497.0703125,1.4114990234375,238.2177734375,0.2751220703125,0.31452636718750004,81857.02216625214,3345.703125,6.305772419204694e-5,428.3107907434537,0.27202064698767797,0.998047005478129
359716.796875,0.752685546875,112.958984375,0.266845703125,0.15961914062500002,28788.89799118042,7496.09375,6.40509145515375e-5,280.95759831392695,0.18990621829225957,0.999491598857539
359790.0390625,1.7879638671875,211.9873046875,0.22268066406250003,0.32770996093750004,166917.48130321503,7869.140625,7.572108248997644e-5,348.25361717641215,0.2958663696541395,0.9987352230518911
360009.765625,1.882080078125,308.525390625,0.300537109375,0.13413085937500002,49320.809841156006,8988.28125,7.192662882395077e-5,376.5651495044057,0.2920196792526525,0.9982800192036916
360083.0078125,0.6585693359375,377.0068359375,0.1913330078125,0.3783935546875,147474.24399852753,8361.328125,3.3841355199562326e-5,316.0764365051933,0.26564260380088606,0.9991454045682615
360302.734375,1.991943359375,65.810546875,0.221728515625,0.26801757812500004,92023.24628829956,9074.21875,0.00011766585963685502,286.01882380996324,0.21397699174629825,0.9994837054579646
360375.9765625,0.5838623046875,168.8232421875,0.25139160156250007,0.24978027343750003,105057.18886852264,9697.265625,4.6871994465411304e-5,274.69553881928533,0.19815544155557166,0.9998364160989434
360595.703125,0.865478515625,262.705078125,0.17807617187500002,0.28823242187500003,71630.868434906,6566.40625,4.549665282747528e-5,318.1747355952709,0.25689433438258286,0.9989227423236396
360668.9453125,1.7103271484375,332.5146484375,0.2927001953125,0.19382324218750002,123830.87623119354,6189.453125,6.603221122805387e-5,408.61223191544866,0.2990948703909753,0.9975725355112437
360888.671875,1.239013671875,204.599609375,0.32426757812500007,0.35063476562500007,137684.54313278198,2089.84375,6.135323056454874e-5,478.31345528266434,0.24551647109172317,0.9980838457327853
360961.9140625,1.3367919921875,136.2841796875,0.20510253906250003,0.1437255859375,37216.214060783386,2712.890625,7.440278191609395e-5,365.99554452056583,0.23075291116237967,0.9985338154355692
361181.640625,1.618408203125,378.916015625,0.280615234375,0.39311523437500007,159654.71029281616,5582.03125,6.15855386353803e-5,429.0737197306523,0.3345471968717074,0.9961836355803391
361254.8828125,0.9573974609375,280.0537109375,0.24641113281250002,0.1123779296875,17839.25712108612,5205.078125,4.717848207272979e-5,357.5296924155702,0.24838897569274182,0.9989229437745867
361474.609375,0.509521484375,316.826171875,0.386962890625,0.12153320312500002,113399.97053146362,2792.96875,3.226202419342451e-5,425.28717163881413,0.20762102086237402,0.9992863408047453
361547.8515625,1.9139404296875,257.8076171875,0.12131347656250001,0.36579589843750004,77791.39220714569,2416.015625,7.56059933894173e-5,383.94590073843904,0.3568810552399963,0.9961323542802776
361767.578125,1.633056640625,184.345703125,0.34565429687500004,0.17221679687500002,134840.59286117554,5285.15625,7.469149900026432e-5,404.46101119306934,0.2413240951815839,0.9987140046565981
361840.8203125,0.7904052734375,70.8740234375,0.1649658203125,0.3403076171875,60556.790232658386,5908.203125,8.525989378695327e-5,264.52962764734576,0.1820029501199862,0.9989503491633527
362060.546875,1.256591796875,285.615234375,0.152001953125,0.18540039062500002,32298.160076141357,9808.59375,5.5271649538935604e-5,303.77064139338506,0.30597273178872425,0.9988184362614353
362133.7890625,1.1668701171875,395.2685546875,0.3375244140625,0.31599121093750004,150687.11936473846,9431.640625,4.818437799253834e-5,386.95530204037743,0.28489521565199416,0.9987847746232925
362353.515625,0.885986328125,130.556640625,0.11069335937500001,0.22084960937500003,7923.165798187256,6300.78125,6.315911178924295e-5,272.8665907103776,0.21408190017932935,0.9985395005462676
362426.7578125,1.5374755859375,188.4130859375,0.38117675781250004,0.27761230468750003,171298.95865917206,6923.828125,7.145715832095597e-5,397.2923325680325,0.24156311692922125,0.9990377978823983
362646.484375,0.878662109375,334.091796875,0.16782226562500002,0.17661132812500002,180011.7564201355,2261.71875,4.229165944929582e-5,387.05822292143256,0.2734396645177712,0.9980258984928961
362719.7265625,1.5330810546875,267.1044921875,0.3615478515625,0.30837402343750003,12078.673243522644,2884.765625,6.472539090160673e-5,506.89488778287426,0.2687350807575921,0.9978737025735134
362939.453125,1.252197265625,169.736328125,0.133544921875,0.22963867187500003,158046.67043685913,5753.90625,6.59879635513785e-5,306.3136080955113,0.2541055569748845,0.9986071384278116
363232.421875,1.625732421875,281.630859375,0.364111328125,0.13266601562500002,52782.80973434448,9277.34375,6.632350478400062e-5,384.55176692482326,0.25836090582436233,0.9990141934698439
363305.6640625,0.7860107421875,383.3154296875,0.1090087890625,0.3757568359375001,130454.16724681854,9900.390625,3.741683367878819e-5,290.0840824597748,0.2997084817308946,0.9986688860113772
363525.390625,0.505126953125,137.197265625,0.329833984375,0.16108398437500002,74699.0065574646,6769.53125,5.129305968651928e-5,288.08063499079515,0.18008617212596503,0.9995350958140807
363598.6328125,1.9066162109375,208.3349609375,0.14094238281250002,0.33034667968750003,105358.6357831955,6392.578125,7.961893554267795e-5,331.66155266787166,0.3239717910500417,0.9978829027430389
363818.359375,1.622802734375,75.107421875,0.30024414062500004,0.358251953125,29208.381175994873,9605.46875,0.00010320101689350502,300.31475753868017,0.2067662638926637,0.9996237053716046
363891.6015625,0.9647216796875,186.0888671875,0.18928222656250002,0.1525146484375,169928.11858654022,9228.515625,5.548722270350537e-5,288.8793354419348,0.23432679042241883,0.999317131736801
364111.328125,1.246337890625,261.376953125,0.268310546875,0.385498046875,49313.905239105225,6097.65625,5.680200107064449e-5,379.9626880045346,0.27566533607035454,0.9986782744088654
364184.5703125,1.3411865234375,317.9052734375,0.2235595703125,0.1035888671875,147797.20771312714,6720.703125,5.633957990964769e-5,355.1819948586598,0.2877570479597557,0.998527138145439
364404.296875,0.869873046875,192.646484375,0.23403320312500003,0.258056640625,117402.1487236023,2621.09375,5.250126619630429e-5,380.0863320050329,0.2252798171460773,0.9985160513195558
364477.5390625,1.7176513671875,132.2998046875,0.27424316406250004,0.23864746093750003,58975.84617137909,2244.140625,8.609044729437409e-5,431.18515538313875,0.2382297456885604,0.9982911053213966
364697.265625,1.999267578125,398.837890625,0.20209960937500002,0.298193359375,93990.57912826538,5113.28125,7.222347118792183e-5,402.2840625953521,0.3770801128986542,0.9945068246470422
364770.5078125,0.5882568359375,286.6943359375,0.30852050781250007,0.20495605468750003,85392.22800731659,5736.328125,3.6221351069063114e-5,348.7206132484675,0.21613534814448085,0.9991528104471215
364990.234375,1.874755859375,145.498046875,0.28266601562500004,0.16958007812500003,138195.33491134644,4949.21875,8.756662702419978e-5,380.06155441884044,0.24535987635257742,0.9987743486890998
365063.4765625,0.6541748046875,89.1357421875,0.24670410156250003,0.3388427734375,39955.45852184296,4322.265625,7.196941780739825e-5,297.1305017015158,0.1803024153126839,0.9992984257138783
365283.203125,0.748291015625,353.017578125,0.32338867187500003,0.124169921875,162954.08010482788,3441.40625,3.7765763401222935e-5,422.47289372711276,0.2370996345033515,0.9982670818836291
365356.4453125,1.7806396484375,242.2021484375,0.20363769531250003,0.36726074218750004,15648.457407951355,3814.453125,7.345383496364104e-5,399.4083253495294,0.3141813880349221,0.9975860904923824
365576.171875,1.121826171875,114.287109375,0.178955078125,0.21469726562500002,94437.47282028198,7964.84375,7.418778075821131e-5,282.45474480590747,0.21406641536828266,0.9991304760704055
365649.4140625,1.4071044921875,226.5966796875,0.2941650390625,0.27028808593750003,104464.01679515839,7337.890625,6.410400999697153e-5,368.7798401339063,0.2609000433548468,0.9989697799649696
365869.140625,1.501220703125,299.228515625,0.21967773437500002,0.19155273437500003,72097.03207015991,8457.03125,6.183167514131067e-5,345.58066514472677,0.30059804258628636,0.9986573632674098
365942.3828125,1.0277099609375,359.7412109375,0.2510986328125,0.32331542968750004,127489.22049999237,8830.078125,4.551620805510748e-5,351.3315991428204,0.2854230210713442,0.9989485057342963
366162.109375,0.626708984375,237.138671875,0.11040039062500001,0.29497070312500007,31304.481029510498,7167.96875,4.0823373110898757e-5,278.7419417315917,0.2304491211061498,0.9987971925018966
366235.3515625,1.8436279296875,337.4951171875,0.3791259765625,0.20173339843750002,150325.648188591,7541.015625,6.993880280686319e-5,434.7971524757568,0.2795538540746029,0.9977212067528789
366455.078125,1.750244140625,94.033203125,0.153466796875,0.26127929687500007,9256.822109222412,8660.15625,9.78563866115952e-5,284.27478325988494,0.23397927840761934,0.9987442722030491
366528.3203125,0.7200927734375,161.1865234375,0.33840332031250003,0.24187011718750004,175007.4280500412,8033.203125,5.263604400730994e-5,312.08655456619147,0.1988500584653708,0.9995455249171035
366748.046875,1.373779296875,375.927734375,0.34418945312500004,0.396337890625,114515.20109176636,4183.59375,5.5055862338555374e-5,482.1913056097754,0.3002667337171449,0.9973289569568174
366821.2890625,1.0965576171875,304.9560546875,0.16408691406250003,0.11442871093750001,81888.29123973846,4556.640625,5.011683682472991e-5,346.707439992494,0.2824061030283171,0.9982944577746092
367041.015625,1.003173828125,210.244140625,0.38725585937500007,0.34741210937500006,137417.733669281,3675.78125,5.442725285656514e-5,437.68794044496826,0.22626301812026778,0.998718048549687
367114.2578125,1.4671630859375,108.7255859375,0.12336425781250002,0.14167480468750002,57650.82633495331,3048.828125,8.59335223296581e-5,322.44602761880486,0.23103405081555722,0.9985980011400839
367333.984375,1.323974609375,254.404296875,0.19125976562500002,0.284423828125,78122.04694747925,3386.71875,5.9804044881469416e-5,385.3237479637269,0.28521080283818867,0.9980184539825999
367407.2265625,1.2283935546875,325.5419921875,0.30061035156250004,0.2286865234375,111436.12563610077,3759.765625,5.3016570235548974e-5,440.3133286625511,0.2715350372097318,0.9980459609312591
367626.953125,0.947509765625,79.423828125,0.22260742187500004,0.309326171875,56514.81008529663,4878.90625,8.497007466717668e-5,297.5651115402157,0.18903413146249326,0.9991835624839731
367700.1953125,1.6048583984375,181.1083984375,0.26691894531250004,0.1774169921875,135398.93805980682,4251.953125,7.483533029878932e-5,390.69061214842446,0.2521648315278086,0.9985904587426571
367919.921875,0.571044921875,393.193359375,0.27504882812500003,0.334228515625,154214.6029472351,8402.34375,3.1032050464308686e-5,337.09190181166775,0.24266969201603342,0.9994932182073084
367993.1640625,1.9813232421875,293.0029296875,0.23557128906250002,0.16481933593750003,35939.80872631073,8775.390625,7.575745874054592e-5,359.75093416938705,0.3164336315830929,0.9975647198203602
368212.890625,1.700439453125,195.634765625,0.306396484375,0.37202148437500004,178169.61812973022,7894.53125,7.558320154211709e-5,377.01131583050574,0.26947362087278814,0.9989584817915045
368286.1328125,0.8519287109375,128.6474609375,0.20187988281250002,0.1287841796875,10333.535075187683,7267.578125,6.330344628278808e-5,283.39088027595005,0.2027241980578529,0.9993096889285229
368505.859375,1.177490234375,176.044921875,0.361181640625,0.10043945312500001,102748.11506271362,8730.46875,6.329003252695975e-5,340.41173212176415,0.2154487756886165,0.9997904293217688
368579.1015625,1.2694091796875,63.9013671875,0.16584472656250002,0.3822021484375,92196.21551036835,8103.515625,0.0001031311674139304,265.94554320405325,0.1949490830505463,0.9992032120888913
368798.828125,1.551025390625,330.439453125,0.394873046875,0.155810546875,125484.68160629272,7222.65625,6.211379601918455e-5,430.40219602843416,0.25839898213931933,0.9985740086312905
368872.0703125,0.8958740234375,270.0927734375,0.13449707031250002,0.36140136718750004,69722.95844554901,7595.703125,4.629194585826458e-5,304.15113417321345,0.2683035230073782,0.9989340636922933
369091.796875,1.924560546875,144.833984375,0.10747070312500001,0.20649414062500002,43031.20756149292,3746.09375,8.949640575825887e-5,329.1459341079611,0.2810184674897956,0.9981042167494392
369165.0390625,0.5223388671875,201.3623046875,0.3633056640625001,0.29958496093750003,142539.36851024628,3119.140625,4.193231592663536e-5,381.06628061348385,0.1942196479929299,0.9990864676133847
369384.765625,0.803955078125,276.650390625,0.141162109375,0.23725585937500002,18600.594997406006,4238.28125,4.3391535373523426e-5,329.05046442553373,0.2550996381036544,0.9985447586580314
369458.0078125,1.6429443359375,387.6318359375,0.33195800781250007,0.25651855468750007,167447.20542430878,4611.328125,6.245351389077342e-5,470.79199723522055,0.3015439717434716,0.9964436935871159
369677.734375,0.726318359375,97.685546875,0.381103515625,0.37114257812500007,64650.80976486206,5824.21875,7.044327683745498e-5,316.54979799007634,0.18227028811701412,0.9994501274936405
369750.9765625,1.7557373046875,158.1982421875,0.11076660156250001,0.12790527343750002,122627.5624036789,5447.265625,8.237263582675578e-5,310.5360215191661,0.27862698948935455,0.9982831803722225
369970.703125,1.849853515625,230.830078125,0.33745117187500007,0.33510742187500003,87853.280544281,2316.40625,7.678469159228248e-5,524.7579791778257,0.2780061936424562,0.9975947505019027
370043.9453125,0.6322021484375,343.1396484375,0.15207519531250002,0.1656982421875,97492.55836009979,2939.453125,3.500296876509746e-5,350.41799016717374,0.24884736201593974,0.9984848182656195
370263.671875,1.473388671875,215.224609375,0.16489257812500002,0.322509765625,170245.15104293823,6839.84375,6.731046466775137e-5,330.6108002726677,0.2879985426404348,0.9986159595757831
370336.9140625,1.0086669921875,104.4091796875,0.34572753906250003,0.1906005859375,24394.52826976776,6462.890625,7.528584393758031e-5,320.48042804265066,0.19214857855208753,0.9995332616137863
370556.640625,1.102783203125,368.291015625,0.121240234375,0.271240234375,147735.0935935974,9332.03125,4.7475571001624505e-5,306.608520916668,0.32421141875198484,0.9984860335435928
370629.8828125,1.3792724609375,311.9287109375,0.38703613281250004,0.2155029296875,49984.734416007996,9955.078125,5.797301917341476e-5,390.90206038165996,0.2570618317560676,0.9989656330538429
370849.609375,1.775146484375,348.701171875,0.24633789062500003,0.24340820312500003,134360.54182052612,6042.96875,6.757542566600956e-5,400.65464862043797,0.3253550505896324,0.9965562791364597
370922.8515625,0.7420654296875,247.1826171875,0.28068847656250007,0.2626708984375,54289.50011730194,6666.015625,4.36842165313423e-5,339.842278257728,0.22755338976246622,0.99911663268643
371142.578125,0.648681640625,152.470703125,0.20502929687500002,0.20034179687500003,111907.73153305054,9535.15625,5.250622419340599e-5,268.7171127701349,0.1988097151006711,0.9994397336545509
371215.8203125,1.8685302734375,81.4990234375,0.3243408203125,0.2934326171875,80797.81806468964,9158.203125,0.00010730998876591192,320.50476271924384,0.21268817817919541,0.9996364656062301
371435.546875,1.022216796875,296.240234375,0.29262695312500003,0.13852539062500002,11850.955486297607,5058.59375,4.865237653944121e-5,388.88472520877446,0.25394406767558386,0.9984151040735942
371508.7890625,1.4949951171875,363.3935546875,0.1781494140625,0.34411621093750006,182017.53318309784,5681.640625,5.894774656331113e-5,371.59146121330616,0.34580274676827916,0.9968425041350011
371728.515625,1.401611328125,119.931640625,0.251318359375,0.11772460937500001,32894.174098968506,2550.78125,8.142784469097255e-5,385.5945490634722,0.22044080191260326,0.9986963179259138
371801.7578125,1.1156005859375,220.2880859375,0.22180175781250003,0.39948730468750004,158225.19767284393,2173.828125,5.7023360872502073e-5,420.0875672482214,0.256947252808611,0.9980891723711763
372021.484375,1.675537109375,110.966796875,0.32719726562500007,0.317236328125,123519.87409591675,8011.71875,9.089467573034435e-5,344.0546196743458,0.22367647217504233,0.9994281830356471
372094.7265625,0.8299560546875,213.9794921875,0.1459228515625,0.18649902343750002,67671.23305797577,8634.765625,4.91126473734232e-5,285.06310773881995,0.2377262785730102,0.9989919973786141
372314.453125,0.549072265625,307.861328125,0.367919921875,0.27651367187500003,100930.52053451538,7503.90625,3.4184570160356086e-5,351.1014845021473,0.21493872932784877,0.9992065990170254
372607.421875,0.922607421875,164.755859375,0.12973632812500002,0.367041015625,20656.955242156982,3027.34375,5.860607531487202e-5,330.81741243797296,0.2294526085511471,0.9986398579177036
372680.6640625,1.5828857421875,96.4404296875,0.3996337890625,0.12263183593750002,171844.67017650604,3650.390625,9.416241847525344e-5,402.45974285277805,0.1988017184185933,0.9992014012106014
372900.390625,1.302001953125,339.072265625,0.170458984375,0.339208984375,46715.3639793396,4519.53125,5.4641749638949474e-5,373.0568000022518,0.32132530394518444,0.9976974077552899
372973.6328125,1.2034912109375,240.2099609375,0.3565673828125,0.17097167968750002,146910.6377363205,4142.578125,5.7783621536860586e-5,431.08140112797133,0.23527007383721074,0.9985759396522027
373193.359375,0.825927734375,361.982421875,0.19711914062500002,0.142626953125,53199.16486740112,3855.46875,4.001224756311055e-5,369.1598361724402,0.26475963421682197,0.9983549925461572
373266.6015625,1.6678466796875,302.9638671875,0.3111572265625,0.34938964843750003,133824.26726818085,3478.515625,6.689840552782932e-5,479.89833413269116,0.29893062975053475,0.9972631684764595
373486.328125,1.949462890625,229.501953125,0.24018554687500002,0.11362304687500001,77644.28853988647,4347.65625,7.985837720720736e-5,400.79268537915357,0.28555073801785286,0.9983125425995402
373559.5703125,0.5443115234375,116.0302734375,0.27043457031250007,0.39421386718750007,111455.07514476776,4970.703125,5.94688433110039e-5,301.34890422763016,0.1820180985521913,0.99946768005225
373779.296875,1.572998046875,245.771484375,0.26215820312500004,0.24868164062500003,183847.3391532898,8871.09375,6.770413679020515e-5,356.17074864909006,0.2792228809274787,0.9989374770408647
373852.5390625,0.9207763671875,355.4248046875,0.22736816406250002,0.26677246093750007,14549.33249950409,8494.140625,4.291400468634542e-5,339.7819774808425,0.27385843077805944,0.9990532139730178
374072.265625,1.202392578125,90.712890625,0.30522460937500007,0.195068359375,159225.44240951538,7363.28125,8.63938356717746e-5,307.0189187028338,0.1961574081154868,0.9994934125510956
374145.5078125,1.2913818359375,148.5693359375,0.1866455078125,0.28933105468750003,38373.30710887909,7986.328125,7.150116830467887e-5,307.0915818900922,0.2390995329421311,0.999257200713172
374365.234375,1.077880859375,283.623046875,0.21704101562500003,0.328955078125,113949.36323165894,6699.21875,5.107426444429895e-5,350.958574897191,0.2731000315116852,0.9989001974414159
374438.4765625,1.3572998046875,397.2607421875,0.2560791015625,0.16071777343750002,81918.71535778046,6072.265625,5.413918634416618e-5,394.123453835243,0.29991526445505995,0.9978746965227989
374658.203125,1.451416015625,129.892578125,0.18276367187500003,0.377294921875,139924.29494857788,9191.40625,7.983538357900735e-5,301.25974537864903,0.24120367847413773,0.9991883322418953
374731.4453125,0.9837646484375,189.0771484375,0.28801269531250007,0.13288574218750002,60222.187876701355,9564.453125,5.650556443833517e-5,313.88573601803614,0.21980838728519744,0.9996222578356624
374951.171875,1.824951171875,316.162109375,0.319580078125,0.28032226562500007,33138.70573043823,5714.84375,7.066785586696033e-5,440.565282978964,0.299676752542932,0.9972395252363865
375024.4140625,0.6102294921875,258.4716796875,0.20979003906250002,0.22341308593750003,157360.5316877365,5087.890625,3.932538219867117e-5,327.4879555448132,0.2231147715875076,0.9988508412819291
375244.140625,0.704345703125,182.353515625,0.28530273437500003,0.31342773437500004,6100.022792816162,2207.03125,5.00731081562705e-5,398.3158888478286,0.20637459915202233,0.9987990074879174
375317.3828125,1.7308349609375,72.8662109375,0.24172363281250003,0.18269042968750002,180745.3545331955,2580.078125,0.00011044123884626454,365.55699211014297,0.20550896677396263,0.9988408130023912
375537.109375,1.423583984375,205.263671875,0.38227539062500004,0.21059570312500003,93120.765209198,5417.96875,6.742605410898621e-5,420.10848815434247,0.23458614992146257,0.998932120306732
375610.3515625,1.1405029296875,135.6201171875,0.1260009765625,0.30485839843750007,102619.349360466,5791.015625,7.038368700935905e-5,297.80249837043704,0.22987899719195828,0.9987438679005923
375830.078125,1.047119140625,380.908203125,0.350341796875,0.23315429687500003,67137.92562484741,2910.15625,4.593917371633152e-5,494.9452056481438,0.25963771676761965,0.9979617868969384
375903.3203125,1.5169677734375,278.0615234375,0.1602783203125,0.25124511718750003,126983.8684797287,2283.203125,6.418374132425608e-5,407.53750767478084,0.3115652203537996,0.9972612667893517
376123.046875,0.670654296875,67.802734375,0.14731445312500002,0.105712890625,146645.3890800476,6433.59375,8.708425693804537e-5,251.01774972960857,0.1748153828693305,0.9986397731221845
376196.2890625,1.8934326171875,166.8310546875,0.34221191406250007,0.38630371093750004,45534.68406200409,6806.640625,8.542354632912223e-5,402.31873592556326,0.2592157817480393,0.9988875481646633
376416.015625,1.800048828125,263.369140625,0.115380859375,0.150537109375,170362.37478256226,9925.78125,7.263425411185943e-5,305.5678256122691,0.33842152826778976,0.9980646156673696
376489.2578125,0.7640380859375,331.8505859375,0.3764892578125001,0.3572998046875,24283.791422843933,9298.828125,3.9420141202980805e-5,370.666329634496,0.2388997338381428,0.9993902153777623
376708.984375,0.527099609375,222.529296875,0.31313476562500003,0.218798828125,44227.698802948,9136.71875,3.9918914542009376e-5,301.21388118996424,0.1990927487742685,0.999805055649343
376782.2265625,1.9315185546875,123.6669921875,0.19748535156250002,0.27556152343750007,144500.54824352264,9509.765625,9.463062539942418e-5,311.0120001436909,0.2533858146274558,0.9991886045542437
377001.953125,1.650634765625,366.298828125,0.26948242187500004,0.18745117187500002,19327.98147201538,6628.90625,6.363494554725266e-5,401.5328184095533,0.30761920050150354,0.9971655197689834
377294.921875,1.274169921875,85.068359375,0.22817382812500003,0.174853515625,104597.17130661011,2152.34375,9.220900198496511e-5,363.6857695151516,0.19918233574137043,0.9989129775541823
377368.1640625,1.1844482421875,154.8779296875,0.26369628906250003,0.34294433593750007,95377.49183177948,2525.390625,6.810246051939616e-5,407.85651530322565,0.23060376975740418,0.9983011482419715
377587.890625,0.903564453125,248.759765625,0.18452148437500002,0.118896484375,131112.61129379272,5644.53125,4.8665118036701726e-5,327.63346568899885,0.2443654320020311,0.998877867075478
377661.1328125,1.5550537109375,351.7724609375,0.30500488281250004,0.3631591796875,71389.50431346893,5017.578125,6.151555834189657e-5,448.7851891525825,0.30877157428119745,0.9971933305356396
377880.859375,1.974365234375,314.169921875,0.145556640625,0.39106445312500004,154890.14387130737,2980.46875,7.503427397144071e-5,404.1699914122109,0.37564472263074045,0.9949327367967804
377954.1015625,0.5662841796875,372.0263671875,0.32521972656250003,0.11032714843750001,27276.141047477722,2353.515625,3.225470816922344e-5,441.4988216830538,0.2189492638628991,0.9983923842985603
378173.828125,0.847900390625,107.314453125,0.104248046875,0.3526855468750001,179673.09713363647,5472.65625,7.101345632854513e-5,277.1462592906971,0.20084649061372536,0.998403363054281
378247.0703125,1.6927490234375,216.9677734375,0.3688720703125,0.1457763671875,7232.815623283386,5845.703125,7.406384370504735e-5,421.1611571042599,0.24371443771137233,0.9987459389663182
378466.796875,1.221435546875,346.708984375,0.3980957031250001,0.290869140625,88149.85990524292,9996.09375,5.220398654898718e-5,401.7559963710281,0.2606287833173583,0.999088636838378
378540.0390625,1.3192138671875,233.2373046875,0.1289306640625,0.1964599609375,119479.37095165253,9369.140625,6.167976760256337e-5,299.92679772322253,0.28516749853891565,0.998721936660499
378759.765625,1.600830078125,159.775390625,0.356787109375,0.265380859375,61052.133083343506,6488.28125,7.867275348817338e-5,389.64919784827106,0.23424388712583186,0.9991765278710313
378833.0078125,0.9398193359375,100.7568359375,0.17258300781250002,0.24714355468750002,143376.58774852753,6861.328125,7.588170777305432e-5,280.9808028277314,0.1985489419587366,0.9990680211772797
379052.734375,1.523193359375,384.560546875,0.127978515625,0.136767578125,16192.06953048706,7574.21875,5.9255465682715196e-5,330.5673463727328,0.3567419079250482,0.9968458915349406
379125.9765625,1.0526123046875,275.0732421875,0.38264160156250004,0.38103027343750007,188984.19082164764,7197.265625,5.1124217956615254e-5,406.0152269745705,0.24674664624194673,0.998983018755603
379345.703125,1.146728515625,198.955078125,0.159326171875,0.156982421875,42028.939723968506,8066.40625,6.033333947542281e-5,303.51685452259585,0.2507205170401254,0.9991908787395966
379418.9453125,1.4290771484375,141.2646484375,0.34895019531250004,0.3250732421875,164916.44752025604,8689.453125,7.726034133790731e-5,352.03194444661995,0.22551777078196744,0.9995621562797095
379638.671875,0.770263671875,268.349609375,0.343017578125,0.181884765625,133834.44547653198,4589.84375,4.3549746466643895e-5,393.3081358246947,0.23805831264550975,0.9991238918382545
379711.9140625,1.8055419921875,327.5341796875,0.1488525390625,0.3124755859375,51847.378611564636,4212.890625,6.96562481810848e-5,380.3128701644712,0.3610969922028782,0.995756529212478
379931.640625,1.899658203125,60.166015625,0.374365234375,0.22436523437500003,109207.93294906616,3082.03125,0.00012484035987005105,389.87485307101736,0.1929694721128719,0.9992447324678604
380004.8828125,0.6761474609375,173.8037109375,0.11516113281250001,0.2811279296875,75340.41678905487,3705.078125,5.0826952281580005e-5,305.7524042914211,0.2122402894946754,0.9986277886421927
380224.609375,0.978271484375,125.576171875,0.255712890625,0.252783203125,177863.47150802612,4292.96875,6.920301518266279e-5,339.5516824725835,0.2044098089655631,0.9989895981134286
380297.8515625,1.4451904296875,194.0576171875,0.21506347656250002,0.23454589843750004,25311.53380870819,4916.015625,6.965124286928622e-5,363.6593721450257,0.25956385214162975,0.9986108014679145
380517.578125,1.351806640625,290.595703125,0.289404296875,0.303466796875,153018.69344711304,3785.15625,5.900375457094146e-5,441.21409843132045,0.27641587063489925,0.9979737558816072
380590.8203125,1.0716552734375,389.6240234375,0.1837158203125,0.20905761718750002,50084.378123283386,3408.203125,4.64627115858109e-5,393.1149965411477,0.29995841385080596,0.9978513846475168
380810.546875,1.725341796875,179.365234375,0.20825195312500003,0.3541503906250001,65688.54093551636,7308.59375,7.927600559607928e-5,346.6120807293797,0.2758786013163847,0.998847150080835
380883.7890625,0.6981201171875,76.5185546875,0.31877441406250007,0.1472412109375,123916.55051708221,7931.640625,8.221489372421488e-5,268.9870734849462,0.17314503198435302,0.99954399228007
381103.515625,0.604736328125,321.806640625,0.24194335937500003,0.38959960937500004,90002.99978256226,8800.78125,3.54608663563729e-5,323.7014585243213,0.23694301841397247,0.9993724757755905
381176.7578125,1.8187255859375,252.1630859375,0.28742675781250004,0.10886230468750001,100529.00016307831,8423.828125,7.470105166281366e-5,371.83128062586854,0.27363429892816915,0.9987662996036184
381396.484375,1.534912109375,185.341796875,0.22407226562500004,0.38286132812500007,37443.1529045105,3761.71875,7.342751652651412e-5,392.98747186861493,0.26636988526120337,0.9983094643660771
381469.7265625,0.8768310546875,75.8544921875,0.2677978515625,0.1021240234375,165257.8114271164,3384.765625,8.799880238067859e-5,317.86487913400697,0.18033729727585351,0.9991063831514144
381689.453125,1.158447265625,318.486328125,0.18979492187500002,0.36088867187500007,14366.98293685913,4253.90625,5.195080790770741e-5,381.8840557899369,0.29566626284239256,0.9982705223649025
381982.421875,0.781982421875,132.880859375,0.307861328125,0.30141601562500003,111717.50211715698,8777.34375,6.16763141863961e-5,300.8687019680807,0.19566912273786038,0.9996181318006127
382055.6640625,1.6297607421875,192.0654296875,0.2027587890625,0.20700683593750002,79516.30103588104,8400.390625,7.500556465006204e-5,330.9527127619706,0.27044679712381114,0.9991153957208423
382275.390625,1.911376953125,285.947265625,0.27358398437500003,0.25483398437500004,136102.9372215271,7269.53125,7.499858442412323e-5,396.9934008116558,0.30449628642367166,0.9977227922012567
382348.6328125,0.5003662109375,399.5849609375,0.23469238281250002,0.23659667968750003,54026.238322257996,7892.578125,2.930690777143781e-5,323.4356127191882,0.23293987305646238,0.9995710124339114
382568.359375,0.966552734375,266.357421875,0.39399414062500004,0.22700195312500002,154880.98859786987,8105.46875,4.937286422383696e-5,381.47763630113747,0.22698347126643148,0.9993391653546734
382641.6015625,1.6209716796875,334.8388671875,0.13303222656250002,0.28376464843750004,53083.81927013397,8728.515625,6.402583253319043e-5,330.00511350951035,0.35750033337181947,0.9970500601152038
382861.328125,1.340087890625,70.126953125,0.362060546875,0.179248046875,179133.24117660522,7597.65625,0.0001031097997445542,308.41492643448106,0.18619531299504305,0.9996454947419214
382934.5703125,1.2474365234375,169.1552734375,0.16730957031250002,0.30983886718750003,28767.117381095886,7220.703125,6.755824304167761e-5,314.59893494941036,0.247435458904396,0.9989208900881326
383154.296875,1.713623046875,383.896484375,0.140283203125,0.164306640625,88239.1848564148,3121.09375,6.506649379013555e-5,393.85281363880824,0.36446451373901023,0.9950696246287617
383227.5390625,0.8739013671875,281.0498046875,0.33049316406250007,0.3323974609375,98183.48777294159,3744.140625,4.593481231866865e-5,428.10322803104737,0.2380422488103844,0.9985947053605128
383447.265625,0.593017578125,207.587890625,0.108349609375,0.129443359375,63359.35354232788,4613.28125,4.411443286076686e-5,292.87291085002306,0.21333886713061953,0.9986273520767027
383520.5078125,1.9945068359375,137.9443359375,0.3647705078125001,0.37370605468750007,123956.80320262909,4236.328125,9.42705187902309e-5,444.1418641378947,0.2438591340606724,0.9985657027126594
383740.234375,0.656005859375,336.748046875,0.33891601562500007,0.26333007812500003,17191.550731658936,5449.21875,3.651445695676887e-5,388.1159358486204,0.22709909728594693,0.9989376582599725
383813.4765625,1.8729248046875,237.8857421875,0.1529541015625,0.24509277343750002,170963.14895153046,5822.265625,7.739484437216488e-5,350.89029412361464,0.31881876078781335,0.9980029208635276
384033.203125,1.779541015625,161.767578125,0.379638671875,0.29291992187500004,41254.98342514038,2941.40625,8.402614647267405e-5,485.98382790737855,0.23844985547380568,0.9983461893949964
384106.4453125,0.7493896484375,93.4521484375,0.1098876953125,0.19851074218750003,145313.37440013885,2314.453125,7.544908354433508e-5,307.67959699779544,0.1879647402357513,0.9987405612985377
384326.171875,1.403076171875,305.537109375,0.122705078125,0.34594726562500006,133134.98258590698,6464.84375,5.95650813244701e-5,334.55655263217517,0.3308968636199178,0.9979030886492997
384399.4140625,1.1258544921875,375.3466796875,0.3879150390625,0.1390380859375,74674.16083812714,6837.890625,4.8694812834331945e-5,423.9401411513307,0.2461089605082785,0.998826143075471
384619.140625,1.032470703125,107.978515625,0.16342773437500002,0.397802734375,110660.50863265991,9957.03125,7.598861494994233e-5,273.96561964244586,0.20837055928916437,0.9992220881717461
384692.3828125,1.4964599609375,210.9912109375,0.34484863281250006,0.1170654296875,99721.09305858612,9330.078125,6.930666166304706e-5,362.67558536476935,0.2392917885227628,0.9992285039971881
384912.109375,1.845458984375,88.388671875,0.204150390625,0.126220703125,183112.220287323,6667.96875,0.00010586208957138549,311.32376688373347,0.2200257107397541,0.999047502899775
384985.3515625,0.6248779296875,146.2451171875,0.3228759765625,0.3704833984375,6177.576899528503,6041.015625,5.479965237198562e-5,322.3340418794119,0.19189035010880506,0.9993707652842594
385205.078125,0.718994140625,242.783203125,0.24721679687500003,0.167529296875,158834.0926170349,9160.15625,4.411499994083426e-5,308.59811687389976,0.2210654608192828,0.9993612753682807
385278.3203125,1.7513427734375,352.4365234375,0.28215332031250007,0.33562011718750007,35237.7747297287,9533.203125,6.726033879463627e-5,391.70888062562886,0.32221359967029745,0.9972555576254171
385498.046875,1.092529296875,227.177734375,0.25043945312500004,0.19008789062500003,62406.07023239136,5683.59375,5.644913292345319e-5,359.5971474155734,0.2429986046456244,0.9988814589459168
385571.2890625,1.3778076171875,113.7060546875,0.22033691406250003,0.3206787109375,144890.9157514572,5056.640625,8.404495557773017e-5,336.9783416655242,0.22089881351959476,0.9989536887927202
385791.015625,1.471923828125,358.994140625,0.29350585937500007,0.21616210937500002,84405.038356781,2175.78125,5.938910583427761e-5,516.4761747153987,0.28954351367092696,0.997158372490089
385864.2578125,0.9984130859375,299.9755859375,0.1796142578125,0.2729248046875,119632.69889354706,2548.828125,4.8578099231769545e-5,397.21906270556246,0.2762077429542298,0.9981054999876582
386083.984375,1.230224609375,63.154296875,0.135009765625,0.15317382812500002,141139.25886154175,2886.71875,0.00010731121079846141,306.458159390852,0.19002802779430453,0.9987553895662821
386157.2265625,1.3221435546875,176.7919921875,0.39436035156250004,0.35993652343750004,56812.71255016327,2259.765625,6.912572921566859e-5,504.7810916184302,0.2289275373833407,0.9983123397902343
386376.953125,1.603759765625,270.673828125,0.16635742187500002,0.10307617187500001,118266.39699935913,5378.90625,6.761025678777865e-5,355.51019189642,0.301880171327931,0.9981103037646507
386450.1953125,0.9486083984375,329.8583984375,0.36066894531250004,0.3836669921875,84064.09919261932,5751.953125,4.5572752462985906e-5,425.2326829979291,0.25380144769680874,1.0002506805869211
386669.921875,1.977294921875,201.943359375,0.331298828125,0.24047851562500003,13216.311931610107,9902.34375,8.394971214657464e-5,376.6580717360261,0.26381584331367725,0.9991186579484811
386743.1640625,0.5750732421875,144.2529296875,0.14182128906250002,0.25856933593750003,187393.84925365448,9275.390625,5.365495244935676e-5,258.89283246480755,0.19387012815973703,0.9988182986794528
386962.890625,0.856689453125,386.884765625,0.362646484375,0.20327148437500003,35170.106410980225,6394.53125,4.048268878327675e-5,409.32251405797797,0.2450394830394689,0.9985651594776017
387036.1328125,1.6956787109375,277.3974609375,0.10812988281250001,0.29753417968750007,161739.47989940643,6767.578125,6.947705710917103e-5,329.187891016098,0.3451362706990841,0.9974815054525346
387255.859375,1.271240234375,324.794921875,0.267431640625,0.30668945312500007,73427.43635177612,9230.46875,5.4991333219878945e-5,366.6780183013631,0.2854647335075408,0.9988855779092607
387329.1015625,1.1756591796875,255.1513671875,0.2220947265625,0.1759521484375,131966.35711193085,9603.515625,5.638441190698294e-5,327.2145350261668,0.2602042650311126,0.9992999254861419
387548.828125,0.894775390625,181.689453125,0.301123046875,0.28706054687500004,96503.84664535522,6722.65625,5.6214199481278034e-5,343.3187322268263,0.2150776235036172,0.999276534603618
387622.0703125,1.5521240234375,78.8427734375,0.19074707031250002,0.2301513671875,107240.17035961151,6095.703125,0.00010384795035823988,303.59464406045834,0.2076984462313065,0.9990302018524949
387841.796875,0.518310546875,293.583984375,0.201220703125,0.375244140625,175670.61185836792,2246.09375,3.5117379479726244e-5,380.68291696158997,0.22144718288939844,0.9985633994552192
387915.0390625,1.9285888671875,392.6123046875,0.30705566406250007,0.13083496093750002,18081.299662590027,2619.140625,7.135448531918298e-5,526.4306826985112,0.3006675295623117,0.9954247851477263
388134.765625,1.647705078125,127.900390625,0.23491210937500004,0.33100585937500004,150203.622341156,5738.28125,8.751177756252871e-5,351.69149914040327,0.23855491588765773,0.998997201190873
388208.0078125,0.7991943359375,196.3818359375,0.27570800781250004,0.1627685546875,46038.20884227753,5111.328125,5.1658558854327174e-5,347.41372193022676,0.21118341947143857,0.9991048847797153
388427.734375,1.757568359375,246.435546875,0.32485351562500003,0.202392578125,102328.78828048706,4324.21875,7.403077535806396e-5,449.6527034820786,0.2658309530880528,0.9981968309966028
388500.9765625,0.7244873046875,349.4482421875,0.2045166015625,0.29665527343750003,93082.33535289764,4947.265625,3.818020501674672e-5,358.4727411451168,0.2546926238632962,0.9989276100664948
388720.703125,0.631103515625,82.080078125,0.28120117187500004,0.24135742187500003,128767.831325531,3816.40625,7.900940866475879e-5,306.6990925010551,0.17382960189131513,0.9992857323529271
388793.9453125,1.8509521484375,151.8896484375,0.24582519531250002,0.25944824218750007,66796.69654369354,3439.453125,8.811330738433758e-5,405.51901670488405,0.25518049401168963,0.9982719240420244
389013.671875,1.004638671875,363.974609375,0.22114257812500002,0.11625976562500001,50201.81608200073,7339.84375,4.570472164240896e-5,350.6565581202291,0.27243686286376145,0.9988074983890032
389086.9140625,1.4774169921875,295.6591796875,0.25197753906250003,0.3968505859375,154958.85932445526,7962.890625,6.252144098039483e-5,380.1638515718026,0.30152754139297644,0.9985499023297792
389306.640625,1.384033203125,219.541015625,0.177490234375,0.13999023437500002,27250.840663909912,8832.03125,6.554839735773629e-5,318.74437061932605,0.2679411809885448,0.9990134603156479
389379.8828125,1.0980224609375,120.6787109375,0.29328613281250004,0.34675292968750004,179003.6553144455,8455.078125,7.445312084400197e-5,317.87720375568034,0.2078713488422959,0.9993815328233697
389599.609375,0.743896484375,157.451171875,0.152587890625,0.337158203125,82976.02033615112,7542.96875,5.608292081129095e-5,286.2612013906861,0.20986937947604664,0.9989966014196281
389672.8515625,1.7733154296875,98.4326171875,0.33693847656250003,0.16892089843750002,115800.42541027069,7166.015625,0.00010031637095679041,347.38683356993585,0.21058133531342307,0.9994185639645353
389892.578125,1.867431640625,343.720703125,0.111279296875,0.36909179687500004,58322.28231430054,8035.15625,7.11135792313319e-5,336.42994644912386,0.3901692354786328,0.9961691276265666
389965.8203125,0.6497802734375,230.2490234375,0.3805908203125,0.12468261718750001,142533.5968732834,8658.203125,4.359432835270357e-5,331.60074376223133,0.19867008064625927,0.9997014297684699
390185.546875,1.490966796875,104.990234375,0.3863769531250001,0.269775390625,166531.2533378601,4558.59375,9.074819843846076e-5,392.89691233424463,0.20514512363048135,0.9993580328882236
390258.7890625,1.0262451171875,214.6435546875,0.12189941406250002,0.21286621093750002,36021.80564403534,4181.640625,5.6195922259992056e-5,327.72429792360333,0.25197163688732654,0.9984939447401607
390478.515625,1.120361328125,311.181640625,0.345068359375,0.323974609375,191016.366481781,3050.78125,5.1722643856869517e-5,485.14444138354355,0.25704807858743517,0.9980639240738253
390551.7578125,1.3968505859375,369.0380859375,0.16555175781250003,0.1932373046875,10737.282633781433,3673.828125,5.6837769873822494e-5,391.45869119884395,0.3251685860566581,0.9971999481975035
390771.484375,0.831787109375,302.216796875,0.27094726562500004,0.110986328125,95278.78522872925,9511.71875,4.358001276309553e-5,329.8546119636373,0.23608501260929823,0.9994084460027812
390844.7265625,1.6737060546875,362.7294921875,0.23967285156250004,0.39274902343750007,106053.43520641327,9134.765625,6.483033360960919e-5,382.8995530070939,0.3393129959850456,0.9970420761738925
391064.453125,1.955322265625,116.611328125,0.31166992187500003,0.145263671875,69581.03322982788,6003.90625,9.92706876020196e-5,369.83698142418666,0.22533736164691115,0.9992150717339486
391357.421875,1.578857421875,356.005859375,0.18598632812500002,0.198291015625,153898.41032028198,2527.34375,6.257271138840453e-5,435.076918716853,0.3271661416140845,0.9961625246011789
391430.6640625,0.9266357421875,245.1904296875,0.3058837890625,0.2913818359375,47280.88843822479,2150.390625,5.06395536582373e-5,458.64503442643434,0.23223083774698963,0.9982311508026872
391650.390625,1.208251953125,147.822265625,0.22670898437500003,0.24545898437500002,180452.6686668396,5019.53125,7.129778868736496e-5,345.7342884390072,0.22504248057736648,0.9989265684038512
391723.6328125,1.2972412109375,91.4599609375,0.2628173828125,0.26472167968750004,23800.713419914246,5642.578125,9.134969990658475e-5,326.03433075891064,0.2015158897201357,0.9993134767771358
391943.359375,1.669677734375,213.232421875,0.10336914062500001,0.27387695312500004,115140.69318771362,2355.46875,7.474601206429843e-5,369.08758489285117,0.3040062581074853,0.9976485050490349
392016.6015625,0.8240966796875,111.7138671875,0.3674072265625,0.21813964843750003,80030.19988536835,2978.515625,7.093302894859327e-5,375.03708555134295,0.18514591907035613,0.9991137813833398
392236.328125,0.543212890625,378.251953125,0.14643554687500002,0.31987304687500007,141768.43404769897,5847.65625,3.1784964273318616e-5,320.80725561579595,0.24573348400580383,0.9988720704819345
392309.5703125,1.9505615234375,307.2802734375,0.32668457031250003,0.18796386718750002,57564.32807445526,5470.703125,7.559081970117862e-5,450.0553110153414,0.28595783962536886,0.9973725115205826
392529.296875,0.916748046875,97.021484375,0.35590820312500004,0.34243164062500003,41219.653606414795,9371.09375,7.849234251534177e-5,300.6514216276479,0.18783924878037053,0.9997608964814456
392602.5390625,1.5770263671875,164.1748046875,0.17111816406250002,0.1730224609375,167691.11716747284,9994.140625,7.819298951619312e-5,306.0374219797565,0.257506346558189,0.9993019656567326
392822.265625,1.296142578125,239.462890625,0.39897460937500007,0.36381835937500007,13064.30959701538,6863.28125,6.159758763907291e-5,424.4301818098679,0.24527985544756567,0.9989228577327268
392895.5078125,1.1976318359375,339.8193359375,0.1303955078125,0.12058105468750001,193062.21091747284,6486.328125,5.2436416690252247e-5,331.30307534116497,0.3100695250498581,0.9980990477133822
393115.234375,1.359130859375,134.873046875,0.160791015625,0.23520507812500002,60548.728466033936,7199.21875,7.82856043942358e-5,307.47670318306814,0.2336924743035329,0.999014924918245
393188.4765625,1.0760498046875,206.0107421875,0.3498291015625,0.25446777343750004,145785.3535413742,7572.265625,5.860593646094488e-5,368.33009396818204,0.2246204175704993,0.9993751015274406
393408.203125,0.982666015625,278.642578125,0.126513671875,0.208544921875,87917.45901107788,8691.40625,4.953227034726397e-5,303.9488197570505,0.2706830644588149,0.9988129813196107
393481.4453125,1.4525146484375,380.3271484375,0.38176269531250007,0.3016357421875,120781.9412946701,8064.453125,5.8202174264343186e-5,439.7423378991485,0.27998368981324007,0.9982094881385976
393701.171875,0.606201171875,167.412109375,0.375830078125,0.149072265625,189796.05436325073,4214.84375,5.109429586551086e-5,357.0820542776758,0.1865673444485723,0.9992183914697687
393774.4140625,1.8289794921875,67.2216796875,0.1160400390625,0.35466308593750007,8860.165476799011,4587.890625,0.00011982395207332409,303.230294619202,0.21363676520232316,0.9984409290105738
393994.140625,1.735595703125,331.103515625,0.341552734375,0.107177734375,164813.52376937866,3707.03125,6.858304988407059e-5,489.1330948170054,0.2691745250752834,0.9976371570559368
394067.3828125,0.6995849609375,264.1162109375,0.1479736328125,0.3889404296875001,32201.531291007996,3080.078125,4.26861257270757e-5,352.474560109563,0.2381653394546042,0.9984505150592864
394287.109375,1.142333984375,396.513671875,0.28852539062500004,0.37934570312500004,133412.513256073,4917.96875,4.877898290577385e-5,436.676026998193,0.2929335746153485,0.998306100532471
394360.3515625,1.4217529296875,284.3701171875,0.1822509765625,0.1361083984375,70737.94066905975,4291.015625,6.204861585719777e-5,377.42560963031343,0.28982178522987817,0.9980859637134114
394580.078125,1.515869140625,189.658203125,0.256591796875,0.326904296875,107071.51937484741,3410.15625,7.340804356434205e-5,417.3060903833117,0.2565470849514715,0.9986608787028737
394653.3203125,1.0482177734375,129.3115234375,0.21652832031250002,0.1574951171875,97483.56330394745,3783.203125,7.174286670732617e-5,341.6101776679059,0.20840979459028555,0.9988048143464627
394873.046875,1.889404296875,259.052734375,0.24106445312500002,0.31196289062500004,23941.409587860107,7933.59375,7.68683815668256e-5,379.4003947186815,0.3065129705580402,0.9987280879906998
394946.2890625,0.6746826171875,315.5810546875,0.28596191406250004,0.1800537109375,178670.0600385666,7306.640625,3.8559028389374356e-5,346.7750651839542,0.22606670856556071,0.9992451959918166
395166.015625,0.768798828125,72.119140625,0.20913085937500003,0.28178710937500007,48603.219509124756,8425.78125,8.945773282870852e-5,261.4146209014115,0.1782197298993008,0.9991548691608978
395239.2578125,1.7952880859375,183.1005859375,0.32023925781250007,0.22604980468750002,154425.02677440643,8798.828125,8.183957946055957e-5,372.6970422223203,0.2501912154797359,0.9991471201868988
395458.984375,1.933349609375,371.279296875,0.369384765625,0.35004882812500004,175662.513256073,8636.71875,7.23111254656585e-5,449.3253880874147,0.30848289762203485,0.996450043855928
395532.2265625,0.5252685546875,314.9169921875,0.10373535156250001,0.1443115234375,20749.754786491394,8009.765625,3.4162503524043894e-5,281.98352716286115,0.23118119730090803,0.9987130576064014
395751.953125,0.806884765625,217.548828125,0.32573242187500007,0.3937011718750001,151586.28225326538,7128.90625,4.985182391959566e-5,358.47683915270704,0.22029592017538144,0.9992773635737165
396044.921875,1.180419921875,233.818359375,0.171923828125,0.26860351562500007,73978.64103317261,3652.34375,5.9139426778801275e-5,369.39498400220066,0.2635031374490939,0.9985780353678686
396118.1640625,1.2781982421875,346.1279296875,0.3574462890625001,0.24919433593750004,136872.97523021698,3025.390625,5.4864650174201304e-5,510.3945917218181,0.2630615790728791,0.9979018827764089
396337.890625,1.559814453125,100.009765625,0.12827148437500002,0.28764648437500007,100683.04586410522,4144.53125,9.52880737126382e-5,320.44260713197235,0.22717639195357914,0.9986306809912994
396411.1328125,0.8988037109375,160.5224609375,0.39875488281250004,0.19440917968750002,110771.70646190643,4517.578125,6.0739944581782755e-5,387.68271521213325,0.19882145773330404,0.9991004377932202
396630.859375,0.568115234375,122.919921875,0.23930664062500004,0.184814453125,4336.677074432373,3480.46875,6.081615898506309e-5,318.7184640552465,0.1815281979114453,0.9992439645167123
396704.1015625,1.9725341796875,223.2763671875,0.26896972656250007,0.31657714843750007,187857.86712169647,3853.515625,8.254382292886383e-5,442.7418127664428,0.2884503363515891,0.9978149113140947
396923.828125,1.691650390625,298.564453125,0.197998046875,0.22143554687500003,31331.788539886475,4972.65625,6.885020555140664e-5,390.5777036424019,0.3130362706651072,0.9976518239958304
396997.0703125,0.8489990234375,365.7177734375,0.3126220703125,0.27702636718750007,163564.29755687714,4345.703125,4.153003884939197e-5,425.9522818609674,0.2502673747024878,0.9984231022379757
397216.796875,1.315185546875,155.458984375,0.30434570312500003,0.12211914062500001,150801.83744430542,8496.09375,7.30277879704568e-5,336.83790822742475,0.21908789568491407,0.9995252903331621
397290.0390625,1.2254638671875,84.4873046875,0.1851806640625,0.3652099609375,65718.50669384003,8869.140625,9.342148709185211e-5,283.1886043653524,0.20146874742888232,0.9992133959046362
397509.765625,0.944580078125,351.025390625,0.263037109375,0.171630859375,124516.122341156,7988.28125,4.484336981905505e-5,359.30982660894466,0.2575783507842284,0.9990884970932158
397583.0078125,1.5960693359375,249.5068359375,0.22883300781250002,0.34089355468750004,90691.40708446503,7361.328125,6.95364652752157e-5,371.70023338644995,0.2906558020102487,0.9986853530778496
397802.734375,1.054443359375,193.310546875,0.18422851562500003,0.305517578125,171879.20331954956,6074.21875,5.995814103484748e-5,331.8416187182962,0.23973853169111567,0.9989122712380005
397875.9765625,1.5213623046875,126.3232421875,0.28889160156250004,0.21228027343750003,42132.262110710144,6697.265625,8.550343934922475e-5,349.8252184377122,0.22090288769012367,0.999223964679503
398095.703125,1.427978515625,390.205078125,0.21557617187500003,0.250732421875,198955.331325531,9566.40625,5.708947837996721e-5,361.3634754636615,0.32101517019756065,0.9980537937634706
398168.9453125,1.1478271484375,290.0146484375,0.25520019531250004,0.23132324218750003,18786.198496818542,9189.453125,5.3857990599247104e-5,351.2991229210292,0.2632633675491944,0.9990745353715839
398388.671875,1.801513671875,77.099609375,0.28676757812500003,0.38813476562500004,79869.35758590698,5089.84375,0.00011322315716750888,354.61351611419303,0.20970591533566213,0.9991225139812481
398461.9140625,0.7742919921875,178.7841796875,0.24260253906250004,0.1062255859375,115842.43476390839,5712.890625,5.420095006972817e-5,324.56588725161464,0.20549984276045843,0.9991641818842651
398681.640625,0.680908203125,251.416015625,0.318115234375,0.3556152343750001,52828.53841781616,2582.03125,4.346456125192733e-5,428.3819124166619,0.21681972551356232,0.9987670615134684
398754.8828125,1.8948974609375,322.5537109375,0.2089111328125,0.14987792968750002,139638.45145702362,2205.078125,7.345849185485222e-5,466.85549416646035,0.3207666666612409,0.9958826281469964
398974.609375,1.447021484375,274.326171875,0.349462890625,0.15903320312500002,53554.51154708862,5792.96875,6.371713927335695e-5,426.9028054070452,0.24998924826818633,0.9986641597570112
399047.8515625,0.9764404296875,385.3076171875,0.1588134765625,0.32829589843750007,160237.9254102707,5416.015625,4.450782501272711e-5,358.7531238073828,0.29828953074921527,0.9982972222230243
399267.578125,1.070556640625,141.845703125,0.383154296875,0.13471679687500002,24544.694423675537,2285.15625,6.98491043248705e-5,442.64253915371563,0.19874162603235507,0.999006682772765
399340.8203125,1.3529052734375,198.3740234375,0.1274658203125,0.3778076171875,187324.7345685959,2908.203125,6.8043372408104e-5,364.7582710334854,0.27090670806655104,0.9981932466839807
399560.546875,0.694091796875,328.115234375,0.114501953125,0.22290039062500003,104519.35148239136,6808.59375,3.869079613917244e-5,306.7924826208226,0.25470507221174327,0.9986194266456944
399633.7890625,1.7293701171875,267.7685546875,0.3750244140625001,0.27849121093750007,93067.85666942596,6431.640625,7.222825018999378e-5,447.1820432543944,0.2657024292674993,0.9987176193811385
399853.515625,1.823486328125,173.056640625,0.148193359375,0.183349609375,130210.51931381226,9300.78125,8.431885645921003e-5,314.428975695612,0.27736401805452493,0.9988168197401401
399926.7578125,0.5999755859375,60.9130859375,0.34367675781250007,0.31511230468750007,70378.30436229706,9923.828125,9.55731898378596e-5,254.48077392962432,0.16672499710064048,0.9996587587579988
