P0,ndot,tads,alpha,beta,PI,Pl,purity_s1,recovery_s1,productivity_s1,energy_s1,purity_s2,recovery_s2,productivity_s2,energy_s2,purity_s3,recovery_s3,productivity_s3,energy_s3,final_purity,final_recovery,overall_recovery
100146.484375,1.441162109375,376.591796875,0.20532226562500003,0.28911132812500007,12299.598217010498,7261.71875,0.43436333020198414,0.9981623592104825,3.6687932045244826e-5,193.80805185765138,0.7636493994191185,0.9993765003975554,0.00011187075491837664,97.62373324620629,0.9306897987737853,0.8490369395159353,0.0001874051707580713,75.45790376131656,0.9306897987737853,0.8490369395159353,0.846948313209437
100219.7265625,0.9705810546875,309.6044921875,0.32404785156250004,0.19587402343750002,47006.895899772644,7884.765625,0.31195850466089226,1.000130166050725,2.6744455031061635e-5,229.16066444804983,0.5299931006267544,1.0000770971033428,5.783734438018569e-5,128.33846554955826,0.7266102020951613,1.000123333251831,0.00010686528747236094,88.40417694705485,0.7266102020951613,1.000123333251831,1.0003306320050005
100439.453125,1.064697265625,212.236328125,0.24604492187500002,0.26713867187500007,18776.16262435913,8753.90625,0.32842171856930497,1.0003208979212654,3.035852788736699e-5,191.29124199972367,0.5612707038806046,1.0002129485521678,7.017626087493786e-5,108.14440455023696,0.7530885326184357,1.0003898618930123,0.00013485841264337028,77.22764568718465,0.7530885326184357,1.0003898618930123,1.000923984854231
100732.421875,0.688232421875,239.130859375,0.25161132812500003,0.3951660156250001,33195.40739059448,4277.34375,0.3057402062822455,1.0000846795154719,2.178650304105759e-5,267.097221865998,0.5082148284348391,1.0000067035202256,4.7156233857972416e-5,155.34772290050802,0.6884088759056386,1.0000432085341262,8.805472101488267e-5,110.91878592286234,0.6884088759056386,1.0000432085341262,1.000134596086026
100805.6640625,1.7235107421875,340.8154296875,0.22150878906250002,0.11325683593750001,19775.334239006042,4900.390625,0.3936326372108172,0.9971736472317653,4.340072437429005e-5,235.72394093791956,0.7003328273066612,0.9988958110170574,0.00011870560175319974,121.72955097044115,0.8956733288123627,0.9986857381753795,0.00023534061424853624,90.01378989213924,0.8956733288123627,0.9986857381753795,0.9947634789111799
101025.390625,1.817626953125,94.697265625,0.292333984375,0.34858398437500004,27757.3561668396,3769.53125,0.2951488791996392,1.0000106479502766,5.176177995923242e-5,298.832459416653,0.4856963345321855,0.9999112460262377,0.0001074698393044357,174.45992696491282,0.6633006924045296,0.9999607626220443,0.00019595726928330526,122.4440213066462,0.6633006924045296,0.9999607626220443,0.9998826587182232
101098.6328125,0.5941162109375,165.8349609375,0.17844238281250002,0.1428466796875,24104.241251945496,3392.578125,0.25870649662940814,0.9999799878869667,2.2062616842359024e-5,260.9802380011171,0.39818534897889757,0.9999543724258534,4.0211526817098455e-5,174.18161430341607,0.5420061755172758,0.9999931530110135,6.772909228930802e-5,130.97370106449344,0.5420061755172758,0.9999931530110135,0.9999275146863658
101318.359375,1.060302734375,117.607421875,0.337744140625,0.17075195312500002,50141.97492599487,4605.46875,0.2473709092794156,1.0002070343663714,3.4504028532660196e-5,292.1718467475478,0.373169157352749,1.0001495713489137,5.9363824369966496e-5,191.99230029064262,0.5089055542893725,1.0001130770068452,9.586480915186253e-5,139.1717190427457,0.5089055542893725,1.0001130770068452,1.0004697540159482
101391.6015625,1.5272216796875,228.5888671875,0.1517822265625,0.34001464843750007,6803.728938102722,4228.515625,0.420803616186194,0.9993484588826892,4.0566722240510864e-5,213.9611450116646,0.7316330161477266,0.9995535682613736,0.00012192226372538606,114.16948818067844,0.9014584413609724,0.9995978725752787,0.0002550060193848885,88.8431303329474,0.9014584413609724,0.9995978725752787,0.9985006319960059
101611.328125,1.433837890625,303.876953125,0.38081054687500004,0.12299804687500002,44632.508754730225,3097.65625,0.2950548155197266,0.999146243893792,3.7502924463554686e-5,385.66528804333217,0.49446466662028676,0.9993047049733171,7.576463944982996e-5,215.10934626196243,0.6908595107737932,0.9995442402710975,0.0001342339850698317,142.83686605918365,0.6908595107737932,0.9995442402710975,0.9979964884751611
101684.5703125,1.1536865234375,360.4052734375,0.11105957031250001,0.3660888671875,12176.358103752136,3720.703125,0.4733786749184814,0.9987757704425024,3.0575884577383535e-5,200.34102637249723,0.8043565771237432,0.9992756740937898,0.00010434315094215263,108.54705714963947,0.9488919595302622,0.9992919907024104,0.00022225780208884574,90.36524761024673,0.9488919595302622,0.9992919907024104,0.9973457009474503
101904.296875,1.807373046875,150.146484375,0.12153320312500002,0.22055664062500002,19067.431926727295,7621.09375,0.3958918277101346,0.9990576727268207,4.828430715359395e-5,155.97539923964226,0.6881277928407121,0.9993212186968164,0.00013683511796120284,89.04336548784475,0.8646453044673617,0.99953119507067,0.0002847270558543422,69.06499166842177,0.8646453044673617,0.99953119507067,0.9979114858122696
101977.5390625,0.7801513671875,89.7998046875,0.3867431640625001,0.27614746093750003,37436.05124950409,7244.140625,0.2173426932248634,1.0010881629514101,3.102638845371847e-5,258.1045103861657,0.3001965937435616,1.0009051678668062,4.673933027009997e-5,187.4471737531032,0.39287213875886956,1.0009112855959483,6.819062550383452e-5,143.43325914510174,0.39287213875886956,1.0009112855959483,1.0029074187755538
102197.265625,0.686767578125,356.337890625,0.164599609375,0.18569335937500003,24295.75490951538,8113.28125,0.35803411792168294,0.9999925910064967,1.991974091612922e-5,167.9259098154023,0.6200323405337315,0.9999839954214695,5.0627187651841794e-5,95.66797607585399,0.8087184017775656,1.0001064886548154,0.00010132400751057572,71.6027895346588,0.8087184017775656,1.0001064886548154,1.0000830727080923
102270.5078125,1.9007568359375,244.1943359375,0.34602050781250004,0.31745605468750004,33155.04539012909,8736.328125,0.351549030211693,0.9994762553868177,4.8363944552052056e-5,236.8658140191995,0.619250124502571,0.9998164892670598,0.00011756833711183588,120.71467199611425,0.8261177873368877,1.0000191665489238,0.00022667524672116457,81.6478248139125,0.8261177873368877,1.0000191665489238,0.9993119937617571
102490.234375,0.562255859375,187.998046875,0.3951660156250001,0.3570800781250001,15131.370067596436,9949.21875,0.24599917248633416,1.0012208445188524,2.010200511980313e-5,227.97872405820826,0.36936709832506404,1.0011405373022744,3.449036619198577e-5,149.65522513431327,0.5022104257879669,1.0007657593150368,5.562025107550683e-5,107.83029131558017,0.5022104257879669,1.0007657593150368,1.003130342871261
102563.4765625,1.9666748046875,131.6357421875,0.1342041015625,0.15134277343750002,43936.78176403046,9322.265625,0.3781573262693954,0.99887889963185,5.218585299308717e-5,146.62452385773935,0.6578907629071575,0.9993099146498853,0.00014062577084242593,84.06609435347298,0.8412320976481428,0.9995866645466152,0.0002878282284954307,64.19442448753458,0.8412320976481428,0.9995866645466152,0.9977770007907815
102783.203125,1.685791015625,395.517578125,0.36088867187500007,0.38666992187500004,7121.804714202881,6441.40625,0.3806744216750823,0.9909731987686368,4.193969700744699e-5,292.243915975896,0.6805515036206475,0.9962974839284042,0.00011065458141370094,138.40877999777513,0.8523588689812004,0.764528668089045,0.00016233199272624362,99.5885767812959,0.8523588689812004,0.764528668089045,0.7548222920685591
102856.4453125,0.8431396484375,284.7021484375,0.1661376953125,0.1047607421875,48803.242564201355,6814.453125,0.3456402375256787,0.9999808032956489,2.4397863315607313e-5,181.4966977209578,0.595703052165069,1.000021243400722,5.9699713835103724e-5,104.67238161550247,0.7860505174305009,1.000076840979339,0.00011765685192519623,78.11435673894728,0.7860505174305009,1.000076840979339,1.0000788874251456
103076.171875,1.309326171875,71.787109375,0.14145507812500002,0.252197265625,33062.22867965698,2964.84375,0.2632808894963151,1.0000055280913496,4.476749417321315e-5,260.19893268721336,0.4081816157712451,0.9999939476475326,8.343100639652419e-5,174.09427462537886,0.5546252329370667,0.9999431673563227,0.0001427151195324038,132.11908536830686,0.5546252329370667,0.9999431673563227,0.999942643091544
103149.4140625,1.2196044921875,184.0966796875,0.3316650390625,0.23278808593750003,23434.231638908386,2337.890625,0.28972754829402375,0.9995865336564588,3.5169758171125296e-5,382.21199424542897,0.4760482233491747,0.9996126752690094,7.097381077754237e-5,219.5858466187391,0.6561570963621258,0.9996980801868063,0.00012689175003600026,150.2226254451124,0.6561570963621258,0.9996980801868063,0.9988976909843553
103369.140625,0.938720703125,256.728515625,0.107177734375,0.304052734375,39653.67269515991,5457.03125,0.38812975385514786,0.9995619834661645,2.7073879413150096e-5,176.77788252242075,0.6709685320272595,0.9995231971940989,7.567653044364593e-5,102.20261648237421,0.8474866321182741,0.9996215246910286,0.0001572958996342585,79.82887881705688,0.8474866321182741,0.9996215246910286,0.9987072603562931
103442.3828125,1.5902099609375,317.2412109375,0.36359863281250004,0.21081542968750003,19890.95389842987,5830.078125,0.3244798650085045,0.9990564541638576,4.08290727873849e-5,293.5779651115609,0.5628659412972389,0.9994872516840384,9.097282767704875e-5,155.22013720215188,0.7720012032416533,0.9997656295601134,0.00016893906488524632,103.48106763527335,0.7720012032416533,0.9997656295601134,0.9983101604084601
103662.109375,1.939208984375,279.638671875,0.22290039062500003,0.18247070312500002,40021.5220451355,2167.96875,0.3949195616587765,0.9973774886038116,4.9099324595424356e-5,330.7132751049244,0.7003728007369959,0.9985248223110597,0.00013526250206977975,165.45083535464832,0.8926739755937947,0.9989152356302926,0.00027083028313483985,120.69121809154106,0.8926739755937947,0.9989152356302926,0.9948258560459865
103735.3515625,0.5311279296875,379.9951171875,0.26662597656250003,0.31423339843750003,11825.892329216003,2541.015625,0.3083215236751665,0.9996449294768769,1.646764328632431e-5,331.7809065870746,0.5159129803386416,0.9995729448367551,3.575973900604197e-5,188.06346916173996,0.7004706643376832,0.9997574092835309,6.677159553012451e-5,132.08388877623432,0.7004706643376832,0.9997574092835309,0.9989756249315085
103955.078125,0.812744140625,136.533203125,0.190966796875,0.22377929687500003,46346.17757797241,5660.15625,0.2693384793897572,1.0005133323673463,2.828877006066328e-5,220.94461999474046,0.42337501273664246,1.0003499017448871,5.3790763367076675e-5,142.99799722650587,0.5774992152548746,1.00026288678346,9.319136613972823e-5,106.00263481127534,0.5774992152548746,1.00026288678346,1.0011265274916423
104028.3203125,1.6575927734375,203.6865234375,0.3009033203125,0.27937011718750004,8692.120432853699,5033.203125,0.33701381669421404,0.9996890245479578,4.407901977233758e-5,276.82736132445575,0.5841738058985536,0.9998256776269662,0.00010356388818790267,146.61290711629297,0.784188012939938,0.9999352980578737,0.00019892636987228982,100.75618449385156,0.784188012939938,0.9999352980578737,0.9994500858389808
104248.046875,1.186279296875,333.427734375,0.30668945312500007,0.133837890625,30255.435466766357,9183.59375,0.3243376174366816,1.0000726063546732,3.148857996725044e-5,210.44060483948402,0.5599481392474612,1.000076088629848,7.051968702401992e-5,115.31253725901857,0.7642979784800246,1.0001473633921523,0.00013185109533226348,79.53088249391102,0.7642979784800246,1.0001473633921523,1.000296085814203
104321.2890625,1.2840576171875,262.4560546875,0.2015869140625,0.3769287109375,33302.964091300964,9556.640625,0.3993951865985362,1.0000157660637365,3.449718831490455e-5,174.08071783498022,0.6994089947066222,0.999964886140566,9.77183963797326e-5,90.73372441512014,0.8806764092819719,0.9998902337106108,0.0002011437765726605,66.79425488046724,0.8806764092819719,0.9998902337106108,0.9998708874851024
104541.015625,1.565673828125,167.744140625,0.274755859375,0.159912109375,23484.384059906006,6675.78125,0.3123140439695393,1.0000645610942827,4.295571406322644e-5,229.91325236436194,0.528476951650612,1.0000569798416903,9.359508117151553e-5,130.6629464598495,0.7210190165994462,1.0000780575514017,0.0001741706643811091,91.6328891332174,0.7210190165994462,1.0000780575514017,1.0001996116535306
104614.2578125,0.9046630859375,66.2255859375,0.23586425781250003,0.32917480468750004,37388.37516307831,6048.828125,0.22275493865273496,1.0009814063654474,3.770846133503057e-5,240.66300497162132,0.3123738663653713,1.0007703267029746,5.8639587886767444e-5,175.08268466423004,0.4111418844075163,1.0005530049929958,8.777201025245146e-5,135.57716138840757,0.4111418844075163,1.0005530049929958,1.0023064632001546
104833.984375,1.136474609375,296.904296875,0.15375976562500002,0.24692382812500002,31222.388744354248,6386.71875,0.40238905962447,0.9997136315189495,3.092521066260712e-5,184.01464125264746,0.7026351434144535,0.999776210281268,8.853703640204485e-5,99.63069618267944,0.8810907943462322,0.9998359374706752,0.0001829941200537714,76.15040714166763,0.8810907943462322,0.9998359374706752,0.9993259270445449
104907.2265625,1.4158935546875,368.0419921875,0.3381103515625,0.26618652343750004,28390.71547985077,6759.765625,0.34813224408977433,0.9989380452711037,3.64736913752654e-5,266.5273791945933,0.6133007202249936,0.9995692159801702,8.759523392971253e-5,135.85564390873307,0.8223466379315796,0.9998312577980696,0.0001677515115870492,91.75654543556368,0.8223466379315796,0.9998312577980696,0.9983392283332988
105126.953125,1.510009765625,121.923828125,0.110107421875,0.196826171875,38203.28664779663,9878.90625,0.3472453850314069,0.9984532742723906,4.329981472930625e-5,142.16124677725975,0.5939184650107991,0.9988023147231104,0.00010781213262880135,84.70208485781563,0.7777207411900027,0.9990790054240158,0.0002152808135660792,64.91898773223983,0.7777207411900027,0.9990790054240158,0.9963389727916638
105200.1953125,1.0423583984375,223.6083984375,0.3794189453125001,0.2899169921875,24650.280833244324,9251.953125,0.2899655083378657,1.0003695607917014,2.993181333399355e-5,236.33169495183265,0.477482901881807,1.000305243675887,6.030584764151625e-5,136.37416576320337,0.6596587589002855,1.0002950785423126,0.00010763126633067863,92.98248217145697,0.6596587589002855,1.0002950785423126,1.0009701949696008
105419.921875,1.883544921875,350.693359375,0.387548828125,0.146728515625,15127.200603485107,5402.34375,0.3115337314676039,0.9966896675184282,4.714097868811041e-5,322.1222454424706,0.535916904157237,0.9982496460978681,0.0001002420437090853,173.246162931506,0.7466992975133018,0.9985061431283224,0.00018109660683191637,114.42383404919978,0.7466992975133018,0.9985061431283224,0.9934588022833397
105493.1640625,0.6688232421875,250.5029296875,0.1230712890625,0.3523193359375001,42414.29603099823,5775.390625,0.33382785057321557,1.0000812115222646,2.132519058301533e-5,188.77417789533828,0.5654405840051296,0.9999755869494363,5.1077688221207385e-5,112.81950505245003,0.7474669906493738,0.999843596553976,0.00010045859611034688,85.54187632929742,0.7474669906493738,0.999843596553976,0.9999003841598892
105712.890625,0.762939453125,153.134765625,0.34389648437500003,0.109521484375,7456.483364105225,2894.53125,0.2348917760636975,0.9998272365594782,2.678761144081176e-5,350.23506313770656,0.342979271688486,0.999856805240181,4.363467403909335e-5,238.29418706839425,0.46240062680467214,0.9999240319671584,6.767763744231879e-5,175.128853763303,0.46240062680467214,0.9999240319671584,0.9996081225064805
105786.1328125,1.7894287109375,86.1474609375,0.16437988281250002,0.39128417968750007,47442.42179393768,2267.578125,0.3111076644166974,0.9996739773072852,5.294343338192733e-5,285.94527468005566,0.517697879380926,0.9996600918050393,0.0001175325248046944,171.3052564539093,0.6959117765281898,0.9997087352554631,0.0002228564590198444,126.93828224880382,0.6959117765281898,0.9997087352554631,0.9990431091154852
106005.859375,1.364990234375,218.544921875,0.32368164062500004,0.3629394531250001,25142.646312713623,5730.46875,0.3319404213573062,0.9998333203346641,3.743745095249787e-5,275.2036858919988,0.5716963762404749,0.9999359857706008,8.693914983292938e-5,145.61805512247042,0.7687942418703799,1.0000341146653762,0.00016668791046583868,99.02485670910544,0.7687942418703799,1.0000341146653762,0.9998034235708304
106079.1015625,1.0819091796875,106.4013671875,0.20334472656250002,0.11970214843750002,33975.14617443085,5103.515625,0.26250053127984346,1.0002353213503994,3.638284145515142e-5,233.33649928711299,0.4078105462057638,1.0002126594990834,6.716708229126761e-5,152.59916072108038,0.5567083461897013,1.0001736822043321,0.0001140637060449079,113.0858833051189,0.5567083461897013,1.0001736822043321,1.0006217909121287
106298.828125,0.988525390625,372.939453125,0.28237304687500003,0.34331054687500007,17117.738246917725,2222.65625,0.3579815533752289,0.9988293063274317,2.7004666183012093e-5,370.38843063738557,0.6263707900743889,0.9991683665498384,6.773247661132163e-5,186.3579785227173,0.8238473195721981,0.9994679706207872,0.00013362329634827066,128.1679031063087,0.8238473195721981,0.9994679706207872,0.9974676818649539
106372.0703125,1.4583740234375,312.5927734375,0.24699707031250004,0.17390136718750002,39340.39008617401,2595.703125,0.3636561403970584,0.9986735782603814,3.8195863320439e-5,325.45780553386834,0.6409543005325337,0.9990561991320945,9.669784496594911e-5,167.118966182151,0.841860576338047,0.9994123323265558,0.00019004396406680489,117.77925626565028,0.841860576338047,0.9994123323265558,0.9971446949977705
106591.796875,0.612060546875,102.333984375,0.21997070312500003,0.31899414062500003,45954.30326461792,6746.09375,0.22584150574377793,1.001143947525113,2.6998399618866164e-5,226.53869107867578,0.31965916518478255,1.0008892651449595,4.262445470239994e-5,163.44861320403416,0.4226388663226374,1.0007360171269868,6.457689809337255e-5,126.09417734514454,0.4226388663226374,1.0007360171269868,1.002771744297799
106665.0390625,1.8348388671875,158.8623046875,0.25080566406250004,0.18708496093750002,12885.315775871277,6119.140625,0.3310678743103607,0.9999497650288446,4.927684471071332e-5,231.51966494273088,0.5694031788727814,0.9999751915844446,0.00011418924624769205,127.86659016483593,0.7657118109696083,0.999979888266217,0.00021873177703867904,90.25259941617617,0.7657118109696083,0.999979888266217,0.9999048476349837
106884.765625,1.741455078125,234.150390625,0.17866210937500002,0.274755859375,51435.067653656006,9238.28125,0.41455304040716345,0.9994865636846465,4.523537628105655e-5,168.795099218897,0.7272938648700272,0.9997389769171483,0.0001326113683864353,87.86091108704379,0.9048670932130757,0.9996413646781185,0.0002732355610894579,66.10824023281158,0.9048670932130757,0.9996413646781185,0.9988673169990749
106958.0078125,0.7054443359375,345.1318359375,0.29445800781250003,0.21901855468750003,10885.804057121277,9611.328125,0.30752124285281696,1.000396183934484,2.062301833663195e-5,203.8740859922596,0.5171089365839954,1.0002650752436055,4.429263249881716e-5,116.164920416444,0.7069053000210779,1.0003008799173878,8.192825922752724e-5,80.85645137177936,0.7069053000210779,1.0003008799173878,1.000962443105235
107177.734375,1.663818359375,140.185546875,0.26860351562500007,0.108642578125,40321.21992111206,8824.21875,0.2998048251548227,1.0003154739722837,4.613268118667544e-5,201.22730598580148,0.49942641586101444,1.0002703471373526,9.648596558914612e-5,117.80059569604462,0.685551517052052,1.0001704311377286,0.0001758930516169709,83.30822353313775,0.685551517052052,1.0001704311377286,1.000756437391544
107250.9765625,0.8182373046875,200.6982421875,0.22326660156250003,0.3904052734375001,21010.252833366394,8447.265625,0.3094815615276114,1.0006841850235362,2.580052346446386e-5,197.36405424519714,0.5160696993580615,1.000395293184426,5.666548755941776e-5,115.46028685916372,0.6969327452202371,1.0003816248708395,0.00010676955397365412,82.87678778793301,0.6969327452202371,1.0003816248708395,1.001461785591422
107470.703125,0.537353515625,273.330078125,0.29995117187500003,0.147607421875,34854.989528656006,7316.40625,0.26135684722613023,1.0003957092687337,1.7996594735128135e-5,231.82524035377708,0.4069226930984652,1.0003929904152888,3.281811313573004e-5,147.33131255744726,0.5588284314127268,1.0003365448855774,5.519464430532821e-5,105.77723797059494,0.5588284314127268,1.0003365448855774,1.0011256655647307
107543.9453125,1.9447021484375,385.6396484375,0.1895751953125,0.35319824218750007,26010.624766349792,7939.453125,0.47316552443140575,0.928082852229268,4.4680568070100046e-5,198.38127711164026,0.8071015963006327,0.8271689118646945,0.0001308425860462219,97.52800896455133,0.9433840295250159,0.700187050589854,0.00021607513826700538,74.56713085740678,0.9433840295250159,0.700187050589854,0.5375204933359408
107763.671875,0.910888671875,172.724609375,0.202392578125,0.210009765625,5916.781902313232,3839.84375,0.29182282983249974,0.9999114926655553,2.9189604953753457e-5,256.77363056270775,0.4766576234823702,0.9999127210304563,6.018774412099955e-5,156.53019639058584,0.6495857826932598,0.9999500266095864,0.00010949527447464892,113.98567701924334,0.6495857826932598,0.9999500266095864,0.9997742568146786
107836.9140625,1.5711669921875,61.9091796875,0.3082275390625,0.3031005859375,52674.31342601776,3462.890625,0.24066899275882112,1.0002450891684405,5.2317250814760624e-5,316.9815326965911,0.35581614903679043,1.0002139694985577,8.800539149984651e-5,213.8377051113856,0.4802450248081888,0.9999590897823982,0.00013988063753941614,157.73067031422306,0.4802450248081888,0.9999590897823982,1.0004181821086673
108056.640625,1.290283203125,325.791015625,0.23374023437500002,0.23374023437500002,12363.999843597412,4332.03125,0.37385809960273925,0.9992812422699717,3.429664712788791e-5,262.2149947429667,0.658399212122318,0.999531616204404,8.977294183586729e-5,134.88369698410395,0.853969004750936,0.9997322571913541,0.00017902383007837425,96.58462990659149,0.853969004750936,0.9997322571913541,0.9985457700786731
108129.8828125,1.1917724609375,269.4287109375,0.2745361328125,0.25300292968750004,46859.124064445496,4955.078125,0.3362002442352362,0.9997618689364126,3.283077230527343e-5,267.7019651492072,0.5811264345444817,0.9998400233862922,7.718975893335501e-5,143.35995936960452,0.7791233899120047,0.9999224412057541,0.0001486649123591309,99.49736905522153,0.7791233899120047,0.9999224412057541,0.999524402497657
108349.609375,0.837646484375,391.201171875,0.133837890625,0.28090820312500003,20444.770336151123,3042.96875,0.4051323126632006,0.9992748190938395,2.3482922803857745e-5,235.11788556492894,0.7041786163837251,0.9994521006667008,6.812566524208229e-5,127.56853030255188,0.8792102745392206,0.9996236089547381,0.00014196913312628385,98.9532563338846,0.8792102745392206,0.9996236089547381,0.9983514050678655
108422.8515625,1.6795654296875,289.6826171875,0.3931884765625,0.22517089843750002,36083.68957042694,3666.015625,0.31063061417231314,0.9989038460438745,4.34964549409039e-5,380.34826271433315,0.5309775140087243,0.9992266922102502,9.273522772290767e-5,202.387698782471,0.7354462414538002,0.9994848289578898,0.00016894247350623823,132.2373234286406,0.7354462414538002,0.9994848289578898,0.9976171775322712
108642.578125,1.961181640625,194.970703125,0.167529296875,0.312841796875,27264.665126800537,4535.15625,0.41159559859860595,0.9993379134188608,5.128441904974908e-5,223.73800450769124,0.719037167314678,0.999514881746588,0.0001501088372858842,116.404774688706,0.8948635989770257,0.9996581623104654,0.0003114998042985961,88.21646342620089,0.8948635989770257,0.9996581623104654,0.9985116707142552
108715.8203125,0.5560302734375,123.9990234375,0.3618408203125001,0.18093261718750003,30814.541697502136,4158.203125,0.20975193670347045,1.0002090060277278,2.4476173559274802e-5,312.4999847296845,0.2821979207039228,1.0002406715400265,3.5490450464116536e-5,233.7187847242762,0.36350396570155324,1.0002343467399684,5.015218163124679e-5,182.4805175895561,0.36350396570155324,1.0002343467399684,1.0006841800017852
108935.546875,1.584716796875,253.740234375,0.33012695312500007,0.326025390625,50411.50236129761,8058.59375,0.34539852103977353,0.9998301287318465,4.169672905452839e-5,244.91293653271123,0.6038320270709275,0.9999136235239762,0.00010010423987905916,125.94693977481859,0.8071750851906706,1.0000770519864055,0.0001933680839397311,85.03547545772724,0.8071750851906706,1.0000770519864055,0.9998207991718425
109008.7890625,0.9324951171875,320.8935546875,0.1406494140625,0.1566162109375,13458.57322216034,8681.640625,0.3837123483708323,0.999688628472333,2.6137502918204474e-5,159.11351289276158,0.6690802854991694,0.9997097787717147,7.135816171686668e-5,88.4646026081223,0.8525741494915886,0.9998925910317901,0.00014632519337971292,66.84344668136656,0.8525741494915886,0.9998925910317901,0.999291153249216
109228.515625,1.214111328125,77.431640625,0.36381835937500007,0.380224609375,44755.746364593506,7550.78125,0.23839966773475768,1.0012210330169917,4.242995853700725e-5,253.12296116764827,0.35044530704377475,1.0006560176655348,7.05909045327408e-5,170.78146386449149,0.4722513089290827,1.0005461110227196,0.00011137058167342943,125.06516287157027,0.4722513089290827,1.0005461110227196,1.002424988239989
109301.7578125,1.3031005859375,177.7880859375,0.10930175781250001,0.1369873046875,17826.027750968933,7173.828125,0.36491334223995303,0.9994906418395128,3.7291643007352095e-5,162.97433381826679,0.6299475634916144,0.9994535161643815,9.743833347266224e-5,95.05051821236445,0.8132652694379419,0.9996817328455363,0.0001982237672545713,72.78938574504205,0.8132652694379419,0.9996817328455363,0.9986265051566678
109521.484375,0.738037109375,68.466796875,0.28969726562500003,0.20473632812500003,18639.258861541748,5011.71875,0.20301707634800137,1.0008703479509946,3.530440303988017e-5,272.58485757877776,0.26605013083661333,1.00044833859118,4.953015465309902e-5,211.4430856034353,0.3364626951866832,1.0003149368108286,6.806007231575901e-5,169.95273753110294,0.3364626951866832,1.0003149368108286,1.001634428989403
109594.7265625,1.7674560546875,171.4794921875,0.18342285156250002,0.29899902343750007,40430.26626110077,5634.765625,0.3746122733216754,0.9998107579731589,4.7728324299354936e-5,213.98953122944428,0.6527674758606526,0.999812366002407,0.0001269829828592419,114.80088859705015,0.8400512314395748,0.9999360594924723,0.0002576944492789819,84.49787167474076,0.8400512314395748,0.9999360594924723,0.99955924307165
109814.453125,1.861572265625,265.361328125,0.25541992187500007,0.23901367187500003,23357.76662826538,2503.90625,0.3741725875761669,0.9983051685638712,4.795931761631524e-5,343.067217075084,0.6614499865212767,0.9988629897145271,0.00012510416480517744,170.79319971115777,0.8601946157156198,0.999304767926815,0.00024805627361118744,119.72746467294964,0.8601946157156198,0.999304767926815,0.9964768206934389
110107.421875,1.485107421875,207.255859375,0.24223632812500004,0.10454101562500001,53641.33024215698,6027.34375,0.32614251203957034,0.9998517490618446,4.0617149327861126e-5,230.45732644312614,0.5595014393102098,0.9999463586043816,9.251544588553831e-5,128.51412950515672,0.7563211446007453,0.9999940536219951,0.0001757362148741756,90.7510991790657,0.7563211446007453,0.9999940536219951,0.9997921704410894
110180.6640625,1.0203857421875,138.9404296875,0.28713378906250003,0.3851318359375,8861.882090568542,6650.390625,0.27811776636219093,1.0006686045618114,3.314447505509724e-5,243.83829420372086,0.44513968532837683,1.000393856069607,6.493483776816314e-5,148.5649469614225,0.609088394562554,1.0003436821147969,0.00011462678061932884,105.35228843967575,0.609088394562554,1.0003436821147969,1.0014067713194
110400.390625,1.114501953125,381.572265625,0.20795898437500002,0.15170898437500002,48664.8268699646,9519.53125,0.3791916903311047,0.9998936728971887,2.9684296325675117e-5,177.6444076440267,0.6688575469015445,0.9999361027199154,7.878298662007339e-5,93.50603896757882,0.8635766529878369,0.9999139970545049,0.0001575068079838105,67.96903355101752,0.8635766529878369,0.9999139970545049,0.9997437941048357
110473.6328125,1.3909912109375,282.7099609375,0.3190673828125,0.35847167968750004,16423.577189445496,9142.578125,0.35406762000136854,0.9999866129476914,3.699142327260287e-5,229.08882621744672,0.6206290010222384,1.0000682800407243,9.135233651032544e-5,116.448780487114,0.8218404518046022,1.0001609839336758,0.00017862490505498956,78.99553112557626,0.8218404518046022,1.0001609839336758,1.000215884844765
110693.359375,1.763427734375,319.482421875,0.15961914062500002,0.33012695312500007,38133.24689865112,6855.46875,0.46948929166755604,0.9975300399784807,4.482177808613935e-5,190.51425217354708,0.8076208816358059,0.999223864031797,0.00014985241007552927,94.53791960112025,0.9540807596066853,0.8358631173210762,0.00025102511952331864,75.14358996266338,0.9540807596066853,0.8358631173210762,0.8331514277783193
110766.6015625,0.7303466796875,260.4638671875,0.34865722656250003,0.1618896484375,22943.285822868347,6478.515625,0.26498980737401145,1.0002584219681236,2.279255647775146e-5,265.50056424936764,0.4169495847976418,1.0001337955896306,4.1935581589785884e-5,164.01585505591072,0.5756955938039534,1.0001442417634816,7.085919946975398e-5,114.88490330705116,0.5756955938039534,1.0001442417634816,1.0005365504760948
110986.328125,0.636962890625,187.001953125,0.127685546875,0.3761230468750001,33659.669399261475,9347.65625,0.2923825825851434,1.0006337532816099,2.248370675506781e-5,167.2287855840425,0.47501894400354994,1.0002621891561776,4.690382863360159e-5,104.98563285562895,0.6429272195298426,0.9998212282621308,8.611769001104539e-5,78.15048321971837,0.6429272195298426,0.9998212282621308,1.0007171766642644
111059.5703125,1.8568115234375,73.5302734375,0.3829345703125,0.1317138671875,30959.46967601776,9970.703125,0.23873779834069891,1.0009805390502478,5.5359496436283584e-5,225.5747080190664,0.3527973833488447,1.0006015496820848,9.14171490783635e-5,151.07125020617596,0.47878688006300585,1.0005373476870068,0.00014322631055032673,109.60905190128307,0.47878688006300585,1.0005373476870068,1.002120876710965
111279.296875,1.010498046875,288.271484375,0.3746582031250001,0.28618164062500007,11241.626262664795,5871.09375,0.2989456461231643,0.9999312299194834,2.8621472450303376e-5,297.2956375938514,0.4993508275473264,0.999984848251116,5.938258071618132e-5,165.51118809535475,0.688797078103701,1.000046263104316,0.00010762792646929159,110.72020178094584,0.688797078103701,1.000046263104316,0.9999623384344662
111352.5390625,1.4832763671875,397.9248046875,0.1148681640625,0.22927246093750003,51106.46140575409,5494.140625,0.49708518907451554,0.9954073200625208,3.778525387953613e-5,182.02404515154822,0.8377328574369394,0.998905552596183,0.0001351386247546651,94.7919540428333,0.9664794835324242,0.8165367572171294,0.00022243931850765206,78.74463184545174,0.9664794835324242,0.8165367572171294,0.8118971129784214
111572.265625,1.389892578125,133.212890625,0.34272460937500004,0.30756835937500004,14127.78615951538,2363.28125,0.27655705522904495,0.9996978989675296,4.1848740244678356e-5,389.1581917694244,0.44342310717932737,0.9996325022693112,8.089699713898186e-5,230.2684706505556,0.6103975538674573,0.9997542684588561,0.00014127949091422755,158.50674885310477,0.6103975538674573,0.9997542684588561,0.9990849452313953
111645.5078125,1.1038818359375,191.0693359375,0.14914550781250002,0.17683105468750002,44974.25925731659,2986.328125,0.33144755123834774,0.9996162759526139,3.3096006014368084e-5,250.42038979439215,0.5634637838921661,0.9996790219072262,7.809065060690309e-5,146.0607433903083,0.749606634581038,0.9997397373148508,0.00015210529770238093,108.9683889585962,0.749606634581038,0.9997397373148508,0.9990353417173193
111865.234375,1.265380859375,241.123046875,0.10454101562500001,0.14145507812500002,28209.128856658936,3699.21875,0.3968664214532217,0.999374428989297,3.52731545763487e-5,204.7227928574254,0.6887504003490351,0.9995402989591335,0.00010042932458798946,115.75588136062849,0.8655310744304506,0.9995565230840824,0.00020874001219426812,90.86500786574479,0.8655310744304506,0.9995565230840824,0.9984720197737268
111938.4765625,1.1697998046875,354.7607421875,0.36857910156250007,0.34821777343750004,31832.411646842957,3072.265625,0.3323908160040729,0.9989807280591168,3.1503547613694624e-5,393.32755115081636,0.576477987734267,0.999224686228817,7.263555781810383e-5,199.32696582792374,0.7800163562242681,0.9995167204869871,0.0001380521149043017,130.28093047935945,0.7800163562242681,0.9995167204869871,0.9977237919350879
112158.203125,0.888916015625,87.392578125,0.145263671875,0.11479492187500001,22813.21096420288,4191.40625,0.23787571760368328,1.0001872481357506,3.562348664595381e-5,241.2646626290722,0.3482153112580198,1.0001062859335046,5.951026651854073e-5,170.551373024729,0.4668726504729569,1.0000552973789425,9.418209026781806e-5,131.45201659702937,0.4668726504729569,1.0000552973789425,1.0003488675828056
112231.4453125,1.5462646484375,146.5771484375,0.32551269531250004,0.3953857421875,38583.760142326355,4564.453125,0.3076921427279977,0.9998940153057327,4.430981404874255e-5,304.76165335979147,0.5155449847401634,0.999982935366721,9.580019234301281e-5,168.61819319328515,0.7018362181524102,0.9999581605141711,0.00017830497490491437,114.97441527379331,0.7018362181524102,0.9999581605141711,0.9998351181434597
112451.171875,0.512451171875,358.662109375,0.3570800781250001,0.24282226562500003,45577.42643356323,8714.84375,0.26961073744692293,1.0004547559702877,1.6403858676033044e-5,238.38661527227285,0.42765013369454336,1.0003142339896738,3.079043175117256e-5,145.34461741939515,0.5900377130835746,1.0003171673628675,5.2755853587305865e-5,101.22290548596612,0.5900377130835746,1.0003171673628675,1.0010865441664527
112524.4140625,1.9227294921875,300.9716796875,0.1722900390625,0.26091308593750007,18190.85395336151,8087.890625,0.4501021973517213,0.9974269632640899,4.858532840929022e-5,183.48563897011647,0.7838907375178371,0.9992581911638385,0.00015478024295434892,91.21325547869027,0.9432676031854681,0.8513881918462614,0.00026214872438004176,71.06175990154121,0.9432676031854681,0.8513881918462614,0.848567596514228
112744.140625,1.641845703125,224.853515625,0.397802734375,0.200927734375,51258.71419906616,7207.03125,0.2916317098137479,1.0000296630750014,4.3792989968049875e-5,284.58581562881494,0.4846913712849852,0.9999984823345722,8.785779122253773e-5,160.37117086158008,0.6752311625609457,1.0000429118958232,0.00015563427033004823,106.71851120430496,0.6752311625609457,1.0000429118958232,1.0000710584681491
112817.3828125,0.7933349609375,115.3662109375,0.12922363281250002,0.29519042968750003,11859.734416007996,7580.078125,0.2601993867358026,1.000775679396074,3.0202133699856074e-5,188.6600192342129,0.4006812388635942,1.0003558109367494,5.5644505796137935e-5,126.30435405451097,0.5437276847631783,1.0001974718267668,9.448352676545624e-5,95.33571517231124,0.5437276847631783,1.0001974718267668,1.001329461646767
113037.109375,1.236083984375,162.763671875,0.269775390625,0.323095703125,37564.857006073,8417.96875,0.30552026437168733,1.0004162339755645,3.6688489612424685e-5,216.12800462459717,0.5096227636295708,1.0002625226342032,7.896244607926301e-5,123.8947997984922,0.6931842239240182,1.0002883430272036,0.0001468731313125073,86.71609982744273,0.6931842239240182,1.0002883430272036,1.000967404654054
113110.3515625,1.3280029296875,93.1201171875,0.23850097656250002,0.19235839843750002,28230.189204216003,8791.015625,0.2625623031649149,1.000664612369142,4.3166005370853786e-5,201.1861941045134,0.40821648379381015,1.00070168995974,7.962367444778045e-5,129.577918390871,0.5579381137673082,1.0005268006170742,0.00013508109096317222,94.36720215355531,0.5579381137673082,1.0005268006170742,1.0018942893123672
113330.078125,1.609619140625,338.408203125,0.312841796875,0.27065429687500003,43119.37093734741,7910.15625,0.35963956634844324,0.9991014335921375,4.1426998754540876e-5,246.9220549027034,0.6360197690544664,0.9996791403504391,0.00010314219266307546,123.6685134063466,0.8425841670902863,0.9999106841629638,0.0002003528890853486,83.92949862254007,0.8425841670902863,0.9999106841629638,0.9986916553075512
113403.3203125,0.9544677734375,235.5615234375,0.19777832031250003,0.21374511718750003,21942.2425031662,7283.203125,0.3258602049475813,1.0001467295596742,2.8413538607998412e-5,200.87108686918916,0.5538176411834562,1.0000945849936904,6.550557855956788e-5,114.59966964940753,0.7423902552154854,1.0001544719856812,0.0001260804836647348,82.59260464515799,0.7423902552154854,1.0001544719856812,1.0003958376959423
113623.046875,1.983154296875,110.302734375,0.184814453125,0.36821289062500007,11278.689861297607,3433.59375,0.33704882122396446,0.9997149456121002,5.5814134044593165e-5,263.03642183385205,0.5751043327467393,0.9997440768798218,0.00013408660651696366,147.53884122798158,0.7618182035434025,0.9997809531461468,0.0002633664246430138,107.35923195347273,0.7618182035434025,0.9997809531461468,0.9992401670735184
113696.2890625,0.5809326171875,209.3310546875,0.30471191406250003,0.1238037109375,48288.46824169159,3806.640625,0.24114541999272981,1.0000022070815633,2.1170765639009636e-5,305.11768297817935,0.3577938628540692,0.999945465238485,3.553408229671393e-5,204.86725787799054,0.4847810769126336,0.9999926696142454,5.6404583322817855e-5,150.24544982264777,0.4847810769126336,0.9999926696142454,0.9999403421975139
113916.015625,0.862548828125,305.869140625,0.22788085937500002,0.33803710937500003,6221.505641937256,4925.78125,0.34163955953360015,0.9998220176328406,2.5224907359211706e-5,251.22764447526046,0.5878088308545583,0.9998916378492967,6.100480097872691e-5,136.16753648802435,0.7791229374120061,0.9999393559660763,0.00011976514334820157,96.41982599709127,0.7791229374120061,0.9999393559660763,0.9996530480986828
113989.2578125,1.7015380859375,374.3505859375,0.26398925781250004,0.1697998046875,54820.41251659393,4298.828125,0.3735802177972933,0.9969984723387065,4.323161042473831e-5,290.67039958583075,0.6639581433808099,0.9987831210957602,0.0001119845991768797,145.11636367224637,0.8683435448646968,0.9987991417378679,0.0002191346140853083,101.51192305845741,0.8683435448646968,0.9987991417378679,0.9945894489902738
114208.984375,1.839599609375,180.029296875,0.35063476562500007,0.25629882812500004,47612.708568573,4136.71875,0.30726055618878423,0.9996836301899887,4.95520651229256e-5,334.58205215740355,0.5190260110925868,0.9997477892241478,0.00010563808938740673,182.32782781054576,0.7135550702523349,0.9998231934998821,0.00019401582389131356,121.67953059012392,0.7135550702523349,0.9998231934998821,0.9992547932205296
114282.2265625,0.6190185546875,81.1669921875,0.15998535156250002,0.23806152343750003,11332.823634147644,4509.765625,0.21067120093208455,1.000602495465009,3.1552862705559665e-5,251.5255676556642,0.28370195059383485,1.000407031828111,4.6240854956380625e-5,192.33465071146247,0.36477361867882985,1.0002781144647934,6.592763032533142e-5,154.1536262837165,0.36477361867882985,1.0002781144647934,1.0012881678250902
114501.953125,0.713134765625,323.798828125,0.3819824218750001,0.29995117187500003,54292.33694076538,3628.90625,0.2809151124563307,0.9998106634709797,2.1700102289623517e-5,360.91388606677646,0.4553324773748243,0.999817276627066,4.2416059564912656e-5,208.63082295535693,0.6292285229044465,0.999841171904173,7.445666053621799e-5,140.8928071971994,0.6292285229044465,0.999841171904173,0.9994692056864988
114794.921875,1.086669921875,127.568359375,0.115673828125,0.36235351562500007,28472.171306610107,7152.34375,0.30452944880172794,1.0003515203294877,3.568183880129785e-5,182.59462185513254,0.5021310459429008,0.9999729137854859,7.772850725164885e-5,112.66590219096682,0.6760310643632435,0.9998006799159195,0.00014617369248621923,84.19479937626963,0.6760310643632435,0.9998006799159195,1.0001250398452006
114868.1640625,1.3719482421875,197.3779296875,0.3761962890625,0.1554443359375,38657.39905834198,7525.390625,0.2752073921645205,1.0002414147263217,3.867570115870329e-5,265.74534260572347,0.4435108247145686,1.000107114938982,7.349822686730557e-5,157.8664340209146,0.6166656133158065,1.0001311837308413,0.00012651174764048855,107.78006151642167,0.6166656133158065,1.0001311837308413,1.0004797849800828
115087.890625,1.466064453125,291.259765625,0.147021484375,0.38139648437500007,23806.214809417725,8644.53125,0.4453814399439541,0.9992593292100826,3.8777574326633796e-5,172.97521817275583,0.7702111909513373,0.9995393369355027,0.0001236284328446316,87.45087336173297,0.9303366315827701,0.99935984801044,0.0002612175526274927,66.87249549840874,0.9303366315827701,0.99935984801044,0.9981596241735385
115161.1328125,0.9925537109375,394.2724609375,0.3425048828125,0.1006591796875,44500.10001659393,8017.578125,0.2977620094619598,1.0000605141787258,2.7083885569021988e-5,248.66869953310461,0.4992450646245704,1.0000150660062324,5.5513330868761285e-5,140.32860062095074,0.6938264076353772,1.000079194882245,9.946406737072992e-5,94.86206051028947,0.6938264076353772,1.000079194882245,1.000154781964546
115380.859375,0.661865234375,271.669921875,0.18305664062500002,0.128564453125,17519.538402557373,7980.46875,0.3014912143906157,1.000275515210839,2.122975373280224e-5,189.91197680277438,0.49897468327848143,1.0002544322155744,4.526057571056868e-5,113.88295449319722,0.6780798036828269,1.0003054000206308,8.37955153856061e-5,82.87700068949034,0.6780798036828269,1.0003054000206308,1.0008355794143533
115454.1015625,1.8787841796875,329.5263671875,0.2877197265625,0.3728271484375001,45564.10491466522,7353.515625,0.4029108793338554,0.9971114771969927,4.7538358945767896e-5,252.03744782582856,0.7156476831278712,0.9991556135712288,0.00013377591504574137,118.46272363058114,0.8944566247200253,0.8313620306690312,0.000216418603971394,85.60617204878409,0.8944566247200253,0.8313620306690312,0.8282606593862765
115673.828125,1.785400390625,64.814453125,0.21674804687500002,0.16518554687500003,12112.306118011475,8472.65625,0.2582109342505235,1.0013005882326798,5.648308025776993e-5,200.15162265688033,0.3975420614333546,1.000584015796151,0.00010242525835620378,130.98396745094658,0.5420624323146349,1.000501653616494,0.00017191669985298273,96.28701886872591,0.5420624323146349,1.000501653616494,1.0023879630088615
115747.0703125,0.7552490234375,174.4677734375,0.25637207031250003,0.33327636718750003,52116.116404533386,8845.703125,0.2711468415101175,1.0008187275232465,2.6039636007587524e-5,210.27542977769446,0.42838817048049677,1.0006919904558083,4.975109378416045e-5,131.30249588346868,0.5858555359722938,1.0005247081642885,8.64549641315524e-5,94.10301370378662,0.5858555359722938,1.0005247081642885,1.0020367856783072
115966.796875,1.408935546875,389.208984375,0.28559570312500004,0.17836914062500003,34723.83451461792,4996.09375,0.35268141628435895,0.9988942160122063,3.667077697427607e-5,285.0464622148843,0.6215792634640012,0.9993498699529502,8.949953782130544e-5,145.3456893803189,0.8288825667196235,0.9996636292686566,0.00017279696232453147,99.47469465415814,0.8288825667196235,0.9996636292686566,0.9979090245334791
116040.0390625,1.1317138671875,275.7373046875,0.24143066406250002,0.3089599609375,30500.367045402527,4369.140625,0.34745454101176004,0.9996307475008729,3.1878503001068506e-5,271.83855022530224,0.6019160722222873,0.9997380584152897,7.808367208654468e-5,143.75580676694798,0.7962639129418776,0.999854064230789,0.0001535963413432485,100.81096209803346,0.7962639129418776,0.999854064230789,0.9992230589692154
116259.765625,1.038330078125,202.275390625,0.31928710937500004,0.22788085937500002,40280.648708343506,3488.28125,0.2803349898945299,0.9998104290940814,3.1630983379322905e-5,330.72924965872704,0.4530251316293572,0.9997982449158958,6.189074949076385e-5,195.45073223350224,0.6244617700243065,0.9998692529342142,0.00010885117387114985,135.06855973893101,0.6244617700243065,0.9998692529342142,0.9994780163508098
116333.0078125,1.5023193359375,143.2568359375,0.21008300781250003,0.2846435546875,24106.446146965027,3861.328125,0.3180891598868702,0.999817953394845,4.4044486183356866e-5,265.9040458452705,0.536307965190823,0.9998453326702126,9.920866917153116e-5,151.6572130124042,0.7221620261775555,0.999890349869779,0.0001890307664827051,108.51997335731585,0.7221620261775555,0.999890349869779,0.9995537010091383
116552.734375,0.960693359375,342.060546875,0.24047851562500003,0.399267578125,53951.83515548706,2574.21875,0.36351713440031036,0.9992015560753504,2.717009879444719e-5,330.0733612873267,0.6329039711181197,0.9993072712615708,6.991808365005303e-5,167.9717506012554,0.8243343061356131,0.9995657310713348,0.00014025102039385697,118.08426854017115,0.8243343061356131,0.9995657310713348,0.9980757588430672
116625.9765625,1.6151123046875,232.5732421875,0.2701416015625,0.1185302734375,9033.629298210144,2197.265625,0.32354338033725466,0.9991058553157375,4.3588583795955036e-5,365.36068808048157,0.5557296592972721,0.9992902748862537,9.804137770845852e-5,196.76254399307538,0.7554885047820146,0.9994457842755611,0.00018477658512696616,134.36281894567412,0.7554885047820146,0.9994457842755611,0.9978434376126484
116845.703125,1.334228515625,156.455078125,0.196826171875,0.34448242187500006,48392.465114593506,5066.40625,0.324699523705728,1.000025093390765,3.9744095532423034e-5,237.22581549372222,0.5495289346453115,0.9999362004342307,9.1742389873933e-5,134.71846117555503,0.7353133644971803,0.999924205043203,0.00017703051463312927,96.97882184010471,0.7353133644971803,0.999924205043203,0.9998855002011054
116918.9453125,1.2415771484375,98.7646484375,0.31145019531250007,0.1375732421875,18250.676035881042,5689.453125,0.24074445824041268,1.0003594231299735,4.1870532731365746e-5,266.6236857819857,0.35679947632781867,1.0003401950782025,7.016014367881612e-5,179.06813932485957,0.4832772518806334,1.0002029872796199,0.00011116651511820982,131.27441754311897,0.4832772518806334,1.0002029872796199,1.0009028698001925
117138.671875,1.707763671875,310.849609375,0.305517578125,0.29438476562500004,25398.166179656982,9589.84375,0.3651774347009142,0.9994358046171672,4.403588344183198e-5,227.75225433310848,0.6461310165822132,0.9998175332286177,0.000111618382322415,113.04261953596512,0.8504574773851649,0.9999675382722627,0.00021853497087532295,76.67546473440213,0.8504574773851649,0.9999675382722627,0.9992210032995592
117211.9140625,0.8680419921875,370.0341796875,0.18635253906250002,0.19997558593750003,40409.146189689636,9212.890625,0.3639816126947379,1.000020710207025,2.45136150548888e-5,180.19008841813485,0.6344181087671743,1.0000527978195342,6.308615032254368e-5,96.87214810980102,0.8260442071357758,1.0001103290660256,0.00012650565172937192,69.87473494629297,0.8260442071357758,1.0001103290660256,1.0001838462962311
117431.640625,0.587158203125,102.666015625,0.26186523437500003,0.26186523437500003,29392.014980316162,6082.03125,0.2122091770488513,1.0009660431004488,2.8113078247154273e-5,249.1232375965726,0.2875714610971041,1.0005602643456253,4.1421651213983395e-5,186.84635717253545,0.37153104206292376,1.0004650739484446,5.934985108780962e-5,146.86368902493575,0.37153104206292376,1.0004650739484446,1.0019926327315711
117504.8828125,1.9886474609375,216.3037109375,0.22766113281250003,0.24362792968750002,33224.32792186737,6705.078125,0.3752612366736858,0.9996376192988211,5.194272974979051e-5,226.7623204291772,0.6604888425628584,0.9997588352122078,0.00013674065783596224,115.83327524581478,0.855388970577898,0.9999167830241854,0.00027372963381714125,82.19242961309448,0.855388970577898,0.9999167830241854,0.999313375146637
117724.609375,1.540771484375,83.076171875,0.36821289062500007,0.21528320312500002,12221.625804901123,9292.96875,0.24069757754365995,1.0008709073897466,4.9282326282307704e-5,234.9009335154642,0.3570170558347787,1.0006192994173173,8.239882668493156e-5,156.30233051523683,0.484212918354401,1.0005452768343348,0.0001304102630054315,113.08384669586749,0.484212918354401,1.0005452768343348,1.0020368358631844
117797.8515625,0.8826904296875,151.5576171875,0.1025634765625,0.27204589843750004,58169.44396495819,9916.015625,0.3000629905127068,0.9995570817269762,2.9880928676479774e-5,157.81686247206287,0.49219389838625804,0.9993887650748488,6.410534797386948e-5,97.99188601310848,0.6649182970979778,0.9989958392273076,0.00011949030889600525,73.23598350977123,0.6649182970979778,0.9989958392273076,0.9979430150236865
118017.578125,1.164306640625,248.095703125,0.326904296875,0.190966796875,15939.591884613037,6785.15625,0.29630039799094177,1.0000445073761923,3.312494197981879e-5,262.681501663556,0.4926981485013433,1.000048399371885,6.819727226927208e-5,149.16627420023022,0.6798745776888983,1.000078269421052,0.0001231273771067294,101.52417678750307,0.6798745776888983,1.000078269421052,1.0001711855951843
118090.8203125,1.2591552734375,347.1240234375,0.14621582031250002,0.32155761718750003,52452.908396720886,6408.203125,0.43396486417627556,0.9993426479631643,3.373281690007376e-5,195.53670384295793,0.7538071015674424,0.9995937453513385,0.00010456081570225211,99.56594110625763,0.9202642697028811,0.9996000898217421,0.00021942644586925148,76.26709232239024,0.9202642697028811,0.9996000898217421,0.998537175428908
118310.546875,0.787841796875,221.865234375,0.17075195312500002,0.16665039062500003,41751.52921676636,2308.59375,0.2974466242131369,0.9995667538604193,2.5761129448836717e-5,291.59489985287246,0.4889691775314684,0.9996358532093157,5.429713524386704e-5,176.57681414157096,0.6642895278740694,0.9996506757577179,0.00010004926166554769,129.20495417102998,0.6642895278740694,0.9996506757577179,0.9988537190862142
118383.7890625,1.6356201171875,119.0185546875,0.35627441406250004,0.33474121093750003,17587.326884269714,2931.640625,0.2763815318009963,0.999829362913316,4.8679360733984675e-5,374.06997071035033,0.44309490157920045,0.9997760129314985,9.404559109120895e-5,220.30160943368287,0.6100742062174822,0.9998523452867268,0.00016421916859376854,150.74218657468506,0.6100742062174822,0.9998523452867268,0.9994578176145154
118603.515625,1.917236328125,364.306640625,0.129443359375,0.127099609375,36391.427516937256,5800.78125,0.48035370501703695,0.9856980453530892,4.752825054062545e-5,191.97083623597428,0.8235773523569819,0.9983371490005117,0.00016429582200518897,97.33798387757267,0.9566200967803823,0.7840320488575291,0.0002584242174069914,78.97608521160373,0.9566200967803823,0.7840320488575291,0.7715337754425072
118676.7578125,0.5062255859375,294.6630859375,0.3999267578125001,0.3713623046875001,25944.527506828308,5423.828125,0.2556068549963146,1.0001985673411453,1.7653772227345324e-5,312.5740841138403,0.39278962929410377,1.0001655422104863,3.149844049032391e-5,195.66261997510236,0.5379220749622118,1.0001142788104957,5.220766175638564e-5,136.70886997486687,0.5379220749622118,1.0001142788104957,1.0004784628471668
118896.484375,0.972412109375,227.841796875,0.111572265625,0.120361328125,49183.6314201355,6761.71875,0.3455832215565585,0.9997781523684314,2.9387571369596335e-5,177.06133669455454,0.5913018374426706,0.9997858707192089,7.268874292703722e-5,102.93057392555741,0.7765983774086725,0.9997159973785942,0.00014460374399084076,77.66048496289325,0.7765983774086725,0.9997159973785942,0.999280191775403
118969.7265625,1.4393310546875,118.3544921875,0.38029785156250007,0.3646240234375,19076.414942741394,6384.765625,0.2674346540830998,1.000313384373144,4.4347109404020607e-5,287.99651366830864,0.42148385478291694,1.000188353775536,8.287505418571095e-5,174.7845476384423,0.5797078160427315,1.0001283026410155,0.00014171944669202026,120.72233755960795,0.5797078160427315,1.0001283026410155,1.0006301641987283
119189.453125,1.345947265625,360.986328125,0.15229492187500002,0.173388671875,56030.55715560913,9253.90625,0.42524554448039725,0.9992267366059232,3.544027599416819e-5,169.31678049634775,0.7446323926150692,0.999635220580512,0.00010673428972516203,86.49551196079891,0.9179522008456233,0.9994260418806954,0.00022094306166979484,65.23401484744291,0.9179522008456233,0.9994260418806954,0.9982889341647189
119482.421875,1.719482421875,90.380859375,0.34536132812500003,0.18891601562500002,29518.283367156982,5777.34375,0.2510698646551194,1.0003072192792697,5.279815639388995e-5,281.29485765173393,0.38232167713241455,1.0001709008533701,9.220671524134978e-5,180.84627879128354,0.5231570791740087,1.0000929627001558,0.00015050727398744116,128.892560428007,0.5231570791740087,1.0000929627001558,1.000571179789052
119555.6640625,0.6922607421875,149.5654296875,0.16525878906250002,0.31950683593750007,33372.38013744354,5400.390625,0.2591728178581289,1.0005968258551459,2.6643471909005283e-5,228.60352820973569,0.39873282117962355,1.000271884226367,4.8794914664823415e-5,151.3552011903787,0.5417615160447992,1.0000967023440936,8.253037809947039e-5,112.80101377682227,0.5417615160447992,1.0000967023440936,1.0009656587151352
119775.390625,0.598876953125,243.447265625,0.386083984375,0.217333984375,21034.8219871521,2269.53125,0.24060561258381388,0.999755422851629,2.1081011918293653e-5,414.3077396049579,0.3569932386790734,0.999785515777173,3.5204796180246424e-5,271.2028546862242,0.4846561659206092,0.9997881506888857,5.562743080515649e-5,193.45233850561527,0.4846561659206092,0.9997881506888857,0.9993292390163493
119848.6328125,1.8128662109375,357.0849609375,0.12219238281250001,0.27409667968750007,38634.880900382996,2892.578125,0.4974906933399043,0.9920926004793117,4.5782144431917025e-5,244.635401108788,0.8385923157813633,0.9984158276306484,0.00016457291122782153,122.61834615296374,0.9647425243184296,0.7959594773502878,0.0002646967029750753,101.21056097738875,0.9647425243184296,0.7959594773502878,0.7884145414821765
120068.359375,1.529052734375,308.857421875,0.281494140625,0.264501953125,14787.726879119873,5105.46875,0.35719857440120245,0.9992646883111669,4.043276742386828e-5,284.390747886573,0.6279588722853402,0.9995586159908141,0.00010060549309535519,143.46660229245967,0.8303260339758537,0.9997655083397189,0.00019696304924764996,98.01961075029641,0.8303260339758537,0.9997655083397189,0.9985894130457436
120141.6015625,1.0584716796875,377.3388671875,0.24553222656250004,0.24626464843750004,52893.26751232147,5728.515625,0.3574272311378674,0.9996201434580292,2.9022411772101206e-5,251.34890810794084,0.6253939395725494,0.9997358449363066,7.270202634646735e-5,129.89792658890033,0.8234842680799417,0.9998795447440141,0.00014346033020564618,90.56198560825305,0.8234842680799417,0.9998795447440141,0.9992357110418751
120361.328125,1.152587890625,112.626953125,0.324560546875,0.291748046875,5943.543910980225,2597.65625,0.24868369528055137,0.9998471310885398,3.952496712539215e-5,363.7667623488718,0.37554445117025154,0.9998384884566351,6.86981927002134e-5,235.9900411197864,0.5111710384388422,0.9998844087920084,0.00011185330672023869,169.36020584318527,0.5111710384388422,0.9998844087920084,0.9995700893640398
120434.5703125,1.4349365234375,211.6552734375,0.20480957031250002,0.19733886718750002,59750.027537345886,2220.703125,0.34078598191553,0.9992490196932569,4.0417103088352656e-5,319.083505195761,0.5873247723539883,0.9993745021397272,9.720682552509642e-5,172.87165416518684,0.780704375352476,0.9995396986641141,0.00018999960150416456,123.09833853232121,0.780704375352476,0.9995396986641141,0.9981643236121919
120654.296875,0.776123046875,341.396484375,0.177783203125,0.351806640625,37379.565715789795,6121.09375,0.355811374535333,0.9999310329449026,2.3064089764625286e-5,215.79424919095575,0.6140748893500055,0.9999143378429558,5.8537600718155793e-5,117.17356421614487,0.801895468419937,0.9999813829049471,0.00011750202954310833,84.72451955370913,0.801895468419937,0.9999813829049471,0.999826762479309
120727.5390625,1.8114013671875,238.5498046875,0.29299316406250003,0.1448974609375,26995.49949169159,6744.140625,0.3269349453983018,0.9997417220963128,4.7821308226208806e-5,255.3521187257764,0.5648549585139412,0.9998589962496869,0.00010831952191388143,136.49568543799248,0.7684921303373782,0.9999504822571534,0.0002040921946416585,92.72859749799092,0.7684921303373782,0.9999504822571534,0.9995512567910292
120947.265625,1.905517578125,165.087890625,0.22084960937500003,0.391943359375,44654.27541732788,9613.28125,0.368016354079938,1.000014752717615,5.1606413218604957e-5,197.9213049213859,0.6411405470891881,1.0001137062800491,0.00013477983568532684,102.27292997268673,0.8312898830172066,1.0000686144762143,0.00027210780052041233,71.93727173941907,0.8312898830172066,1.0000686144762143,1.0001970839656171
121020.5078125,0.6820068359375,95.4443359375,0.25227050781250004,0.1112060546875,22743.30222606659,9236.328125,0.21254909051153456,1.0013286951860318,3.100642725220533e-5,207.3118176411652,0.28848536652723744,1.0012287061713872,4.5732951019411864e-5,154.91653015192603,0.3732522668155381,1.0010083649595867,6.55467240665845e-5,121.47643266389198,0.3732522668155381,1.0010083649595867,1.0035699793331296
121240.234375,1.968505859375,379.248046875,0.30141601562500003,0.22583007812500003,57384.910106658936,8449.21875,0.37124855702901005,0.9912415827733941,4.898801230235897e-5,246.7668080512779,0.6622621555351942,0.9982227179758929,0.00012640816418786952,120.7137512601766,0.8484688476231798,0.817355912791118,0.00019661259165844493,86.29826860203956,0.8484688476231798,0.817355912791118,0.8087572198203751
121313.4765625,0.5604248046875,280.3857421875,0.19045410156250003,0.2825927734375,9467.665553092957,8822.265625,0.2923525785043205,1.0007087977209213,1.9098350799033054e-5,193.16595988242477,0.47711573443975375,1.0004689773484101,3.957567771534785e-5,116.7655633561558,0.6491569024237465,1.0003338261203951,7.228116701869973e-5,84.14929804270629,0.6491569024237465,1.0003338261203951,1.0015123268828514
121533.203125,0.842041015625,204.267578125,0.26713867187500007,0.180419921875,51661.47756576538,7941.40625,0.2738810317899693,1.0003523409577897,2.7357198936045564e-5,223.9465957604479,0.43637082693862406,1.0002636717909401,5.2519455430708415e-5,137.50000738509755,0.5995115837337025,1.0003122061502612,9.140112842356978e-5,97.56907783622646,0.5995115837337025,1.0003122061502612,1.0009285041533358
121606.4453125,1.6868896484375,135.9521484375,0.22238769531250002,0.3110107421875,14196.431040763855,7314.453125,0.3217811589501867,1.0001794386335618,4.8569720876471345e-5,219.17490460018803,0.5448961371215627,1.0000943738425103,0.00011062087707162357,122.87217928806399,0.7327161848714265,1.0000047053214396,0.00021181552286599848,86.72644167775309,0.7327161848714265,1.0000047053214396,1.0002785360202804
121826.171875,1.215576171875,263.037109375,0.23520507812500002,0.158447265625,21108.859539031982,3464.84375,0.32840831066044807,0.9994991930801652,3.437329772507517e-5,293.3240586464904,0.5631737674146682,0.9996146016776354,7.915842414707729e-5,160.08055925882505,0.7586328103376787,0.9997319189201993,0.00015149526852313404,111.87415994724577,0.7586328103376787,0.9997319189201993,0.9988461442112625
121899.4140625,1.3133544921875,332.8466796875,0.27541503906250003,0.3265380859375,46155.850291252136,3837.890625,0.3623701609792409,0.999101839182088,3.5422118004026114e-5,315.1517107501818,0.6360249250921162,0.9993604933536215,8.989145784992647e-5,156.79642568182146,0.8345914176429713,0.9996268805530382,0.00017794738864559612,107.34436832621182,0.8345914176429713,0.9996268805530382,0.9980903609878818
122119.140625,1.594970703125,65.478515625,0.200927734375,0.135302734375,28926.621913909912,4957.03125,0.24541967719037075,1.0002905564974565,5.478976082305814e-5,245.79357768739595,0.36682953505165194,1.0002316246197818,9.433668303041447e-5,166.88468362603126,0.49627071932733496,1.000146709930742,0.00015265525962482256,124.87092217076818,0.49627071932733496,1.000146709930742,1.0006690349670475
122192.3828125,0.9339599609375,168.4912109375,0.3073486328125,0.37956542968750007,39462.42606639862,4330.078125,0.2722029489241775,1.0000864364750586,3.114941367191944e-5,304.04264000472364,0.4314969805433116,1.0000046350197114,5.962262143393028e-5,184.82318721855447,0.5912588374307309,1.0000176599827353,0.00010368179857492378,129.492949585365,0.5912588374307309,1.0000176599827353,1.0001087334864682
122412.109375,0.532958984375,130.888671875,0.16665039062500003,0.38872070312500007,7966.468334197998,3667.96875,0.2279221185130384,1.0004870226807836,2.5109368870821708e-5,269.73608992239696,0.3243695444557969,1.0000627171910632,4.009777630302147e-5,194.79101046184238,0.4296823729901427,1.00009358914039,6.134581190851807e-5,150.82388726138777,0.4296823729901427,1.00009358914039,1.000643411009472
122485.3515625,1.9373779296875,188.7451171875,0.3603759765625001,0.1079833984375,54010.0964307785,3041.015625,0.28384614543222303,0.9994472364225511,5.217770460989409e-5,385.89318363658083,0.4655292879343398,0.9995548848472556,0.0001020106294371183,220.6467865562476,0.6490387642260208,0.9995923394488658,0.00017827754192197367,147.3223981852278,0.6490387642260208,0.9995923394488658,0.9985951134576077
122705.078125,1.656494140625,285.283203125,0.13471679687500002,0.35502929687500007,15079.209804534912,4160.15625,0.44941648125586653,0.998810493033504,4.3737262915871194e-5,227.5492298224148,0.7745694517976593,0.9992879694567144,0.00014113461398859449,114.29166126432943,0.9333511626881685,0.9994197116436763,0.00029858284676624077,89.24681467722094,0.9333511626881685,0.9994197116436763,0.9975201240477781
122778.3203125,0.8138427734375,394.9365234375,0.3946533203125,0.1481201171875,48049.6643781662,4533.203125,0.2727530662696072,0.9998630138591983,2.346693844736064e-5,346.8797380474206,0.43827060372589455,0.9997528701840863,4.407667239380332e-5,204.00759213685654,0.6108662536044096,0.9998526674323305,7.525719407625775e-5,137.0108422489559,0.6108662536044096,0.9998526674323305,0.9994686419167773
122998.046875,1.280029296875,184.677734375,0.3629394531250001,0.302587890625,44504.21476364136,8683.59375,0.2854849760934061,1.0003390965493855,3.766570746620404e-5,253.43735877420468,0.46591847915579976,1.0002260106949845,7.495992501500341e-5,146.38549102791404,0.642990668707812,1.0001946835261486,0.00013309930582397798,99.3007810016812,0.642990668707812,1.0001946835261486,1.0007599774419569
123071.2890625,1.1903076171875,71.2060546875,0.10783691406250001,0.2081787109375,27837.082743644714,8056.640625,0.24735527429230242,1.0006431559537843,4.5437233800701834e-5,185.1838023808774,0.37030726128977864,1.00018721200691,7.93161939222805e-5,127.62771515478578,0.5012496223173296,0.9995492037062149,0.00012962093191392192,97.35648663822852,0.5012496223173296,0.9995492037062149,1.000379317692348
123291.015625,0.909423828125,316.494140625,0.33100585937500004,0.253662109375,37469.247341156006,7175.78125,0.30017939454766124,1.0000736246570585,2.6503022826028174e-5,264.11674593584746,0.5011285336422847,1.000078810028674,5.5427114647216e-5,147.88062836960987,0.6891791863433945,1.0000892392965515,0.00010110614193685641,99.82304455127239,0.6891791863433945,1.0000892392965515,1.0002416933883271
123364.2578125,1.5609130859375,257.4755859375,0.1421142578125,0.23542480468750002,34073.61686229706,7548.828125,0.41055106425918114,0.9995899882576357,4.199646822965754e-5,185.1439508978954,0.7168266183878058,0.99969905247987,0.00012290055947191322,95.95500947758929,0.8934122912020277,0.999596078330725,0.00025562554660084634,71.98583983269083,0.8934122912020277,0.999596078330725,0.9988855295822591
123583.984375,1.417724609375,105.654296875,0.24750976562500002,0.340673828125,26864.112377166748,7886.71875,0.27741713178609373,1.0007078947792478,4.541623587284259e-5,223.20284921044325,0.4431564408767397,1.000427153966825,8.88839412071254e-5,136.65928617876955,0.6060403564186694,1.0002759123434946,0.0001568554020533025,97.21040229806609,0.6060403564186694,1.0002759123434946,1.0014115767270202
123657.2265625,1.1346435546875,219.2919921875,0.2818603515625,0.17243652343750002,43323.69887828827,7259.765625,0.2948931011735663,1.0001941198038051,3.352892061093409e-5,240.53649198070335,0.4875755631187695,1.0000518219098309,6.908459201083272e-5,139.01092209653777,0.6701172115782026,1.0001211412408602,0.00012517840512217313,96.26128857449149,0.6701172115782026,1.0001211412408602,1.000367122809058
123876.953125,1.041259765625,313.173828125,0.20385742187500003,0.365576171875,33877.23684310913,8378.90625,0.3709345395642421,1.0000660750812933,2.9480852250544366e-5,204.77629590358634,0.6462779340135988,1.0000330377617015,7.768835652435066e-5,106.01916322172711,0.8353426412649093,1.0000852511305809,0.00015747343435759898,75.17850516561349,0.8353426412649093,1.0000852511305809,1.0001843746062165
123950.1953125,1.5111083984375,372.3583984375,0.32316894531250007,0.12116699218750002,37637.463450431824,8751.953125,0.32389902563603973,0.9995842139516987,3.935333318330689e-5,245.53607122694154,0.5611579407779571,0.9997591987039995,8.765773581251933e-5,130.23986131375437,0.7701744799273942,0.9999507024289919,0.0001629177877954456,87.03899135055228,0.7701744799273942,0.9999507024289919,0.9992942475697348
124169.921875,0.664794921875,159.443359375,0.293798828125,0.27797851562500003,55970.21818161011,4902.34375,0.238199710826287,1.000356665526843,2.598167965175356e-5,281.93103452628634,0.3499402237120877,1.0002190108659599,4.324514361609211e-5,191.31317705851936,0.471331329974719,1.0002434489786076,6.825260194017125e-5,141.22251742633938,0.471331329974719,1.0002434489786076,1.0008193436518829
124243.1640625,1.8875732421875,101.7529296875,0.1793212890625,0.22106933593750003,9627.85804271698,4275.390625,0.3046390578873999,0.9999287718488449,5.5931193244521815e-5,247.61851169793434,0.5053999310047236,0.9998101127537179,0.00012081599187902548,146.50422311053606,0.6848583019062021,0.9998507288600903,0.00022551453434409247,106.09727128880392,0.6848583019062021,0.9998507288600903,0.9995896659629447
124462.890625,1.794189453125,344.384765625,0.25014648437500003,0.315771484375,49217.225551605225,3394.53125,0.4018575774028217,0.9969755123068526,4.605790434412645e-5,323.28829665770076,0.7114205554815177,0.998665239228657,0.0001298007645191748,152.54864844062766,0.9015309333038859,0.9986624397201337,0.0002617773701363604,107.86580986926049,0.9015309333038859,0.9986624397201337,0.9943130535810782
124536.1328125,0.7581787109375,234.8974609375,0.2206298828125,0.18503417968750002,15750.466227531433,3767.578125,0.2835064358979595,0.9999251151318581,2.506931051879668e-5,277.44182028749424,0.457983532670568,0.9998227731024741,5.0077387930162936e-5,168.38808011327956,0.6268156413692252,0.9998752154414077,8.937298368275576e-5,120.5634809935119,0.6268156413692252,0.9998752154414077,0.999623148405352
124755.859375,1.083740234375,367.294921875,0.37993164062500007,0.19418945312500002,46279.48713302612,4230.46875,0.2935674489829786,0.9995388883067258,2.9970457063142863e-5,357.54674604047295,0.4889517952061289,0.9996739880492082,6.064980811932909e-5,198.28837860584017,0.6800351623121247,0.9997710438686535,0.00010810472963788728,130.56202692216553,0.6800351623121247,0.9997710438686535,0.998984250734876
124829.1015625,1.3631591796875,297.6513671875,0.10959472656250001,0.2884521484375,21356.860041618347,4603.515625,0.4327513036376274,0.999229506080364,3.713534877962098e-5,206.13908279094682,0.7477559779722079,0.9994623665787166,0.00011570179752940792,108.15817044699618,0.9120449632051013,0.9994870809259765,0.00024519140684065016,84.41764943730028,0.9120449632051013,0.9994870809259765,0.9981800385793302
125048.828125,1.457275390625,224.189453125,0.338623046875,0.24956054687500004,39296.571254730225,3722.65625,0.3029816520902933,0.9995609928197402,4.0814687220557525e-5,348.81692113398503,0.5083806707090319,0.999693694690757,8.599317921828237e-5,191.28387510642085,0.6995158230253908,0.9997503446760084,0.0001572435627150312,127.55074274092534,0.6995158230253908,0.9997503446760084,0.9990053526943955
125122.0703125,0.9896240234375,121.3427734375,0.1532470703125,0.26765136718750004,27703.54926586151,3095.703125,0.26617927526872837,0.9997782654009584,3.5889085507836734e-5,268.9370610816617,0.4153325417777823,0.999890139382035,6.764419887185711e-5,175.40140777952848,0.5654227033334199,0.9999175027219441,0.00011658574058347558,130.58578636564133,0.5654227033334199,0.9999175027219441,0.9995859592185308
125341.796875,1.830810546875,251.083984375,0.16372070312500003,0.112744140625,8896.93021774292,7246.09375,0.39552827029966353,0.9995246419495145,4.822399780611118e-5,196.7108351008249,0.6953613760356879,0.9996993586080215,0.00013465448404153258,101.55877505751177,0.8818716516328782,0.9997506513035851,0.0002745590106801078,74.756753814284,0.8818716516328782,0.9997506513035851,0.9989749882322415
125415.0390625,0.6160888671875,350.1123046875,0.34455566406250004,0.3933349609375001,60273.19419384003,7619.140625,0.29181755932633324,1.000211571531296,1.9497851993650784e-5,264.2986005341341,0.47912671922006916,1.0002206578421828,3.9935725511330656e-5,150.57028148538296,0.6571474427229655,1.0002183428256712,7.228449927732241e-5,102.13066210958523,0.6571474427229655,1.0002183428256712,1.0006507132684437
125634.765625,0.710205078125,85.400390625,0.12241210937500001,0.14350585937500002,16422.372341156006,8738.28125,0.22132539239284707,1.0004047992720626,3.3815531592965184e-5,188.9786386818486,0.3070149531794076,1.0008370089510448,5.237334989701387e-5,139.36038892982813,0.40255305327224367,0.9999502772871266,7.751879732432879e-5,109.68584852269113,0.40255305327224367,0.9999502772871266,1.001192362567927
125708.0078125,1.7366943359375,153.8818359375,0.3882080078125001,0.35026855468750007,54180.17661571503,8111.328125,0.292332850828229,1.0001758476183829,4.906539534869328e-5,276.0664348128347,0.48256244978668034,1.000152590388215,9.994459196785316e-5,154.88647817823264,0.6655048562624392,1.0002086894682602,0.0001797835925683257,103.08394374986052,0.6655048562624392,1.0002086894682602,1.000537222854667
125927.734375,0.820068359375,288.935546875,0.36235351562500007,0.31489257812500004,30303.39765548706,9324.21875,0.2860149779193619,1.0003968058043706,2.4986542335996293e-5,248.24977122067037,0.46692806746947846,1.0001734334324133,4.9864371387769824e-5,142.84409094436168,0.6440319007371257,1.0002719212210116,8.871348178960332e-5,96.72918277857566,0.6440319007371257,1.0002719212210116,1.0008423843560512
126000.9765625,1.6619873046875,391.9482421875,0.16701660156250003,0.18415527343750002,41279.234766960144,9947.265625,0.44580910027976345,0.9945174012642608,4.216239310330446e-5,178.0404644779841,0.777641618345042,0.9991560994704637,0.00013359264603579341,86.3432356112422,0.9395908136648119,0.8500626977428946,0.0002253349323944489,66.29923145799884,0.9395908136648119,0.8500626977428946,0.8446887097530538
126220.703125,1.943603515625,124.580078125,0.3937011718750001,0.27885742187500007,22621.591091156006,6816.40625,0.27411394003344713,1.0001247686196943,5.524080940826629e-5,294.870354412188,0.43942279962450925,1.000080340811409,0.0001051622180939388,173.61200790547045,0.6083189131390309,1.0001087293047135,0.00018165449073372108,117.47962922305702,0.6083189131390309,1.0001087293047135,1.0003138710623245
126293.9453125,0.5384521484375,194.3896484375,0.1333251953125,0.22194824218750003,46519.59693431854,6439.453125,0.2579120358943024,1.0004582812350291,2.1558038413565168e-5,207.38778687406727,0.39565507406808675,1.0003940323230678,3.931976969768414e-5,138.3256627986155,0.5370788715761381,1.000220792453827,6.631845801886976e-5,103.72019199938117,0.5370788715761381,1.000220792453827,1.0010734748138157
126513.671875,1.567138671875,321.474609375,0.108642578125,0.378759765625,54363.19303512573,2339.84375,0.4732490400742969,0.9980083788665555,4.144578095633616e-5,257.3650485580739,0.8040278739048806,0.998863884755188,0.00014198782435366,130.71714258460565,0.9508735312322799,0.9989731373660269,0.00030364443217560866,106.74524530311919,0.9508735312322799,0.9989731373660269,0.9958508731310242
126586.9140625,0.9149169921875,253.1591796875,0.3644775390625,0.13435058593750002,12787.228465080261,2962.890625,0.26005832861868994,0.9997208094391914,2.8243665094342082e-5,380.90104550433887,0.40561111463306027,0.9997148367309817,5.084948371608e-5,233.90098960916768,0.5605147706231256,0.9997752013528322,8.467200701331829e-5,161.27058679777397,0.5605147706231256,0.9997752013528322,0.9992110539859784
126806.640625,1.196533203125,177.041015625,0.13999023437500002,0.327490234375,61913.43832015991,5832.03125,0.33306652150645427,0.9999260842052455,3.669552614149392e-5,209.7675260474931,0.5652621118290739,0.9998465026311605,8.747705411435197e-5,120.018389467569,0.7496340453250615,0.9999352287874453,0.00017172474350603224,87.91184541216121,0.7496340453250615,0.9999352287874453,0.9997078416988229
126879.8828125,1.2855224609375,78.1787109375,0.3307861328125,0.15925292968750002,7819.207072257996,5455.078125,0.2233021067366914,1.0004964990771783,4.7258343525390026e-5,280.885420669729,0.31452206974800917,1.0002373451750022,7.320631520846429e-5,199.43672284414487,0.4162259510340164,1.0002500169668131,0.00010923790639048689,150.4238174181085,0.4162259510340164,1.0002500169668131,1.0009841625636304
127099.609375,1.681396484375,199.951171875,0.19008789062500003,0.149658203125,34744.33088302612,2542.96875,0.34723111035663645,0.9992920345364649,4.665066651618941e-5,300.6015739898817,0.6011646237537818,0.9993459335625431,0.00011430137817477473,162.07929301849882,0.7952941024817931,0.9995111295482749,0.00022511330353500915,115.87091408067721,0.7952941024817931,0.9995111295482749,0.9981502263345076
127172.8515625,0.8358154296875,140.9326171875,0.2994384765625,0.3564208984375,30042.12462902069,2166.015625,0.24564648014569238,0.9997006402267965,3.1405695645895144e-5,374.13079529751536,0.36768521307883983,0.9997688466508643,5.4052450946352074e-5,246.48057964413215,0.4982346079981298,0.9997212025132138,8.743488440276417e-5,178.8740115285643,0.4982346079981298,0.9997212025132138,0.9991909064753218
127392.578125,0.554931640625,386.220703125,0.22377929687500003,0.106591796875,42815.44637680054,5035.15625,0.2913038654216734,0.9999619708712726,1.785395383302226e-5,252.4615797092227,0.4789259740845083,0.999894982869992,3.653688080873419e-5,150.1267581128736,0.6567315445964645,0.999988514922664,6.641227957075053e-5,106.20581624380505,0.6567315445964645,0.999988514922664,0.9998454743004901
127465.8203125,1.9622802734375,272.7490234375,0.26809082031250003,0.3871826171875,25607.205271720886,5658.203125,0.3933984099370357,0.9987650419973291,5.09407608304052e-5,280.18418738485417,0.6948336532104011,0.9994193159066512,0.0001407849876014294,132.20453614160368,0.8863421852522876,0.9996514375077342,0.00028456982065692553,91.54683819092843,0.8863421852522876,0.9996514375077342,0.9978371451469554
127685.546875,0.928466796875,62.490234375,0.27387695312500004,0.23227539062500002,21777.835369110107,9558.59375,0.20590913293971702,1.0017359059263773,4.3178141832520825e-5,212.80243572066252,0.27282154157747224,1.0014522063521791,6.157067283915217e-5,162.5650824524483,0.3475486832449397,1.0012054276352542,8.578486344637648e-5,129.16747165291366,0.3475486832449397,1.0012054276352542,1.0043999068848233
127758.7890625,1.5887451171875,172.1435546875,0.23439941406250003,0.2503662109375,52488.48044872284,9181.640625,0.3252090398619475,1.0002592138292787,4.5191280795452545e-5,208.16787684990925,0.5542728840474072,1.0001708768336526,0.00010357824084096416,114.3965444658403,0.7462771176623074,1.0001040845470508,0.00019839604472424556,79.54025743597407,0.7462771176623074,1.0001040845470508,1.0005342642740225
127978.515625,1.307861328125,268.681640625,0.30756835937500004,0.211474609375,12020.028591156006,6050.78125,0.312664726774315,0.9998506545277179,3.655346779027028e-5,278.58012988867995,0.5306725801240891,0.9998922765512576,7.954470354831833e-5,151.6567256536384,0.7263094141350191,0.9999564036562402,0.00014785444067436847,102.13694151268419,0.7263094141350191,0.9999564036562402,0.9996993620297887
128051.7578125,1.2093505859375,326.5380859375,0.2030517578125,0.30573730468750004,58971.16935253143,6673.828125,0.3792809225644835,0.9998165070497155,3.335403192305156e-5,226.8109949261847,0.6641412001346653,0.9998525310839464,8.954727417997475e-5,115.08113521857653,0.8538872191114585,0.9999472752373496,0.00018180902615116075,81.75206802749062,0.8538872191114585,0.9999472752373496,0.9996163578789772
128271.484375,1.769287109375,259.716796875,0.3834472656250001,0.37348632812500004,39476.78327560425,4511.71875,0.3311822601371231,0.9992505836604698,4.7064598118116445e-5,365.27575526009684,0.5739127057752808,0.9994159319693405,0.00010818462756586717,183.15387449624782,0.7779616958198543,0.9996923963657725,0.00020546503989148755,118.11789614817347,0.7779616958198543,0.9996923963657725,0.9983597597557056
128344.7265625,0.7362060546875,320.2294921875,0.12717285156250002,0.1302490234375,27865.44692516327,4134.765625,0.3361789464123644,0.9996769994965689,2.2940762202331033e-5,225.26873106302023,0.5716069131430924,0.9998127250831059,5.50628514590773e-5,129.92507413387966,0.7571643326469122,0.9998238292228558,0.00010797273146648973,96.38458277068878,0.7571643326469122,0.9998238292228558,0.9993137041773839
128564.453125,0.642822265625,74.111328125,0.34916992187500007,0.332763671875,46539.04104232788,3003.90625,0.19293695034552688,1.0001231519273661,3.629945615798821e-5,341.5195373424963,0.2427914711009265,1.0001728789722453,4.820614530612393e-5,274.69478647342174,0.2982841994872292,1.0001706285550218,6.312210277426704e-5,226.33014028384517,0.2982841994872292,1.0001706285550218,1.000466731259969
128857.421875,1.016357421875,398.505859375,0.148486328125,0.310791015625,16557.101726531982,7527.34375,0.4107317276425876,0.9996640321848742,2.81399005786039e-5,194.74549072023794,0.7161571157578296,0.9997738641682863,8.259471032180459e-5,98.81046064453928,0.8923994208234893,0.9997087085741448,0.00017225839302242952,73.21961117676061,0.8923994208234893,0.9997087085741448,0.9991468446155087
128930.6640625,1.4891357421875,287.6904296875,0.3433837890625,0.1788818359375,56335.45386791229,7150.390625,0.3074809734418136,0.9998775327493902,4.0254485670122437e-5,278.71066467831474,0.5214308498278517,0.9999069563697306,8.549122673077238e-5,151.5394783791525,0.7200892427441127,0.9999666077148162,0.00015633608314760935,100.52111848834677,0.7200892427441127,0.9999666077148162,0.9997511154247548
129150.390625,1.395751953125,190.322265625,0.114208984375,0.282958984375,10532.5026512146,8019.53125,0.3685033095964852,0.999586097933794,4.047862924588827e-5,177.4659719758855,0.6363545588013119,0.9995785386587367,0.00010716678748930328,97.77640239910947,0.8195132469303745,0.9996876511764756,0.00021947735154243797,72.27810514115505,0.8195132469303745,0.9996876511764756,0.9988527230830166
129223.6328125,1.1097412109375,133.9599609375,0.37531738281250004,0.2272216796875,62958.428263664246,8642.578125,0.2429610621987707,1.0005648830258085,3.7261529125543166e-5,253.51912192735904,0.36261691747449337,1.0004712349551441,6.291308517950284e-5,166.01888917337013,0.49320651418183803,1.0003108854641858,0.00010022550315905542,118.84576881374583,0.49320651418183803,1.0003108854641858,1.0013475918345405
129443.359375,0.732177734375,170.732421875,0.215869140625,0.23637695312500004,33601.63068771362,7355.46875,0.2577501547311031,1.0005667109266054,2.707704100794252e-5,222.0219431835991,0.3963676640010574,1.000397390947785,4.911139241160321e-5,144.1629017380376,0.5401381218149541,1.0004678855524198,8.250707591882978e-5,105.06738193263752,0.5401381218149541,1.0004678855524198,1.0014326638273112
129516.6015625,1.7615966796875,69.2138671875,0.25490722656250003,0.25563964843750003,37740.77117443085,7978.515625,0.2509686808607956,1.0010160732061932,5.81603209168889e-5,226.4043366803253,0.38040767664452085,1.0004627181506713,0.00010233546310181312,148.52430175389867,0.5172949326356736,1.0003626323541424,0.00016822963597512482,108.03699238572796,0.5172949326356736,1.0003626323541424,1.0018424302946065
129736.328125,1.855712890625,335.751953125,0.18393554687500002,0.20737304687500002,27858.521938323975,8847.65625,0.4265773940488728,0.9978172063239749,4.7494464308284443e-5,198.00359440766385,0.7493693847729165,0.9995049148887908,0.00014313691960627425,95.6756060477739,0.9271864894302622,0.998370538793677,0.0002918278755922875,70.28142109846071,0.9271864894302622,0.998370538793677,0.9956981024137838
129809.5703125,0.6380615234375,264.7802734375,0.2891845703125,0.30046386718750007,45050.90034008026,8470.703125,0.27244746597415026,1.000412664936238,2.16888902700979e-5,233.66905955296812,0.43244911971089917,1.0003344687120899,4.1506738937771925e-5,142.28118585747657,0.5933757343316424,1.0002923607867673,7.213919347606971e-5,99.8224350693246,0.5933757343316424,1.0002923607867673,1.0010398509315388
130029.296875,1.479248046875,139.521484375,0.31840820312500007,0.154931640625,52607.593059539795,4371.09375,0.2653455678465328,0.9999249002842442,4.5201301420126587e-5,310.7537780280101,0.4172955100319151,0.9999194950854009,8.352570212096239e-5,190.73836156956858,0.5752603150906402,0.9999590679626963,0.00014168207758758064,133.1338262139175,0.5752603150906402,0.9999590679626963,0.9998034757472046
130102.5390625,1.0145263671875,206.6748046875,0.20861816406250003,0.36052246093750007,18292.92380809784,4994.140625,0.31178644258747185,1.0000469878240217,3.192067091499823e-5,254.27088256258176,0.5213401845466747,0.999934730668731,7.068398077811542e-5,144.95147353878977,0.7037573560944891,0.9999753412223239,0.0001337709765779787,102.63792176371292,0.7037573560944891,0.9999753412223239,0.9999570570990879
130322.265625,1.108642578125,281.962890625,0.286474609375,0.101318359375,59504.25100326538,3863.28125,0.2959477121408638,0.9996732440700241,3.210094464465828e-5,314.208170502265,0.49168013009986183,0.9997563704151069,6.608370380143474e-5,178.81991507645824,0.6781789513426415,0.9998138492120702,0.00011945219720035027,122.1411510702048,0.6781789513426415,0.9998138492120702,0.9992436494675068
130395.5078125,1.3851318359375,382.3193359375,0.24289550781250002,0.3830810546875001,10100.41892528534,3486.328125,0.3994403730585872,0.9984537598233871,3.6819630985341784e-5,319.11694056384636,0.7039059800795875,0.9990816511719584,0.00010369814665388834,150.4774262954853,0.8913359573800312,0.9994459008191531,0.00021154628819630423,105.91761662431674,0.8913359573800312,0.9994459008191531,0.9969840966422872
130615.234375,1.171630859375,92.373046875,0.198291015625,0.272705078125,43644.919872283936,2199.21875,0.24682323986311197,0.9998722452062763,4.385573409041733e-5,322.3245753398553,0.36989229690351483,0.999741268885005,7.609521828838015e-5,217.73053667241066,0.5004206090681462,0.99975864731395,0.00012389914606654326,162.54737118510536,0.5004206090681462,0.99975864731395,0.999372287730806
130688.4765625,1.2635498046875,163.5107421875,0.31232910156250004,0.2169677734375,24931.715846061707,2572.265625,0.27113521301071053,0.9997028347406511,3.9421794670641405e-5,370.8665960706158,0.4307166838599938,0.9997318010307626,7.465041574022889e-5,223.23152676090604,0.5932626317336579,0.9997276828393078,0.00012874583231789244,154.56608610538754,0.5932626317336579,0.9997276828393078,0.9991625522468158
130908.203125,1.545166015625,236.142578125,0.23901367187500003,0.321044921875,38344.94924545288,5691.40625,0.354640507331845,0.9997469591032934,4.2727557837458686e-5,259.77734293456865,0.6170922705504409,0.9998423198547965,0.00010688298023440187,133.53856533117772,0.8121723773158537,0.9998897371172505,0.00021201429812346486,92.33342954715322,0.8121723773158537,0.9998897371172505,0.9994791012577524
130981.4453125,0.8900146484375,337.8271484375,0.2692626953125,0.1891357421875,33610.554575920105,5064.453125,0.309294082437295,0.9997844379174416,2.6223521950899354e-5,279.14112703071163,0.5209381726412033,0.9998546678278147,5.676069257580683e-5,155.21905201109368,0.711371173215221,0.9999081010509023,0.00010555577428031287,106.37418828552154,0.711371173215221,0.9999081010509023,0.9995472712871881
131201.171875,1.918701171875,209.912109375,0.26333007812500003,0.33657226562500003,14198.153972625732,9214.84375,0.35935579642460475,1.000050651870241,5.140670009851986e-5,227.28473677171212,0.6285539053262811,1.0000025765035734,0.00012981788509273964,114.3718497821126,0.8259478403522591,1.0000702564085244,0.0002575307993119603,77.74000598486447,0.8259478403522591,1.0000702564085244,1.000123488652487
131274.4140625,0.5164794921875,109.7216796875,0.22854003906250003,0.1671630859375,59876.27875804901,9587.890625,0.20533045698429922,1.0015726204959214,2.725729378061268e-5,205.0271889205446,0.27343761946885137,1.0005144131948365,3.8747584790581384e-5,157.29130300346574,0.35002105076703205,1.000119067917704,5.4354044029790896e-5,124.96383118816982,0.35002105076703205,1.000119067917704,1.0022071591802746
131494.140625,0.798095703125,373.603515625,0.304052734375,0.36967773437500007,19016.648769378662,6707.03125,0.3211175898008236,1.0000055983913803,2.362717136775134e-5,270.985592451334,0.5463616006221703,0.999985220372553,5.3325507197384856e-5,144.682145789971,0.7390451795056255,1.0000653437256046,0.00010140012186609317,97.23487956066221,0.7390451795056255,1.0000653437256046,1.0000561618068542
131567.3828125,1.6370849609375,306.6162109375,0.1854736328125,0.12644042968750002,52359.124064445496,6080.078125,0.38622124157815696,0.9993141384930028,4.339274790565623e-5,227.0645279201803,0.6803443339027062,0.9995854033674527,0.00011790735222580279,115.2137550162191,0.8723954392606345,0.9997485777297876,0.0002380461944208261,82.96628148697744,0.8723954392606345,0.9997485777297876,0.9986486805543047
131787.109375,1.329833984375,354.013671875,0.326025390625,0.116845703125,26344.398021697998,9917.96875,0.30990074004662865,1.0000205029455824,3.576871013715055e-5,237.71361840416859,0.527835217980157,1.0000594006657582,7.642435483357913e-5,129.34535117775877,0.72925835034258,1.0000804978860722,0.00013994927448154825,86.15484425027854,0.72925835034258,1.0000804978860722,1.0001604091474714
131860.3515625,1.2342529296875,241.8701171875,0.14475097656250002,0.39860839843750007,50041.89574718475,9291.015625,0.3797373103632025,0.9998243877225685,3.5529334588223885e-5,183.25523898223443,0.658549024864578,0.9998312563778183,9.686720431402314e-5,96.16751763652927,0.8410038361352482,0.9998958455236915,0.00020008248449085263,69.40621044474024,0.8410038361352482,0.9998958455236915,0.9995515551206521
132080.078125,0.953369140625,147.158203125,0.36909179687500004,0.139404296875,30838.609218597412,6410.15625,0.23209301502267757,1.0003086116864341,3.356774142274497e-5,282.2203604922161,0.33635224011514053,1.0002647430229938,5.39778091496895e-5,191.9481251262416,0.45225320650989387,1.0002141053811147,8.289895987613263e-5,140.28513348266264,0.45225320650989387,1.0002141053811147,1.000787664569155
132153.3203125,1.6107177734375,86.8115234375,0.1040283203125,0.34499511718750003,42900.67756175995,6783.203125,0.29043758604267716,1.0002690648566246,5.293603772518856e-5,195.19640152166124,0.4705609546788006,0.9999462748949576,0.00010977175810165285,121.94593555380408,0.6374308354719541,0.9997585301696901,0.00020095707775813536,90.3737036176122,0.6374308354719541,0.9997585301696901,0.9999738034711718
132373.046875,0.576904296875,301.552734375,0.128564453125,0.199462890625,63623.05021286011,2933.59375,0.2993863045156399,0.9997098239900527,1.9969319079762972e-5,259.40690180410877,0.49186924562319784,0.9996594243824106,4.260104832179567e-5,158.43800754615103,0.6657611397421691,0.9997664792198626,7.914556238677959e-5,117.20565921553936,0.6657611397421691,0.9997664792198626,0.9991359736897337
132446.2890625,1.9871826171875,358.0810546875,0.3984619140625001,0.29255371093750004,3976.3344526290894,2306.640625,0.3309411169891416,0.9956893907723237,5.0614748880197424e-5,498.62982300248666,0.5779419941096784,0.9976102107653056,0.00011533923626406425,245.88790723324377,0.7908451318593318,0.9975364930438452,0.0002156404724698091,156.03763493287232,0.7908451318593318,0.9975364930438452,0.9908628771295351
132666.015625,1.706298828125,114.619140625,0.171630859375,0.24428710937500003,56429.635524749756,5425.78125,0.30430361436199105,1.0000445767840576,5.203058783714967e-5,231.74658682381406,0.5043352930073602,0.9999241165965204,0.00011243130532527112,136.53800375689963,0.6832252145308162,0.9999221249988175,0.00021007834855087823,98.37038788944271,0.6832252145308162,0.9999221249988175,0.9998908174350238
132739.2578125,0.8577880859375,225.6005859375,0.35773925781250004,0.2635498046875,14656.716227531433,5798.828125,0.2621758215843494,1.0000532982660033,2.7978685021397048e-5,299.0779618729781,0.4092984493602586,0.9999991557558855,5.113757136871527e-5,183.57052798775015,0.5632647483724882,1.000073325503034,8.614620079449617e-5,127.22261145714229,0.5632647483724882,1.000073325503034,1.0001257833261403
132958.984375,0.620849609375,328.779296875,0.25688476562500007,0.16254882812500002,6141.761302947998,5636.71875,0.27978124847805114,1.0000072814995418,2.0368918837987272e-5,260.682636841956,0.450118266430145,1.0000058256647437,3.99749555063976e-5,156.67112864795217,0.6183935220047063,1.0000513491123886,7.046822593233461e-5,110.10315885218952,0.6183935220047063,1.0000513491123886,1.000064456992137
133032.2265625,1.8377685546875,272.4169921875,0.2162353515625,0.33181152343750003,62957.274317741394,5009.765625,0.39726595055958785,0.9990009278742603,4.8546978998245385e-5,266.96195253340306,0.6987866745149552,0.9994994034885291,0.0001362872075539754,129.09392508521165,0.8858836773966786,0.9996587686079886,0.0002784004077179384,91.62482581865709,0.8858836773966786,0.9996587686079886,0.9981601116661548
133251.953125,1.744384765625,175.048828125,0.28823242187500003,0.13120117187500002,10663.43069076538,2128.90625,0.2947729183384675,0.9993398727955706,4.947689668515999e-5,388.1536701274468,0.4884314108910952,0.9994474676763008,0.00010159861641851294,219.4149386675062,0.6732714566632463,0.9994741499625679,0.0001834910435553753,148.92181287548618,0.6732714566632463,0.9994741499625679,0.9982624926613164
133544.921875,1.367919921875,276.318359375,0.20942382812500002,0.23110351562500003,50949.83243942261,6652.34375,0.35755389843232904,0.9997830459523495,3.802476625755255e-5,232.4857487991823,0.6229939278638844,0.9999007448874919,9.592041810773007e-5,120.83307013731434,0.8180554548656247,0.9999218832554094,0.0001906935171421104,84.71881171855682,0.8180554548656247,0.9999218832554094,0.9996057203285973
133618.1640625,1.0906982421875,388.6279296875,0.3199462890625,0.28669433593750004,24946.09534740448,6025.390625,0.3297302693169986,0.9996454477596083,3.019739258846566e-5,295.01718362375726,0.5693828340273934,0.999788874621293,6.933676586832682e-5,152.5964056011926,0.7708553724594908,0.9999115001907528,0.00013200911036952446,101.1081188690599,0.7708553724594908,0.9999115001907528,0.9993459474823668
133837.890625,0.997314453125,142.509765625,0.24077148437500004,0.17514648437500002,45112.489223480225,9144.53125,0.2582625289374612,1.0006689438300114,3.472131260072108e-5,211.89608957307257,0.3982388761832871,1.0005715067455296,6.291682433593522e-5,135.9556311306281,0.5441104779423402,1.0005273117408016,0.00010554107826609526,97.97563196541468,0.5441104779423402,1.0005273117408016,1.0017687989280004
133911.1328125,1.4613037109375,203.0224609375,0.2862548828125,0.30690917968750003,33847.39005565643,9517.578125,0.31808598003425453,1.0001654157218693,4.178291787961906e-5,230.28026282226907,0.5400112756565102,1.000226265381926,9.332283520221176e-5,124.66650395569101,0.732566339531774,1.0001677232124453,0.00017645512651475254,84.2218148445925,0.732566339531774,1.0001677232124453,1.0005595074443827
134130.859375,1.880615234375,80.419921875,0.12680664062500002,0.29731445312500004,59758.55207443237,6480.46875,0.29065248730971965,1.0001975315270941,5.961655385680911e-5,205.88118319324576,0.47169799057352946,1.0000311541717792,0.0001234764011170908,127.04901822630698,0.6400297563838343,0.9998371286307779,0.00022568861685303944,93.29410048608055,0.6400297563838343,0.9998371286307779,1.0000657832362272
134204.1015625,0.6600341796875,180.7763671875,0.3814697265625,0.20407714843750002,11133.868098258972,6853.515625,0.2256661932280921,1.0005544398993558,2.5485888335046874e-5,278.6032020718224,0.3205465617624307,1.0002958570109977,3.9849400980667314e-5,194.1369367560984,0.4265100536682543,1.0003398342452392,5.993264735974563e-5,143.7790414206032,0.4265100536682543,1.0003398342452392,1.0011905842062776
134423.828125,0.754150390625,256.064453125,0.16049804687500002,0.25893554687500003,53544.923305511475,9972.65625,0.30932230317639026,1.0004884379818273,2.467096157792077e-5,183.6263369193115,0.515153590000456,1.000379378651141,5.430654424927484e-5,106.82882183913979,0.695470446466014,1.000155732889104,0.00010251087596570589,76.43914790038487,0.695470446466014,1.000155732889104,1.0010238700014642
134497.0703125,1.7864990234375,323.2177734375,0.3501220703125001,0.23952636718750003,20640.713572502136,9345.703125,0.33087269690427995,0.9994498392764579,4.653983896857658e-5,264.22612760101873,0.5759369216769572,0.9998821389648347,0.00010627777253556644,134.96002031277015,0.7852807472515269,0.9999445731195262,0.00019998547427697717,88.16931849397196,0.7852807472515269,0.9999445731195262,0.9992766532260994
134716.796875,1.127685546875,197.958984375,0.34184570312500007,0.384619140625,28603.83939743042,5496.09375,0.2869144994452037,0.9999662562311353,3.504340043522021e-5,305.9791216224861,0.46761076416635244,1.0000033160901787,7.054840201973803e-5,175.1606421789039,0.6422622554284976,1.0000219012346752,0.0001264504193908334,118.61892291813507,0.6422622554284976,1.0000219012346752,0.9999914727776856
134790.0390625,1.4129638671875,126.9873046875,0.14768066406250002,0.10270996093750001,47372.07114696503,5869.140625,0.2933744774211089,0.9999912818070532,4.508334955923046e-5,216.03306377686783,0.4797631585572945,0.9999402737145474,9.380894039745333e-5,131.46413037258796,0.6523290593450151,0.9999968200049463,0.0001719215318137258,95.71828480828894,0.6523290593450151,0.9999968200049463,0.9999283762649036
135009.765625,1.507080078125,393.525390625,0.37553710937500007,0.359130859375,34333.016872406006,2988.28125,0.34364714034371663,0.9980440166609399,3.9667170833759775e-5,434.60226576266234,0.6025578672410606,0.9986192980468366,9.442281453071722e-5,209.83375269699482,0.8108270522931652,0.9991516699866071,0.00018118179439391053,134.22939966707278,0.8108270522931652,0.9991516699866071,0.9958205136436533
135083.0078125,1.0335693359375,292.0068359375,0.1163330078125,0.15339355468750002,38881.95884227753,2361.328125,0.36340461044525546,0.999163777513995,3.0550732173477985e-5,263.9557548959609,0.6278780377633318,0.9993535581021166,7.948609055076361e-5,146.89505340491746,0.8139360320009711,0.9995164650747195,0.00016121708285025523,110.27124187142454,0.8139360320009711,0.9995164650747195,0.99803505791871
135302.734375,1.616943359375,150.810546875,0.146728515625,0.19301757812500003,18241.01972579956,3074.21875,0.32840245905725385,0.9994886563649725,4.808390029986873e-5,264.44856633732735,0.5570924076315404,0.9996447404182213,0.00011250821058926806,150.95908400034347,0.7434277907715204,0.99967607191869,0.00021856754624701124,110.24054435779416,0.7434277907715204,0.99967607191869,0.9988099310198824
135375.9765625,0.9588623046875,83.8232421875,0.3263916015625,0.32478027343750004,55486.632227897644,3697.265625,0.2152642449097768,1.0002955299636487,4.158116849307987e-5,322.8617772897129,0.29501696579771175,1.0003343053905849,6.217297182447505e-5,236.36089938649658,0.38400616796176884,1.0002892778538681,9.015447730604306e-5,181.99354778831554,0.38400616796176884,1.0002892778538681,1.000919394231361
135595.703125,1.240478515625,347.705078125,0.10307617187500001,0.21323242187500002,12439.462184906006,4566.40625,0.4269878243959335,0.9992228795807151,3.418526107039691e-5,211.3398851234661,0.7393555209219425,0.9994044653677248,0.00010503037502364151,109.91673446360612,0.9070838379818998,0.9994167581244043,0.00022193581161632182,84.98092306208991,0.9070838379818998,0.9994167581244043,0.9980453661949487
135668.9453125,1.3353271484375,247.5146484375,0.3677001953125001,0.26882324218750003,63095.28052806854,4189.453125,0.29283454916609075,0.999700252216358,3.820937651537091e-5,357.6874789552209,0.4848187644905175,0.9996908172004163,7.770919901670108e-5,198.51253952845093,0.6704868381559194,0.9998012160927424,0.00013945793943493726,131.08139132198838,0.6704868381559194,0.9998012160927424,0.9991924992135537
135888.671875,0.864013671875,119.599609375,0.399267578125,0.125634765625,38630.83219528198,8089.84375,0.2121300171515872,1.0006458487568792,3.420062941200575e-5,261.8696556114118,0.28815916929650603,1.0006404487329954,5.004820446646319e-5,191.93155292868144,0.37395349817091983,1.0003630774666,7.12369022452872e-5,147.11233201028372,0.37395349817091983,1.0003630774666,1.0016502557653073
135961.9140625,1.7117919921875,221.2841796875,0.13010253906250002,0.36872558593750004,35033.352732658386,8712.890625,0.4118829590778657,0.9995147477738646,4.688207200911659e-5,185.7045624984349,0.715564643046298,0.9996215018390602,0.00013882734811626984,93.84675779367763,0.8893174417784245,0.9995687717993919,0.00029229176132785506,69.06025527888404,0.8893174417784245,0.9995687717993919,0.9987055774737147
136181.640625,1.993408203125,293.916015625,0.3556152343750001,0.16811523437500003,45725.02279281616,7582.03125,0.3148355891470427,0.9993435822575094,5.176129902878847e-5,289.55938964693945,0.540593704502229,0.9996604122613163,0.00011206619719193633,152.9715282685918,0.7471961910208512,0.9998726237360391,0.00020583455607603156,99.94822439144524,0.7471961910208512,0.9998726237360391,0.9988769680053451
136254.8828125,0.5823974609375,365.0537109375,0.17141113281250003,0.3373779296875,26823.38798046112,7205.078125,0.3178866671494918,1.0001378846406017,1.9037282379352043e-5,213.94187473198684,0.5338264711318468,1.000182291194515,4.315405555163039e-5,121.72876259725221,0.7170089296099362,1.000109433474711,8.264661110534506e-5,86.87811199706373,0.7170089296099362,1.000109433474711,1.0004296694856882
136474.609375,0.884521484375,231.826171875,0.31196289062500004,0.346533203125,60603.58381271362,8792.96875,0.28331480649751806,1.0004156916526652,2.8446557417687906e-5,244.9142983733724,0.4586878365657412,1.0002696162782703,5.6610541877449245e-5,143.1223600944536,0.629784631840837,1.0002565225001687,0.00010083109190726073,98.08706583145788,0.629784631840837,1.0002565225001687,1.0009421183339948
136547.8515625,1.5389404296875,342.8076171875,0.19631347656250003,0.1407958984375,18747.93517589569,8416.015625,0.3844577571358886,0.9994682464372745,4.082768444680003e-5,210.49112788284717,0.678048038660583,0.9998138077074282,0.00011027967902871942,105.22726603874716,0.8720560763210011,0.9998680709580606,0.00022191592370270863,74.42239960258814,0.8720560763210011,0.9998680709580606,0.999150318816025
136767.578125,1.258056640625,99.345703125,0.27065429687500003,0.397216796875,67637.95614242554,7285.15625,0.2537253544716855,1.0007094938718135,4.4841298057276756e-5,246.68190158637768,0.38673926209701737,1.0005802631403031,8.002129739827319e-5,159.27008835836412,0.526164226104965,1.0004343309393249,0.00013290043870638172,114.60328623122041,0.526164226104965,1.0004343309393249,1.0017250600047691
136840.8203125,1.1654052734375,155.8740234375,0.23996582031250002,0.1153076171875,11675.442576408386,7908.203125,0.2705458359691572,1.000204320632654,3.7867611156638604e-5,225.2834104930474,0.4282715332408774,1.0002110520209495,7.184942412694736e-5,139.35623504525444,0.5879825537599046,1.0002309011225448,0.00012422901830572996,98.91815510051195,0.5879825537599046,1.0002309011225448,1.0006464128183998
137060.546875,1.631591796875,370.615234375,0.22700195312500002,0.26040039062500003,28490.054607391357,3808.59375,0.3947548008533886,0.997967635074214,4.2699973138492754e-5,304.0524983860778,0.6974006607873906,0.9989794543429281,0.00011847959891553017,145.56546556413937,0.8896508030956515,0.9993564622051642,0.00023909899473444974,102.70304595062146,0.8896508030956515,0.9993564622051642,0.9963075890720738
137133.7890625,0.7918701171875,310.2685546875,0.26252441406250004,0.24099121093750003,40754.013895988464,3431.640625,0.2956834120966673,0.9996894043731677,2.4853442335535744e-5,318.77407123547454,0.4878743049205493,0.9997296599345662,5.163998235047885e-5,182.44475321327076,0.6680446437940238,0.9998044993728316,9.420985730754893e-5,126.13394855286705,0.6680446437940238,0.9998044993728316,0.9992237612038842
137353.515625,0.510986328125,215.556640625,0.18569335937500003,0.29584960937500004,20992.013454437256,4300.78125,0.24814364811577178,1.0001407383572167,2.113419885589303e-5,263.2072929803909,0.3729387496219569,0.9999956008977547,3.692377663988622e-5,176.8874258156243,0.5047484592627396,1.0000137100473343,6.0431123201361396e-5,131.60337000307445,0.5047484592627396,1.0000137100473343,1.0001500505523926
137426.7578125,1.9124755859375,103.4130859375,0.30617675781250003,0.20261230468750002,49137.33756542206,4923.828125,0.26606595067863087,1.000168259432312,5.8077078044805895e-5,297.6417128843907,0.41833352500911686,1.000000865720141,0.00010791127901091736,182.77603660658633,0.5754951686619856,0.9999943634144648,0.00018392530100203974,127.57074563069088,0.5754951686619856,0.9999943634144648,1.000163487759294
137646.484375,0.503662109375,249.091796875,0.24282226562500003,0.25161132812500003,53239.2954826355,8261.71875,0.25019076887977304,1.000559379095959,1.9603330055244842e-5,225.27484270387816,0.378496666114814,1.0005771507850951,3.443650338631234e-5,147.71204269888003,0.5143711998300176,1.0003613728601586,5.651745522063442e-5,107.43797558066254,0.5143711998300176,1.0003613728601586,1.0014986364150187
137719.7265625,1.9080810546875,352.1044921875,0.28654785156250007,0.23337402343750002,26968.077540397644,8884.765625,0.3679610283681771,0.9981662488378188,4.893959228492323e-5,249.50991463088397,0.652083273276065,0.9994751668925179,0.00012519016281193119,121.18275743610783,0.8581808699773629,0.9996496181151024,0.0002449541876881474,81.2749951924126,0.8581808699773629,0.9996496181151024,0.9972928223267499
137939.453125,1.627197265625,84.736328125,0.208544921875,0.30463867187500004,45505.65481185913,7753.90625,0.2651851263538549,1.0005269010394922,5.4419825832094205e-5,221.84305970543954,0.4138321594202576,1.000418003535638,0.00010184190671350739,140.65099054003096,0.5647911532970135,1.0002533827536357,0.00017474496661586572,101.42397925184522,0.5647911532970135,1.0002533827536357,1.0011987470535932
138232.421875,1.250732421875,366.630859375,0.28911132812500007,0.357666015625,3438.0831718444824,3277.34375,0.3552796182511666,0.9990269505360003,3.435734193463964e-5,357.04973191899904,0.6214454124579507,0.9992184624988757,8.557886691199399e-5,175.25754241198743,0.8210070511238777,0.9995193294621697,0.0001687411966444918,117.14618537544452,0.8210070511238777,0.9995193294621697,0.9977663459844147
138305.6640625,1.1610107421875,298.3154296875,0.1840087890625,0.1507568359375,66014.46998119354,3900.390625,0.34573008270063993,0.9994667147284869,3.338413014768783e-5,266.9434435053014,0.597582959114971,0.9996144627805408,8.159074599288344e-5,143.45003651916218,0.7913645413606878,0.9996757219711336,0.00016071435634095732,101.8563813420036,0.7913645413606878,0.9996757219711336,0.9987574029687564
138525.390625,0.880126953125,222.197265625,0.25483398437500004,0.386083984375,13681.4284324646,4769.53125,0.29041467616906447,1.000026269699437,2.9067717109247985e-5,284.25802152150936,0.47364587956957954,0.9999518393173539,5.967912836237617e-5,165.89065490431065,0.6465801144860259,1.0000251809305816,0.00010842633345151836,115.48742393589299,0.6465801144860259,1.0000251809305816,1.0000032881309386
138598.6328125,1.5316162109375,123.3349609375,0.21594238281250003,0.1053466796875,57240.227580070496,4392.578125,0.2758937205585071,0.9999464554603563,4.851183258198145e-5,268.9479062763702,0.44056372822205453,0.9998862444541271,9.407305047458501e-5,165.44440401443293,0.6042761217846585,0.9998851894695706,0.0001649204033856587,118.2277385866271,0.6042761217846585,0.9998851894695706,0.9997179146821547
138818.359375,1.997802734375,160.107421875,0.375244140625,0.13325195312500002,27542.853832244873,3605.46875,0.26972898603661866,0.9996855435932351,5.602393612657277e-5,377.955262097998,0.43029168508263343,0.9997045779215125,0.00010432044413026878,223.51311288992187,0.598453605524672,0.9997117682292569,0.00017736079230477072,150.3276482573061,0.598453605524672,0.9997117682292569,0.9991021584009495
138891.6015625,0.5897216796875,101.0888671875,0.1142822265625,0.37751464843750004,48284.07561779022,3228.515625,0.21339578850269286,1.0000680307165741,3.184739856881224e-5,271.57296418117096,0.2900475146045378,0.9999547506607922,4.740891564735076e-5,206.56467038530715,0.3749108059319559,0.9999502745317538,6.849472488509635e-5,165.27339157112246,0.3749108059319559,0.9999502745317538,0.9999730516981136
139111.328125,0.871337890625,346.376953125,0.34331054687500007,0.16049804687500002,36539.002895355225,4097.65625,0.2786245269004682,0.9997280015760145,2.6104237018877858e-5,343.64204726862414,0.45090854861260626,0.9997596695247506,5.0449214483379846e-5,199.8760897410958,0.6253470398319662,0.9997959586806793,8.791282103437452e-5,134.8689308751843,0.6253470398319662,0.9997959586806793,0.9992837996738813
139184.5703125,1.7161865234375,232.9052734375,0.1485595703125,0.3285888671875,40688.320994377136,4720.703125,0.3981498841517242,0.9995032041006525,4.7180167242915316e-5,238.77867285819028,0.6938088842351569,0.999564937205759,0.00013442845183982805,121.24737158257186,0.8741838806951311,0.9996296352601711,0.00027941094081685255,88.99334370672375,0.8741838806951311,0.9996296352601711,0.9986983377515478
139404.296875,1.244873046875,107.646484375,0.15903320312500002,0.18305664062500002,62931.933879852295,8621.09375,0.26600620546821885,1.000573840601291,4.371573740184146e-5,198.29133783266053,0.41535146161974207,1.0003442053851725,8.217668772291355e-5,127.06833986085138,0.5663057262498578,1.00038821750652,0.0001414488623421068,92.8054624763361,0.5663057262498578,1.00038821750652,1.0013068174902127
139477.5390625,1.3426513671875,217.2998046875,0.34924316406250006,0.31364746093750007,12252.70164012909,8244.140625,0.2956952165827304,1.0001776684171728,3.923645045264244e-5,271.17432622780444,0.49015698758469367,1.0001276281199047,8.098988524570142e-5,151.0796017243932,0.6748221416206335,1.0001040757082982,0.00014689170262756934,100.60225224378289,0.6748221416206335,1.0001040757082982,1.0004094266971753
139697.265625,1.624267578125,313.837890625,0.127099609375,0.223193359375,54256.69240951538,7113.28125,0.43502021753294456,0.9990646133924873,4.329343261041836e-5,198.373984144917,0.7548044654926046,0.9995576100875764,0.0001349457645645813,97.96851326808469,0.9221725232612981,0.9994611726408776,0.00028334849331251106,73.77891852339934,0.9221725232612981,0.9994611726408776,0.9980845520872546
139770.5078125,0.9632568359375,371.6943359375,0.3835205078125,0.27995605468750007,20223.77097606659,7736.328125,0.2947865412132114,1.0000398193331943,2.7712348310630214e-5,294.5053420368422,0.49010607597760314,1.0000058443819588,5.665359713465435e-5,162.4191794238494,0.6784814298935461,1.0000023055091785,0.00010190089818963132,106.59765317239116,0.6784814298935461,1.0000023055091785,1.0000479695623297
139990.234375,1.499755859375,60.498046875,0.357666015625,0.39458007812500007,38502.952098846436,6949.21875,0.22190222409111054,1.0008616961019663,5.766161312757626e-5,272.9213649482979,0.31084240981973416,1.000620121784232,8.904755115382847e-5,193.65519965814366,0.40960621478564774,1.0005389088019752,0.0001326115642424364,145.6894649936392,0.40960621478564774,1.0005389088019752,1.0020220598973688
140063.4765625,1.0291748046875,174.1357421875,0.17170410156250002,0.1138427734375,34988.41750621796,6322.265625,0.2837804330894759,1.000051792870494,3.434897378129788e-5,223.22381317791297,0.4578104318720982,1.0000612969880809,6.892836955643416e-5,136.51553411825256,0.6255857683171059,0.9999794507368867,0.0001234256604305012,98.49161368576668,0.6255857683171059,0.9999794507368867,1.0000925414462298
140283.203125,1.123291015625,268.017578125,0.39838867187500004,0.34916992187500007,48297.83010482788,9441.40625,0.29076044683386676,1.0002498340375772,3.300609683820436e-5,275.9053909685697,0.4793188861792578,1.0002264843059043,6.680935118898615e-5,153.73142408686178,0.6623285438260407,1.0002307495534781,0.0001197571153041227,101.09742991354483,0.6623285438260407,1.0002307495534781,1.00070723440375
140356.4453125,1.4056396484375,327.2021484375,0.12863769531250002,0.1422607421875,28899.189829826355,9814.453125,0.41252316859435995,0.9993217016451044,3.814131365392011e-5,176.4426419613638,0.7205351054944547,0.9996269691295806,0.00011225069376954227,88.52977886265526,0.8977805689268982,0.9995187367620388,0.00023357068208538871,65.1340759567884,0.8977805689268982,0.9995187367620388,0.9984681664072844
140576.171875,0.746826171875,199.287109375,0.103955078125,0.28969726562500003,21700.168132781982,5964.84375,0.28801088280418574,1.0000338377268645,2.7066644175897423e-5,208.52392563255717,0.4651050816927079,1.0000507892654,5.5655269161569845e-5,129.95865026076595,0.6309550891432685,0.9998607590680955,0.00010126780236034203,96.04961380208266,0.6309550891432685,0.9998607590680955,0.9999453759951726
140649.4140625,1.7821044921875,141.5966796875,0.3691650390625001,0.19528808593750002,57552.639842033386,5337.890625,0.2652740457507995,1.0000126882208917,5.252670317024949e-5,321.7827917229314,0.41808644713236903,0.9999542332231347,9.666267547950705e-5,194.0982727537861,0.5783446151119641,0.9999689584597558,0.00016341045450691478,132.54216238714744,0.5783446151119641,0.9999689584597558,0.9999358803499107
140869.140625,1.876220703125,384.228515625,0.144677734375,0.26655273437500004,10257.188320159912,2457.03125,0.4716900809379811,0.9895495451492751,4.7616985073020875e-5,295.10790372509064,0.8086759986037311,0.998202804428038,0.0001623141422827355,139.28062276088903,0.9521622583007211,0.8170380801122025,0.0002668754346577921,110.55085749610501,0.9521622583007211,0.8170380801122025,0.8070466285348032
140942.3828125,0.6527099609375,274.7412109375,0.32609863281250007,0.24831542968750003,65830.77323436737,2830.078125,0.25634789107210676,0.9997358964937245,2.2749513549488516e-5,369.2128445718854,0.3946760984353595,0.9997167726169316,4.072612874324726e-5,231.0746304675731,0.5407219256791993,0.9997658453441995,6.771402565328433e-5,162.09562682495618,0.5407219256791993,0.9997658453441995,0.9992187173987614
141162.109375,1.001708984375,322.138671875,0.18540039062500002,0.21997070312500003,30496.375560760498,5167.96875,0.34337755550746196,0.9996536714407391,2.9476182427687936e-5,247.37287400202987,0.5915532076174969,0.9998286659778104,7.175383488499331e-5,132.9111383708839,0.7838059887526668,0.9998382087597616,0.0001413791838546885,93.85254576520353,0.7838059887526668,0.9998382087597616,0.999320689259847
141235.3515625,1.4686279296875,252.4951171875,0.30412597656250007,0.2767333984375,42194.300532341,5541.015625,0.31935963452296673,0.9997163338867439,4.1313752710781504e-5,300.19016727615053,0.5447930645735415,0.9998128922963624,9.219870233507454e-5,159.13791104632742,0.7411874629372158,0.9998403489998365,0.00017381780597967056,106.0160301346339,0.7411874629372158,0.9998403489998365,0.9993697034100949
141455.078125,1.375244140625,179.033203125,0.22846679687500002,0.186279296875,19909.654140472412,2660.15625,0.297675022756677,0.999521333632056,4.200285801577584e-5,327.63986701250553,0.4918680686721273,0.9995689374889897,8.804194912964854e-5,188.69151805884243,0.6721802906126499,0.9996500515990417,0.00016145789394312945,131.99112524090927,0.6721802906126499,0.9996500515990417,0.9987408473411737
141528.3203125,1.0950927734375,76.1865234375,0.2634033203125,0.3168701171875,50342.8772687912,2033.203125,0.2190257347421802,0.9997243280951877,4.717191489342761e-5,361.89544973864844,0.3038172872504975,0.9998593465894682,7.196575233089042e-5,263.28077612072934,0.39792206910190964,0.9997773977902851,0.00010610502023232278,202.89365351035656,0.39792206910190964,0.9997773977902851,0.9993612039154386
141748.046875,1.748779296875,290.927734375,0.26918945312500003,0.17133789062500002,62187.56437301636,6183.59375,0.3417934347352524,0.99945124089241,4.671751986925848e-5,275.2827157149576,0.5961848040601945,0.9996522013522233,0.00011114703502965371,141.02319535646987,0.8006325991704941,0.9997878071020385,0.00021416882446731838,94.94669471052158,0.8006325991704941,0.9997878071020385,0.9988916304070371
141821.2890625,0.7215576171875,389.9560546875,0.23908691406250002,0.33942871093750004,18293.076395988464,6556.640625,0.32358499136910324,1.000051258229008,2.2138507276928522e-5,252.87399452328404,0.5495425723833592,1.0000476516083818,5.068304365304467e-5,136.93062144602823,0.7393504080058564,1.000030426046421,9.731601589767056e-5,94.0057963130164,0.7393504080058564,1.000030426046421,1.0001293413358574
142041.015625,0.628173828125,125.244140625,0.312255859375,0.12241210937500001,70631.112575531,9675.78125,0.2079336229720977,1.000819158423047,2.9248604895929294e-5,224.3651731097231,0.2778884343502403,1.0010447824045454,4.207900959134508e-5,168.6259097535274,0.35632676067372365,1.0007273702322443,5.9042626472082e-5,132.15258952419427,0.35632676067372365,1.0007273702322443,1.0025935232997307
142114.2578125,1.8421630859375,193.7255859375,0.1983642578125,0.3666748046875,12303.658366203308,9048.828125,0.36806810980338717,0.9999602580944345,5.108355163136671e-5,213.88438975747817,0.6407904481020783,1.0000363323771717,0.000133753621825841,108.38351439548498,0.8310994137098434,1.000037315576776,0.00027097548340140914,75.29794938653387,0.8310994137098434,1.000037315576776,1.000033904477182
142333.984375,1.698974609375,339.404296875,0.11625976562500001,0.20942382812500002,19552.711009979248,9386.71875,0.4647883943359242,0.9962992904766494,4.423120612227146e-5,178.10005199521754,0.7943678300946928,0.9991500579326501,0.00014883785058099574,85.36345190907723,0.9498195758097197,0.9976422914507157,0.00031110243352911886,65.43663485525853,0.9498195758097197,0.9976422914507157,0.9931055069429686
142407.2265625,0.8533935546875,240.5419921875,0.3756103515625,0.3036865234375,61888.02993297577,9759.765625,0.2638236325352691,1.0004802559782973,2.7836181754448388e-5,256.93083036539605,0.4133529492121279,1.0003863059810514,5.120979021773799e-5,156.0231992127997,0.5693324481800042,1.000268379387072,8.66622132578783e-5,107.0188153130362,0.5693324481800042,1.000268379387072,1.0011353594893362
142626.953125,0.572509765625,164.423828125,0.147607421875,0.23432617187500002,9364.41946029663,6878.90625,0.238146870251046,1.0008259394468424,2.5255129003130523e-5,217.5866800206542,0.3489993292081696,1.00063406330985,4.227766946601569e-5,151.14187103448967,0.4680648022282748,1.000389892528839,6.706176512588591e-5,114.41255390190285,0.4680648022282748,1.000389892528839,1.0018509884317839
142700.1953125,1.9798583984375,96.1083984375,0.3419189453125,0.2524169921875,70062.75641918182,6251.953125,0.2585944021090112,1.0001818100545072,6.0867157914479756e-5,290.173201510788,0.4003597201723296,1.0001153579946431,0.00010980333514932895,180.35433124905663,0.5497823329797082,1.000060154267717,0.0001833766824460655,125.78593302534291,0.5497823329797082,1.000060154267717,1.0003573611672987
142919.921875,0.946044921875,308.193359375,0.35004882812500004,0.10922851562500001,42494.87638473511,2402.34375,0.2668850204762026,0.9995654934970261,2.8703436566072358e-5,415.4212500953651,0.4226781020699468,0.999480867533182,5.300725927269676e-5,248.33635842892937,0.5862042924675004,0.9995570906328191,8.976548865112602e-5,168.45393395363448,0.5862042924675004,0.9995570906328191,0.998604099505187
142993.1640625,1.6063232421875,378.0029296875,0.1605712890625,0.38981933593750007,30609.48646068573,2775.390625,0.4542783785535687,0.9969758161532141,4.2205123436114235e-5,298.10559274666207,0.7829130618414826,0.9987322680665914,0.00013784615000503499,139.05610847258131,0.9470585178445841,0.8886436448348409,0.000245936511275262,107.17476227467112,0.9470585178445841,0.8886436448348409,0.8848330680829837
143212.890625,1.325439453125,110.634765625,0.38139648437500007,0.147021484375,52964.540004730225,5894.53125,0.2285752999127852,1.0001772937701854,4.592491637615261e-5,301.92989171667494,0.32783482859259105,1.000178077294102,7.266472623567015e-5,207.01290891074655,0.438749068567825,1.000074683995828,0.00011021662044190951,151.55243468202568,0.438749068567825,1.000074683995828,1.0004301131749993
143286.1328125,1.2269287109375,213.6474609375,0.1268798828125,0.3537841796875001,23012.001872062683,5267.578125,0.34956141298114307,0.9997372833954999,3.728020682247447e-5,223.78741983554167,0.598994403203832,0.9997720550514821,9.359091475302181e-5,123.26594813317399,0.7845963434487183,0.9997960689804942,0.00018787930786866666,89.72938849320725,0.7845963434487183,0.9997960689804942,0.9993055673612976
143505.859375,0.802490234375,91.044921875,0.28618164062500007,0.325439453125,56957.58771896362,2730.46875,0.2100411394844027,1.0000262620751834,3.8610093313834434e-5,340.25528818825927,0.2825478378077994,0.9999621371787326,5.62748563635854e-5,255.46878019510464,0.36351440609653496,1.0000176344237328,7.989948466671464e-5,200.53962454907767,0.36351440609653496,1.0000176344237328,1.0000060324787026
143579.1015625,1.6444091796875,148.9013671875,0.24084472656250003,0.15720214843750002,17942.797541618347,2103.515625,0.2897097107671703,0.9994567738989824,4.9713990665482146e-5,359.79135441847785,0.4739623480275738,0.9994630681369779,0.0001011360377131486,209.70969188172592,0.6502823965289027,0.9995946762933412,0.0001823830856063548,145.98703735496133,0.6502823965289027,0.9995946762933412,0.9985152477001108
143798.828125,1.926025390625,245.439453125,0.31987304687500007,0.38081054687500004,66397.27926254272,5222.65625,0.3486974411420568,0.9993800110946316,5.176973534210486e-5,326.34368630164585,0.6089103617375231,0.9995996656333921,0.00012629415001147736,159.9774384228584,0.8104829072556615,0.9998028346360567,0.00024686045015806307,104.92461574761911,0.8104829072556615,0.9998028346360567,0.9987829606904183
143872.0703125,0.5208740234375,355.0927734375,0.20949707031250003,0.1364013671875,12317.196726799011,5595.703125,0.2757136665894104,0.9999716761476342,1.8208132230692913e-5,249.47603783166832,0.4392908795106706,1.000076736060608,3.5349458339689224e-5,153.34781079683773,0.6015459773566668,1.0000211215375694,6.200735685953403e-5,109.276692045551,0.6015459773566668,1.0000211215375694,1.000069532594845
144091.796875,1.549560546875,229.833984375,0.18247070312500002,0.281494140625,38857.86771774292,9746.09375,0.363366250097835,1.0000252901406352,4.3620514838068417e-5,201.80545694551674,0.6320252182545735,1.000022342080972,0.00011259860946868504,103.84464807889489,0.8234179115115762,1.0000042648285359,0.00022696642392980323,72.4353715417035,0.8234179115115762,1.0000042648285359,1.0000518978183233
144165.0390625,0.8973388671875,116.3623046875,0.2883056640625,0.22458496093750002,41753.72397899628,9119.140625,0.2280623982252826,1.0009590874496879,3.6152322133627555e-5,230.09454918731154,0.3256804529179913,1.0007515906493465,5.745355966902882e-5,160.63834644209737,0.43348042459777814,1.0006189675394914,8.752678305101146e-5,120.00545543014991,0.43348042459777814,1.0006189675394914,1.002331425780076
144384.765625,1.178955078125,361.650390625,0.21616210937500002,0.312255859375,27976.083278656006,6238.28125,0.3691219277839747,0.9996676983631808,3.297053564181033e-5,253.4711825664584,0.6455865429107199,0.9997367550284054,8.60560741203982e-5,126.68407595024222,0.8390345725599594,0.9998723459661046,0.00017334105462293118,87.71771134029555,0.8390345725599594,0.9998723459661046,0.999276962847186
144458.0078125,1.2679443359375,302.6318359375,0.2569580078125,0.1815185546875,49528.74839305878,6611.328125,0.3254031740596313,0.9998826927889166,3.5903717241850275e-5,261.1519090842276,0.5579326726790103,0.9998740600689525,8.174113935101309e-5,139.30457933085222,0.7553795609779648,0.9999140660846025,0.00015562850522106832,94.345354990626,0.7553795609779648,0.9999140660846025,0.9996708546180435
144677.734375,1.101318359375,182.685546875,0.30610351562500004,0.146142578125,12895.92695236206,7824.21875,0.26047965002666723,1.000280180554636,3.57789607013709e-5,254.1704002570523,0.4051825577330217,1.0001998333608852,6.496660236469655e-5,158.26520244051449,0.5571666784946282,1.0001901923733691,0.0001090377340761136,110.84199226358471,0.5571666784946282,1.0001901923733691,1.000670353583947
144750.9765625,1.3807373046875,73.1982421875,0.18576660156250002,0.3529052734375,66082.3963880539,7447.265625,0.24141960610483745,1.000891178776054,5.303609687869379e-5,224.15627436225884,0.3567776567193992,1.0006285343745818,9.004595963310094e-5,152.72171171163762,0.4803012451511614,1.0004674339740869,0.0001443190136926447,113.85551507466911,0.4803012451511614,1.0004674339740869,1.0019884178886016
144970.703125,1.474853515625,315.830078125,0.262451171875,0.110107421875,22322.030544281006,8316.40625,0.3291258023698897,0.9999054003598582,4.0258697362216137e-5,242.65251716641004,0.5686044906984012,0.9999355323876714,9.216346815674965e-5,128.02350215725934,0.7711067915704595,0.9999940808846209,0.00017512248390156302,86.18502763438816,0.7711067915704595,0.9999940808846209,0.9998350206722648
145043.9453125,1.0072021484375,258.1396484375,0.22707519531250003,0.39069824218750004,57852.66578197479,8939.453125,0.32377680360811584,1.000300215626883,3.097330571076131e-5,225.399273056113,0.5487362757534534,1.0001865189816002,7.12023444342105e-5,122.16759602693209,0.736707295068624,1.0001559371470723,0.00013725854658115752,83.79833379278435,0.736707295068624,1.0001559371470723,1.0006428036602064
145263.671875,1.848388671875,130.224609375,0.23989257812500003,0.24750976562500002,50023.47135543823,4839.84375,0.2967371977318779,0.9999316333143496,5.5295581686519954e-5,279.7878803324003,0.489492688859941,0.9998522417756056,0.0001156246752821648,160.82252481746056,0.6688753441294407,0.9998687516875644,0.00021189234334907236,111.632700183486,0.6688753441294407,0.9998687516875644,0.9996526652439637
145336.9140625,0.6336669921875,189.4091796875,0.2707275390625,0.2656005859375,28358.15131664276,4462.890625,0.23792099360633057,1.00006112959327,2.5605046964294886e-5,293.17127532048187,0.34921448469607547,1.0001427253318758,4.261349912790801e-5,198.53794163068144,0.4701780436092148,0.999979154558295,6.722563922806753e-5,146.4059414277338,0.4701780436092148,0.999979154558295,1.0001830139585546
145556.640625,0.727783203125,283.291015625,0.19624023437500002,0.19624023437500002,40598.37484359741,3332.03125,0.28925119170311764,0.9996282313636272,2.4452266858286966e-5,290.6013290156142,0.47099749322836026,0.9997401406570308,4.9988673825004653e-5,173.45816039691465,0.6432025119751517,0.9997986231493069,9.058246441706478e-5,123.3434789027884,0.6432025119751517,0.9997986231493069,0.9991672189533173
145629.8828125,1.7542724609375,396.9287109375,0.31203613281250003,0.2905029296875,36888.787150382996,3955.078125,0.36320747002203074,0.9968293504735137,4.544626176725349e-5,364.55345103747453,0.6421072067982069,0.9985880696999859,0.00011493860243471976,173.42049970721945,0.8489429053269028,0.9989690497557171,0.0002244250457410687,114.2558478047667,0.8489429053269028,0.9989690497557171,0.9943956664618533
145849.609375,1.400146484375,263.701171875,0.17133789062500002,0.31840820312500007,70536.81135177612,4042.96875,0.37000834573611086,0.9994506364227045,3.987161953956474e-5,267.5338179582255,0.6433968534754059,0.999570326440304,0.00010517738478564364,137.79028008549207,0.8321773731147035,0.9997288446772035,0.0002138674042933177,98.31666674401612,0.8321773731147035,0.9997288446772035,0.9987503089943413
145922.8515625,1.1170654296875,332.1826171875,0.3556884765625,0.1876708984375,5783.152461051941,4666.015625,0.28799984241697646,0.9996491836041488,3.216703366486552e-5,344.9301677509828,0.47423332531417994,0.9997452920555058,6.416078545142441e-5,193.91409317258925,0.658412826956943,0.999770453590696,0.00011377546524931709,128.3788267213805,0.658412826956943,0.999770453590696,0.9991651575815005
146142.578125,1.023681640625,67.470703125,0.130029296875,0.27534179687500004,61357.43856430054,3535.15625,0.2167387280454665,1.0000454792113822,4.865132986283047e-5,268.3574075070796,0.2979885073896493,0.9999370065875193,7.359723161837142e-5,200.96765794447018,0.38785672310344843,0.9998806940103443,0.00010776361842541106,158.9893260257483,0.38785672310344843,0.9998806940103443,0.9998631790342459
146215.8203125,1.4935302734375,166.4990234375,0.39934082031250007,0.2184326171875,14070.767283439636,3158.203125,0.2571973819231461,0.9997548892472287,4.559759323875692e-5,406.2600682337996,0.39849223772815223,0.9997305816088452,8.124670086631896e-5,248.29623391395734,0.5498405533165432,0.9997730411634734,0.00013441300197467474,169.2536100938252,0.5498405533165432,0.9997730411634734,0.9992586948188401
146435.546875,0.647216796875,381.240234375,0.36762695312500004,0.363525390625,26085.818767547607,7058.59375,0.2812199144381976,1.0001142400787897,2.0742445749249973e-5,297.5535885667469,0.4549343318704356,1.0001066261136737,4.080755484817808e-5,170.87643016856563,0.6270124925254238,1.0000515210743057,7.208917495171499e-5,114.61817365020777,0.6270124925254238,1.0000515210743057,1.0002724108276357
146508.7890625,1.8699951171875,278.3935546875,0.1031494140625,0.11911621093750001,55500.44333934784,7681.640625,0.4403382781866435,0.998683555887235,4.9630310654901344e-5,186.69934070837581,0.7613517548822296,0.9993364990614398,0.00015715044335443316,92.86109679230269,0.9260322268679205,0.9991718309514446,0.00033103799144270523,70.61398534872842,0.9260322268679205,0.9991718309514446,0.9971943983678591
146728.515625,1.776611328125,204.931640625,0.32631835937500003,0.34272460937500004,35482.553005218506,8550.78125,0.3192752508502877,1.0000971741522826,4.967970277061983e-5,270.04669656427274,0.5442932779355788,1.0000541863770318,0.00011096292142368636,141.85579387941388,0.7401282568690196,1.000140841689197,0.00020962781909625612,93.15855220194972,0.7401282568690196,1.000140841689197,1.000292228802641
146801.7578125,0.7406005859375,135.2880859375,0.14680175781250002,0.1744873046875,47268.65470409393,8173.828125,0.23994103766501862,1.0008773505315485,3.136292120541222e-5,205.51526536280448,0.3532249382161637,1.0006762138742336,5.289857486516582e-5,141.50654374289607,0.4748094451796951,1.0003076723739097,8.430175608577581e-5,106.5770540743941,0.4748094451796951,1.0003076723739097,1.0018623082276774
147021.484375,1.300537109375,195.966796875,0.252197265625,0.24223632812500004,66284.03425216675,2011.71875,0.29507115090063807,0.9993660185229283,4.010724197207655e-5,376.32669240478197,0.486189707666156,0.9994371100258456,8.325263526656289e-5,214.68244175315624,0.6655345075348436,0.999563805780825,0.00015193405567631496,147.96824974335672,0.6655345075348436,0.999563805780825,0.9983678131041631
147094.7265625,1.2049560546875,128.9794921875,0.22092285156250002,0.26149902343750003,8503.752589225769,2634.765625,0.26216205970335504,0.9997049631304995,4.236283081955884e-5,324.8618716569176,0.40698375999592656,0.9996909025762908,7.82226725406978e-5,206.28967864122535,0.5557380641372758,0.9996955070061505,0.00013295873978958996,148.7437082310428,0.5557380641372758,0.9996955070061505,0.9990916478349684
147314.453125,0.924072265625,392.861328125,0.29291992187500004,0.20151367187500002,58182.96194076538,5503.90625,0.3082574991070388,0.9997177891344061,2.6961973774597132e-5,296.83150835301774,0.5198813526669184,0.9998113472250262,5.799470392914624e-5,161.83705703078317,0.7124776726543977,0.999861411557424,0.00010743128892583929,108.34550115856158,0.7124776726543977,0.999861411557424,0.9993906664055995
147607.421875,0.547607421875,79.755859375,0.20473632812500003,0.14204101562500002,31452.365398406982,9027.34375,0.190246628975924,1.0016415834238972,3.5512011269837116e-5,211.81842645873,0.23658666644345364,1.0012522734035176,4.6438391379550234e-5,173.22068176628687,0.2879088746493957,1.0011535580891786,6.005931814252766e-5,144.53600216558033,0.2879088746493957,1.0011535580891786,1.0040528112311895
147680.6640625,1.9578857421875,181.4404296875,0.32463378906250007,0.3476318359375,52699.65064525604,9650.390625,0.3186629429239808,1.0002333395296372,5.450917018524347e-5,257.64296362841185,0.5426962439626614,1.00017325175312,0.00012160594747121495,135.61068904715435,0.7380176322782223,1.0001631477582331,0.00022965092569584008,89.06797607427808,0.7380176322782223,1.0001631477582331,1.0005698458085248
147900.390625,1.677001953125,254.072265625,0.24545898437500002,0.114208984375,39016.6335105896,6519.53125,0.3282916295033593,0.999754785778078,4.6252709508098334e-5,259.83201476488415,0.565167332521324,0.9998965664657578,0.00010605045356683587,138.00483586482778,0.7649142325834357,0.999938582190675,0.00020216496308165068,93.6731066828369,0.7649142325834357,0.999938582190675,0.999589981209508
147973.6328125,0.8284912109375,325.2099609375,0.28156738281250004,0.3959716796875,42300.774455070496,6142.578125,0.3099745668954919,0.9998831962664103,2.5823762354288665e-5,282.069932089993,0.5196647512734333,0.99992895353502,5.652651920223709e-5,153.96782655936755,0.7056544401258025,0.9999982144035353,0.00010620394608055515,103.95848741306742,0.7056544401258025,0.9999982144035353,0.9998103728388678
148193.359375,1.200927734375,276.982421875,0.12211914062500001,0.36762695312500004,11141.547679901123,9855.46875,0.3850151226701013,0.999591313144339,3.491973661259133e-5,185.14941634282147,0.6676278868701572,0.9997235164309751,9.681313667056263e-5,94.98100081741339,0.8490207814534042,0.9997395944950065,0.00020127691068381014,68.10358502291592,0.8490207814534042,0.9997395944950065,0.999054715458247
148266.6015625,1.2928466796875,387.9638671875,0.38615722656250007,0.12438964843750001,71655.07781505585,9478.515625,0.2855353088043068,0.9999438274085616,3.527644616949993e-5,279.82811781821744,0.47104567422312005,1.0000038835646354,6.914055995247049e-5,157.68518133113062,0.6595141802188461,1.000045578626046,0.00012086336313741137,103.46028866963974,0.6595141802188461,1.000045578626046,0.9999932869978212
148486.328125,1.574462890625,144.501953125,0.16518554687500003,0.338623046875,16657.960414886475,6347.65625,0.3167509865915071,1.00003296633958,4.8648826798783144e-5,230.48176341304944,0.5314726238119136,0.9999627452245575,0.0001098662950803275,130.5949129676987,0.7145845240904167,0.9998813173821737,0.00021026152747185054,92.65027571676228,0.7145845240904167,0.9998813173821737,0.9998770282272661
148559.5703125,0.9193115234375,201.0302734375,0.3454345703125,0.16921386718750003,63220.45600414276,6970.703125,0.24703022038322778,1.0002114233397805,3.1347708324608396e-5,280.34070261074186,0.3726538723477379,1.0001405094022682,5.3837351112854326e-5,180.42362711977972,0.5089178174819347,1.0001038250644954,8.686587913793418e-5,127.72668832362959,0.5089178174819347,1.0001038250644954,1.000455824056035
148779.296875,1.947998046875,330.771484375,0.337158203125,0.32368164062500004,55287.768840789795,2871.09375,0.35137088166891667,0.9976642221879726,5.08733862018191e-5,425.8256693681451,0.6177623394304477,0.9985553326730348,0.00012430146257800406,203.65147367247496,0.8252583798785305,0.998997949153003,0.0002408043262414781,131.4968538613135,0.8252583798785305,0.998997949153003,0.9952246632528097
148852.5390625,0.5457763671875,270.4248046875,0.1523681640625,0.1917724609375,22918.22898387909,2494.140625,0.26603861474250906,0.9995893705472643,2.0963387202110533e-5,295.7155496998177,0.41536779410720687,0.9997065473234861,3.945258665544942e-5,190.55358354928535,0.5683896035909968,0.9997010655754555,6.795514608285702e-5,140.3359714667266,0.5683896035909968,0.9997010655754555,0.9989973143848822
149072.265625,0.827392578125,175.712890625,0.380224609375,0.27006835937500007,46535.98928451538,5363.28125,0.2343478030700134,1.0000842704486859,3.0803350070324606e-5,317.802812419817,0.3414620208525157,1.0001485236219214,5.0184235928391724e-5,213.07319415922058,0.4596769657881496,1.0000281947844176,7.789909582342438e-5,153.9240614777712,0.4596769657881496,1.0000281947844176,1.0002610079351089
149145.5078125,1.6663818359375,63.5693359375,0.1116455078125,0.21433105468750002,34770.52390575409,5986.328125,0.24733048327131038,1.000317778629601,6.203159732533944e-5,219.42093736799623,0.37047266825547415,0.9999673794032454,0.00010825453652810696,149.58756460555875,0.500274434950455,0.9999449066616688,0.0001770288903811386,112.8750227406401,0.500274434950455,0.9999449066616688,1.0002300386186498
149365.234375,0.702880859375,368.623046875,0.14204101562500002,0.103955078125,63781.882762908936,4699.21875,0.3214876180695826,0.9998013343707327,2.239745763430569e-5,238.32498625439374,0.5444958264972867,0.9998686009918212,5.120833152817631e-5,135.99170415187442,0.7304202490638089,0.9998415095951051,9.890734857603932e-5,97.78873650346618,0.7304202490638089,0.9998415095951051,0.9995115233700664
149438.4765625,1.7322998046875,312.2607421875,0.33107910156250003,0.3857177734375,15990.492701530457,4072.265625,0.35304622163856386,0.9987903364483003,4.643853433746655e-5,371.4324322394166,0.6188881170968433,0.9991884230076713,0.00011454258183475277,177.9216243483046,0.82198502784918,0.9995110629817798,0.00022432054058649134,115.40418816113566,0.82198502784918,0.9995110629817798,0.9974917919521765
149658.203125,1.826416015625,214.892578125,0.10776367187500001,0.15229492187500002,73674.78322982788,3191.40625,0.39051563449686616,0.9991347662130765,5.0954772176039724e-5,248.66011261270478,0.6789927415337247,0.9993409577151017,0.0001427739918535687,131.60339435428833,0.8606267282640399,0.999437037281091,0.00029618234640884977,98.76492956753395,0.8606267282640399,0.999437037281091,0.9979141892245071
149731.4453125,0.6087646484375,104.0771484375,0.3630126953125,0.3578857421875,6053.730845451355,3564.453125,0.19822164468247097,1.0002903273690156,3.331449446951049e-5,335.527794515468,0.2550199752131231,1.0003341442874014,4.5556263478683406e-5,262.5243606865238,0.3184924858108318,0.9999968667800418,6.120252840151601e-5,211.64639211564506,0.3184924858108318,0.9999968667800418,1.0006214334907797
149951.171875,1.449951171875,231.162109375,0.39458007812500007,0.20532226562500003,34678.25651168823,7714.84375,0.2734325811039167,1.000107151708012,4.194178295215632e-5,302.3644478028236,0.43917952663224485,1.0000464980759916,7.92858807571408e-5,176.21267493178243,0.6108235959135446,1.0000801176056406,0.00013619943494908417,117.32773976502747,0.6108235959135446,1.0000801176056406,1.0002337846824445
150024.4140625,0.9852294921875,343.4716796875,0.1347900390625,0.29841308593750004,46804.37934398651,7087.890625,0.37165074403392007,0.9997771934220643,2.908648694636629e-5,210.96606411591895,0.6441711325633047,0.999843217157318,7.749272833778664e-5,110.21023615474276,0.8299938129628718,0.9998483714128741,0.00015867039068781814,79.07334904230056,0.8299938129628718,0.9998483714128741,0.9994688744758159
150244.140625,1.079345703125,97.353515625,0.36030273437500004,0.23842773437500003,26340.745449066162,8207.03125,0.2183193386878081,1.0006785268398384,4.336238943061357e-5,260.17189930100113,0.3026213636590576,1.0005785431344776,6.564311729683427e-5,186.42520402539628,0.39697526340880795,1.0004510657990557,9.616449364453398e-5,140.8263211809371,0.39697526340880795,1.0004510657990557,1.0017090955287578
150317.3828125,1.3558349609375,157.8662109375,0.16672363281250002,0.2576904296875,56027.092814445496,8580.078125,0.30504563825244174,1.0002697359116641,4.306249233276731e-5,208.7021099911427,0.505933662581928,1.0001175788621595,9.339131721082774e-5,120.391488934032,0.6852285756219226,1.0001694954410847,0.00017505926512777122,84.94713855016087,0.6852285756219226,1.0001694954410847,1.0005569075836138
150537.109375,1.798583984375,120.263671875,0.30727539062500003,0.28559570312500004,23088.538646697998,7417.96875,0.2740808161191556,1.0003003038413616,5.547364772765116e-5,268.5718798827097,0.4372950406737913,1.0000997517960395,0.00010651804935376322,160.07589336123766,0.6015713252002035,1.0001419976734576,0.000185662940432529,109.98218504420524,0.6015713252002035,1.0001419976734576,1.0005421400779297
150610.3515625,0.7655029296875,220.6201171875,0.20100097656250002,0.22985839843750003,60585.902094841,7791.015625,0.2721925942819054,1.0003419588069196,2.7255330493246013e-5,226.12107347762486,0.43072331710024,1.000236892123893,5.2376427566891805e-5,139.69984929460625,0.5890865589697843,1.000192073865815,9.138685912106076e-5,99.5705518859092,0.5890865589697843,1.000192073865815,1.0007711170016713
150830.078125,0.672119140625,295.908203125,0.27534179687500004,0.30815429687500007,15372.300624847412,8910.15625,0.276578830948269,1.000366904370112,2.29212381214158e-5,240.8448574751419,0.44222430687109077,1.0002525562927111,4.4599998499652824e-5,143.62846086608988,0.6067700819858312,1.0003334443702927,7.842203141708739e-5,99.31000747884408,0.6067700819858312,1.0003334443702927,1.0009532042836924
150903.3203125,1.8919677734375,363.0615234375,0.23527832031250004,0.17624511718750002,70187.7259016037,8283.203125,0.38230980045095864,0.9978113972268424,4.894301096962673e-5,244.65687945949358,0.6767161802904939,0.9994519526798473,0.00013111012134761098,117.5709710587378,0.8764957289172789,0.9996569356545947,0.0002607700077018743,80.29564855080227,0.8764957289172789,0.9996569356545947,0.9969224234547507
151123.046875,1.045654296875,152.802734375,0.22231445312500003,0.33071289062500003,41560.42814254761,4433.59375,0.2667125954298359,1.00005154475929,3.7267457369126e-5,282.41966649256807,0.41756873313107296,0.9999737567881437,7.015434406577754e-5,176.4959106115024,0.5704034870073269,0.9999228257090219,0.00012081840773709644,126.18047990673196,0.5704034870073269,0.9999228257090219,0.999948123951231
151196.2890625,1.5184326171875,81.8310546875,0.2672119140625,0.1613037109375,37627.21335887909,4806.640625,0.23343318588045506,1.000150026292912,5.553199910960218e-5,285.57397275912695,0.33865241779407695,1.0000693232234796,9.041128183557038e-5,196.23244109048875,0.45411331817162887,1.0001329211890964,0.0001403623085668333,145.52556567738594,0.45411331817162887,1.0001329211890964,1.0003523102633751
151416.015625,1.425048828125,348.369140625,0.19038085937500002,0.37553710937500007,50577.218532562256,3925.78125,0.4006302559913081,0.998924888228812,3.9060806536568606e-5,290.4386933242875,0.7013259444526391,0.9993354665606091,0.00011148992861484846,139.06473158659298,0.8864801156374715,0.9994398302754482,0.00022948553181892763,99.48445124913373,0.8864801156374715,0.9994398302754482,0.9977018736089588
151489.2578125,1.1390380859375,246.8505859375,0.3014892578125,0.13229980468750002,27476.906657218933,3298.828125,0.2772106809800682,0.9996453550388764,3.494881980761787e-5,352.2241915369857,0.44635241297263634,0.9996108215717038,6.748247542944119e-5,207.06638841370057,0.6171015197217969,0.9997150650373622,0.00011774330244647234,141.37909977481561,0.6171015197217969,0.9997150650373622,0.9989715915700739
151708.984375,0.902099609375,137.529296875,0.38813476562500004,0.293798828125,35554.358959198,3136.71875,0.22448143489756242,0.9998749412858781,3.5670529501412133e-5,378.4216751155312,0.31744282544881913,0.9998504461513882,5.5590383555652586e-5,263.02787938012466,0.42106366530567046,0.999852536988729,8.336230743756638e-5,194.27979156361934,0.42106366530567046,0.999852536988729,0.9995779836214447
151782.2265625,1.5565185546875,208.6669921875,0.12248535156250001,0.2005615234375,40036.192774772644,3509.765625,0.35965440617377353,0.9994171983045018,4.5436962073154544e-5,252.77334039009943,0.6209133898098615,0.9994743061228607,0.00011699458008167475,137.2190407295929,0.8084014215233731,0.9995586940359901,0.00023662211015926864,100.4245367619427,0.8084014215233731,0.9995586940359901,0.9984509938891376
152001.953125,1.275634765625,281.298828125,0.34448242187500006,0.262451171875,27455.42287826538,4628.90625,0.2966980991676612,0.999694941498875,3.7029161711427785e-5,346.4188687648852,0.4934865483634501,0.9996682152019414,7.648311546284804e-5,190.1398693968948,0.6810283763474643,0.9998110596115436,0.00013857624481801496,125.26704370803692,0.6810283763474643,0.9998110596115436,0.99917443783243
152294.921875,1.649169921875,170.068359375,0.15317382812500002,0.39985351562500004,62501.95646286011,8152.34375,0.34809812945481505,1.0000207487451764,4.8870525576331186e-5,212.66859239442812,0.5972782099598708,0.9999086963895852,0.00012190469396227748,113.33065093152845,0.7843855691484822,0.999966052383863,0.0002443860967765199,79.58589383042487,0.7843855691484822,0.999966052383863,0.9998954980194231
152368.1640625,0.8094482421875,69.8779296875,0.33869628906250004,0.1179443359375,25357.47230052948,8525.390625,0.1896634338422947,1.000947745768535,4.415452270031844e-5,240.0860192930516,0.23542691047430128,1.0009543981114828,5.747211362143595e-5,195.00492355772474,0.2862881273407287,1.0007902909636353,7.392556356901805e-5,161.76120163893057,0.2862881273407287,1.0007902909636353,1.002694843332384
152587.890625,0.528564453125,333.759765625,0.109521484375,0.34389648437500003,71835.75582504272,7644.53125,0.2996622159489618,1.0000697506918461,1.9052854446550033e-5,201.57316308105842,0.4914202971377744,1.0001076323758404,4.083760253499759e-5,120.58278079267004,0.6641307573073154,0.9999169877145947,7.61328009906226e-5,87.28913748493655,0.6641307573073154,0.9999169877145947,1.0000943635641169
152661.1328125,1.9300537109375,266.7724609375,0.3800048828125,0.13815917968750002,14717.141032218933,7017.578125,0.2888543397601975,0.9996960121434543,5.184978340041403e-5,318.37013743889577,0.47881446055772153,0.9998048779889785,0.00010293739016573623,177.18861104009113,0.6693879874844203,0.9998843125778041,0.00018136986854795607,115.63197822600095,0.6693879874844203,0.9998843125778041,0.9993853197588308
152880.859375,1.599365234375,399.169921875,0.22055664062500002,0.166064453125,47223.15168380737,8980.46875,0.3820851841061085,0.9990574948525717,4.211624028814242e-5,231.93275017344087,0.67526993316234,0.9997379962468682,0.00011286790061856902,112.04576723727244,0.8753286938885433,0.9996516361537519,0.00022474198586498663,77.08959034855157,0.8753286938885433,0.9996516361537519,0.9984477937144063
152954.1015625,0.9412841796875,287.0263671875,0.2502197265625,0.3353271484375,34481.95159435272,8353.515625,0.3100255975430857,1.0001288409716103,2.9291738781930083e-5,243.96069675414168,0.5196523554115957,1.0001137501186157,6.417126490606744e-5,134.1863244951318,0.7055545024545485,1.000148211211598,0.00012064008373028265,91.2625006394249,0.7055545024545485,1.000148211211598,1.0003908529143912
153173.828125,1.222900390625,192.314453125,0.179248046875,0.127685546875,55764.894008636475,7472.65625,0.2999069768768283,1.0000692623372303,3.867748903397665e-5,222.39342921274044,0.4957442985305651,1.0000786814886247,8.205816274514536e-5,129.10661441274468,0.6750034757794466,1.0001037059260243,0.0001517745870260988,90.91378719661532,0.6750034757794466,1.0001037059260243,1.0002516705447597
153247.0703125,1.3177490234375,131.9677734375,0.29387207031250007,0.37077636718750007,25560.696482658386,7845.703125,0.26551497485971737,1.0004859516658289,4.4621891358212235e-5,259.6453932643379,0.41561841253220067,1.0003261713334728,8.330612610522498e-5,159.22198393819363,0.5692016006622129,1.0001548282369055,0.0001426713258928534,111.05542028544879,0.5692016006622129,1.0001548282369055,1.0009672355038228
153466.796875,0.846435546875,261.708984375,0.323095703125,0.215869140625,17527.78959274292,3996.09375,0.2632218035803921,0.9998359101956228,2.810282069021469e-5,339.00519449729677,0.4117539406053898,0.9997973962177353,5.161226446786302e-5,207.0312883639253,0.5666853636603408,0.9998429468911655,8.729114536695658e-5,143.18788664387432,0.5666853636603408,0.9998429468911655,0.9994763441348852
153540.0390625,1.6942138671875,318.2373046875,0.20393066406250002,0.2714599609375,66645.14243602753,3369.140625,0.38655159757833624,0.9986524297427115,4.5669245945772956e-5,312.94133291447764,0.6791807859031839,0.9991351211404411,0.00012489920020404625,151.33485196012833,0.8712683043331219,0.9993634699835049,0.0002533538739317877,106.43689663501894,0.8712683043331219,0.9993634699835049,0.9971535939000914
153759.765625,1.975830078125,74.775390625,0.28178710937500007,0.19038085937500002,7987.679958343506,4488.28125,0.24237373441929405,1.0000792936711478,6.642389825794694e-5,301.24751734874496,0.36040217794395896,0.9999901089849974,0.00011241151237944538,199.8736805818336,0.48823507707835356,0.999936421098649,0.00017966128221251818,145.0250510834567,0.48823507707835356,0.999936421098649,1.0000058185580045
153833.0078125,0.5648193359375,185.7568359375,0.24758300781250003,0.3221435546875,76758.17954540253,4861.328125,0.23072785235270618,1.0003335414429941,2.4984992220114173e-5,281.44746449546955,0.33167892662134485,1.0002414958210168,4.0316777686633974e-5,196.0086529337516,0.44230139145301156,1.0001347304826929,6.214957848049653e-5,146.98131851083232,0.44230139145301156,1.0001347304826929,1.0007099257814691
154052.734375,1.898193359375,299.560546875,0.20297851562500002,0.36176757812500004,26821.46406173706,5574.21875,0.4092941244147362,0.99876098145113,5.0424290168286816e-5,270.83388610771397,0.7176028557120706,0.9994023919828126,0.00014678043533840094,126.30658080751451,0.9017584353468933,0.9995065165894608,0.0003015945087939884,89.32755394669267,0.9017584353468933,0.9995065165894608,0.9976715364501648
154125.9765625,0.6776123046875,360.0732421875,0.30764160156250003,0.1560302734375,58868.468165397644,5197.265625,0.2682979418059503,0.9999481899496002,2.2160554440126126e-5,304.65513854327634,0.4241022631057651,0.9998960715220443,4.145430041860221e-5,184.01634579699854,0.5849094778011873,0.9999791073391376,7.089962116121991e-5,126.85059951981876,0.5849094778011873,0.9999791073391376,0.9998233774490016
154345.703125,0.771728515625,113.955078125,0.23432617187500002,0.3819824218750001,34888.803005218506,2066.40625,0.22140972790218483,0.9998109633935117,3.604047716718755e-5,353.10666292998354,0.3093185607313048,0.9998038285236386,5.570048704803071e-5,255.51315445979932,0.40652372674553916,0.9997951129731795,8.300213032145433e-5,196.48675022364415,0.40652372674553916,0.9997951129731795,0.9994100208904608
154418.9453125,1.8040771484375,226.2646484375,0.27395019531250003,0.10007324218750001,48372.99048900604,2689.453125,0.306667505894743,0.9992955090626353,5.048826779013885e-5,370.2882075729626,0.5171187793288713,0.9993407057042312,0.0001077603932422422,202.24178943712386,0.7107913966516166,0.999448602528952,0.00019860996978751378,135.47889275056468,0.7107913966516166,0.999448602528952,0.9980860334942976
154638.671875,1.145263671875,353.349609375,0.26801757812500004,0.25688476562500007,73623.99625778198,6589.84375,0.32960936379446265,0.999790853874468,3.278561362931214e-5,277.1759489732425,0.5666589025886586,0.9998564012471649,7.577592048355716e-5,144.3682670286119,0.7645040241596806,0.9999277102197343,0.00014541567015329335,96.45867398667819,0.7645040241596806,0.9999277102197343,0.9995750208721685
154711.9140625,1.4305419921875,242.5341796875,0.22385253906250002,0.23747558593750004,6681.851267814636,6212.890625,0.32936660874574103,0.99982351834755,4.156215787002265e-5,260.8555175255277,0.5636549070474789,0.9998881905030494,9.657238927149005e-5,139.00388232351426,0.7573832566333258,0.9999124524714754,0.00018639906627183946,94.93115012291406,0.7573832566333258,0.9999124524714754,0.9996242062918498
154931.640625,1.524658203125,145.166015625,0.29936523437500007,0.29936523437500007,65011.15560531616,9082.03125,0.27735387014331336,1.0003271763037538,4.79626758051218e-5,250.5853843753205,0.44479261403840453,1.0002033774599457,9.335124468545524e-5,147.79842786757598,0.6116535892993753,1.0001532908832889,0.00016402338673482798,101.1537429905999,0.6116535892993753,1.0001532908832889,1.000683992526529
155004.8828125,1.0511474609375,88.8037109375,0.19016113281250002,0.20612792968750002,18825.28007030487,9705.078125,0.2275170610058979,1.0011811770950805,4.474199202992413e-5,207.75702807235587,0.32382668328621117,1.000925489288348,7.1181815306196e-5,146.97664366909697,0.42955352117685824,1.000540344039681,0.00010848459041190811,111.4737960696036,0.42955352117685824,1.000540344039681,1.0026492425051685
155224.609375,0.603271484375,210.576171875,0.33071289062500003,0.177783203125,55081.24494552612,6292.96875,0.22692556890551693,1.0000809328633726,2.455626932163432e-5,282.3838814197406,0.32218543699824087,1.0002181315419518,3.873565642850885e-5,196.14763543169536,0.42809169222390536,1.00019449403912,5.8386462499391175e-5,145.87002347215616,0.42809169222390536,1.00019449403912,1.0004936342681325
155297.8515625,1.8201904296875,109.0576171875,0.1400634765625,0.3095458984375,32387.46154308319,6916.015625,0.30166972839821055,1.000050884244394,5.773728214293718e-5,219.59559912909063,0.4973594367213022,0.9999572756840219,0.00012419348221669226,129.0664235061481,0.6730838279361895,0.9999277532399617,0.00023217597408670124,92.10979894378086,0.6730838279361895,0.9999277532399617,0.999935910405012
155517.578125,1.726806640625,375.595703125,0.3644042968750001,0.22846679687500002,47190.56844711304,9785.15625,0.32180627328118694,0.99937610523096,4.545477133259174e-5,284.97907822185823,0.5560833618629883,0.9997539652069138,0.00010087864886893691,145.76534805682232,0.7647247374849692,0.9999655566585428,0.00018769335232009693,93.28656612258882,0.7647247374849692,0.9999655566585428,0.9990958105542309
155590.8203125,0.6966552734375,304.6240234375,0.1087158203125,0.2840576171875,43585.110545158386,9408.203125,0.3178079628423103,1.0002072066485255,2.348899510125085e-5,188.23381683282466,0.5322072039961033,1.0000888670942898,5.3483839915725494e-5,107.80673279772309,0.7131858931061195,0.9998161713301675,0.00010291570507853107,77.26317555082858,0.7131858931061195,0.9998161713301675,1.0001122090566081
155810.546875,1.350341796875,94.365234375,0.13325195312500002,0.129150390625,10306.704998016357,5308.59375,0.25292887692435756,1.000138668517003,5.055431677486355e-5,235.3660325623934,0.38421906237888476,0.9999493612961962,9.019676499616539e-5,156.85225042880762,0.5216227959867354,0.9999110841650352,0.00014980525941481754,116.74294125792882,0.5216227959867354,0.9999110841650352,0.9999990991296204
155883.7890625,1.0731201171875,161.5185546875,0.3937744140625,0.37224121093750007,69696.57981395721,5931.640625,0.24853286030570984,1.000180324195018,3.75667457739738e-5,322.84037290331526,0.37572615196980563,1.0001387526087058,6.515266359034579e-5,204.67808232750056,0.5124042376141009,1.000066738091627,0.00010599871056523915,142.72313388830517,0.5124042376141009,1.000066738091627,1.00038586121205
156103.515625,0.979736328125,236.806640625,0.16694335937500002,0.164599609375,17608.468532562256,2800.78125,0.2996130232958387,0.9995625616748566,3.2081755441042356e-5,296.42957050832854,0.49437406316406873,0.999600343396388,6.814603435229021e-5,174.03305337282848,0.6721874984341618,0.9996541822725865,0.0001262315436774337,124.27708003539355,0.6721874984341618,0.9996541822725865,0.9988175515907547
156176.7578125,1.4437255859375,337.1630859375,0.3624267578125,0.3338623046875,59597.11539745331,2423.828125,0.32029015315953285,0.9988116977588909,3.998041258184179e-5,460.4108619635933,0.5491678633446965,0.998999558608003,8.903991354998903e-5,233.22772475705403,0.7501445008063797,0.9992784531843191,0.00016732869912882773,148.68686909595402,0.7501445008063797,0.9992784531843191,0.9970924768011659
156396.484375,1.909912109375,100.341796875,0.149072265625,0.157861328125,39201.4536857605,9761.71875,0.2898770064953084,1.0001948710885824,6.040282388768894e-5,196.71455438448376,0.47130522119604046,1.000277802844842,0.0001242962877316128,117.39589705765617,0.6420855804574953,1.000103276644283,0.0002260749796674494,83.5320670223748,0.6420855804574953,1.000103276644283,1.0005760535352188
156469.7265625,0.5018310546875,160.8544921875,0.34279785156250003,0.3271240234375,51659.666895866394,9384.765625,0.20913993841723674,1.0010557021780728,2.508219473610552e-5,243.8432360184611,0.28056010688136596,1.0009061995345505,3.6350139119640994e-5,181.71423212633718,0.3605342424809441,1.0008615009009354,5.1363844937993333e-5,141.130586035509,0.3605342424809441,1.0008615009009354,1.002826050294652
156689.453125,0.783447265625,233.486328125,0.11479492187500001,0.135888671875,28183.87746810913,6253.90625,0.29154755859894316,0.9999824090761851,2.7667331287725983e-5,215.8825956811228,0.4734865720857847,1.0000526891480324,5.74890510159508e-5,131.08028037305266,0.642636265249375,0.9998505277538385,0.00010503210898965368,95.33516184939178,0.642636265249375,0.9998505277538385,0.9998856198051332
156982.421875,1.156982421875,217.880859375,0.38286132812500007,0.22641601562500002,64479.70914840698,2777.34375,0.2580021114095872,0.9996821592417008,3.676115825827216e-5,419.87418117053636,0.40012425371700766,0.9996227330813938,6.583408086969857e-5,255.8346293733627,0.5516669016075111,0.999659818312957,0.00010935700166556843,174.28557283666535,0.5516669016075111,0.999659818312957,0.9989650669689659
157055.6640625,1.2547607421875,107.0654296875,0.12775878906250002,0.28200683593750003,13012.883067131042,2400.390625,0.2600096909005732,0.9995857093319126,4.723783339204753e-5,293.2004315642168,0.40070678644968594,0.9996614630319319,8.696600142923566e-5,193.2697037695759,0.5446708198100393,0.999653066437133,0.00014769642343014848,144.00789390484815,0.5446708198100393,0.999653066437133,0.9989006401861998
157275.390625,1.536376953125,370.947265625,0.34858398437500004,0.17983398437500003,75019.4411277771,5269.53125,0.30989287279643535,0.9992874113296304,4.150602645092022e-5,346.83312701930413,0.5279018325310045,0.9994588752988114,8.877497620714504e-5,182.86900250215342,0.7300907409911744,0.9996638126246822,0.00016278347595130005,118.29298631501216,0.7300907409911744,0.9996638126246822,0.9984109062054295
157348.6328125,0.8753662109375,314.5849609375,0.1596923828125,0.31159667968750004,6016.960978507996,5892.578125,0.33105420260439594,0.999919778771137,2.7568214912017545e-5,239.65073937183325,0.5626834507084023,0.9998435765125073,6.51384784333774e-5,131.2961783835076,0.7498390866695864,0.9998865819559637,0.0001273609516000511,92.55158064450947,0.7498390866695864,0.9998865819559637,0.99964997662645
157568.359375,0.591552734375,351.357421875,0.31899414062500003,0.302001953125,44376.10578536987,2105.46875,0.26416775413271737,0.9994360105241603,2.0640802245500922e-5,413.15795836005765,0.41326458192896554,0.9994798269070765,3.818687360094728e-5,250.5065203401331,0.5673804647144959,0.9995268245727322,6.495026026066597e-5,172.75414637811633,0.5673804647144959,0.9995268245727322,0.9984434682363893
157641.6015625,1.9959716796875,249.8388671875,0.20803222656250003,0.20876464843750003,40235.91887950897,2728.515625,0.36445510615000853,0.9988003578447475,5.414811273495548e-5,335.9316150300891,0.6378118079523383,0.999052048713836,0.00013918110500793455,167.4869167393687,0.8348754825720004,0.9993807654546487,0.00027786796641367635,115.9883842735473,0.8348754825720004,0.9993807654546487,0.9972356383754095
157861.328125,1.715087890625,155.126953125,0.28706054687500004,0.254248046875,55691.834926605225,5597.65625,0.2869590714455629,0.9999748727286102,5.195177931810842e-5,295.90192485855414,0.46810912320641407,0.9999373136321454,0.00010452310310020851,170.19805626781692,0.6437751031591968,0.9999437311721753,0.00018732183656708118,115.73712185275149,0.6437751031591968,0.9999437311721753,0.9998559240491501
157934.5703125,0.8724365234375,84.1552734375,0.24230957031250003,0.23483886718750002,32281.521677970886,5220.703125,0.2072011856333889,1.0003762066281496,4.3363546165086354e-5,270.8174446045439,0.2758372074129764,1.0004157049956313,6.230357053724436e-5,205.89429981887866,0.3525630136130491,1.0001980073739423,8.733160379438726e-5,163.1799257751168,0.3525630136130491,1.0001980073739423,1.0009902322240054
158154.296875,1.338623046875,298.896484375,0.21528320312500002,0.3893066406250001,23228.442668914795,9121.09375,0.3651800333641961,0.9999952042239247,3.81531402719044e-5,234.6111209629223,0.6360359060842378,0.9999780512170436,9.901442679211467e-5,115.89213598006324,0.8283107464604289,1.0000371080674255,0.0002000894115950448,78.56171923549822,0.8283107464604289,1.0000371080674255,1.0000103626212204
158227.5390625,1.2489013671875,366.0498046875,0.2554931640625,0.10739746093750001,61957.65769481659,9744.140625,0.32522089107865293,0.9999576426113121,3.496659647499013e-5,236.13259988943915,0.5588550075791299,0.9999993885626466,7.929590754740575e-5,124.46816347867095,0.7592252132562731,1.0000858062746978,0.00015025421662186292,83.17497106575836,0.7592252132562731,1.0000858062746978,1.0000428337875626
158447.265625,0.968017578125,122.587890625,0.183349609375,0.35444335937500004,11257.79104232788,6613.28125,0.24632649732270032,1.0003992340965728,3.899304673352802e-5,240.2934835275265,0.36855869741444847,1.0004815168565977,6.767265125657483e-5,160.50154167947846,0.49823730614080336,1.0003456094757157,0.00011020615048354633,118.29866466663044,0.49823730614080336,1.0003456094757157,1.001226857129148
158520.5078125,1.6195068359375,222.9443359375,0.2897705078125,0.1487060546875,71112.80906200409,6236.328125,0.2978539065502202,0.9998502321110383,4.6623834703735713e-5,289.2690999689307,0.4959406763914629,0.9999009754969412,9.679100118319746e-5,161.16989264896912,0.6836470862734676,0.9999440161902422,0.00017597477521952257,108.01266844886094,0.6836470862734676,0.9999440161902422,0.9996952525564282
158740.234375,1.031005859375,251.748046875,0.263916015625,0.18833007812500002,29959.617137908936,7449.21875,0.28539934598250605,1.00012037882179,3.2630987138751496e-5,258.1803385946935,0.4643310679882489,1.0000398863328264,6.530305755753625e-5,150.12843007973183,0.638710674708265,1.000117546530307,0.00011665975463154225,102.92233139359374,0.638710674708265,1.000117546530307,1.0002778353255704
158813.4765625,1.4979248046875,322.8857421875,0.2279541015625,0.32009277343750003,53453.87160778046,7822.265625,0.36988033916021223,0.9997652910513284,4.1338425381612885e-5,253.3157300122286,0.6480992634958972,0.9998485637292585,0.00010801640795596879,123.23414631848459,0.8434865886853112,0.9998994712920127,0.0002173603453655864,83.41230790156149,0.8434865886853112,0.9998994712920127,0.9995134004311543
159033.203125,1.404541015625,76.767578125,0.30463867187500004,0.21791992187500003,40886.33108139038,8941.40625,0.22187462729530222,1.0008910997720524,5.5090209224079565e-5,242.88859781405995,0.31090396572301005,1.0007373341524233,8.497293665319687e-5,172.48259809117278,0.41004495222157733,1.0006256964298006,0.0001263948223046636,129.84978227811953,0.41004495222157733,1.0006256964298006,1.0022558067089706
159106.4453125,1.1243896484375,178.4521484375,0.18488769531250002,0.27351074218750004,44194.722056388855,8314.453125,0.2889646363479891,1.0003041095334964,3.769163519593959e-5,223.2410983574306,0.46964231158846553,1.0002084140805554,7.721130654851711e-5,131.93640024421373,0.6405387088844886,1.0001399818876364,0.00014020696990492778,92.6766628168193,0.6405387088844886,1.0001399818876364,1.0006526406352922
159326.171875,1.778076171875,390.537109375,0.19770507812500002,0.12094726562500001,74559.29899215698,4464.84375,0.39258920324989277,0.9967526926121418,4.644308729952808e-5,286.68286957456274,0.6922876816778308,0.9989763854764789,0.00012875050370032576,137.92889519577156,0.8875015476041919,0.999191730887881,0.000258054043442087,97.32698176804705,0.8875015476041919,0.999191730887881,0.9949275823350884
159399.4140625,0.7508544921875,290.3466796875,0.31291503906250007,0.3640380859375001,13519.375681877136,4837.890625,0.27473678543171803,0.9998289283435637,2.549304725219539e-5,321.38163968943354,0.4381584769250736,0.9998959256357342,4.921871364880778e-5,189.7363965634495,0.6018295822171303,0.9998865081578848,8.608070473505242e-5,129.74897153299221,0.6018295822171303,0.9998865081578848,0.9996114111661647
159619.140625,0.657470703125,192.978515625,0.23842773437500003,0.17280273437500002,64809.43441390991,3957.03125,0.23593810249995523,0.99989993295822,2.7135547012392976e-5,297.56702134735576,0.34379107245393076,0.9999120763175363,4.47727236138622e-5,203.47622930282793,0.46146321703431264,0.9999500272636829,7.004231555675526e-5,151.1829143785381,0.46146321703431264,0.9999500272636829,0.9997620547316732
159692.3828125,1.8714599609375,125.9912109375,0.26984863281250004,0.34206542968750003,21992.08915233612,3330.078125,0.28678172429990145,0.9996847622391325,5.798788159916176e-5,341.27681433173933,0.4662372485028489,0.9997045947012402,0.00011718887085500041,197.16848261794183,0.6388234988760262,0.9997589250718438,0.00021089826366431626,135.18564632478473,0.6388234988760262,0.9997589250718438,0.9991485223234036
159912.109375,1.470458984375,173.388671875,0.129150390625,0.3512207031250001,57347.571849823,4667.96875,0.33057959644635515,0.9997006104680206,4.582086583391706e-5,245.54520331110785,0.5601181111687911,0.9997112285983462,0.00010856960751221105,137.24053092491164,0.745000764603643,0.9997573816969998,0.0002129041327599198,98.56855432140567,0.745000764603643,0.9997573816969998,0.9991694498961334
159985.3515625,0.9998779296875,61.2451171875,0.39787597656250007,0.14548339843750002,23084.559321403503,4041.015625,0.18663901194132554,1.0001569725066295,5.309701428589479e-5,326.77847838806036,0.228551068938439,1.0001465005056556,6.785118563027203e-5,268.61653862176746,0.2750889360924139,1.0001560799677798,8.582029241514315e-5,224.76008625848903,0.2750889360924139,1.0001560799677798,1.0004596233462637
160205.078125,1.093994140625,327.783203125,0.17221679687500002,0.39252929687500004,46703.23324203491,3160.15625,0.3614241524588083,0.999216525472527,3.246548084490583e-5,299.94884666922854,0.625407742269639,0.9994222538777002,8.39293475521377e-5,154.33463317724727,0.8145277459764377,0.9995267177113684,0.0001698833296937374,109.03619828883342,0.8145277459764377,0.9995267177113684,0.9981665937383594
160278.3203125,1.3763427734375,267.4365234375,0.3571533203125,0.1106201171875,33438.7024641037,3533.203125,0.2719607082906635,0.9995685088021486,4.016164254147894e-5,386.4948627733582,0.43595995553712846,0.9995905682359745,7.546562793601983e-5,226.17309451838338,0.606637563071344,0.9996370693644201,0.00012918669111040718,151.0403026954027,0.606637563071344,0.9996370693644201,0.998796628201333
160498.046875,0.717529296875,142.177734375,0.325439453125,0.26508789062500004,11545.718669891357,7683.59375,0.21783920320054012,1.0006023346828383,3.182309355288951e-5,262.65770650795383,0.30126140331178897,1.0005268295274201,4.8145662969262016e-5,189.07417011895384,0.39443250464278573,1.0004882796397867,7.05029974841005e-5,143.50649492238531,0.39443250464278573,1.0004882796397867,1.00161831268058
160571.2890625,1.7528076171875,198.7060546875,0.14533691406250002,0.24567871093750002,79910.20286083221,7056.640625,0.35790607858936624,0.9997185360283927,5.054386748962145e-5,223.16937011029762,0.6189508933246284,0.9998330025833448,0.0001292016453160849,116.85528064802861,0.8086301856468574,0.9998101484282685,0.0002604378181695727,82.45058934910426,0.8086301856468574,0.9998101484282685,0.9993618191759378
160791.015625,1.846923828125,273.994140625,0.368505859375,0.29116210937500003,21258.553981781006,8175.78125,0.3142498691798336,0.9998006838145679,5.023912660981248e-5,308.1360921058856,0.5364816659703067,0.9998479803539486,0.00010945697818459134,159.77537318812858,0.7375833176101781,0.9999223204179944,0.00020317325748324177,102.42262217797104,0.7375833176101781,0.9999223204179944,0.9995710421757538
160864.2578125,0.6234130859375,384.9755859375,0.1046142578125,0.1979248046875,70727.18131542206,8548.828125,0.3253770857973845,1.0000600690789951,2.0683514619376056e-5,194.7847448836425,0.5504710090080623,1.0000070509811472,4.824093558920004e-5,109.81137930718512,0.7355090440822567,0.9997523878519106,9.414061519911721e-5,78.81165414017559,0.7355090440822567,0.9997523878519106,0.9998194917157516
161083.984375,0.855224609375,148.154296875,0.210009765625,0.378173828125,78897.55964279175,8886.71875,0.24911263173489653,1.0007174132067664,3.4149048835297806e-5,226.925518627059,0.37534416761186934,1.0005191220269842,5.991256452818997e-5,148.87244977034942,0.5087388866749283,1.0005604288362333,9.839816190212883e-5,108.01211739798168,0.5087388866749283,1.0005604288362333,1.001798029693702
161157.2265625,1.6971435546875,91.7919921875,0.31936035156250003,0.1349365234375,10855.193018913269,8259.765625,0.23513690522184402,1.0003112818557822,5.835591934454538e-5,258.64939122737053,0.3433528014579135,1.0002256835382,9.540261242213376e-5,173.98876415972953,0.4626712219532753,1.000256620799991,0.00014848836773049883,126.34337166037297,0.4626712219532753,1.000256620799991,1.0007937942596807
161376.953125,1.978759765625,355.673828125,0.24135742187500003,0.32807617187500004,69770.79153060913,7378.90625,0.404101797781433,0.9964095043252873,5.13068346522844e-5,273.1364160965795,0.7125606708148492,0.9993032891316633,0.00014684360233715104,124.05909754488079,0.9032668130965246,0.9989637379446845,0.00029717776990888505,84.83906515436922,0.9032668130965246,0.9989637379446845,0.99468347301621
161450.1953125,0.5736083984375,244.8583984375,0.28566894531250003,0.15866699218750002,19991.345286369324,7751.953125,0.2352577880022968,1.0003353834694975,2.286590620741123e-5,254.49695631455435,0.34321608383608243,1.0003354786040637,3.751342709328299e-5,172.13140149784567,0.461690212568646,1.0002665417867838,5.8522149971367945e-5,126.06188651995338,0.461690212568646,1.0002665417867838,1.0009376952170885
161669.921875,1.602294921875,116.943359375,0.25629882812500004,0.31547851562500007,24525.393962860107,3902.34375,0.26740854852143664,0.999862632502429,5.354227112974118e-5,315.29083496482565,0.41995050748760093,0.9998316876842643,0.00010078403872212763,193.64781925679745,0.5751477249130109,0.9998373431238413,0.00017351949718841068,136.10077735314545,0.5751477249130109,0.9998373431238413,0.9995317361483391
161743.1640625,0.9500732421875,229.2529296875,0.21682128906250003,0.18356933593750002,58952.93128490448,3275.390625,0.27893333022173805,0.9996560975470445,3.206375047930443e-5,312.04750145174603,0.44748333606436447,0.9996254576247133,6.301336211498093e-5,187.77186428366733,0.6134672599520697,0.9997362604813597,0.0001114750260450642,132.20998698178295,0.6134672599520697,0.9997362604813597,0.9990181339074811
161962.890625,1.231689453125,301.884765625,0.28764648437500007,0.27827148437500004,35320.985317230225,4394.53125,0.3134942027411459,0.9995681190024365,3.613732902315951e-5,331.50989628116434,0.5306166754362419,0.9996454887985382,7.94155551902655e-5,176.79928389936194,0.7235099158277484,0.9996853312239046,0.00014902307051309908,117.46432387528552,0.7235099158277484,0.9996853312239046,0.9988993395364235
162036.1328125,1.3206787109375,362.3974609375,0.18312988281250003,0.22253417968750003,48980.20255565643,4767.578125,0.3724934823865128,0.999287041960442,3.697395793567195e-5,272.9750370447516,0.6517607808334089,0.9995070602226176,9.758551641108345e-5,136.20266364829237,0.8452133750077931,0.9996900705854922,0.00019729552337840287,95.24027180319118,0.8452133750077931,0.9996900705854922,0.9984848978482103
162255.859375,1.646240234375,239.794921875,0.34243164062500003,0.23168945312500003,10875.678539276123,3230.46875,0.29463996418834926,0.9994061865690862,4.707763956687085e-5,398.2188139424021,0.4892748572801245,0.9994373048081753,9.640431801768689e-5,218.28057350899817,0.6766321118402472,0.9995715656129969,0.0001738855597959698,142.80482353139902,0.6766321118402472,0.9995715656129969,0.9984158864711283
162329.1015625,0.8006591796875,340.1513671875,0.1470947265625,0.2509521484375,74555.95672130585,3603.515625,0.3243154497000938,0.9995579383284464,2.5725073539823142e-5,272.1712324967303,0.548129147687978,0.9996053429366507,5.9527352769504697e-5,152.32873460834608,0.733907586451197,0.9996923693772161,0.00011524307514690703,108.75175417344074,0.733907586451197,0.9996923693772161,0.9988560824517098
162548.828125,0.519775390625,96.689453125,0.3761230468750001,0.21206054687500003,22328.065395355225,4722.65625,0.1832084956498668,1.0003650491765854,3.4492743818106244e-5,303.3058966330957,0.22078370357237234,1.0003822347013607,4.322614558985927e-5,253.91022118109808,0.2622375207722851,1.000355384078935,5.372049383656666e-5,215.81721847658338,0.2622375207722851,1.000355384078935,1.0011030731137252
162622.0703125,1.9271240234375,163.8427734375,0.1157470703125,0.3051513671875,65004.57465648651,4095.703125,0.35733338780915497,0.999479874390197,5.6486782465097673e-5,248.8766239960018,0.6149973260407473,0.9995302569332012,0.00014505199683730301,134.15317677512556,0.8014145845539473,0.9995659710528773,0.00029390935574064443,97.23884882638856,0.8014145845539473,0.9995659710528773,0.9985767762272897
162841.796875,0.893310546875,378.583984375,0.126220703125,0.15024414062500002,56159.86967086792,8246.09375,0.3545360227844004,0.9998159630455594,2.6990975060372735e-5,204.7667895892968,0.6117880082695059,0.9998708287322504,6.837656873229058e-5,108.51186152676993,0.8010858737442336,0.9998586158538175,0.00013748230372352186,76.8687723657373,0.8010858737442336,0.9998586158538175,0.9995454756832302
162915.0390625,1.5535888671875,307.6123046875,0.3820556640625,0.3558349609375,32714.844584465027,8619.140625,0.3168834159311885,0.9998875081254304,4.307490714360772e-5,310.43071166274643,0.5415502437549906,0.9999528985852255,9.491222709451892e-5,159.05453662323382,0.7418120412762208,1.0000247961972024,0.00017749717407581595,101.2840544353513,0.7418120412762208,1.0000247961972024,0.9998652042492094
163134.765625,1.272705078125,212.900390625,0.159912109375,0.10600585937500001,45914.559841156006,7738.28125,0.3126433199704233,1.0000134210861757,3.961358097804285e-5,220.08571705008018,0.5245367268024436,1.0000341322561614,8.777682772011365e-5,124.36472346208562,0.7096897113357895,1.0000874268598992,0.00016624316517497694,87.28903410707555,0.7096897113357895,1.0000874268598992,1.0001349848178078
163208.0078125,1.1741943359375,111.3818359375,0.3507080078125,0.38776855468750004,41866.08970165253,7111.328125,0.234424137835535,1.0004792182422466,4.5244606256721483e-5,286.1078039835605,0.34104503612608406,1.0004001162498246,7.404800173268563e-5,192.46751893163548,0.45790611827137906,1.0001826783039593,0.00011541521148811063,139.66210594761804,0.45790611827137906,1.0001826783039593,1.0010623652093975
163427.734375,1.382568359375,331.435546875,0.39985351562500004,0.27739257812500007,64081.22968673706,6324.21875,0.2944544774392143,0.9996732370285303,3.892148007505942e-5,350.479633436847,0.4903617566443985,0.9997218612674845,7.929579542605627e-5,189.66396332838153,0.6810925871227388,0.9998554396581892,0.00014223589983581732,121.94226364882321,0.6810925871227388,0.9998554396581892,0.9992507162713015
163500.9765625,1.0994873046875,264.4482421875,0.1295166015625,0.22165527343750002,23073.058009147644,6947.265625,0.33799687025888625,0.9998924549208925,3.407531440364511e-5,219.04361358339278,0.5771700592682996,0.9999967210485339,8.234421819039272e-5,119.60643500294493,0.7646872092066923,0.9999080232757613,0.00016283133042516024,84.74299790618905,0.7646872092066923,0.9999080232757613,0.9997972097910217
163720.703125,1.006103515625,167.080078125,0.356201171875,0.31635742187500004,75071.053981781,9816.40625,0.24580439193486356,1.000501774126026,3.61406148109108e-5,260.4588393039703,0.3690040919350965,1.0003931051900596,6.201809515860252e-5,167.3731756743991,0.5021017791793924,1.0004057059901712,0.00010012443258885325,117.9722227336862,0.5021017791793924,1.0004057059901712,1.0013011456941947
163793.9453125,1.4759521484375,66.8896484375,0.1708251953125,0.1844482421875,15365.544199943542,9439.453125,0.22888387266560226,1.000963348555626,5.9831749422066854e-5,209.9670846115711,0.3270300956217139,1.0007067308363766,9.584109160567733e-5,147.91006383461033,0.43457487262218225,1.0006243510020836,0.0001469302902022553,111.92725440701598,0.43457487262218225,1.0006243510020836,1.0022961543630344
164013.671875,0.629638671875,278.974609375,0.146142578125,0.34125976562500004,42063.63248825073,5339.84375,0.2820667566039502,1.0000761144781247,2.331942710157524e-5,246.6090717656645,0.45234612710587163,1.0000718312602745,4.680220696564611e-5,150.60303070981522,0.6160906090951668,0.9999352519460266,8.394758961635809e-5,108.31049800320979,0.6160906090951668,0.9999352519460266,1.0000831935722723
164086.9140625,1.8524169921875,380.6591796875,0.32697753906250004,0.17185058593750002,46882.19916820526,5962.890625,0.32816347725785255,0.9984078787921614,4.861654218363211e-5,331.8607947228136,0.5695393254090477,0.999228028246551,0.00011036337726310784,168.11741338475116,0.7790871914775496,0.999570510741475,0.00020708657794494571,108.54526500257447,0.7790871914775496,0.999570510741475,0.9972086616774474
164306.640625,1.759033203125,134.541015625,0.102490234375,0.364990234375,30524.766445159912,2832.03125,0.3242406859824335,0.9993890318442722,5.5397289793715485e-5,269.2675646567296,0.5455092464146202,0.9994254360453328,0.0001290504493365403,155.42372147799676,0.7276946985393437,0.9994632714361891,0.0002512236658420691,113.99705180883629,0.7276946985393437,0.9994632714361891,0.9982787264866074
164379.8828125,0.7230224609375,205.6787109375,0.3682861328125,0.12175292968750001,55540.276408195496,2455.078125,0.221651441455881,0.9996279340848196,2.837080920859523e-5,404.9297979926196,0.31104133362614195,0.9996940660016832,4.350926677586231e-5,283.71114504859605,0.4114973974624902,0.999733741754249,6.438891349463807e-5,210.5069631235787,0.4114973974624902,0.999733741754249,0.999056036161125
164599.609375,1.118896484375,72.451171875,0.227587890625,0.11215820312500001,17273.871898651123,5542.96875,0.20835600590282974,1.0002407274614737,5.229035812465104e-5,263.06668865298167,0.27879767945737416,1.0002133672813385,7.551496535706167e-5,199.1052350949758,0.3573896979977513,1.0001768876071404,0.00010649316876446612,157.08940868064738,0.3573896979977513,1.0001768876071404,1.0006311140461346
164672.8515625,1.3983154296875,183.4326171875,0.2619384765625,0.3939208984375,69129.28283214569,5166.015625,0.2990284549483845,0.9999614963039742,4.407940428341139e-5,300.68562588549105,0.4941134395441663,0.999881978126714,9.319280465990241e-5,168.33031107815134,0.6738247227350515,0.9999266491023804,0.00017215876075910556,114.34690938710865,0.6738247227350515,0.9999266491023804,0.9997701395583045
164892.578125,1.492431640625,258.720703125,0.186279296875,0.144091796875,3566.422939300537,2035.15625,0.3364853809072806,0.998992850994912,4.330479247307829e-5,346.459114529588,0.5785376557187782,0.9991746417997092,0.00010299601114643988,184.32143435034084,0.7729432936624424,0.9993181092568557,0.00020092872831007556,128.35285539817278,0.7729432936624424,0.9993181092568557,0.9974876823130395
164965.8203125,1.0247802734375,315.2490234375,0.30559082031250007,0.34968261718750004,79968.89960765839,2658.203125,0.30308951726394195,0.9993059837709584,3.1436034806549565e-5,397.95121502690597,0.505702768170859,0.9993670146850177,6.693542029671759e-5,215.61416775153728,0.691653634876881,0.9995031769371898,0.00012385289326405586,142.67769444646353,0.691653634876881,0.9995031769371898,0.9981772737619633
165185.546875,1.865966796875,189.990234375,0.311376953125,0.19477539062500002,52186.52677536011,6558.59375,0.29234454256268977,0.999944280977926,5.3830255150776387e-5,299.0396733599742,0.4829271663953277,0.999931199737511,0.00010967468396656639,167.3070539618572,0.6670200455397397,0.9999347436876491,0.00019742950953314292,111.32650389766276,0.6670200455397397,0.9999347436876491,0.9998102363619885
165258.7890625,0.6512451171875,129.6435546875,0.1968994140625,0.28786621093750003,38041.09275341034,6181.640625,0.21725382998189055,1.0004214989667088,3.2400413560466066e-5,250.63523028229415,0.29947346304111205,1.000345709759741,4.907051582081395e-5,183.9472659791901,0.3906651586543989,1.0002418622632794,7.193342107187964e-5,142.55452870481082,0.3906651586543989,1.0002418622632794,1.0010094023001181
165478.515625,0.745361328125,396.181640625,0.27006835937500007,0.24897460937500002,62698.007106781006,9050.78125,0.29712630028832404,1.0002806452567587,2.3483858146970878e-5,251.05977424970993,0.49176120294205,1.0001716115667576,4.901246105902731e-5,140.4591274489731,0.6741980950536669,1.0001617894665655,8.970213837026207e-5,94.59382206939529,0.6741980950536669,1.0001617894665655,1.0006141676302365
165551.7578125,1.7718505859375,284.0380859375,0.24055175781250002,0.26823730468750007,30644.265055656433,9673.828125,0.3579634374283238,0.9997990653368722,4.848030041804206e-5,244.67114097880776,0.6261610764163618,0.9999904447915732,0.0001221213839196043,120.03422402529897,0.8257347738877506,0.9999978550025858,0.00024212951612707275,79.86128168669067,0.8257347738877506,0.9999978550025858,0.9997873675024999
165771.484375,1.206787109375,387.216796875,0.34594726562500006,0.33598632812500007,20293.433666229248,3511.71875,0.31929119937752837,0.9991639287288716,3.426090050462358e-5,402.1661940303909,0.5458581070983851,0.999301544623435,7.628940361539451e-5,205.41497446281195,0.7447619905730858,0.9994812567317625,0.00014365666519043275,131.91020938584862,0.7447619905730858,0.9994812567317625,0.9979481097649875
165844.7265625,1.2987060546875,277.7294921875,0.1646728515625,0.16774902343750003,64592.25356578827,3134.765625,0.34063834812713545,0.9994292943214914,3.8489766349434334e-5,294.8060923903479,0.5885066580603666,0.999367886769574,9.306547991348893e-5,158.10410291210263,0.779834054898932,0.9995450659837681,0.0001845570027406771,111.00159514417189,0.779834054898932,0.9995450659837681,0.9983431548645629
166064.453125,1.580322265625,201.611328125,0.38666992187500004,0.3702636718750001,10756.81447982788,4003.90625,0.2859251472899351,0.9996242451743003,4.731756209553468e-5,394.1524892946853,0.4670583380660589,0.9996804568183635,9.444124613775627e-5,219.2418292414855,0.6449623900881553,0.9997362694677516,0.0001682198169569857,143.19293070829033,0.6449623900881553,0.9997362694677516,0.9990412748699553
166357.421875,1.953857421875,271.005859375,0.110986328125,0.273291015625,48368.13688278198,8527.34375,0.43595370325055255,0.9988590988762559,5.26821791614204e-5,204.32791403948997,0.752748691024669,0.9994842196825127,0.00016615504824629473,96.64826506383231,0.9198775984945401,0.9993225897426069,0.00035158599397692726,70.87973335163716,0.9198775984945401,0.9993225897426069,0.9976676186100958
166430.6640625,0.5516357421875,330.1904296875,0.3808837890625001,0.21638183593750002,44418.33961009979,8150.390625,0.23768276752409484,1.0001822333118864,2.0315532446924422e-5,286.0096688371951,0.34989396400888606,1.0001717503355039,3.352843123674402e-5,188.23903131822127,0.47367100879716195,1.0001352656071096,5.254228600170412e-5,134.08708323193827,0.47367100879716195,1.0001352656071096,1.000489328439179
166650.390625,0.833251953125,62.822265625,0.15170898437500002,0.32045898437500003,58101.1061668396,7019.53125,0.1965208931677918,1.0010138026243556,5.0154831308378866e-5,231.57484671417225,0.2508559066113606,1.000770749256442,6.810668180506574e-5,184.83413826391222,0.3112514742924223,1.000501381253392,9.094401299093853e-5,151.9289642954722,0.3112514742924223,1.000501381253392,1.0022876096544402
166723.6328125,1.6722412109375,176.4599609375,0.33781738281250007,0.18972167968750003,33800.469279289246,7642.578125,0.2722292087899308,1.0000900405706483,5.038095354283587e-5,289.9399001853083,0.4347315994102982,1.0001260740168605,9.541746321706326e-5,170.8579569807154,0.6016638210837129,1.0000160913551603,0.00016450939423003625,115.32148693166063,0.6016638210837129,1.0000160913551603,1.0002322207722047
166943.359375,1.294677734375,128.232421875,0.17836914062500003,0.19887695312500003,70891.18146896362,8355.46875,0.2650559362794796,1.0004917931401183,4.601651271223409e-5,223.8151971093498,0.41358960261644123,1.0002764849941224,8.608485829062278e-5,140.6573671347066,0.5647959695353567,1.0002207997433648,0.0001477083598506336,100.64049009913728,0.5647959695353567,1.0002207997433648,1.0009893835166666
167016.6015625,1.1990966796875,196.7138671875,0.29240722656250007,0.29313964843750007,20096.117854118347,8978.515625,0.27710548417078146,1.0003293474402235,3.8962640479739134e-5,258.1752232457568,0.4442212645360177,1.000223307856543,7.57952586053077e-5,151.72959274924008,0.6109304723966297,1.0001979617237393,0.00013321687718946486,103.3869190299989,0.6109304723966297,1.0001979617237393,1.0007507999855312
167236.328125,0.918212890625,293.251953125,0.22143554687500003,0.24487304687500003,80917.35982894897,7847.65625,0.3005074018904111,1.000066103742559,2.94401154161196e-5,246.6434813901117,0.49790768819766845,1.0000379238985275,6.248835372188893e-5,139.07622471583863,0.6791865434296666,1.0000702236498236,0.00011561732847162136,95.28350749579973,0.6791865434296666,1.0000702236498236,1.0001742611031985
167309.5703125,1.5755615234375,392.2802734375,0.2516845703125,0.26296386718750003,9237.667918205261,7470.703125,0.3693155501427013,0.9990599764701743,4.2324102541250525e-5,276.35162543233224,0.6501345752392358,0.9995876204517533,0.0001097898318787419,131.9507056800106,0.8519706855199348,0.9997315064547893,0.0002177509460470336,88.15977269163439,0.8519706855199348,0.9997315064547893,0.9983798540306119
167529.296875,0.541748046875,182.021484375,0.28090820312500003,0.117431640625,37169.360637664795,3371.09375,0.21167677162557846,0.9999016544268747,2.5994574211902784e-5,324.9609140078061,0.28634358292165857,0.99988665188689,3.812706559991654e-5,241.2448767082479,0.36984935846976924,0.9999531173588273,5.435544231983394e-5,187.71663728966357,0.36984935846976924,0.9999531173588273,0.9997414447441136
167602.5390625,1.9520263671875,79.1748046875,0.24611816406250003,0.39802246093750004,51593.94919872284,3994.140625,0.25543170128972026,1.000014618520668,6.758156801338252e-5,310.7002357108588,0.39080779254858566,0.9998902977311234,0.00012157076381105159,198.45937402856177,0.5321395041785707,0.9998657177693718,0.0002031553270063296,141.97981839128158,0.5321395041785707,0.9998657177693718,0.9997706451857514
167822.265625,1.671142578125,324.462890625,0.323974609375,0.138818359375,27211.28225326538,4863.28125,0.30647332896179574,0.9993665721860447,4.578447001835624e-5,348.1515969075115,0.5190897387137711,0.9994558462625277,9.706744020220417e-5,185.75567272483863,0.7178810644151303,0.9995776532855374,0.0001776118607215255,120.89907222883437,0.7178810644151303,0.9995776532855374,0.9984009136183462
167895.5078125,0.8226318359375,254.8193359375,0.20539550781250002,0.34558105468750006,62666.21482372284,4486.328125,0.285524844525485,0.9999693497224805,2.8654036220555086e-5,286.4874925423282,0.4616603655801974,0.9998661572309586,5.7975884791556224e-5,169.49358076609468,0.6303482765038424,0.999829494930834,0.00010450714473318965,118.85721280575248,0.6303482765038424,0.999829494930834,0.99966503403279
168115.234375,1.734130859375,219.873046875,0.23579101562500002,0.31020507812500003,7702.048778533936,5199.21875,0.333844827161934,0.9996230156950877,4.998197127137482e-5,295.3860599284404,0.5732182169745653,0.999751946030811,0.00011789370249843679,153.26645998899662,0.7678694438139265,0.9997785105051844,0.000229243138404854,103.21028088929438,0.7678694438139265,0.9997785105051844,0.9991537041622357
168188.4765625,0.7010498046875,121.0107421875,0.27482910156250007,0.17946777343750003,82618.1172132492,5572.265625,0.2071016680574191,1.0003164566139615,3.4956051340003316e-5,277.1654932761495,0.27576971352294744,1.0001929752550618,5.0111692009939344e-5,209.69922643176213,0.35272316725715563,1.0001887947078385,7.017917514364117e-5,165.05695856935597,0.35272316725715563,1.0001887947078385,1.0006983838347279
168408.203125,0.607666015625,363.642578125,0.20151367187500002,0.283544921875,16661.59963607788,2691.40625,0.28605943346597645,0.9995238134413028,2.125144414165557e-5,327.63447183207217,0.46325762027433187,0.9995589320483597,4.3030185117589165e-5,194.10382813313853,0.6329580495246997,0.9996277213722657,7.758959864217298e-5,136.52310867887962,0.6329580495246997,0.9996277213722657,0.9987110182886186
168481.4453125,1.8275146484375,295.3271484375,0.3067626953125,0.22663574218750002,71701.6190290451,2064.453125,0.32463774378379134,0.9986407051199718,4.997653433302331e-5,449.77587392353496,0.5587539886929263,0.9989235260218492,0.0001129517404608722,228.44641596239367,0.7613311372139552,0.999089776853257,0.00021348253142678658,147.95174216462087,0.7613311372139552,0.999089776853257,0.9966576870019598
168701.171875,0.981201171875,82.412109375,0.30083007812500007,0.37407226562500007,61955.23405075073,6214.84375,0.20872205611782704,1.000583253372363,4.760039166640217e-5,277.4003596464558,0.2794920213829551,1.0005083696577242,6.892107244994436e-5,207.89348590659208,0.35859715241536627,1.000356225059715,9.731744645969178e-5,162.44126620134045,0.35859715241536627,1.000356225059715,1.0014485335672223
168774.4140625,1.4539794921875,152.2216796875,0.1910400390625,0.1296630859375,27766.17133617401,6587.890625,0.28166137360212806,1.0000725588929351,4.757408148215347e-5,246.5084561147247,0.4536114086440609,1.0000054599636596,9.455923989329799e-5,147.63190739898263,0.6213283184676861,0.9999393738969945,0.00016842004171265608,103.87698922022193,0.6213283184676861,0.9999393738969945,1.000017388419755
168994.140625,1.360595703125,246.103515625,0.26655273437500004,0.33217773437500003,53346.72689437866,9707.03125,0.31657782992213335,1.000271755363738,4.0628576298118545e-5,251.4127288750716,0.5356966392749994,1.0001633444231,9.067197508766599e-5,133.7082839145736,0.7267533423028718,1.0001689677189725,0.00017195140074623537,88.67117680970927,0.7267533423028718,1.0001689677189725,1.0006041854208523
169067.3828125,1.0745849609375,349.1162109375,0.22297363281250004,0.1639404296875,39272.576212882996,9080.078125,0.3225640214261434,1.0000128410152704,3.1819218871112404e-5,238.1276642762859,0.5497713061810194,1.0000645584146088,7.221932054117728e-5,127.03042966980605,0.7439094204008841,1.0000660567800876,0.00013781175912322402,85.57573092411648,0.7439094204008841,1.0000660567800876,1.0001434621517744
169287.109375,0.767333984375,311.513671875,0.363525390625,0.154345703125,78305.579662323,6917.96875,0.24930410770693545,1.0000730869095544,2.5782835330923323e-5,304.1441740809907,0.37882187319882643,1.0000403525489596,4.458917803934178e-5,192.05101561163215,0.5200927596133144,0.9999796154105023,7.230141036042795e-5,133.53087158502953,0.5200927596133144,0.9999796154105023,1.0000930555057825
169360.3515625,1.7967529296875,369.3701171875,0.1072509765625,0.3611083984375001,13697.413325309753,6291.015625,0.48482110885398894,0.9953617549944147,4.722033287728495e-5,226.36883508296484,0.8165375216851067,0.9991726195610846,0.00016802388362456745,102.71841680696518,0.9649231733301951,0.8888573792457395,0.00030389917029397456,80.34406198129291,0.9649231733301951,0.8888573792457395,0.884002628810226
169580.078125,1.890869140625,104.658203125,0.33159179687500007,0.10190429687500001,68558.33578109741,9410.15625,0.24179446753071043,1.0004094721096348,6.141469782541704e-5,257.8253852287916,0.36001972511870634,1.0002954487280018,0.00010309518220121694,168.32865315039845,0.4897361656574203,1.0002224216207178,0.00016362835187625792,119.71717849759708,0.4897361656574203,1.0002224216207178,1.0009276202529118
169653.3203125,0.6732177734375,214.3115234375,0.1415283203125,0.38249511718750007,27353.19221019745,9783.203125,0.26599236786285363,1.000356083124285,2.6710994638030416e-5,207.59645996326475,0.41359152010194966,1.0006947640723212,5.0450611528895515e-5,130.8950327260046,0.5625040862668308,1.0002428571854678,8.680812609599314e-5,94.27824817459235,0.5625040862668308,1.0002428571854678,1.0012942070417092
169873.046875,1.514404296875,344.052734375,0.166064453125,0.23696289062500003,32357.913494110107,5933.59375,0.3894214877957073,0.9992718441704348,4.187740921412749e-5,254.7964369196614,0.6817793455820316,0.9995654454988881,0.00011612932823472237,123.73856523707488,0.8700913819140328,0.9996360076012853,0.0002383097392022239,86.89249833045466,0.8700913819140328,0.9996360076012853,0.9984740367965481
169946.2890625,1.0496826171875,230.5810546875,0.3609619140625,0.25505371093750007,57179.33738231659,5306.640625,0.2588412571660252,1.000016792832496,3.4652130418027946e-5,336.41567914287657,0.4015596215304872,0.9999109429229874,6.247060965662955e-5,205.55604939779366,0.5526013091737407,0.9998796631680761,0.00010434468491384411,140.79313395275506,0.5526013091737407,0.9998796631680761,0.999807406124269
170166.015625,1.143798828125,157.119140625,0.13413085937500002,0.20678710937500003,40646.676540374756,2425.78125,0.27621750886488333,0.9995125109832689,4.106442745037761e-5,299.7749745973171,0.4390457600837351,0.9995733769927645,8.052058576617472e-5,187.61865383742676,0.5987075514505489,0.9995761941655416,0.00014240368446252774,136.94202741210896,0.5987075514505489,0.9995761941655416,0.9986626774334737
170239.2578125,1.4202880859375,98.1005859375,0.3952392578125,0.30104980468750003,45707.74161815643,2798.828125,0.22412816915065942,0.9998658101745946,5.3845687845637995e-5,404.5239299206072,0.3166527621983552,0.9998445667252165,8.3760248303685e-5,280.0071011640592,0.41994645558166366,0.9998188461281485,0.0001254265575354156,205.82978713779374,0.41994645558166366,0.9998188461281485,0.9995292963480912
170458.984375,1.558349609375,286.279296875,0.29438476562500004,0.125048828125,54942.786693573,2636.71875,0.3014549593929745,0.9991118373712164,4.433418736630843e-5,398.6346588835179,0.5055790541806527,0.9992156257005378,9.28933662754184e-5,216.95092571544046,0.6977984676168105,0.9993724520560979,0.00016961565207848433,143.08537542109636,0.6977984676168105,0.9993724520560979,0.9977016609397199
170532.2265625,0.9002685546875,399.9169921875,0.17873535156250003,0.36931152343750007,28413.573145866394,2009.765625,0.3490325590608051,0.9989699187176746,2.7382913373569774e-5,349.38822469850845,0.6011853001384702,0.99913248873192,6.82271166798609e-5,181.49058962262635,0.7918393980827004,0.999267168839969,0.0001362536344695486,127.08214892369992,0.7918393980827004,0.999267168839969,0.9973718598567698
170751.953125,1.181884765625,132.548828125,0.250732421875,0.168701171875,45840.18850326538,5128.90625,0.24336725682069885,1.0000247684002388,4.398240412695582e-5,286.7664766231161,0.3625551891753965,1.0000112073769267,7.489269097920559e-5,189.64793250386538,0.49124881299133094,0.9999563381052287,0.00012019494668750547,137.68806020031525,0.49124881299133094,0.9999563381052287,0.9999923125892003
171044.921875,0.805419921875,318.818359375,0.24692382812500002,0.193603515625,18135.867595672607,9652.34375,0.2844834473828956,1.0003201995058135,2.6429311028351143e-5,238.6468519008939,0.4615103446079069,1.0001446134817318,5.285008575568766e-5,138.59646450845943,0.6340864091120956,1.0001658766296768,9.441980254102351e-5,94.73462730139084,0.6340864091120956,1.0001658766296768,1.0006308130316803
171118.1640625,1.6531982421875,261.1279296875,0.2824462890625,0.3241943359375,80682.30140209198,9025.390625,0.3320398050487493,1.0000016980871738,4.682798772247383e-5,269.71954114048225,0.5718132677683031,0.999975035681109,0.00010921095485109101,137.0824341868152,0.7702667991269069,1.0000658650867245,0.0002107645797297439,89.63885776806124,0.7702667991269069,1.0000658650867245,1.0000425972801805
171337.890625,1.934814453125,185.009765625,0.20327148437500003,0.21264648437500003,25831.483364105225,6144.53125,0.32746809355513307,0.9997834046285201,5.60966126978731e-5,264.7837263896415,0.5589031979674957,0.9998131336916403,0.00012987200434213142,141.26533918949713,0.7516156581997401,0.9998879180262693,0.0002506758144182911,96.3611757799892,0.7516156581997401,0.9998879180262693,0.9994845420370522
171411.1328125,0.5238037109375,75.5224609375,0.32375488281250003,0.2694091796875,69755.83732128143,6517.578125,0.17850041126442664,1.0007852103973771,4.095470192698192e-5,263.04593703738533,0.21026462499506915,1.0008646033510433,4.991066781647248e-5,225.70638411035688,0.2449326111579988,1.0007141454669102,6.0430229792426294e-5,195.92606354412632,0.2449326111579988,1.0007141454669102,1.0023658168027114
171630.859375,0.943115234375,207.919921875,0.164306640625,0.25981445312500007,28899.665355682373,9480.46875,0.284127610319113,1.0003941088039539,3.312055518369911e-5,215.63282155795437,0.4576130628296022,1.0003238765302054,6.67978425176594e-5,128.50162293037678,0.6242549614318117,1.0001719443245864,0.00012005180820052526,90.37839144500963,0.6242549614318117,1.0001719443245864,1.0008901807767885
171704.1015625,1.5975341796875,138.2763671875,0.3439697265625,0.24157714843750003,62751.91009044647,9853.515625,0.2562114607605444,1.0003703168880702,5.1795652655619695e-5,264.89675290523707,0.3948599870694926,1.0002564305057264,9.251869400919641e-5,164.0905179093715,0.5421889372379887,1.0001796748558236,0.00015358307284548615,113.29062694842607,0.5421889372379887,1.0001796748558236,1.000806629837977
171923.828125,1.316650390625,383.564453125,0.12299804687500002,0.29643554687500007,37480.714321136475,6972.65625,0.4152698642322437,0.9993692685321814,3.6841037862786665e-5,226.5538013284087,0.7214997700655099,0.9996258051993544,0.00011022411726919557,108.544903969996,0.8978108921003387,0.9995783246291144,0.00023174386500957273,78.4254464180469,0.8978108921003387,0.9995783246291144,0.9985740580302208
171997.0703125,1.2239990234375,280.7177734375,0.38762207031250007,0.2020263671875,51753.262400627136,6345.703125,0.268004575258422,0.9998795612829711,3.6949845544004145e-5,337.1020269905138,0.42558324992265223,0.9998768059835366,6.8564972088109e-5,198.36471037115834,0.5908804859778375,0.9999452221436164,0.000116527910517896,132.2592274051584,0.5908804859778375,0.9999452221436164,0.9997016175923193
172216.796875,1.690185546875,70.458984375,0.37934570312500004,0.34711914062500004,85985.91947555542,2496.09375,0.219258991013441,0.9998358008824285,6.585425233900403e-5,405.10775297693954,0.30474070593695984,0.9998061304966003,0.00010026952367840175,287.19990550139033,0.4002859490618629,0.9998293686777135,0.0001475560663023709,215.1001163641465,0.4002859490618629,0.9998293686777135,0.9994713929822343
172290.0390625,0.8504638671875,169.4873046875,0.1101806640625,0.14020996093750002,6996.338725090027,2869.140625,0.25854958286834095,0.9994894376635728,3.398140846417321e-5,277.9330663393284,0.39703369975104663,0.9996404231254945,6.220817996363175e-5,183.55358694136646,0.5389308378133141,0.999684411301456,0.00010510555827879585,136.89466625621108,0.5389308378133141,0.999684411301456,0.9988147302250958
172509.765625,0.569580078125,266.025390625,0.33803710937500003,0.3966308593750001,75084.969997406,5988.28125,0.24170975629432506,1.0001703163447924,2.285073731715609e-5,307.64303544478105,0.358530958029549,1.0002087860183215,3.865892805402604e-5,201.18884733918262,0.484977910471432,1.0000795658634578,6.177291008780841e-5,143.6562611259324,0.484977910471432,1.0000795658634578,1.0004587339526794
172583.0078125,1.9710693359375,334.5068359375,0.1538330078125,0.11589355468750001,20357.910990715027,5361.328125,0.4117943894271921,0.9973015317544359,5.203521884504326e-5,256.909172497802,0.7211869126856751,0.9991462785008728,0.00015295574479718324,122.54683079665247,0.9055484267576899,0.9992915997732273,0.0003135493049635092,88.12547148547432,0.9055484267576899,0.9992915997732273,0.9957442285089425
172802.734375,0.679443359375,108.310546875,0.10922851562500001,0.230517578125,54282.52363204956,4074.21875,0.21199462039889605,1.0000844966357474,3.7164573271106365e-5,261.49621607868636,0.2871496551452293,0.9998295482892581,5.487862178891319e-5,198.30200199586452,0.3705268922634642,0.999965107190691,7.888034580503869e-5,157.8198785134415,0.3705268922634642,0.999965107190691,0.9998791407128169
172875.9765625,1.8963623046875,211.3232421875,0.3638916015625,0.28728027343750007,40199.400782585144,4697.265625,0.29361416358190195,0.9995981067433165,5.426466872981084e-5,372.48700384416924,0.48661473967837987,0.9996352689078377,0.00011085758002550117,203.06839236224553,0.6730565767884038,0.9997619485578775,0.00019975992708957653,131.81655628712923,0.6730565767884038,0.9997619485578775,0.9989956532531357
173095.703125,1.802978515625,305.205078125,0.14057617187500002,0.17573242187500002,65761.971950531,3566.40625,0.4013368891817226,0.9986540888323828,4.924485527941891e-5,280.297304713949,0.7008921338164249,0.9991647063573565,0.00014139858393363464,137.26642496796865,0.8872808358237199,0.9992502133703998,0.0002911791863556027,99.85388097466787,0.8872808358237199,0.9992502133703998,0.9970717673864508
173168.9453125,0.7728271484375,375.0146484375,0.3302001953125,0.30632324218750007,28252.751231193542,3189.453125,0.2803438696361277,0.9995067064647423,2.4975396163176544e-5,389.2579755763673,0.4528411581316756,0.9995582993353291,4.900822723999e-5,222.71169908895723,0.6243888864937075,0.9995965984037465,8.64752180480364e-5,149.0536456868521,0.6243888864937075,0.9995965984037465,0.9986621991821566
173388.671875,1.426513671875,162.099609375,0.36176757812500004,0.163134765625,17856.662273406982,7089.84375,0.24733024549038016,1.0001434951483237,4.6666681834650125e-5,302.82154758669424,0.3738736702511675,1.0000619229126477,8.00908555426173e-5,192.62745679625192,0.5117063007251733,1.0000287126496126,0.00012920653540815684,134.36506636985206,0.5117063007251733,1.0000287126496126,1.0002341454945736
173461.9140625,1.1492919921875,93.7841796875,0.1676025390625,0.33122558593750007,72435.94062328339,7712.890625,0.23395516184847182,1.0005940837981628,4.895643034632136e-5,231.82125839135068,0.33903460207417596,1.0005154319405583,8.042130639479739e-5,160.49226708476635,0.45316446227297025,1.0003581256818768,0.00012572568808824877,120.27739171263272,0.45316446227297025,1.0003581256818768,1.0014683450861048
173681.640625,1.055908203125,336.416015625,0.39311523437500007,0.130615234375,9002.366542816162,8582.03125,0.2602251200676453,1.0000348706686137,3.188519290737713e-5,303.46343336039564,0.4071532057925605,1.0000945723067767,5.725139904558404e-5,183.07022546539284,0.5652822624729721,1.0000866901768541,9.510051649340063e-5,123.35858431634945,0.5652822624729721,1.0000866901768541,1.0002161476717644
173754.8828125,1.5198974609375,237.5537109375,0.1339111328125,0.3748779296875,82709.49637889862,8205.078125,0.3682081348402304,0.9996872510635458,4.4797090011565894e-5,221.88382354265727,0.6373184402447836,0.9997867764477707,0.00011854538918118572,112.64624898565629,0.8239491133427287,0.9998678246087187,0.000243133636490173,78.51896124857602,0.8239491133427287,0.9998678246087187,0.9993419883172797
173974.609375,1.822021484375,359.326171875,0.27446289062500007,0.384033203125,47119.45295333862,7792.96875,0.3840562857084002,0.9984460245353147,4.8478576538925344e-5,294.0455927890781,0.6767260447645512,0.9995439665216137,0.00013150594291388567,133.83953796320841,0.8774056255028766,0.9993150868322664,0.00026216485269454557,88.62548073501146,0.8774056255028766,0.9993150868322664,0.9973071627502499
174047.8515625,0.6014404296875,300.3076171875,0.23381347656250004,0.1032958984375,51009.89806652069,7416.015625,0.252481549599034,1.0002033342652934,2.25555718344982e-5,251.86820251354519,0.38494018536529,1.0003146246475005,3.989582786845653e-5,161.74979906357026,0.5250608600395557,1.000126290873952,6.589922963298437e-5,115.44167856441183,0.5250608600395557,1.000126290873952,1.0006443791822806
174267.578125,0.695556640625,226.845703125,0.30815429687500007,0.359716796875,36890.88582992554,8285.15625,0.2459950206264275,1.0004414351625104,2.7106982646928333e-5,268.8219448489969,0.3688573711504846,1.0003239975859368,4.671970304435211e-5,173.82894275122192,0.5007224938838558,1.0002943207989434,7.571728099670838e-5,123.5047153620626,0.5007224938838558,1.0002943207989434,1.0010601218961905
174340.8203125,1.7279052734375,113.3740234375,0.20246582031250002,0.15280761718750002,62694.363474845886,8908.203125,0.26833533759518563,1.0002121420904848,5.758651991463436e-5,230.52673036275462,0.4221508822079164,1.000293775803591,0.00010885936022303019,141.85625146124679,0.5781654683943229,1.0001295002068136,0.0001879287195540135,99.96825391017082,0.5781654683943229,1.0001295002068136,1.0006355459476453
174560.546875,1.069091796875,243.115234375,0.189501953125,0.29790039062500007,67185.85538864136,4808.59375,0.3034668059011951,0.9998195156800023,3.492757623350955e-5,279.0154635268217,0.5031702101858667,0.9998547145294207,7.52577369991882e-5,158.1070110063033,0.6834327518415269,0.9998734164705081,0.00014056601968208963,109.8773617861375,0.6834327518415269,0.9998734164705081,0.999547714135451
174633.7890625,1.3543701171875,352.7685546875,0.3000244140625,0.20349121093750003,20842.759013175964,4431.640625,0.3133560638670459,0.9993375614833637,3.849651981547154e-5,349.3829206717945,0.5327320735812798,0.9995180856858153,8.404749310974229e-5,184.02428440657826,0.7302224965299011,0.999606465334351,0.00015675110343239647,120.34538564963106,0.7302224965299011,0.999606465334351,0.9984628819590108
174853.515625,1.448486328125,88.056640625,0.223193359375,0.25834960937500007,77691.47634506226,3300.78125,0.23475386496799527,0.9998104983435181,5.70248978892231e-5,315.95657668008965,0.3413701061952944,0.9997994588343598,9.373526376484343e-5,216.9556219073652,0.45755808163224004,0.999812084355517,0.0001466200857375998,161.43276735216202,0.45755808163224004,0.999812084355517,0.999422152824285
174926.7578125,0.9749755859375,145.9130859375,0.2686767578125,0.24011230468750003,9614.144206047058,3923.828125,0.2357567332211236,0.9999359001447727,3.8831855205770846e-5,319.11316196569544,0.34413576507600313,0.9998430273438755,6.396831305114145e-5,216.0659025171366,0.4625564912802332,0.9999023480957029,0.00010021051972212424,158.52005557595118,0.4625564912802332,0.9999023480957029,0.9996813072334448
175146.484375,1.066162109375,121.591796875,0.28032226562500007,0.364111328125,77210.7310295105,9261.71875,0.23621199604595589,1.0007566518635491,4.290722169400845e-5,248.76618161554478,0.3450300321028298,1.0006521180831016,7.0963765000865e-5,167.3179302094591,0.46355102038076323,1.0004611375591703,0.0001115125184816482,121.8535313951642,0.46355102038076323,1.0004611375591703,1.0018710507964559
175219.7265625,1.3455810546875,224.6044921875,0.24904785156250003,0.1208740234375,23604.308009147644,9884.765625,0.2890131807437324,1.0001725218196944,4.147242724130292e-5,240.29148473188943,0.47328487140490266,1.0001545325765424,8.40012959678272e-5,137.40517315594076,0.6519317698079388,1.0000815958970992,0.00015101933016169745,93.22043891329676,0.6519317698079388,1.0000815958970992,1.0004087036420497
175439.453125,1.439697265625,297.236328125,0.321044921875,0.342138671875,87047.64699935913,6753.90625,0.3183046056607463,0.9997317823886412,4.149779941259567e-5,317.2240359008237,0.542214330055116,0.999822758683645,9.251259094941188e-5,163.92134276679317,0.7385243939160177,0.9999336539637568,0.00017476341541215846,106.18161461056053,0.7385243939160177,0.9999336539637568,0.9994882721265657
175732.421875,1.813232421875,154.130859375,0.17661132812500002,0.320166015625,34582.12614059448,2277.34375,0.31374875971465427,0.9993155650018558,5.6138335962556e-5,335.8472887512249,0.5258735608953525,0.9993906063733268,0.00012534171027877292,187.56105605497424,0.7099018947642668,0.999492822993848,0.00023867083276344977,131.4987770344265,0.7099018947642668,0.999492822993848,0.9982000674479461
175805.6640625,0.5985107421875,85.8154296875,0.2965087890625,0.18825683593750003,51938.66431713104,2900.390625,0.18448960023663333,1.0000339580619133,4.0904864408560566e-5,332.70579883936904,0.2233456071743595,1.0000134059311028,5.1683092696948106e-5,278.3336766046087,0.2662091643075936,0.9999237611398046,6.46285277873217e-5,236.77298000989808,0.2662091643075936,0.9999237611398046,0.9999711219770485
176025.390625,0.692626953125,349.697265625,0.217333984375,0.27358398437500003,27414.5827293396,5769.53125,0.288001570594539,1.0000376202968186,2.3659012056636493e-5,275.23329902445874,0.46840462595793203,0.9999558698888322,4.815938752903069e-5,160.10959957423907,0.6407811118837479,0.9999797197840239,8.710199880365468e-5,110.70485105984712,0.6407811118837479,0.9999797197840239,0.999973208441541
176098.6328125,1.7191162109375,250.8349609375,0.25344238281250003,0.21784667968750002,62360.344767570496,5392.578125,0.32389941559130436,0.9996006963697633,4.9099688762049136e-5,305.12931001322056,0.5540470427587014,0.9996855799345986,0.00011159675616654033,159.73986896269565,0.7508809022700171,0.9997984626098183,0.0002128378386356608,106.28804815024291,0.7508809022700171,0.9997984626098183,0.9990850082799619
176318.359375,1.435302734375,372.607421875,0.112744140625,0.24575195312500003,23033.088207244873,2605.46875,0.4183116383415167,0.9983795526725547,3.996550679986951e-5,288.40317481356396,0.7256973478815288,0.998961928664003,0.00012067468718908185,141.82815758030546,0.9014895280075146,0.9991595818855358,0.000253195327184487,106.36348110451235,0.9014895280075146,0.9991595818855358,0.9965049782155572
176391.6015625,1.1522216796875,313.5888671875,0.37678222656250004,0.2650146484375,71468.27971935272,2228.515625,0.2783351387703237,0.9992554775748083,3.4930838887058376e-5,474.4871137199478,0.4500306445029839,0.9992614477653979,6.755810845102081e-5,268.13697894634794,0.6241371609602828,0.9993977973440028,0.00011794389741723473,175.17484057854946,0.6241371609602828,0.9993977973440028,0.9979161653332765
176611.328125,1.058837890625,218.876953125,0.155810546875,0.197998046875,15132.997035980225,5097.65625,0.2935884439664287,0.999864524349806,3.582440642767933e-5,258.79059011225775,0.4801933496502435,0.9998815638819285,7.468128300363895e-5,152.17424500455004,0.6540322145554196,0.9998466341735722,0.00013700988179895178,107.59527748722442,0.6540322145554196,0.9998466341735722,0.9995927773894442
176684.5703125,1.5286865234375,105.4052734375,0.3360595703125,0.29108886718750004,82512.78388500214,5720.703125,0.23767570956608922,1.0001875869778156,5.5388597507059644e-5,311.7692336075928,0.34918441457856014,1.0000912716198989,9.180459953273194e-5,206.72363044579214,0.471232126439736,1.000067965803804,0.0001444698756227705,148.57560031657906,0.471232126439736,1.000067965803804,1.0003468604768984
176904.296875,0.682373046875,235.146484375,0.346533203125,0.145556640625,50152.881145477295,9621.09375,0.22841569239280535,1.0003607837691944,2.6557586568344596e-5,260.4243889904599,0.32724400691164196,1.0003303578988103,4.208573157260949e-5,178.15533836818133,0.4374380429832475,1.0002772031250393,6.39538721660137e-5,130.06689075955228,0.4374380429832475,1.0002772031250393,1.0009686556004813
176977.5390625,1.9051513671875,344.7998046875,0.1617431640625,0.35114746093750004,44126.48093700409,9244.140625,0.4400962922876428,0.9973241787003191,5.036713468478318e-5,232.4806752824186,0.7626478979776831,0.9995303811262175,0.00015993188586167417,103.12113263928818,0.9326881892598381,0.9990883293695967,0.00033472911567256297,73.08367415706206,0.9326881892598381,0.9990883293695967,0.9959470122721242
177197.265625,1.811767578125,101.337890625,0.38959960937500004,0.11069335937500001,57787.45412826538,6113.28125,0.22533913536586248,1.0000557828694987,6.180176093057906e-5,321.25975343171615,0.3202760976423629,1.000084102718058,9.621248880498739e-5,221.01181068465698,0.4271401683603568,1.000068835636801,0.00014411295330827082,161.37400128870615,0.4271401683603568,1.000068835636801,1.000208735545285
177270.5078125,0.7757568359375,159.1943359375,0.12102050781250001,0.3924560546875,33429.45945262909,6736.328125,0.24907776851343738,1.0000050481029061,3.330517025748303e-5,231.71373976681028,0.37389706401179007,1.0001962534879851,5.866861239839342e-5,154.5668043014577,0.5051243516393846,0.9999988634791754,9.633713491179325e-5,114.52548746920476,0.5051243516393846,0.9999988634791754,1.00020016583199
177490.234375,1.687255859375,272.998046875,0.170166015625,0.282080078125,78685.08100509644,7949.21875,0.3734672983459734,0.9997294551298863,4.763150712237452e-5,241.08853167892462,0.651347854612625,0.9998063118113537,0.00012680021636487612,118.1809914152713,0.8423804471316245,0.9998949363468161,0.00025841293917475426,81.10674970042064,0.8423804471316245,0.9998949363468161,0.9994308044579175
177563.4765625,0.8416748046875,386.6357421875,0.35920410156250004,0.22634277343750003,13427.748560905457,7322.265625,0.2728883087065136,0.9999718853338475,2.6376379809093904e-5,312.51132383297414,0.4365787630815546,0.9999418788557851,5.0051689893458725e-5,181.9266592066141,0.6048723165810531,0.9999997628637252,8.639655190249032e-5,121.39912165716662,0.6048723165810531,0.9999997628637252,0.9999135287078635
177783.203125,0.560791015625,140.517578125,0.135888671875,0.31166992187500003,69996.80471420288,8441.40625,0.21500246695327738,1.0012552639408832,3.041266454542804e-5,219.5641918762169,0.29386630015635873,1.0005163353619535,4.5574990495170164e-5,162.88719694642603,0.38233076465582316,1.000040484953027,6.621278109843671e-5,127.27323874759949,0.38233076465582316,1.000040484953027,1.0018128041423795
177856.4453125,1.9681396484375,199.7021484375,0.3911376953125001,0.17976074218750002,24129.170298576355,8814.453125,0.2707191427441191,1.0001269499276748,5.646335602589471e-5,308.01026098432845,0.43289016449472517,1.0000264647076305,0.0001055995326240848,179.4163733687442,0.6027786672903507,1.000035102581339,0.00018022365209145923,118.56869777543815,0.6027786672903507,1.000035102581339,1.0001885259617047
178076.171875,0.934326171875,326.787109375,0.366455078125,0.32719726562500007,36040.74430465698,4964.84375,0.2773646745139235,0.9997896329990251,2.971888532793107e-5,360.8052217556437,0.44640077771655323,0.9997714587912362,5.7553219344677e-5,206.57507508542687,0.6167512489293367,0.9998010233254594,0.00010072946556413842,136.98120318553583,0.6167512489293367,0.9998010233254594,0.9993622505161791
178149.4140625,1.5946044921875,269.0966796875,0.10666503906250001,0.15778808593750002,61829.007029533386,4337.890625,0.38175504220297224,0.9992496282409462,4.590624984106402e-5,249.44134599323985,0.6631163463089527,0.9994440932496343,0.00012591576463891568,128.0680625016646,0.8483673798302173,0.9995050738697603,0.00025999471875686744,92.9532532464354,0.8483673798302173,0.9995050738697603,0.9981998588019828
178369.140625,1.313720703125,171.728515625,0.33217773437500003,0.3790527343750001,45441.75863265991,3457.03125,0.2661377747255218,0.999688484922646,4.430338079399644e-5,377.13000710804295,0.41779264917649,0.9997289454685854,8.273187470239475e-5,225.72722699502907,0.5737291557455814,0.9997887749668486,0.0001416538418641465,154.12884032751182,0.5737291557455814,0.9997887749668486,0.9992064128311028
178442.3828125,1.2152099609375,62.2412109375,0.1385986328125,0.13581542968750002,51341.39335155487,3830.078125,0.20814104363968028,0.999920211357399,6.0740628689383354e-5,274.46646579448696,0.2786387156352446,0.9997701197267864,8.783007724725821e-5,210.10730852043133,0.3569893718647769,0.9999262225853957,0.00012430881669055075,167.6472831201325,0.3569893718647769,0.9999262225853957,0.9996165948566348
178662.109375,0.814208984375,194.638671875,0.29790039062500007,0.10747070312500001,5207.557201385498,4167.96875,0.23111267855073564,0.9998176220663486,3.197080450175041e-5,324.74352583073147,0.33353856177298374,0.9997898587246711,5.137674165557271e-5,222.01581369746407,0.4463394363070487,0.9998484590148838,7.900171092932653e-5,162.83570955672073,0.4463394363070487,0.9998484590148838,0.999456037607975
178735.3515625,1.6561279296875,124.9951171875,0.19162597656250002,0.38923339843750004,84128.138422966,4541.015625,0.2835242658197631,0.9999191562141458,5.573968692194198e-5,287.16348373629836,0.45663293904512414,0.9998085453648144,0.00011217256586564508,170.7511604087026,0.6232670735443183,0.9998138710345383,0.00020163941613841858,119.99085817699799,0.6232670735443183,0.9998138710345383,0.9995416387711586
178955.078125,1.937744140625,391.533203125,0.265966796875,0.14877929687500002,14680.650234222412,3660.15625,0.3541819224169544,0.9961550476713154,5.0763324885374966e-5,365.4153735376965,0.6222782408238225,0.9985846315927838,0.00012583337497039816,177.59529605831133,0.8298607864702661,0.9990627900855958,0.00024446867835197265,116.93677174014691,0.8298607864702661,0.9990627900855958,0.993812836298176
179028.3203125,0.5325927734375,288.6865234375,0.22590332031250002,0.3543701171875,74629.1321516037,3033.203125,0.24983080520626996,0.9997903030004656,2.1839452292627693e-5,330.9688689380498,0.37731230385403886,0.9997553687020437,3.8399110581095316e-5,215.61484213133804,0.5121415423348289,0.9997413840311576,6.313666771387558e-5,155.97807317623676,0.5121415423348289,0.9997413840311576,0.9992872245154023
179248.046875,1.561279296875,78.427734375,0.23168945312500003,0.20883789062500002,68249.08781051636,7183.59375,0.2294278839840662,1.0006000649354418,6.163661564684938e-5,255.05477285505944,0.3285850923171485,1.000231349673003,9.882537749140636e-5,177.05041251430166,0.4376659578066275,1.0003058532048172,0.00015153280716901485,132.08785319866993,0.4376659578066275,1.0003058532048172,1.0011376609713711
179321.2890625,0.9090576171875,177.4560546875,0.2765869140625,0.30192871093750007,32793.198466300964,7556.640625,0.24601632740270196,1.0003585891973803,3.4930864432617954e-5,269.3912833246806,0.368807246815047,1.000340418154091,6.0236283238731796e-5,174.92985001646252,0.5005806977535907,1.0002227207034997,9.762170160020452e-5,124.96759815904066,0.5005806977535907,1.0002227207034997,1.0009220058358401
179541.015625,1.190673828125,252.744140625,0.199755859375,0.23491210937500004,58845.223903656006,8675.78125,0.31013286618343494,1.000079768617284,3.736546434092655e-5,240.7546679571872,0.5194508998344756,0.9999980118763765,8.205569610155785e-5,132.41657008086239,0.705134756385368,1.0000361496565664,0.0001546026944343326,90.21526546873777,0.705134756385368,1.0000361496565664,1.0001139328033695
179614.2578125,1.2796630859375,321.2255859375,0.31086425781250004,0.25417480468750003,42999.70328807831,8048.828125,0.3049022377552691,0.9998995977710181,3.753445850487959e-5,293.2017317140631,0.5122541300256612,0.9999835123411015,7.993311683354559e-5,157.3995511899686,0.7040707777397047,0.9999788352963043,0.00014746677213582697,102.89942208865921,0.7040707777397047,0.9999788352963043,0.9998619495377264
179833.984375,1.511474609375,211.904296875,0.378759765625,0.171923828125,31993.873119354248,8386.71875,0.2610376127232256,1.0001513978740673,4.61029406030129e-5,303.96340443741633,0.40836870272134174,1.0000950246128164,8.334311661338151e-5,183.177815708853,0.5654558490914394,1.0000935439540697,0.00013930810560184128,123.58278594386061,0.5654558490914394,1.0000935439540697,1.0003400038801573
179907.2265625,1.0408935546875,113.0419921875,0.1131103515625,0.3411865234375,67494.47524547577,8759.765625,0.24414719439050134,1.0005897325237119,4.4172593653650086e-5,212.95404585212572,0.36299129813127096,1.000229724523701,7.608185628049644e-5,143.67501299126914,0.4892543995806812,1.0001465699137906,0.00012331737718089116,106.62951549621766,0.4892543995806812,1.0001465699137906,1.000966282564832
180126.953125,1.135009765625,376.923828125,0.33510742187500003,0.12182617187500001,41868.32571029663,7878.90625,0.28327423145221403,0.9999459128441066,3.3264544514055006e-5,300.41437965824866,0.46308992153619966,0.9998750258487676,6.525608123930952e-5,170.19975012669624,0.6441521432373354,0.9999455026175408,0.00011474035617333584,112.26786946185962,0.6441521432373354,0.9999455026175408,0.9997664578279156
180200.1953125,1.4173583984375,308.6083984375,0.1544189453125,0.36491699218750007,57393.689036369324,7251.953125,0.37968452913553263,0.9996294640524812,4.092511185332541e-5,244.48330753335873,0.6607569131956677,0.9997887321460355,0.00011140680373292721,119.5071713833866,0.8480779815381598,0.9998025551080009,0.0002295479870146619,82.83716190120867,0.8480779815381598,0.9998025551080009,0.9992209444475844
180419.921875,0.758544921875,95.693359375,0.16254882812500002,0.221728515625,86352.78654098511,3402.34375,0.20540642000995332,0.9997808565357096,4.2379810161624834e-5,291.7603900368845,0.27113152863590456,0.9999064137423144,6.0431212972119274e-5,225.24685579679016,0.3449781464071049,0.9998260550965877,8.402647019391257e-5,181.058729544851,0.3449781464071049,0.9998260550965877,0.9995134002776023
180493.1640625,1.7938232421875,165.5029296875,0.34807128906250007,0.2773193359375,6372.05970287323,3775.390625,0.27259016472765263,0.9997413542518544,5.523241641539718e-5,382.8816553551263,0.4349119594775026,0.9996598917154212,0.00010504759197377103,223.14313675932794,0.6008278848232187,0.9997238336980778,0.00018177707177216467,149.45049206284693,0.6008278848232187,0.9997238336980778,0.9991253329643085
180712.890625,1.887939453125,238.134765625,0.118896484375,0.18452148437500002,76794.37398910522,4894.53125,0.3825055521245709,0.9992821145087937,5.347538045309105e-5,250.77153341141735,0.6651430382954265,0.9995270494162837,0.0001468265229963503,126.52953098357025,0.8513142128501816,0.999548012497707,0.00030267559116433816,90.71825478567732,0.8513142128501816,0.999548012497707,0.9983580540367087
180786.1328125,0.6644287109375,341.1474609375,0.3893798828125,0.3162841796875,16526.162028312683,4267.578125,0.2510830598274439,0.9998156592983272,2.3488898372035853e-5,377.8393230972673,0.38242946669851546,0.9998344458679799,4.1087008964353695e-5,235.06611027359625,0.5236341401753457,0.9998343189636956,6.724246059141338e-5,161.67483252848655,0.5236341401753457,0.9998343189636956,0.9994845126142498
181005.859375,0.989990234375,303.544921875,0.24868164062500003,0.287939453125,61056.22053146362,3730.46875,0.2974515498878224,0.9995277772121888,3.17243706136212e-5,334.65843226527545,0.4914841694726165,0.9995500923601127,6.654146839565657e-5,187.22497160273903,0.6723218504621449,0.9996804895823196,0.00012228644641609516,127.0725357890731,0.6723218504621449,0.9996804895823196,0.9987588661736571
181079.1015625,1.4569091796875,361.4013671875,0.27834472656250003,0.1947021484375,33906.78679943085,3103.515625,0.3245302988869221,0.9989486459991808,4.0959288107600215e-5,383.80624492397794,0.5575439471547078,0.9991387714138421,9.281015810463546e-5,197.16576488452344,0.7583132612404071,0.9993396573960459,0.00017614610504389903,129.07126339936363,0.7583132612404071,0.9993396573960459,0.9974292426270429
181298.828125,1.363525390625,117.939453125,0.20737304687500002,0.268310546875,51107.484340667725,4222.65625,0.251719647084388,0.9998685081635891,5.0917615810229775e-5,295.2647821367654,0.3819738741198181,0.9999320423182262,9.019711702851633e-5,191.6575112961542,0.5193134569051767,0.999879343435953,0.00014905045300383357,138.59685423640803,0.5193134569051767,0.999879343435953,0.999679926917464
181372.0703125,1.0833740234375,227.5927734375,0.3219970703125,0.24890136718750003,45602.10883617401,4595.703125,0.2624820288574926,0.9998603161368548,3.634944187436072e-5,341.8464452029338,0.40988227368871555,0.9998750073416823,6.666077347768051e-5,207.50587176182418,0.56388397067039,0.9998627972493025,0.00011271242773372314,142.3794440069896,0.56388397067039,0.9998627972493025,0.9995981744992483
181591.796875,1.737060546875,357.333984375,0.29497070312500007,0.39399414062500004,16318.07279586792,8746.09375,0.3680629489314679,0.9991348472231485,4.7002773992557324e-5,296.8462856209144,0.6469299610519984,0.9997201281736564,0.00012187201549429414,137.23135349742466,0.849045267986872,0.999747593089452,0.00024221285135917598,88.71719760471885,0.849045267986872,0.999747593089452,0.9986030995691515
181665.0390625,0.7098388671875,243.8623046875,0.17580566406250003,0.1120849609375,82007.87436962128,8119.140625,0.2581888916631779,1.0002717918182782,2.72009820750894e-5,232.4875150008633,0.3976227375365266,1.0002687220154323,4.9471581514450106e-5,148.12427830513812,0.5425928506894631,1.0003191588928046,8.331960293088658e-5,106.17833533375996,0.5425928506894631,1.0003191588928046,1.0008599182960671
181884.765625,0.616455078125,149.150390625,0.253662109375,0.34975585937500003,24363.290309906006,7238.28125,0.2141892932362905,1.000550139213116,3.127409309595903e-5,260.2716607220546,0.2923109693063503,1.0004927475267635,4.66011558977193e-5,191.14066745813068,0.3794207976287126,1.0004953243805228,6.740989460190989e-5,147.44358488748284,0.3794207976287126,1.0004953243805228,1.0015389989016397
181958.0078125,1.8304443359375,90.1318359375,0.21945800781250002,0.14401855468750002,72559.14390087128,7611.328125,0.24758942013285817,1.0002867777409186,6.468898396509388e-5,250.09904716306653,0.37252714281169164,1.0001027016093003,0.00011228855855410642,163.3216667842047,0.5060349505750344,1.000105161022887,0.00018286539391695192,117.74545470006295,0.5060349505750344,1.000105161022887,1.0004947107867854
182177.734375,0.538818359375,395.185546875,0.193603515625,0.183642578125,45047.78242111206,6824.21875,0.2751504286004824,0.9999194034936919,1.956894832727061e-5,253.70494760769117,0.4367368519667862,1.0000829653351366,3.8029446883485394e-5,153.50879185294,0.5974004943496752,1.000004650057251,6.663849785833082e-5,107.88244618068964,0.5974004943496752,1.000004650057251,1.0000070122103475
182250.9765625,1.9432373046875,285.6982421875,0.29826660156250007,0.3154052734375,51163.817286491394,6447.265625,0.3406613965685467,0.9993276390858344,5.330069895512252e-5,323.06689469423895,0.5918363660072051,0.999606350697068,0.00012725979712903372,158.48912044422832,0.79502793690337,0.9997570682757253,0.000246528908499513,102.51264454345517,0.79502793690337,0.9997570682757253,0.9986915816364352
182470.703125,1.662353515625,188.330078125,0.22495117187500002,0.22260742187500004,37436.044216156006,9316.40625,0.3042394932772741,1.0001834128285636,5.069940866040196e-5,245.94258389760742,0.5072404585817233,1.00007686092757,0.00010880049819899481,135.71725133371854,0.6921284315655096,1.0000929586334577,0.00020246019681294646,91.49821332036461,0.6921284315655096,1.0000929586334577,1.0003532706828748
182543.9453125,0.8197021484375,130.6396484375,0.26457519531250007,0.2781982421875,62340.94703197479,9939.453125,0.22033580095947525,1.0007749885663886,3.740873739053077e-5,237.8586953959588,0.30690720474707606,1.000612340100343,5.741040717606746e-5,169.81346800980526,0.40315935635020506,1.0005118096524068,8.502824641319069e-5,128.33986256225478,0.40315935635020506,1.0005118096524068,1.0019003231668002
182763.671875,1.285888671875,257.724609375,0.27739257812500007,0.135009765625,73546.66471481323,5839.84375,0.283852822049531,0.9998858768093489,3.96797840669207e-5,303.7642993886208,0.46196151099684696,0.9998708302792401,7.868297059781226e-5,174.56729544266977,0.6378859776317223,0.9998943191972519,0.0001397145858753014,117.79208064812721,0.6378859776317223,0.9998943191972519,0.9996510667369338
182836.9140625,1.1961669921875,316.9091796875,0.23322753906250002,0.37810058593750007,24832.27241039276,5462.890625,0.33336902423909526,0.9996619087386941,3.602409034255715e-5,301.25550799074153,0.5709706499215127,0.9997417408758769,8.5171918490392e-5,155.07362972048608,0.764198591906998,0.9997952938941291,0.00016614372818776218,103.7225422210279,0.764198591906998,0.9997952938941291,0.9991991528825442
183056.640625,0.915283203125,70.791015625,0.30874023437500003,0.158740234375,83645.24984359741,2332.03125,0.18918992329358694,0.9997507678517462,5.303747267586237e-5,361.9491062546005,0.23429333357081986,0.9998507586130073,6.892318107565046e-5,295.2919438551949,0.28441856641665136,0.9998927545146699,8.847780949374607e-5,246.14523699301193,0.28441856641665136,0.9998927545146699,0.9994943609056735
183129.8828125,1.5667724609375,184.4287109375,0.19953613281250002,0.3280029296875,12105.950236320496,2955.078125,0.3079982847816981,0.9993930153789753,4.93776769703394e-5,331.5618020523264,0.513720681320159,0.9994912857171124,0.00010797016933765234,184.48860838147638,0.6968284279210722,0.9995533283327166,0.00020324391920026468,127.44401328902813,0.6968284279210722,0.9995533283327166,0.998438436423716
183349.609375,1.962646484375,136.201171875,0.35883789062500004,0.35590820312500004,56184.51642990112,5042.96875,0.27062986315358395,1.0000451017324286,6.145146923344444e-5,355.3508877558608,0.42948473560894446,0.9998920350226841,0.00011632926126670757,208.22640141882948,0.5919283967421405,0.9998972571239196,0.0002009241044558099,139.64713868051558,0.5919283967421405,0.9998972571239196,0.9998343954688756
183422.8515625,0.5545654296875,204.6826171875,0.16818847656250002,0.1501708984375,39340.52550792694,5666.015625,0.23026588509135906,1.0001098302582263,2.594718656408621e-5,256.3176220588656,0.3295645266985227,1.0002256466623123,4.1908118852217225e-5,179.51393563162944,0.4371234398613722,1.0000262513306923,6.437975211397193e-5,135.92742887887897,0.4371234398613722,1.0000262513306923,1.0003617618414282
183642.578125,0.836181640625,279.970703125,0.39252929687500004,0.3878417968750001,65619.64559555054,2535.15625,0.25772584178267516,0.999569190510915,2.916670421510318e-5,449.4321188042946,0.39814555044144523,0.9995328185041407,5.2521599908487145e-5,271.8010460866924,0.5464147177635016,0.9995473083435777,8.769879692742753e-5,184.28484897361105,0.5464147177635016,0.9995473083435777,0.9986499250467699
183715.8203125,1.6810302734375,378.9990234375,0.1368408203125,0.10593261718750001,27364.346385002136,2158.203125,0.40919894856234745,0.9971665818334811,4.547657288666168e-5,323.6412754091347,0.7134268314891655,0.9986630545993108,0.00013360786256404547,156.6702930040202,0.8981529489426515,0.9989212369684455,0.00027456302787310787,115.1636707655538,0.8981529489426515,0.9989212369684455,0.9947591562741781
183935.546875,1.209716796875,168.740234375,0.105126953125,0.25102539062500007,20027.225017547607,6058.59375,0.29120126202276597,0.9998487975454473,4.254554438826332e-5,233.6973431444374,0.4730520974659758,0.9998531603396915,8.843596579939992e-5,139.96598958285813,0.6425332129194777,0.9998715566887817,0.00016214483244715374,100.3201508082851,0.6425332129194777,0.9998715566887817,0.9995735750551019
184008.7890625,1.3074951171875,65.8935546875,0.36564941406250007,0.23161621093750004,79568.43650341034,6681.640625,0.19887399425880375,1.000555765762969,6.171409139029019e-5,288.17103365507967,0.25663582773169386,1.0004465070256818,8.457257515932494e-5,223.43719865568394,0.3214330303047516,1.0004370180641093,0.00011388440520372882,178.43407910688708,0.3214330303047516,1.0004370180641093,1.0014399771258393
184228.515625,1.589111328125,332.431640625,0.138818359375,0.30522460937500007,12896.859645843506,9550.78125,0.40741343008112485,0.9994838453254377,4.421966138707626e-5,223.4071893318852,0.7094883548514609,0.9997920477709746,0.00012962826216836686,104.20869525319506,0.8902336410413281,0.9997474291660522,0.00027063510226300495,72.6911231814796,0.8902336410413281,0.9997474291660522,0.9990236124591543
184301.7578125,0.9281005859375,262.7880859375,0.33430175781250004,0.21198730468750002,90023.78165721893,9173.828125,0.25691617248405785,1.0002478824878323,3.146960857211635e-5,277.4140965556018,0.3967222676875638,1.0002260349276397,5.6363851717464354e-5,170.9567063177464,0.5452573277456807,1.0001208777920145,9.375060926925593e-5,117.53029482095126,0.5452573277456807,1.0001208777920145,1.0005949085304502
184521.484375,1.863037109375,323.466796875,0.21469726562500002,0.12973632812500002,49771.58308029175,3011.71875,0.3559441986328274,0.9984253157462608,5.0789544930631e-5,349.7210609478046,0.621916461924885,0.998947569560048,0.0001273008887952924,173.21115169192973,0.8232644732680278,0.9992001029949287,0.0002508219690273219,117.15124493068431,0.8232644732680278,0.9992001029949287,0.9965767456424292
184594.7265625,0.6424560546875,256.4794921875,0.2584228515625,0.3739990234375,44221.28188610077,3634.765625,0.2499455484411022,0.9998178949644975,2.567811455371308e-5,332.72797945480096,0.3778597771690896,0.999764688850966,4.511511920851925e-5,214.4150423541273,0.5134553231863681,0.999829364777737,7.414789104021342e-5,153.2996736407043,0.5134553231863681,0.999829364777737,0.9994120626631371
184814.453125,0.736572265625,180.361328125,0.180419921875,0.16401367187500002,61460.79397201538,4503.90625,0.23657572280930833,0.9998481957784902,3.17031023044348e-5,278.847987379287,0.34560366208821125,0.9999437401003968,5.2599468029853516e-5,191.11164236636378,0.46387705363309994,0.9999887984664455,8.286773138694176e-5,142.3615804588288,0.46387705363309994,0.9999887984664455,0.9997807452163643
185107.421875,1.110107421875,292.255859375,0.317236328125,0.17954101562500002,26723.849773406982,8027.34375,0.2757609040787933,1.0001067035608238,3.4736378438074336e-5,290.77477953104375,0.44300935417399295,1.000026053264989,6.675754592431171e-5,169.06876475891312,0.6129853045270709,1.0000312725014413,0.00011623380431663918,113.42317953906235,0.6129853045270709,1.0000312725014413,1.0001640362589552
185180.6640625,1.3953857421875,393.9404296875,0.21213378906250002,0.31013183593750004,75437.56568431854,8650.390625,0.3743294152416523,0.9995861202186107,3.896032219194582e-5,260.4706761743163,0.655949549528401,0.9998597032059795,0.00010342813006409926,123.4730554161088,0.8509092875189024,0.9999180320091394,0.00020947539812151602,82.44039613490312,0.8509092875189024,0.9999180320091394,0.999363958919717
185400.390625,1.489501953125,126.572265625,0.282958984375,0.22670898437500003,16628.2057762146,7519.53125,0.24919923305287847,1.0001936056500143,5.254612038684938e-5,275.74648920507366,0.37693372369402883,1.0001865647262775,9.162536970227706e-5,176.45149079516875,0.5136736006381113,1.0000163699171642,0.00014963302381918318,124.85838500839428,0.5136736006381113,1.0000163699171642,1.00039658263739
185473.6328125,1.0159912109375,197.7099609375,0.24406738281250004,0.28347167968750003,84858.6357831955,7142.578125,0.26356289501951136,1.0002093661345601,3.6514741015825716e-5,270.52835734414396,0.41090810133518285,1.0001778947353412,6.773203476686354e-5,166.6706363621458,0.562590224864707,1.0000941127168579,0.00011553480913471982,116.57378055593163,0.562590224864707,1.0000941127168579,1.0004814472815704
185693.359375,0.638427734375,64.482421875,0.384619140625,0.255126953125,42033.63752365112,8855.46875,0.17569900707949734,1.0011229475244965,4.9513551498942764e-5,248.18063318723802,0.20402542453309885,1.0008487640694652,5.923147785987879e-5,215.34337251231437,0.2348782441779131,1.0011108310081362,7.05337069349764e-5,188.48021609983016,0.2348782441779131,1.0011108310081362,1.0030856870167388
185766.6015625,1.8553466796875,175.4638671875,0.12365722656250001,0.23688964843750002,57996.26433849335,8478.515625,0.3403616839252493,0.9998303676552754,5.594278440095162e-5,221.13340760740206,0.5822964492777022,0.9998321310354455,0.00013628832179979184,117.41823993391348,0.7711358327125041,0.9997354549846234,0.00027053681536374867,81.58311885420062,0.7711358327125041,0.9997354549846234,0.9993980714281063
185986.328125,1.761962890625,272.001953125,0.3526855468750001,0.301123046875,31059.083461761475,7347.65625,0.3071894271972644,0.9997318917368025,4.990272946912671e-5,330.34368468047774,0.5188313418830213,0.9997969902751076,0.0001067443657781785,173.2293366901911,0.7142866019065358,0.9999223844971042,0.00019718594031791682,110.87886663804446,0.7142866019065358,0.9999223844971042,0.9994513574994343
186059.5703125,0.7318115234375,328.5302734375,0.15793457031250002,0.2067138671875,68421.62787914276,7970.703125,0.29452289025811457,1.0000924720983715,2.536234492599931e-5,234.6465706221432,0.4814479313556999,1.0002006220580244,5.306885551162838e-5,135.85350889928557,0.6558120218029778,1.0000104244043047,9.726471122382398e-5,94.85330646828605,0.6558120218029778,1.0000104244043047,1.0003035401681686
186279.296875,1.385498046875,203.271484375,0.149658203125,0.361181640625,80455.4934501648,3871.09375,0.31878221783949195,0.9995573158427696,4.454349501688876e-5,286.2398520448772,0.5358014016011522,0.9996484187804869,0.00010149770284410593,158.9004379629131,0.7199369158697101,0.9996517754896342,0.00019545769087282933,111.5149343874427,0.7199369158697101,0.9996517754896342,0.9988579422808012
186352.5390625,1.1082763671875,142.9248046875,0.33986816406250003,0.15427246093750002,17747.81882762909,3494.140625,0.22456860290726186,0.9997895772142337,4.31963189049863e-5,362.77281304377215,0.31787961217133803,0.9997776313824908,6.728127192925342e-5,252.07626560849707,0.42221013074242414,0.9998064009859328,0.0001008687404496748,186.1548742952404,0.42221013074242414,0.9998064009859328,0.9993737401530114
186572.265625,1.014892578125,388.212890625,0.11772460937500001,0.382568359375,90637.55178451538,4363.28125,0.37381253865974917,0.9993958391493004,3.0734324096527245e-5,264.3823548815837,0.6467895123470585,0.9995342755323473,8.284944940786618e-5,134.75527742327637,0.8323836285843834,0.9995686054104145,0.00017086135120495137,96.09614523924063,0.8323836285843834,0.9995686054104145,0.998499462885908
186645.5078125,1.4788818359375,276.0693359375,0.3741455078125,0.1018310546875,8932.99949169159,4986.328125,0.2642273639913213,0.9996932306338444,4.366903968990939e-5,370.0702268338745,0.41720438014971106,0.9997095391282964,7.960403148148308e-5,219.90084313030218,0.5804983867264509,0.9997704233670047,0.000133627040023824,146.71235435719464,0.5804983867264509,0.9997704233670047,0.999173419323294
186865.234375,0.890380859375,156.123046875,0.32954101562500004,0.21645507812500003,68800.43745040894,5699.21875,0.2226434481721697,1.0001007364424988,3.71042897845923e-5,308.1166674847978,0.31296830197360054,1.0000650663753976,5.7384797900942296e-5,216.24874861060394,0.41377136913928864,1.00006792991252,8.554908378879485e-5,161.02374966379608,0.41377136913928864,1.00006792991252,1.0002337505483876
186938.4765625,1.5447998046875,99.7607421875,0.1435791015625,0.27321777343750003,31034.560084342957,5072.265625,0.25580849796752436,1.000001552622294,5.8189978980385224e-5,261.3650872303944,0.3910253516461838,0.9998930802574166,0.00010519468698418418,169.899044482143,0.5314727036925974,0.9998890445391485,0.0001764449607887124,123.90451476774437,0.5314727036925974,0.9998890445391485,0.999783688943929
187158.203125,1.263916015625,342.392578125,0.3702636718750001,0.18979492187500002,57836.16018295288,2191.40625,0.27794861271715937,0.9991268716381528,3.733038137991185e-5,483.68171392158433,0.45025213063611325,0.999223895980838,7.183358376143827e-5,273.1417203104936,0.6266382257923475,0.9993213007509018,0.0001248877726765246,177.69386334227508,0.6266382257923475,0.9993213007509018,0.9976738648811895
187231.4453125,1.1712646484375,231.5771484375,0.10051269531250001,0.32038574218750004,39887.471079826355,2564.453125,0.323764454992251,0.9993276816380242,3.861612724979375e-5,287.6837765741323,0.5448208874480152,0.9993892968129763,8.979318303282947e-5,163.6842170958135,0.7280324993653842,0.9994763789579639,0.00017464531737413348,118.75242786540197,0.7280324993653842,0.9994763789579639,0.9981944395980192
187451.171875,1.637451171875,103.662109375,0.132080078125,0.16782226562500002,8966.586589813232,6714.84375,0.26351319721808797,1.000091081896501,5.921363717520336e-5,237.072547522073,0.4096493349880085,0.9999315377483513,0.00011039248472062698,150.62846447443462,0.5582754306879412,0.999919477761468,0.00018928220834889248,108.71725148233325,0.5582754306879412,0.999919477761468,0.9999420893497661
187524.4140625,0.7977294921875,215.9716796875,0.39729003906250004,0.3359130859375,90230.40473461151,6087.890625,0.23361108662822636,1.0001675005239938,3.0966674649672534e-5,333.97746698143584,0.33956650574124886,1.0000731064627737,5.034008426167251e-5,222.06563004729605,0.456701096594544,1.000055062084848,7.802402140820138e-5,158.79400249939656,0.456701096594544,1.000055062084848,1.0002956945659829
187744.140625,0.516845703125,309.853515625,0.17280273437500002,0.12592773437500002,21567.796230316162,9207.03125,0.2527575686860463,1.0001243685761372,2.1029004119297336e-5,225.74536740677286,0.3840841241889598,1.0003161091606456,3.744084484283842e-5,145.85848425932267,0.5203710853748066,1.0003205025760864,6.206282363430243e-5,105.11613381400805,0.5203710853748066,1.0003205025760864,1.000761160813765
187817.3828125,1.9183349609375,370.3662109375,0.3542236328125,0.37019042968750004,80217.644572258,9580.078125,0.34996859439763583,0.9982966208363028,5.09683726355485e-5,319.06304694962796,0.6134634087724461,0.9995636801411285,0.0001247749749428097,149.65461698809233,0.822406679347267,0.9997450533642649,0.00024154323773320483,94.03529387767094,0.822406679347267,0.9997450533642649,0.9976066428794389
188037.109375,1.611083984375,247.763671875,0.19477539062500002,0.3980957031250001,37600.013256073,6417.96875,0.35088678747174995,0.9996438939290254,4.749557216393885e-5,275.992504611314,0.6060227677452598,0.9997863971186691,0.00011888621228640896,138.66360692962022,0.7984410338428388,0.9998482203542846,0.00023800237543442353,93.59235793985938,0.7984410338428388,0.9998482203542846,0.9992786739259397
188110.3515625,0.9530029296875,348.1201171875,0.31350097656250003,0.11735839843750001,64122.034907341,6791.015625,0.2705690065582038,0.9998558964999003,3.0083953232066014e-5,305.6368236448299,0.4308195490272769,0.9998854875150686,5.661864866517946e-5,180.5321844561345,0.596662268009793,0.9999520603946088,9.721312890492565e-5,122.01599057793801,0.596662268009793,0.9999520603946088,0.9996934733083848
188330.078125,1.234619140625,83.408203125,0.23784179687500004,0.34565429687500004,49692.61312484741,9910.15625,0.2205642880963654,1.0008618540497718,5.506496317331291e-5,236.14677345779145,0.307488116084621,1.0010242185331635,8.475595726656319e-5,168.73721633482063,0.4038758813825404,1.0007116595254781,0.00012588162490362564,127.7600415323685,0.4038758813825404,1.0007116595254781,1.0025999577050244
188403.3203125,1.3294677734375,150.5615234375,0.27277832031250004,0.13874511718750002,55702.2522687912,9283.203125,0.24927218962420694,1.000344321802654,4.67993010422755e-5,254.8316606047168,0.37741326967294636,1.0002228009458451,8.149543903564527e-5,162.98480494929558,0.5148702181374155,1.0001998983616738,0.00013301177799693463,115.09186486675574,0.5148702181374155,1.0001998983616738,1.0007672112076398
188623.046875,0.858154296875,365.302734375,0.25981445312500007,0.293212890625,85154.66642379761,5433.59375,0.29608809129448016,0.9997834304113216,2.7672013285842687e-5,310.2396007768826,0.48867901703249883,0.9998189881604139,5.7726787577381285e-5,172.83496896349308,0.669449516927392,0.999855764402911,0.00010575536466354476,116.21767419055384,0.669449516927392,0.999855764402911,0.9994582795160466
188696.2890625,1.7059326171875,294.3310546875,0.22971191406250002,0.19880371093750002,13653.45847606659,5806.640625,0.33909485619630464,0.99950531809293,4.821594390491527e-5,298.40542592550565,0.5865421551695497,0.9995914546652351,0.00011507618930441566,151.07683854852667,0.7863984408041649,0.9997119075807519,0.00022385994933036473,100.60772071074966,0.7863984408041649,0.9997119075807519,0.9988091425936001
188916.015625,1.987548828125,220.869140625,0.30288085937500003,0.263037109375,73854.31814193726,2925.78125,0.3076171823490448,0.999214682858564,5.710235698105163e-5,406.84792641687505,0.5182148243887107,0.9992647939399082,0.0001228303243930824,215.51158832092426,0.7107647514514949,0.9994387914194489,0.00022804612021017187,140.40228939557497,0.7107647514514949,0.9994387914194489,0.9979196985944851
188989.2578125,0.5765380859375,119.3505859375,0.18898925781250003,0.24479980468750004,21543.801188468933,2298.828125,0.19856450151606322,0.9997899407482065,3.557033879871622e-5,332.2463444569373,0.255703582370108,0.9997499377297044,4.881781076489085e-5,263.0962427187915,0.31946471109934244,0.9997349696553374,6.583091651099832e-5,214.9511979612151,0.31946471109934244,0.9997349696553374,0.9992750225933857
189208.984375,0.714599609375,265.029296875,0.125634765625,0.331298828125,8683.509349822998,2136.71875,0.2766880880214452,0.9994017981848706,2.731399026311494e-5,316.3236618329338,0.43979846239761455,0.99954203888175,5.377398464844022e-5,196.94669277287193,0.6002364897290327,0.9995327854508729,9.540087224224436e-5,143.24682922077687,0.6002364897290327,0.9995327854508729,0.9984773897973594
189282.2265625,1.7440185546875,336.1669921875,0.3849853515625,0.16306152343750002,83552.06191539764,2509.765625,0.28587514977286826,0.9988865198564164,4.8299237609465726e-5,490.57780819751787,0.47117956902364566,0.9990076340905527,9.511997529650342e-5,268.88499243344586,0.658917134941609,0.9991997545029955,0.00016705415740952148,171.9700368767454,0.658917134941609,0.9991997545029955,0.9970966977392662
189501.953125,1.838134765625,68.798828125,0.156982421875,0.37495117187500004,22992.04397201538,5628.90625,0.24026929451351844,1.000086095971747,7.201309452841685e-5,260.8789215662443,0.354007986320935,1.000023339611963,0.00012182623874405086,176.9715979120587,0.4761999227708406,1.0000434671757905,0.000194709945405368,131.3360215819406,0.4761999227708406,1.0000434671757905,1.0001529095258903
189794.921875,1.461669921875,382.568359375,0.340673828125,0.287353515625,66971.68302536011,9152.34375,0.31917875870253515,0.9997149272000856,4.08722953712367e-5,308.4607735315277,0.5468255231810909,0.9998289479523242,9.081989929052138e-5,156.79304345574573,0.748943380895162,0.9999112006660681,0.00017044603504497936,99.74381228027671,0.748943380895162,0.9999112006660681,0.9994551650800167
189868.1640625,0.9969482421875,282.3779296875,0.15119628906250002,0.23044433593750002,41449.39124584198,9525.390625,0.31199540870969783,1.0001133624289502,3.265885940744925e-5,224.60891516242563,0.5218275388016729,1.0000234614133956,7.256264024361153e-5,124.18873612096122,0.7051955970481607,1.0001136891111437,0.0001379188305765871,85.32159902752517,0.7051955970481607,1.0001136891111437,1.0002505311688157
190087.890625,1.091064453125,206.259765625,0.37202148437500004,0.306396484375,56153.382778167725,6644.53125,0.25027651642983345,1.0001220884139668,3.8061455988603634e-5,326.20939169827165,0.380282473951301,1.0000440889183064,6.643118766974732e-5,204.00684608265246,0.5202225749812821,1.0000533118115678,0.00010850957956633167,140.94862470045476,0.5202225749812821,1.0000533118115678,1.0002195033860886
190161.1328125,1.3675537109375,139.2724609375,0.11750488281250002,0.1756591796875,49309.67032909393,6017.578125,0.2756924549584813,0.9999211450223018,4.9185466949201945e-5,241.27400873648412,0.43828717619361024,0.9998098192547015,9.631086226874057e-5,149.01311153468473,0.5973397099014891,0.999893749770628,0.00017068411733035837,106.85857661749068,0.5973397099014891,0.999893749770628,0.9996247576278435
190380.859375,1.786865234375,186.669921875,0.258056640625,0.20356445312500002,90239.26496505737,9980.46875,0.29495074377321756,1.0002058839060994,5.4103737998771605e-5,256.61733717402376,0.4871192643654785,1.0001160130441193,0.00011204002410065273,142.91433292305237,0.6692541264989584,1.0000937719371479,0.00020424209817585868,95.33169519183126,0.6692541264989584,1.0000937719371479,1.0004157229597257
190454.1015625,0.7537841796875,74.5263671875,0.21271972656250002,0.2978271484375,10087.298274040222,9353.515625,0.19140881130813722,1.00116010194231,4.872650157729381e-5,228.7274249657715,0.23920473568935519,1.0009229532910346,6.421813146971624e-5,185.0058642817428,0.29331524431614464,1.0001039370661773,8.344583097669036e-5,153.229405772691,0.29331524431614464,1.0001039370661773,1.0021882796373647
190673.828125,0.660400390625,319.814453125,0.291748046875,0.24018554687500002,79672.85299301147,6472.65625,0.2539251203853979,1.0000736874271738,2.428848304985297e-5,297.1557303927654,0.38857674322090835,1.0000531031161959,4.3158161884255285e-5,186.6618771438752,0.5316031135557354,1.0000936627384944,7.14308546795681e-5,130.70784335288377,0.5316031135557354,1.0000936627384944,1.000220469070812
190747.0703125,1.8802490234375,259.4677734375,0.18137207031250002,0.2582763671875,18581.692576408386,6845.703125,0.36387694730419207,0.9995679910233155,5.3117784585690457e-5,266.25130073855263,0.6336812567313703,0.9997572936503536,0.00013751021255051566,130.86254503632043,0.8281689581225511,0.9997549538113272,0.0002770460108594345,88.83651570069759,0.8281689581225511,0.9997549538113272,0.9990805086470438
190966.796875,1.033935546875,134.208984375,0.21059570312500003,0.10336914062500001,31762.89701461792,2996.09375,0.2307505397513003,0.9996597984124674,4.3178043263427494e-5,323.75553833420116,0.3319266814782551,0.9997671062369634,6.961843802246499e-5,225.07276092217282,0.4505075275930715,0.9997590178393156,0.00010720359424725401,168.5867292593753,0.4505075275930715,0.9997590178393156,0.999186139806237
191040.0390625,1.5067138671875,190.7373046875,0.31643066406250003,0.38395996093750007,71026.97837352753,2369.140625,0.28259919415746804,0.9994082156016332,4.837770085688564e-5,427.2714820543011,0.4572418837550373,0.9994063997582342,9.610299981600045e-5,242.33435845788242,0.6287281197778795,0.9994777426417438,0.00017115568912393203,161.7482963578242,0.6287281197778795,0.9994777426417438,0.9982933281773635
191259.765625,1.413330078125,287.275390625,0.24428710937500003,0.152880859375,43648.812770843506,5488.28125,0.3080920521153498,0.999634880889227,4.2096889643650996e-5,305.3327764083183,0.5182710995616577,0.9997092784103321,9.097992807245811e-5,165.57500714425174,0.7091803479024379,0.9997742253483005,0.00016949453719342192,110.51297415814804,0.7091803479024379,0.9997742253483005,0.9991186388441081
191333.0078125,1.1273193359375,398.2568359375,0.28508300781250007,0.3596435546875001,61792.23716259003,5861.328125,0.32786236689646836,0.9995300032927842,3.3264735170493166e-5,327.7046993726577,0.5620117935848731,0.9996652930279141,7.678679194704641e-5,166.04444006519554,0.7589363927544146,0.9997842729431461,0.00014777157619696565,108.007755202285,0.7589363927544146,0.9997842729431461,0.9989799001374392
191552.734375,1.335693359375,87.060546875,0.31547851562500007,0.32426757812500007,20294.12031173706,4574.21875,0.2174905278351694,1.0001075904156154,5.755720577712429e-5,323.96190583222074,0.3004030936949581,1.0001127800755503,8.702679583753176e-5,232.79045576339246,0.39293947365784737,0.9999684356670824,0.00012737846319715458,176.53012602577155,0.39293947365784737,0.9999684356670824,1.0001888113360726
191625.9765625,1.2401123046875,147.5732421875,0.19514160156250002,0.1935302734375,84070.25039196014,4197.265625,0.2564873757167357,0.9997150332064619,4.598952617991903e-5,295.89168637926895,0.3932987770783323,0.999796233622523,8.304851033489558e-5,189.15617559488936,0.5362064230854241,0.9998110447849519,0.00013899259091796465,135.91845350756785,0.5362064230854241,0.9998110447849519,0.9993224620182976
191845.703125,0.959228515625,241.455078125,0.271826171875,0.26948242187500004,8824.594020843506,3066.40625,0.26439939238724347,0.9996053253239323,3.3795351441040526e-5,363.875314174325,0.41347243044745524,0.9996529726307258,6.273683989062866e-5,221.65562101935924,0.5673243229270081,0.9996133522494365,0.00010701850175041723,153.81318074816556,0.5673243229270081,0.9996133522494365,0.9988720738914802
191918.9453125,1.6165771484375,353.7646484375,0.23645019531250003,0.2125732421875,94855.65650463104,3689.453125,0.34791773033899637,0.9988015204326071,4.5059035803020925e-5,349.63933967401886,0.6054404512140817,0.9991475510069207,0.00011036991587795936,172.81890274247212,0.80670707450985,0.9993764965632668,0.00021636973037759123,114.78671825649538,0.80670707450985,0.9993764965632668,0.9973278677695031
192138.671875,0.582763671875,225.849609375,0.230517578125,0.369384765625,58266.81852340698,7589.84375,0.23544658280673214,1.000488747392844,2.5950615729769455e-5,261.1522635786977,0.3428908186157766,1.0004808828833525,4.286139959912458e-5,176.97810844659463,0.4598357144595783,1.0002701840719208,6.726441855370225e-5,129.94254137971413,0.4598357144595783,1.0002701840719208,1.0012403114205306
192211.9140625,1.9930419921875,115.0341796875,0.2613525390625,0.12497558593750001,41133.755564689636,7212.890625,0.2577768496732672,1.0001689609138145,6.537380067656388e-5,276.98925655865025,0.39806462364138107,1.0000615936028816,0.00011787977300184443,172.64298780905838,0.5459298606415084,0.999967252562331,0.00019704321543007153,120.74596060014727,0.5459298606415084,0.999967252562331,1.000197809935528
192431.640625,1.712158203125,357.666015625,0.18686523437500002,0.33686523437500004,69147.38607406616,8082.03125,0.4008259955488215,0.99896041490804,4.6808068575424984e-5,262.89668451086794,0.7015059792722255,0.9996358729876659,0.00013423062261020902,120.12692602711638,0.8950797610870455,0.9991602662910514,0.0002720522172887063,82.11643680162702,0.8950797610870455,0.9991602662910514,0.9977581111542688
192504.8828125,0.8636474609375,301.3037109375,0.30266113281250007,0.1686279296875,31425.49979686737,8705.078125,0.26103673184602355,1.0001237014875084,2.9333070489856535e-5,277.21874066476084,0.4066841351136891,1.0001327341216606,5.343065751457782e-5,169.30612200885184,0.559636735281901,1.0000941415273494,9.00012231971447e-5,116.07136654498794,0.559636735281901,1.0000941415273494,1.0003506176987125
192724.609375,1.165771484375,338.076171875,0.143212890625,0.140283203125,79357.36799240112,7292.96875,0.34391249185638717,0.999853118963508,3.524772926383269e-5,241.5301133452985,0.5915525698933424,0.9998416459140812,8.638425220597929e-5,125.82709473464709,0.7836972194432487,0.9998015266046617,0.00017126369579992286,86.65023267725691,0.7836972194432487,0.9998015266046617,0.9994963753178979
192797.8515625,1.2576904296875,236.5576171875,0.32756347656250007,0.34704589843750006,28719.00451183319,7916.015625,0.28110558811250946,1.000118962896743,4.0379310633123296e-5,304.59033809591057,0.4543887213381836,1.0000183360888315,7.961509889757899e-5,173.398924807169,0.6261634618556149,1.0000163858888484,0.00014108922038624252,115.2455312114129,0.6261634618556149,1.0000163858888484,1.000153689305539
193017.578125,1.539306640625,163.095703125,0.10190429687500001,0.115966796875,89955.21688461304,8785.15625,0.3091815030900203,0.999687061097445,5.0620630286264796e-5,213.6128123467709,0.5114079089520525,0.9997505860007064,0.00011193565917958803,121.22932930683726,0.690172744488148,0.9997834438989167,0.00021102991414686818,85.32513343555894,0.690172744488148,0.9997834438989167,0.9992212908124607
193090.8203125,0.8841552734375,92.1240234375,0.3712158203125,0.39655761718750004,19403.836131095886,8408.203125,0.20003274583248826,1.0008704775797408,4.695658684902116e-5,274.4109173497893,0.25932544453326895,1.000800092600464,6.489114100508864e-5,211.34042934745324,0.3256656821465877,1.0006105115875017,8.799663905244657e-5,167.94963267611044,0.3256656821465877,1.0006105115875017,1.0022827985580283
193310.546875,1.912841796875,306.865234375,0.395751953125,0.24165039062500002,45296.45109176636,4308.59375,0.29425887491410807,0.9991683235456746,5.284014621576292e-5,426.1674927257253,0.4907279207223988,0.999276015908821,0.00010742099435032502,227.77899612748269,0.6836308011282626,0.9994428926783273,0.00019224273316074101,144.35593542566556,0.6836308011282626,0.9994428926783273,0.997888700587779
193383.7890625,0.5106201171875,374.0185546875,0.1312744140625,0.2597412109375,51775.071024894714,4931.640625,0.27352949139797106,0.9998893797964018,1.986416943183828e-5,262.3245092143659,0.4328997863666849,1.000009976280414,3.8573918749663545e-5,162.50198363643773,0.5904234381023803,0.9999554452483298,6.791737941755734e-5,116.51344412221243,0.5904234381023803,0.9999554452483298,0.9998548047057817
193603.515625,0.792236328125,109.306640625,0.35444335937500004,0.20209960937500002,33726.388454437256,3800.78125,0.19618312055453124,1.0000121984717325,4.219418536145427e-5,340.5301554207071,0.25043418250625027,1.000034255859195,5.6980512312568934e-5,267.5365427787572,0.3112158693880915,0.9999631009249652,7.573781821252464e-5,215.97426361086096,0.3112158693880915,0.9999631009249652,1.0000095539596245
193676.7578125,1.6312255859375,209.6630859375,0.1749267578125,0.2963623046875,62332.46695995331,3423.828125,0.3248535458893216,0.9993048080862327,5.014852565457443e-5,313.7591200978385,0.5509338364843487,0.999461719117455,0.00011599005304050996,168.8866832611375,0.7399892189138071,0.9995554805747863,0.00022451813911418376,116.53078221931511,0.7399892189138071,0.9995554805747863,0.9983229301232662
193896.484375,1.347412109375,312.841796875,0.33657226562500003,0.195361328125,13627.479076385498,8761.71875,0.28660661164865436,0.9999332201758464,3.9938639399892045e-5,301.80547331762943,0.4703025375368835,1.000007943221719,7.957309046428794e-5,168.37785575257965,0.6525253190360819,0.9999626303192832,0.00014139034299588435,110.10104435815816,0.6525253190360819,0.9999626303192832,0.9999037953851266
193969.7265625,1.0643310546875,373.3544921875,0.1552978515625,0.28962402343750004,96011.4735364914,8384.765625,0.35136911712474134,0.9999049444818839,3.227880216626395e-5,241.47773610756687,0.6063696315261927,0.9999102292906115,8.103477515589941e-5,122.55679567963757,0.7979778308682011,0.9998912470761219,0.00016253595274270602,83.35969927129334,0.7979778308682011,0.9998912470761219,0.9997064494812832
194189.453125,0.970947265625,105.986328125,0.377294921875,0.24838867187500002,23353.31106185913,7253.90625,0.20375453495617987,1.0003937749608736,4.6112848079081755e-5,292.3938939032432,0.26811968889087234,1.0003827195828692,6.485896878322333e-5,221.15768574639625,0.3405224989350942,1.0003336122062998,8.934092994276225e-5,173.12893495286679,0.3405224989350942,1.0003336122062998,1.0011105165537664
194482.421875,0.594482421875,345.380859375,0.120361328125,0.113916015625,68261.93571090698,3777.34375,0.277163292216238,0.9996714040505837,2.247411509616563e-5,273.5707358999591,0.4418540487238227,0.9997121486725038,4.421626143723429e-5,169.13097543537125,0.6030597937952685,0.9997067185081313,7.851938540645641e-5,121.94921528890161,0.6030597937952685,0.9997067185081313,0.9990905465828356
194555.6640625,1.8172607421875,234.5654296875,0.3902587890625,0.3945068359375,28221.989512443542,3400.390625,0.29819215740610067,0.999320774901815,5.314612618749162e-5,448.1581490820685,0.49657709788722587,0.9993442398749269,0.00011066659286823724,236.61755760723884,0.6845822955868174,0.9994959114123841,0.00020190293139435192,150.3101554093284,0.6845822955868174,0.9994959114123841,0.9981620443241517
194775.390625,1.723876953125,158.447265625,0.16108398437500002,0.142333984375,57876.1305809021,4269.53125,0.29551005359823646,0.9996785297819084,5.557967803585277e-5,284.7605531136474,0.48528659307088573,0.9996940105313956,0.00011644055562062064,164.9820604729714,0.662169480820522,0.9997656917996879,0.00021398564992270363,115.66672397581068,0.662169480820522,0.9997656917996879,0.999138477475395
194848.6328125,0.6878662109375,102.0849609375,0.34719238281250003,0.3490966796875,39750.115275382996,4892.578125,0.19275653887425176,1.0003219277758557,4.15212708011041e-5,312.5663568843725,0.24242923443841338,1.000373929611423,5.508352637312687e-5,249.90997426874583,0.29782941050492545,1.000269921509128,7.206572724581272e-5,204.57463504186427,0.29782941050492545,1.000269921509128,1.0009660871341035
195068.359375,1.154052734375,223.857421875,0.20649414062500002,0.33950195312500003,90571.90656661987,3105.46875,0.28987039014259497,0.9994899546539414,3.911392700702206e-5,335.7030452659535,0.4722810398693543,0.9995551589647514,8.035022611859412e-5,194.00330063966786,0.645258747371893,0.9996361867019711,0.00014624008467866088,134.1841034400028,0.645258747371893,0.9996361867019711,0.9986818745275821
195141.6015625,1.4334716796875,122.3388671875,0.3205322265625,0.1712646484375,14794.390559196472,3728.515625,0.23125568794473267,0.999837835868455,5.351960174080325e-5,355.612318990124,0.3339384314460808,0.9998312669471443,8.604647179719454e-5,241.0812605702666,0.447792146793274,0.9998569348258357,0.00013228707846024864,175.4418550784721,0.447792146793274,0.9998569348258357,0.9995261123398327
195361.328125,1.527587890625,367.626953125,0.24956054687500004,0.36674804687500007,79818.54391098022,4597.65625,0.36158330198193217,0.9989469348320507,4.291797907794108e-5,343.12504553027514,0.6313243982996862,0.9993355883625957,0.00010991219295794143,162.96545145304472,0.8299124580664143,0.9994896539021243,0.00021941634369700556,107.55181819823233,0.8299124580664143,0.9994896539021243,0.9977737529160358
195434.5703125,1.0599365234375,296.6552734375,0.27980957031250003,0.1223388671875,26841.580271720886,4220.703125,0.2747603521281911,0.999576779834638,3.423020425155657e-5,341.3223632335298,0.4377440304882737,0.9996552290813034,6.573500887502644e-5,200.51482389931496,0.6036014054753311,0.9997372524282714,0.00011379172646218278,136.69432777106874,0.6036014054753311,0.9997372524282714,0.998969609007672
195654.296875,1.901123046875,86.396484375,0.252783203125,0.27680664062500004,37424.487590789795,8121.09375,0.2432922042067147,1.0005495194403633,6.906161294191732e-5,264.6051340475338,0.36217272186122607,1.0002222386014583,0.00011773722882359191,173.44222131497156,0.4903644785736914,1.0002295505146086,0.00018932050008173146,124.48166404266446,0.4903644785736914,1.0002295505146086,1.0010016078663515
195727.5390625,0.6864013671875,153.5498046875,0.21799316406250002,0.2198974609375,64683.24363231659,8744.140625,0.21746230241134662,1.0005040759357144,3.3558037285320874e-5,242.7128970872799,0.30010620820043643,1.0006947360015306,5.084325617873205e-5,175.7633051665788,0.3924881798291516,1.000347712717725,7.449147120031079e-5,134.45343100374262,0.3924881798291516,1.000347712717725,1.0015472918185957
195947.265625,0.780517578125,250.087890625,0.29584960937500004,0.31694335937500007,47278.29885482788,7613.28125,0.25125466445814487,1.0001546446615872,2.9481983020350018e-5,287.3055194902164,0.3817206645979168,1.0001834207091416,5.1925576664468925e-5,181.59626634718188,0.5205869917509642,1.000092654921504,8.546632779147496e-5,127.24038184767126,0.5205869917509642,1.000092654921504,1.0004307799833148
196020.5078125,1.8070068359375,350.4443359375,0.17727050781250003,0.1862060546875,53842.17917919159,7236.328125,0.38755845244450454,0.9986896335034412,4.919867081399272e-5,264.7834866035511,0.6795786957179569,0.9994684420896838,0.00013578178295275834,124.86079852731004,0.8733139874126583,0.9995780278401181,0.00027579276073096587,85.28224302299996,0.8733139874126583,0.9995780278401181,0.9977375769158213
196240.234375,0.843505859375,124.248046875,0.22641601562500002,0.15083007812500002,23682.273387908936,6449.21875,0.2143949422631471,1.0003977856531294,4.0764091070898284e-5,266.5231128899193,0.29224461208147784,1.0003740424800929,6.0792810338172326e-5,195.57120531278812,0.37892555411441625,1.000233487243331,8.76943864594355e-5,151.24566072773567,0.37892555411441625,1.000233487243331,1.001005644412049
196313.4765625,1.6854248046875,195.3857421875,0.26545410156250004,0.35759277343750007,76460.34133434296,6822.265625,0.3025872782361549,0.9999960319678379,5.210378575884531e-5,300.480895185202,0.5034012447487891,0.9998962086840746,0.00011129464067658468,163.55405389607688,0.687476244587135,0.9999141687235444,0.00020676580588489013,108.50130995785283,0.687476244587135,0.9999141687235444,0.9998064190363913
196533.203125,1.967041015625,289.267578125,0.192138671875,0.105419921875,16798.68459701538,9941.40625,0.35748146323281393,0.9995963928063394,5.423025996714969e-5,244.0557510684938,0.6241560446412067,0.9998599375221843,0.0001369097456003934,119.83482176763079,0.8241139343515835,0.9998935954192588,0.00027162907594476514,79.81314508916948,0.8241139343515835,0.9998935954192588,0.9993500401209344
196606.4453125,0.5618896484375,390.9521484375,0.29738769531250003,0.3860107421875001,87505.51307201385,9314.453125,0.2650443848400868,1.0004191570178043,2.0679327125450778e-5,275.4766009040009,0.4146819393763573,1.0002698026963774,3.855835394428267e-5,165.95442822097374,0.5685616447098244,1.0002205020072772,6.602499584648277e-5,113.46671756395952,0.5685616447098244,1.0002205020072772,1.0009097267530889
196826.171875,1.590576171875,178.037109375,0.31020507812500003,0.23344726562500004,57248.99625778198,5464.84375,0.2679434352378232,0.9998529764432841,5.130238340069992e-5,331.165383921004,0.42318074965059577,0.9998461948820861,9.610137342387904e-5,197.0669435055818,0.5833953275149549,0.9998808867582925,0.00016481744105313509,133.74359193787092,0.5833953275149549,0.9998808867582925,0.9995801165266233
196899.4140625,0.9383544921875,77.8466796875,0.20041503906250002,0.25153808593750004,51307.217478752136,5837.890625,0.19983386091540767,1.0004318075535383,5.305387705935755e-5,266.18523639825435,0.25859921729687985,1.0001767144956237,7.328981046218992e-5,208.33431474551108,0.3244466980499424,1.0002693180845168,9.94320059054332e-5,168.26513718889058,0.3244466980499424,1.0002693180845168,1.0008780803468764
197119.140625,1.219970703125,320.478515625,0.27592773437500007,0.21030273437500002,67703.47738265991,2957.03125,0.2972549315291875,0.9992704826259518,3.730033009570337e-5,386.6280465755359,0.4933095439804549,0.9993342128431141,7.767451325999771e-5,212.44422120064584,0.6785585097647856,0.9994397784203728,0.00014191868632188232,140.81615441590614,0.6785585097647856,0.9994397784203728,0.9980457410003439
197192.3828125,1.3089599609375,253.4912109375,0.23234863281250004,0.3045654296875,37842.30887889862,2330.078125,0.3038292435561062,0.999203333391889,4.1406968128737154e-5,382.732921380682,0.5057697856885085,0.9992668482246235,8.892767278493997e-5,210.31685799907225,0.6896870233128108,0.9993887401910149,0.0001656778311249461,142.29133725989854,0.6896870233128108,0.9993887401910149,0.9978604406445353
197412.109375,1.657958984375,385.888671875,0.39165039062500007,0.313720703125,82397.132396698,5667.96875,0.3125287341543283,0.9990202109268006,4.561436014009194e-5,397.83363001571144,0.5328101140917085,0.9993220457842747,9.8912465991639e-5,201.8097985322823,0.7350389707876287,0.9995471492503495,0.00018294917453328676,126.18368862729105,0.7350389707876287,0.9995471492503495,0.9978908206230416
197485.3515625,0.8123779296875,273.7451171875,0.1353759765625,0.1829833984375,16822.352290153503,5041.015625,0.28347977147075165,0.9996801789539274,2.9504583119390313e-5,263.5731423825456,0.4590067711459528,0.9996087250074337,5.9326444045263105e-5,158.85882556910417,0.6247366740835786,0.9998392237001277,0.00010779599622725438,112.01081170535255,0.6247366740835786,0.9998392237001277,0.9991283671067369
197705.078125,0.531494140625,200.283203125,0.359716796875,0.280029296875,93139.75667953491,2160.15625,0.20571697487433913,0.9996443970539236,2.7098044063036935e-5,410.8285734030135,0.27265653712263593,0.9996312493708941,3.853922928874721e-5,308.65962476310335,0.34783475588966856,0.9997348881073712,5.3597366305494064e-5,240.8178597823581,0.34783475588966856,0.9997348881073712,0.9990108576609824
197778.3203125,1.9388427734375,139.9365234375,0.16965332031250002,0.22312011718750002,4015.2405500411987,2533.203125,0.2945606314642319,0.9993816556061353,6.235637854628302e-5,332.347822738162,0.48298895054381985,0.9993925010752217,0.00013026840526229638,192.85639547105202,0.6588333462402278,0.9994971164427464,0.00023936233568021137,135.17369233271944,0.6588333462402278,0.9994971164427464,0.9982722650352016
197998.046875,0.905029296875,269.677734375,0.137939453125,0.3775878906250001,46215.15226364136,6683.59375,0.30096209722442324,1.000050059387251,3.164753470019027e-5,250.79866011111733,0.49557821806549235,0.9999455187084297,6.806271042741363e-5,143.26424655968404,0.6717844712293305,0.9999267839091762,0.0001271974055293093,99.89166242970732,0.6717844712293305,0.9999267839091762,0.9999223596015111
198071.2890625,1.5653076171875,326.2060546875,0.33283691406250004,0.1331787109375,63691.819071769714,6056.640625,0.28977867301156923,0.9995774830321066,4.4820549789842736e-5,344.5799685288392,0.4790814992084677,0.9997063751684355,8.997546177466342e-5,190.03836630427563,0.6664071051647757,0.9997142825494932,0.00016025925518636978,123.64023948465396,0.6664071051647757,0.9997142825494932,0.9989984693902715
198291.015625,1.284423828125,61.494140625,0.10600585937500001,0.32866210937500007,36720.223903656006,9175.78125,0.21113551032345304,1.000692852365105,6.544231415095591e-5,217.59009311217656,0.2848279703195464,1.0004493653546538,9.623207478462284e-5,163.36664893425868,0.36667191846211394,1.0001994141743544,0.0001376456458894792,128.56515785519457,0.36667191846211394,1.0001994141743544,1.001342171074452
198364.2578125,1.1859130859375,172.4755859375,0.36711425781250007,0.1604248046875,75876.59537792206,9548.828125,0.2328442990978202,1.0003149720816082,4.2801019660192174e-5,283.92272833553454,0.3382665351391818,1.000252889777262,6.909913600107933e-5,189.44143220563984,0.45562701149413815,1.0001588694153425,0.00010651907985303217,135.60714842485547,0.45562701149413815,1.0001588694153425,1.0007269011559683
198583.984375,1.042724609375,360.654296875,0.322509765625,0.26567382812500007,63713.23347091675,9886.71875,0.28966309772035476,1.000179735038147,3.220100042187705e-5,288.0211068725355,0.47604450569120726,1.0000704992441143,6.519117429465001e-5,159.49435423866103,0.6574517850643271,1.0000923287711394,0.00011718065496132335,104.32743166916596,0.6574517850643271,1.0000923287711394,1.0003425988295787
198657.2265625,1.5096435546875,304.2919921875,0.20686035156250002,0.24743652343750003,46268.03481578827,9259.765625,0.34193230810882064,0.999888131925785,4.396258161575684e-5,257.72928995430294,0.5906197523314913,0.9999780214155269,0.00010641931122630945,129.50604128339594,0.7873868002072703,0.9999917082194066,0.0002093831427100766,85.688783950139,0.7873868002072703,0.9999917082194066,0.9998578651292271
198876.953125,1.416259765625,228.173828125,0.27885742187500007,0.29057617187500007,73947.06106185913,6378.90625,0.2898490956086572,0.9999238113851917,4.474153877930311e-5,310.422456869964,0.4746751309231564,0.9999268785186963,9.117122820839248e-5,174.09341433624564,0.6525367558099292,0.999916112283264,0.00016477602414985673,116.19569154028915,0.6525367558099292,0.999916112283264,0.9997668202829922
198950.1953125,1.1361083984375,117.3583984375,0.24816894531250003,0.1961669921875,33894.299387931824,6751.953125,0.22553116119605238,1.000253227922151,4.8217187898579673e-5,274.15717852910615,0.31955016447975193,1.0002319139077163,7.582587457716815e-5,191.99845096110013,0.42372632314027076,1.0001513637738288,0.00011458967946996357,143.4193103940723,0.42372632314027076,1.0001513637738288,1.0006366377725604
199169.921875,1.789794921875,244.443359375,0.218798828125,0.35297851562500004,16734.378337860107,2902.34375,0.34024708212023713,0.9990795850568907,5.244166666168215e-5,363.9997049571128,0.5857355849438945,0.9992258345845586,0.00012666097123511423,184.01195454714355,0.7806209760095263,0.999414747612565,0.00024931440785740827,123.42053376033846,0.7806209760095263,0.999414747612565,0.997721871147608
199243.1640625,0.7625732421875,356.7529296875,0.25432128906250007,0.14606933593750002,84292.40882396698,2275.390625,0.2684741651329828,0.9996108679734312,2.6295671526735614e-5,388.3524392473733,0.4238128240811084,0.9994086994069434,4.946105873349397e-5,234.0617289166041,0.5843798924499805,0.9994721000403675,8.508643243692965e-5,161.7293216037995,0.5843798924499805,0.9994721000403675,0.998492414963614
199462.890625,0.669189453125,89.384765625,0.17514648437500002,0.3907714843750001,8112.245082855225,5394.53125,0.19373207226042324,1.000404407731927,4.477515840297703e-5,268.44819120830863,0.24449588338626524,1.0001808679830742,5.9835092920064694e-5,216.047975838719,0.3009356954409831,1.0000537981652386,7.879403775892105e-5,178.45864613193177,0.3009356954409831,1.0000537981652386,1.0006391785153452
199536.1328125,1.8831787109375,149.8974609375,0.2956298828125,0.11003417968750001,95522.43888378143,5767.578125,0.2600732635450231,0.9998604845678793,6.008807797396235e-5,317.18834551489044,0.4046127587846314,0.9998648469294726,0.00010890860358266309,194.27435326741607,0.5573433715754137,0.9999005184813083,0.00018266887982452807,133.63435180230675,0.5573433715754137,0.9999005184813083,0.9996258961571634
199755.859375,1.458740234375,112.294921875,0.154931640625,0.11918945312500001,48431.83088302612,2230.46875,0.24790495821118608,0.9994424681378533,5.633258236953374e-5,328.97487008748834,0.37258655943389585,0.9995533419714849,9.828538659641589e-5,218.96968064749092,0.5051913282757862,0.9995716509445265,0.0001606298600329024,161.6202857731736,0.5051913282757862,0.9995716509445265,0.9985681401170683
199829.1015625,0.9881591796875,212.6513671875,0.3345947265625,0.36345214843750007,55131.51824474335,2603.515625,0.2508910640917793,0.9996082929453736,3.644277283985962e-5,414.9380793531187,0.3810384632252783,0.9995756412807191,6.401468298681713e-5,259.8936228444015,0.519948309603999,0.9996349531888149,0.00010513122901939055,180.80713926996899,0.519948309603999,0.9996349531888149,0.9988193514807404
200048.828125,1.082275390625,309.189453125,0.11362304687500001,0.174560546875,39197.938442230225,5722.65625,0.332760987898249,0.9996756822731931,3.453119738784947e-5,249.36150792586713,0.5661391234483981,0.9997217996197514,8.224221464434729e-5,134.96876754897283,0.7540873659542133,0.9997316050101807,0.00016168987350401181,94.59865293496702,0.7540873659542133,0.9997316050101807,0.9991293388170652
200122.0703125,1.3646240234375,376.3427734375,0.37824707031250004,0.3426513671875,68135.43403148651,5095.703125,0.30522968303402526,0.9993713650444873,3.9390468498596276e-5,397.97427260596527,0.5143364964085043,0.9994726927111426,8.372861155939728e-5,206.64544204741676,0.709153496398959,0.9996135866753036,0.00015417463957751625,130.58457596252276,0.709153496398959,0.9996135866753036,0.9984584224581237
200341.796875,0.705810546875,166.083984375,0.38872070312500007,0.187744140625,80147.90678024292,9246.09375,0.20565709723679998,1.0003238669711294,3.318039355842055e-5,277.06645726317583,0.27182944124049463,1.0004919565492403,4.711486195322776e-5,207.05855041640848,0.3463579276651895,1.0002965711046568,6.514969037954247e-5,160.93682869262742,0.3463579276651895,1.0002965711046568,1.001112795950439
200415.0390625,1.7410888671875,95.1123046875,0.11955566406250001,0.3183349609375,28263.184428215027,9619.140625,0.2630010313297146,1.0003540142314313,6.440512474829644e-5,220.37588255334074,0.4078175204586617,1.0002194749622078,0.0001201004424472464,138.89028269874376,0.5553200588591559,1.0000731351463026,0.00020580354757069905,99.39154819743472,0.5553200588591559,1.0000731351463026,1.0006467439851001
200634.765625,1.835205078125,340.400390625,0.34741210937500006,0.21850585937500003,90219.247341156,6738.28125,0.3092001663795466,0.9993314108080293,5.0551776085970294e-5,351.76500237374785,0.5250280502292803,0.9995642723618218,0.00010845200995682219,182.4939376471649,0.7254026471131927,0.9996707043943899,0.00019967081565103284,115.9107134877903,0.7254026471131927,0.9996707043943899,0.9985670424377786
200708.0078125,0.6116943359375,238.8818359375,0.1632080078125,0.2752685546875,14739.502787590027,6111.328125,0.24368824320176538,1.0001461733524661,2.6618790471809796e-5,261.65660908346575,0.3623197901000773,1.000188863240354,4.567880347538831e-5,174.48010942373915,0.489500033078965,1.0001277161151603,7.3756991673006e-5,127.97532251958468,0.489500033078965,1.0001277161151603,1.0004628231078514
200927.734375,1.945068359375,203.935546875,0.137353515625,0.389892578125,67037.28437423706,7324.21875,0.36074823338550366,0.9997314062700419,5.7561038517161235e-5,250.84430156448875,0.623267145910097,0.9997807195375042,0.000149228608064923,125.89092255677755,0.8125265940010736,0.9997916072071363,0.0003038167771801466,86.30979229468343,0.8125265940010736,0.9997916072071363,0.9993038935692315
201000.9765625,0.5369873046875,136.9482421875,0.39201660156250007,0.1091552734375,39468.687891960144,7947.265625,0.1869560404953509,1.0003215232991693,3.294425330596687e-5,274.73142202524747,0.2285471886807578,1.000429807240737,4.220733943770102e-5,224.6406768306742,0.2734447396251486,1.0004256003832344,5.327255304740836e-5,187.76760384627534,0.2734447396251486,1.0004256003832344,1.0011773889415634
201220.703125,0.818603515625,379.580078125,0.168701171875,0.353857421875,57537.118434906006,8816.40625,0.3188896496551246,1.0001457414514374,2.6911514919331705e-5,246.68417408638092,0.5379213929819233,1.0000008059830856,6.121188191946783e-5,132.6048543274571,0.723872686154207,1.0000133311190613,0.00011803034150597539,89.76282645620347,0.723872686154207,1.0000133311190613,1.0001598806246923
201293.9453125,1.6634521484375,279.3896484375,0.35832519531250007,0.14694824218750002,50558.65943431854,8439.453125,0.2779559406699612,0.999990549380186,4.833702868687074e-5,318.85169101779917,0.4505551002524364,0.9998555260678695,9.29410812131695e-5,181.31197814334516,0.6278524854598287,0.9999468347055037,0.00016148673891247327,118.5894649345933,0.6278524854598287,0.9999468347055037,0.9997929197022989
201513.671875,1.192138671875,66.474609375,0.33364257812500003,0.30375976562500007,14367.587566375732,4339.84375,0.195474573960662,1.000218122525975,6.333045906964314e-5,324.18809458361056,0.24870640201745575,1.0001102965157433,8.528193563242744e-5,256.0380099665598,0.3081814301652968,1.0000673711118695,0.00011308950430272229,207.54798452278513,0.3081814301652968,1.0000673711118695,1.0003958363393193
201586.9140625,1.2899169921875,168.1591796875,0.13947753906250002,0.20935058593750003,92441.03705883026,4962.890625,0.27845455322102614,0.9997926512029536,4.60366079888192e-5,269.15250418545065,0.44474089703846714,0.9997640582291584,9.097546111776709e-5,163.40659972463254,0.6073235475280149,0.9998516239541475,0.00016183808643914532,116.03984949691117,0.6073235475280149,0.9998516239541475,0.9994084480749446
201806.640625,1.571533203125,262.041015625,0.364990234375,0.25249023437500007,25587.754726409912,3832.03125,0.2802594835495315,0.9995240926961988,4.712328540015392e-5,413.0856189046358,0.454843408443581,0.9995116897681974,9.181228211961891e-5,232.18467073935602,0.6311911093117857,0.9995600257893368,0.0001611270000842214,151.15504604415528,0.6311911093117857,0.9995600257893368,0.9985964647727421
201879.8828125,0.9105224609375,333.1787109375,0.1057861328125,0.23425292968750003,80543.328166008,3455.078125,0.3263496553429562,0.9992338687405268,3.023728223479227e-5,278.7016129536691,0.5508614288310197,0.9995021548421297,7.08117840017925e-5,155.06671086788796,0.7340313806425142,0.9994975933295082,0.00013821926834539929,110.45871225031644,0.7340313806425142,0.9994975933295082,0.9982346331654605
202099.609375,0.556396484375,284.951171875,0.26508789062500004,0.224658203125,31355.659008026123,4542.96875,0.23360234650047312,0.9999449134024921,2.3706526333177678e-5,317.78136256175054,0.33987020347444086,0.9998305268971783,3.8657960591250904e-5,215.69541566601794,0.4553840901347135,0.9998856044083076,6.035414300782169e-5,157.4712792451598,0.4553840901347135,0.9998856044083076,0.9996610797312465
202172.8515625,1.9608154296875,395.9326171875,0.22443847656250004,0.28142089843750007,72384.16564464569,4166.015625,0.3932726417720534,0.9946338198773318,5.187788292221329e-5,347.72642528225424,0.6928614530479157,0.9985271284374931,0.0001452572866579938,157.63542932820104,0.8885638279651712,0.9986733274436556,0.0002942482556774295,106.42237374842546,0.8885638279651712,0.9986733274436556,0.9918512421491505
202392.578125,1.679931640625,131.220703125,0.29877929687500004,0.18159179687500002,41714.86043930054,3035.15625,0.24668623374705048,0.9996467886448446,5.839600503834035e-5,378.14590693199597,0.3713563765429967,0.9997537879132652,0.00010052300290621636,242.33858745345452,0.5061899466206375,0.9997238063610954,0.0001626208510446408,171.1626976092917,0.5061899466206375,0.9997238063610954,0.9991246354170324
202465.8203125,0.8372802734375,187.7490234375,0.19309082031250002,0.31218261718750007,61569.363474845886,3658.203125,0.24493592339565506,0.9998823157300295,3.4914152442180276e-5,311.70158118328595,0.3655556278958119,0.999832089537195,6.016149899608873e-5,206.53433722321654,0.4944625125697166,0.9997695732176076,9.748922951785782e-5,150.80339200255926,0.4944625125697166,0.9997695732176076,0.9994840640493744
202685.546875,1.303466796875,317.490234375,0.19887695312500003,0.157275390625,99007.32755661011,7558.59375,0.3225236184734573,0.999804296171564,3.931975606677553e-5,267.8303048228478,0.549044090161224,0.9998910149484111,8.953956055327055e-5,141.57297514685968,0.7422841858104129,0.9998776501112387,0.0001717530463519823,94.65144105695175,0.7422841858104129,0.9998776501112387,0.9995730198360467
202758.7890625,1.2137451171875,257.1435546875,0.30939941406250004,0.32536621093750007,11114.21287059784,7181.640625,0.2822390746019618,1.000013652668041,3.925329217268307e-5,313.6193236877556,0.4569264429713003,0.9999599111592548,7.777466070574416e-5,178.03628702038165,0.6295255960530732,0.9999781856631608,0.0001382178132718165,118.4565233578615,0.6295255960530732,0.9999781856631608,0.9999517495198363
202978.515625,0.932861328125,183.681640625,0.23256835937500003,0.136474609375,87756.356716156,8050.78125,0.24066929530297557,1.0002740627148878,3.6986535103585514e-5,260.4763006999076,0.3568330584782895,1.000137314673359,6.226948982421085e-5,172.6034612335223,0.48211700328568835,1.0001951013957746,9.95288885512125e-5,124.41788067851724,0.48211700328568835,1.0001951013957746,1.0006065966844984
203051.7578125,1.5843505859375,71.5380859375,0.2780517578125,0.3807373046875,23703.347086906433,8673.828125,0.21918173357201123,1.0006711607214698,6.833821354788221e-5,264.3297837384383,0.3042627373472282,1.000569380197839,0.00010437740210563989,188.7335948454224,0.398952534614716,1.000334148145558,0.00015406309996459418,142.4115314859007,0.398952534614716,1.000334148145558,1.0015754858626322
203271.484375,0.644287109375,174.716796875,0.158447265625,0.29848632812500003,35859.59577560425,2511.71875,0.22502308738541513,0.9995279584035773,3.1935621658024725e-5,323.7886563607646,0.3173370918084601,0.9996347962546595,5.031238197143284e-5,232.14555249174876,0.41858961977003883,0.9998732757143567,7.59349488449141e-5,178.34947065786488,0.41858961977003883,0.9998732757143567,0.9990363088414241
203344.7265625,1.8612060546875,65.2294921875,0.3521728515625,0.2052490234375,66362.76137828827,2134.765625,0.20813410917824463,0.9997325471213891,7.72092831940703e-5,413.78535002016736,0.2784543384620999,0.9997367248262343,0.00011106711851935127,307.5369188921322,0.35756753180998924,0.9997414469351874,0.00015599221197668613,237.79649161737981,0.35756753180998924,0.9997414469351874,0.9992109264996728
203564.453125,1.767822265625,329.111328125,0.124169921875,0.25776367187500004,49565.40822982788,5003.90625,0.4099430614551164,0.9986309420719431,4.920664658591518e-5,270.7365668903242,0.7132280038286124,0.9992406338987735,0.00014561725982139553,127.93510755234983,0.8932725185591499,0.999377498038774,0.0003055961010013067,91.11483400450645,0.8932725185591499,0.999377498038774,0.9972514379266412
203857.421875,1.391357421875,143.505859375,0.37348632812500004,0.38579101562500007,93491.67203903198,9527.34375,0.24518723961442082,1.000521134921011,5.040751526583553e-5,296.4028577563473,0.36748574593502065,1.0002574635568022,8.634280514952693e-5,188.6018356663702,0.49981322494772834,1.000201186692534,0.0001393328381052585,131.2397093784409,0.49981322494772834,1.000201186692534,1.000980076014244
203930.6640625,1.1141357421875,202.6904296875,0.11838378906250001,0.1038818359375,19188.725352287292,9150.390625,0.28640762608578146,0.9997118442456092,3.957918072959875e-5,222.6022377556511,0.46113801835730533,0.9999964547630139,8.072056088739206e-5,131.41971659324537,0.627845932983363,0.999885330771691,0.00014544075159071023,92.43492386238677,0.627845932983363,0.999885330771691,0.999593664250905
204150.390625,1.020751953125,275.322265625,0.339208984375,0.35795898437500007,82329.3776512146,6019.53125,0.27048078455188357,0.9998618737977762,3.444028261730979e-5,340.87341062138455,0.4288082970516749,0.9998369572792931,6.529346907035976e-5,199.39692587641292,0.5906282473178995,0.9999021590984479,0.00011293198458206722,133.65006774091512,0.5906282473178995,0.9999021590984479,0.9996010421604247
204223.6328125,1.4847412109375,388.9599609375,0.1503173828125,0.1522216796875,27689.629435539246,6642.578125,0.38203778453798926,0.9991575660268437,4.178352199775227e-5,262.42940508149746,0.6682299548432945,0.9995011075625381,0.00011404930300698032,126.20389770886945,0.8619944469628135,0.9994568474227383,0.00023220337441185547,87.03323069761639,0.8619944469628135,0.9994568474227383,0.998116669612677
204443.359375,1.857177734375,255.732421875,0.290869140625,0.161376953125,75060.12678146362,9355.46875,0.30175152837313896,0.9999692645315108,5.3527923647218914e-5,288.0175332938479,0.5056264129353758,0.9999699049305029,0.00011264190793213153,154.9361270426765,0.6974520845611943,0.9999746155428678,0.00020642662877164551,100.78569578480403,0.6974520845611943,0.9999746155428678,0.9999137874739943
204516.6015625,0.6365966796875,324.2138671875,0.17990722656250002,0.33063964843750004,35278.85711193085,9978.515625,0.27240125546094907,1.000504778037504,2.4144576945945484e-5,238.89081926975408,0.43371525929881494,1.0001453371729716,4.6626020826166906e-5,143.66653733545206,0.5913844592307188,1.0003635326138418,8.243266947389276e-5,99.41689965281608,0.5913844592307188,1.0003635326138418,1.001013957552082
204736.328125,0.730712890625,80.751953125,0.25893554687500003,0.132373046875,63143.189907073975,6847.65625,0.18628926009996558,1.0001016544647223,4.920736138373739e-5,262.33126898643263,0.2267336195205694,1.0005690471030464,6.293118051014013e-5,216.82377580243642,0.27221168289251246,1.0002121805132511,7.915933847886475e-5,183.15593255623187,0.27221168289251246,1.0002121805132511,1.0008830822492754
204809.5703125,1.7630615234375,179.7802734375,0.21418457031250002,0.3754638671875,44671.01752758026,6470.703125,0.3083180121457629,0.9998637216170413,5.550424763817784e-5,289.48608895044293,0.5148205340448573,0.9998917339435822,0.00012152229504553785,157.42518507488845,0.6989532943420383,0.9998711954610713,0.00022913378254765937,105.84362894503504,0.6989532943420383,0.9998711954610713,0.9996266972725513
205029.296875,1.104248046875,394.521484375,0.24340820312500003,0.22993164062500002,6918.628215789795,2371.09375,0.3150663014612853,0.9989900278364692,3.3479596457755e-5,398.03842679641497,0.533314728312562,0.9991261593801758,7.423931044926763e-5,210.4714633697951,0.7259962243337235,0.9992711289300198,0.00014030795386373103,139.65507563671923,0.7259962243337235,0.9992711289300198,0.9973895711147367
205102.5390625,1.3895263671875,291.6748046875,0.28361816406250007,0.2855224609375,99707.47458934784,2994.140625,0.30293618151660706,0.9992586064015282,4.230568831320214e-5,398.1613344027582,0.506077932067666,0.9992720569707043,8.997814317398673e-5,214.16276912661596,0.6938726684341541,0.9994373141726381,0.0001664952999428052,140.49530862976366,0.6938726684341541,0.9994373141726381,0.9979693437083915
205322.265625,1.483642578125,196.962890625,0.211474609375,0.176318359375,21129.73928451538,5863.28125,0.28594920968404364,0.9998698102921793,4.8403210221308186e-5,289.0683557163042,0.46542096236011715,0.9998267958768836,9.758648311801793e-5,167.20898043580166,0.6383598018132252,0.9999042286896603,0.00017593145323943025,114.2835809447838,0.6383598018132252,0.9999042286896603,0.9996008864623824
205395.5078125,1.0101318359375,127.3193359375,0.31789550781250003,0.3080810546875,88813.79783153534,5486.328125,0.21855593808532306,1.0001550225502738,4.501773670377189e-5,315.58815445843686,0.3030060527445879,1.0000576343100631,6.839966769330784e-5,225.1162901628032,0.39729535559339363,1.0000356757506046,0.00010055522860486819,169.5148706324536,0.39729535559339363,1.0000356757506046,1.000248349132571
205615.234375,1.546630859375,347.373046875,0.273291015625,0.34770507812500007,44307.029247283936,4199.21875,0.340910276269929,1.0015340934253985,4.436373697060685e-5,368.9847381618374,0.5893084913511999,0.9992912710470524,0.00010644787308619407,180.78447391028405,0.7888076282235064,0.9994733169136522,0.00020770235235880607,117.31522339936987,0.7888076282235064,0.9994733169136522,1.0002971599968078
205688.4765625,0.8885498046875,248.5107421875,0.23732910156250003,0.1419677734375,64144.85061168671,4572.265625,0.25507588246008817,0.9998746596062107,3.2735106492525726e-5,313.7510582582951,0.39101932285972646,0.9998415309523114,5.8542672371549e-5,198.06372979969106,0.53458733915497,0.9997627868534361,9.735508963289768e-5,139.90623907411978,0.53458733915497,0.9997627868534361,0.9994790645931501
205908.203125,1.170166015625,151.142578125,0.31401367187500007,0.39604492187500007,33111.55080795288,3691.40625,0.24196574677691507,0.9997963672377392,4.5630809680829276e-5,365.2645431417696,0.35909888659674327,0.9998025533240004,7.73319890583699e-5,237.90284517755438,0.48596240716804273,0.9997917640126972,0.00012376034228547538,169.33264534344673,0.48596240716804273,0.9997917640126972,0.9993908082918492
205981.4453125,1.2650146484375,82.8271484375,0.1942626953125,0.1141357421875,75252.4002790451,3064.453125,0.21231561669918472,0.9999464649951224,5.9931412511747376e-5,318.32923173901486,0.2879736887325904,0.9998048533114035,8.840422215053941e-5,237.3995577389944,0.3730044520382305,0.999871148101631,0.0001268744373488824,185.56553149834403,0.3730044520382305,0.999871148101631,0.9996225088970979
206201.171875,0.793701171875,294.912109375,0.18833007812500002,0.261572265625,87603.42741012573,7214.84375,0.27672990952287774,1.0001267911780136,2.875937148122835e-5,264.72188467901816,0.44165507353324923,1.0001700206205855,5.6295538923667346e-5,157.90918352387285,0.60446371465819,1.0000020211179481,9.961406109811218e-5,109.4520104320216,0.60446371465819,1.0000020211179481,1.0002988550735972
206274.4140625,1.6414794921875,364.7216796875,0.30354003906250004,0.24216308593750002,21654.35492992401,7587.890625,0.32439412840322707,0.9994957315351437,4.5929032836390034e-5,323.45054745285466,0.5574486066562729,0.9996177743709284,0.00010410156085733028,162.93173017934592,0.7604247184406138,0.9997684859254459,0.00019700281565813,104.25420829903345,0.7604247184406138,0.9997684859254459,0.9988823897670859
206494.140625,1.923095703125,118.603515625,0.229052734375,0.294677734375,99323.28939437866,8707.03125,0.26918282541850125,1.000292860533943,6.505057227442928e-5,264.4547908729616,0.42418882655551243,1.0001325172002336,0.00012345721400700116,159.2050722306822,0.5814810064163441,1.0000834089232962,0.00021387126719294954,109.84638322868364,0.5814810064163441,1.0000834089232962,1.0005088609500665
206567.3828125,0.5120849609375,221.6162109375,0.2604736328125,0.20144042968750003,10474.114298820496,8080.078125,0.22044943379812357,1.0001887422805857,2.558772150467747e-5,262.51615454994703,0.2993460328088781,1.000412848611539,3.937697778904501e-5,187.39946333172264,0.3909389117667353,1.0003191486592538,5.663480955352986e-5,144.22195754914696,0.3909389117667353,1.0003191486592538,1.0009210094951622
206787.109375,0.954833984375,99.013671875,0.101025390625,0.19184570312500002,59804.847240448,7917.96875,0.21796854410781236,1.0003461212411635,4.8812513184936474e-5,228.6733676795362,0.3011436182968153,1.0001030421545416,7.435170544140667e-5,167.40746661213677,0.3924449811372148,0.9999118649085224,0.00010950847299342556,129.81126836403098,0.3924449811372148,0.9999118649085224,1.0003610243791057
206860.3515625,1.6092529296875,156.8701171875,0.3697509765625,0.3236083984375,52426.66137218475,7291.015625,0.25428197461677543,1.0001542501243443,5.4201307057646885e-5,328.8890833121781,0.39009096117841985,1.0000456502444692,9.618238942708985e-5,202.1499842756732,0.5351251256764625,1.0000687826866728,0.00015907611385568263,137.95930956235523,0.5351251256764625,1.0000687826866728,1.000268703847211
207080.078125,1.328369140625,232.158203125,0.144091796875,0.214404296875,71164.29281234741,8410.15625,0.313036304111743,0.9999615331164143,4.302293858981181e-5,241.93038449062186,0.5243074844463643,1.0000010006058897,9.596719599340626e-5,132.78144514077582,0.7085690343640668,0.9999841758975502,0.0001828229662409943,90.89588622941044,0.7085690343640668,0.9999841758975502,0.9999467101742349
207153.3203125,1.2357177734375,341.8115234375,0.32902832031250007,0.2699951171875,42826.45881175995,8783.203125,0.29342831200682273,0.999932430792557,3.738602042133818e-5,310.3915321171434,0.4855115233210665,0.9999685092455298,7.660340338985098e-5,169.23740126553253,0.6707672430155965,0.9999703105834862,0.00013861982224469075,109.63472903910436,0.6707672430155965,0.9999703105834862,0.9998712556903476
207373.046875,1.701904296875,216.552734375,0.35356445312500007,0.12446289062500002,25619.632244110107,4933.59375,0.26102563345845353,0.9997761858844392,5.22870346123892e-5,370.00301668095614,0.4084038489131,0.9997351795289817,9.454006886158425e-5,222.3178015442978,0.5657079713047483,0.9997687497499821,0.0001581480894005352,149.5713099069513,0.5657079713047483,0.9997687497499821,0.9992802874171264
207446.2890625,0.8621826171875,103.0810546875,0.1734619140625,0.3675537109375,81466.08054637909,4306.640625,0.20988365316564458,1.0001598901163993,4.670609323642722e-5,290.1233851073963,0.28204285227835985,0.999965146632791,6.816983289620417e-5,218.65390748874748,0.3625162432629573,1.0000876189255783,9.693645853191705e-5,172.28885835014864,0.3625162432629573,1.0000876189255783,1.000212661057157
207666.015625,0.581298828125,369.619140625,0.3966308593750001,0.16928710937500002,12201.608180999756,3425.78125,0.2275104851482043,0.9997304410949353,2.2243623338163292e-5,409.06556207315936,0.3254418962329443,0.9996573181125059,3.502026212199214e-5,276.5919196637032,0.4353831945707738,0.9996981398307496,5.292702273640652e-5,199.26105813772955,0.4353831945707738,0.9996981398307496,0.9990861761943707
207739.2578125,1.9827880859375,310.6005859375,0.1327392578125,0.33854980468750007,93486.30607128143,3798.828125,0.4201504437594873,0.9975888045382132,5.449150879624391e-5,299.35467421018024,0.7274673600979136,0.9990243914184547,0.00016636251844441476,138.63747103138954,0.9155029124352051,0.9977346153014536,0.00033961952324578306,100.04309424605667,0.9155029124352051,0.9977346153014536,0.9943578307261101
207958.984375,1.745849609375,73.779296875,0.181884765625,0.23754882812500003,79726.722240448,3636.71875,0.22813333023847104,0.9997237146766236,7.247805864602386e-5,306.4380648289964,0.32541603622115817,0.9998012044346876,0.00011570499386158517,215.46830315665952,0.432377150218156,0.999762590231431,0.00017695714281284816,162.5842624831241,0.432377150218156,0.999762590231431,0.9992876770428434
208032.2265625,0.7127685546875,187.4169921875,0.2912353515625,0.2568115234375,22416.991114616394,3009.765625,0.21969757785537453,0.9997175675033062,3.274106086853644e-5,362.7157838564474,0.30562320005634075,0.9997649699722614,5.004184607042195e-5,258.56720505930576,0.4014439536035318,0.9997277193146223,7.386782977691392e-5,195.1234933171755,0.4014439536035318,0.9997277193146223,0.9992104640472842
208251.953125,0.619384765625,260.048828125,0.21323242187500002,0.20620117187500003,92358.74319076538,4128.90625,0.23877420528139692,0.9998731379080188,2.64504026597917e-5,310.1377918363046,0.35236838371632884,0.9997399842878198,4.424659643981246e-5,208.48291920477575,0.47460336061463515,0.9998530607257885,7.050963410576044e-5,152.19750938358786,0.47460336061463515,0.9998530607257885,0.9994662727504611
208544.921875,0.992919921875,191.318359375,0.284423828125,0.15610351562500002,55201.78556442261,8652.34375,0.23807600778930849,1.0001915508366106,3.81543421601162e-5,273.82612558712293,0.3502856139308003,1.0002244274880698,6.335311124387467e-5,181.0738359638873,0.4732244341992691,1.0001929187889995,9.986473481785555e-5,129.79156237128475,0.4732244341992691,1.0001929187889995,1.000609020361281
208618.1640625,1.4656982421875,133.6279296875,0.24494628906250002,0.3616943359375,62067.43323802948,8025.390625,0.2568602633120239,1.000349605329461,5.379969399425486e-5,275.6952521966733,0.39456715247745977,1.0001808140919597,9.730198648153664e-5,172.10486288438167,0.5385789117120923,1.0000781499260623,0.00016323432729424092,120.4668029160227,0.5385789117120923,1.0000781499260623,1.0006086740182318
208837.890625,1.372314453125,397.509765625,0.315771484375,0.10014648437500001,43384.950160980225,7144.53125,0.29271685788596397,0.9997272963285786,3.948131143487432e-5,326.6481072717929,0.4860416233138343,0.9997225682248833,8.010427643851565e-5,178.81885646741145,0.6756731236990905,0.9997703540247906,0.00014354895475790922,116.12782621736768,0.6756731236990905,0.9997703540247906,0.999220420553933
208911.1328125,1.0863037109375,288.0224609375,0.21125488281250002,0.38190917968750004,72813.45450878143,7517.578125,0.3065476146263855,1.0000516384356932,3.565827165572873e-5,278.91689719429525,0.5107554500432752,0.9999208497921217,7.76231959790815e-5,152.03376834878844,0.6938330328193676,0.999937363645012,0.00014612098081193437,101.90636549590164,0.6938330328193676,0.999937363645012,0.9999098495091271
209130.859375,0.755615234375,335.419921875,0.351806640625,0.372314453125,20913.337230682373,8480.46875,0.2612145445183013,1.0001612166207772,2.684755134963305e-5,310.95457045003536,0.40641993357761125,1.0000891317274263,4.912019111256058e-5,187.13897824351673,0.5583401462278335,1.000057993345212,8.302736397301227e-5,126.46229870662599,0.5583401462278335,1.000057993345212,1.0003083705823028
209204.1015625,1.7850341796875,265.7763671875,0.15646972656250002,0.1290771484375,87467.36419200897,8853.515625,0.35098911419369866,0.9996922803556387,5.179228177962499e-5,246.64081772928571,0.6072210258028087,0.9998122160508431,0.00012931036913443043,123.69780179260243,0.8021976981583749,0.999859723878516,0.0002575895888140083,83.29532693019425,0.8021976981583749,0.999859723878516,0.9993643475690244
209423.828125,1.879150390625,171.064453125,0.385498046875,0.33393554687500004,9059.083461761475,7972.65625,0.26800800719500684,1.0000245509950423,5.894964623457911e-5,336.05162719118107,0.42406672134275597,1.0000006674638615,0.00011020802832210563,195.98252782698893,0.5860914758253895,1.0000444950793477,0.00018873681296714247,129.78777758284278,0.5860914758253895,1.0000444950793477,1.0000697146767363
209497.0703125,0.6614990234375,68.2177734375,0.1251220703125,0.16452636718750002,99398.03779125214,7345.703125,0.18260916908068897,1.000792603313422,5.340716196293992e-5,237.56211802024055,0.21905967007027147,1.0005514470384214,6.682283129201239e-5,200.80545447168103,0.2590636542762377,1.0005463734905848,8.278649657573082e-5,172.46861332553152,0.2590636542762377,1.0005463734905848,1.0018915955134686
209716.796875,1.502685546875,282.958984375,0.116845703125,0.30961914062500007,66699.05424118042,3496.09375,0.3635925359241071,0.9991084295801704,4.528636775652891e-5,292.5665745885202,0.6283253258321283,0.9993261482681731,0.00011849898670636416,149.6733825434092,0.8176527465411065,0.9994145120775004,0.0002415906840023049,105.75783784609207,0.8176527465411065,0.9994145120775004,0.9978506068961257
209790.0390625,1.0379638671875,381.9873046875,0.3726806640625,0.17770996093750002,46760.74302196503,3869.140625,0.26505659252535335,0.9995223216808153,3.23845997902825e-5,414.0051553738216,0.41833748863863884,0.9995162253524318,5.9480663419302586e-5,243.65532662220576,0.5805082233289673,0.9995478494111061,0.0001004846427028368,161.67736922184253,0.5805082233289673,0.9995478494111061,0.998587062150052
210009.765625,1.132080078125,138.525390625,0.150537109375,0.28413085937500004,78584.481716156,4988.28125,0.24764464790494503,0.9998012640128484,4.6591325241316994e-5,276.7735264290419,0.3709625488132495,0.9998877309222577,8.13865976802887e-5,182.77892976481525,0.5018019579157658,0.9999333594119292,0.00013288866055727045,133.73942624640642,0.5018019579157658,0.9999333594119292,0.9996223973830148
210083.0078125,1.4085693359375,207.0068359375,0.34133300781250003,0.22839355468750003,35602.66196727753,4361.328125,0.2583705420615156,0.9997426214397154,4.6624717310581355e-5,374.63809929068964,0.40044186183136626,0.9997445854333753,8.395892575351769e-5,227.67657315186042,0.5513409656329282,0.9997875307395795,0.0001401609354281625,155.02735350140676,0.5513409656329282,0.9997875307395795,0.9992749122897127
210302.734375,1.241943359375,235.810546875,0.3717285156250001,0.11801757812500001,103636.52753829956,5074.21875,0.24329316962356265,0.9998346369977097,4.141057029218394e-5,366.5202943818039,0.3644428716088725,0.9997956065787201,6.973087185306991e-5,233.88852746627398,0.4982585478694422,0.9998297357597328,0.00011090416408298149,162.4989759202922,0.4982585478694422,0.9998297357597328,0.9994600760858142
210375.9765625,1.3338623046875,338.8232421875,0.1013916015625,0.3997802734375,11599.669337272644,5697.265625,0.38612932277539946,0.9994355813544238,3.985909178996472e-5,257.54982489159755,0.6686860338059138,0.9995292570183569,0.00011152075937699965,126.20790454088551,0.8522803749279128,0.9998843907664695,0.000232880358869813,89.0427289457082,0.8522803749279128,0.9998843907664695,0.9988496144788918
210595.703125,1.615478515625,92.705078125,0.32807617187500004,0.138232421875,92406.259059906,2566.40625,0.21610676195867934,0.999703797180228,6.502049271737712e-5,394.43413236939983,0.29754719516471795,0.9996947280859961,9.727274198860271e-5,283.7356103917634,0.3889915097193783,0.9996978680260831,0.0001412934914604214,214.1216178756798,0.3889915097193783,0.9996978680260831,0.9990966654121379
210668.9453125,0.9603271484375,162.5146484375,0.1427001953125,0.34382324218750004,20295.231699943542,2189.453125,0.24788787977551938,0.999434174150588,4.056095966181195e-5,332.9810899372143,0.3723641746656634,0.9995218753039761,7.098009984848675e-5,221.8002342076258,0.5037713435958731,0.9996196499722018,0.00011639698336461866,163.9095995887108,0.5037713435958731,0.9996196499722018,0.998576366925799
210888.671875,1.989013671875,374.599609375,0.17426757812500002,0.20063476562500002,31947.238445281982,6089.84375,0.40356779402611986,0.995871407703612,5.3144903988453116e-5,289.3988652021515,0.7085605886340591,0.9990356339809134,0.00015356404570643882,131.86452041035554,0.9087054820397954,0.9933386161970249,0.000305469644798371,91.02517485742348,0.9087054820397954,0.9933386161970249,0.9882835389835725
210961.9140625,0.5867919921875,306.2841796875,0.3551025390625,0.29372558593750003,75266.99531078339,6712.890625,0.23161392316764534,1.0001034105832618,2.4049800530764104e-5,320.6245615683046,0.33468625372825017,1.0000387020777435,3.878592073552191e-5,215.20155713038412,0.4487841953159698,0.9999919976575077,5.978387521469458e-5,154.98760849263402,0.4487841953159698,0.9999919976575077,1.0001341131834511
211181.640625,0.868408203125,208.916015625,0.130615234375,0.24311523437500002,46100.99935531616,9582.03125,0.2627905487170059,1.0004236661010184,3.435305741363285e-5,229.16165167138482,0.4088475737745574,1.0001323351861486,6.396586928861107e-5,143.36267157783612,0.5586783032049528,1.000136870946695,0.00010998012383221036,101.59268486161973,0.5586783032049528,1.000136870946695,1.0006930044078906
211254.8828125,1.7073974609375,110.0537109375,0.39641113281250007,0.26237792968750007,64360.74149608612,9205.078125,0.2277745124577364,1.0003369997808553,6.253241843863861e-5,302.47167818133397,0.3257577358956206,1.0002073747216338,9.881605264960735e-5,204.96923132003252,0.43523186757726573,1.0001416513559769,0.00014986772577943195,147.8838747145431,0.43523186757726573,1.0001416513559769,1.0006861728649876
211474.609375,1.259521484375,146.826171875,0.23696289062500003,0.27153320312500007,18822.822093963623,6792.96875,0.24755943663767818,1.0001646004219673,4.8289060359319e-5,284.1381581263255,0.3724412283580026,1.0000943434308114,8.390991628643598e-5,183.522549221556,0.5059107220125761,1.0000529012928197,0.00013686424324327496,130.7487810090225,0.5059107220125761,1.0000529012928197,1.000311874373853
211547.8515625,1.1639404296875,87.8076171875,0.27131347656250004,0.21579589843750002,98084.36095714569,6416.015625,0.20654446538844576,1.000251786743433,5.688841219182362e-5,284.265002362497,0.2743796793813893,1.0001754468107142,8.13870171799843e-5,214.08221382295577,0.3504555154433803,1.00017333236644,0.00011368911384713986,167.7273897444273,0.3504555154433803,1.00017333236644,1.0006006841568282
211767.578125,0.883056640625,354.345703125,0.19565429687500002,0.32221679687500004,32255.631923675537,9285.15625,0.3052336977787259,1.0000625124279579,2.933857546203069e-5,257.9964057378194,0.5077363967168306,1.0001088117084034,6.361143827988643e-5,141.0381635975634,0.6903835623923624,1.0001127736911088,0.00011935380519642815,94.64343831003804,0.6903835623923624,1.0001127736911088,1.0002841239511764
211840.8203125,1.5404052734375,240.8740234375,0.31496582031250003,0.1903076171875,87894.68085765839,9908.203125,0.2780015274101498,1.0001237888808938,4.757175672826162e-5,290.17974267726817,0.4485659239126321,1.000078294648739,9.223317396157617e-5,166.05868201033525,0.6211661317900699,1.000071517799399,0.00016155725162375547,109.85524136934485,0.6211661317900699,1.000071517799399,1.0002736254743014
212060.546875,0.506591796875,115.615234375,0.302001953125,0.33540039062500004,69083.31632614136,5808.59375,0.1852556199192763,1.0005304719812544,3.726523959364164e-5,288.43854299550884,0.22538134308490954,1.0004968631622133,4.7335933341228285e-5,239.24395744357457,0.26969855420100913,1.0003886965322246,5.9566103248591106e-5,201.82200439940516,0.26969855420100913,1.0003886965322246,1.0014166946717356
212133.7890625,1.9168701171875,225.2685546875,0.18752441406250003,0.16599121093750002,37936.631083488464,5431.640625,0.32657662474182436,0.9995799434809374,5.6810655849548315e-5,295.3864181309709,0.5572242986171573,0.9996475065470852,0.00013132504501262262,155.18098577163298,0.7510486132660154,0.9996808822502525,0.00025353445077079756,104.42418582055498,0.7510486132660154,0.9996808822502525,0.9989087268326058
212353.515625,1.635986328125,300.556640625,0.26069335937500004,0.370849609375,55202.462673187256,2300.78125,0.334710015586368,0.9987939001012999,4.787106470988466e-5,427.72934509695676,0.5756365932679404,0.998995220930436,0.00011330675269882235,212.4727341294928,0.7726390361730617,0.9992086365729541,0.00022075775070501874,138.6406447858694,0.7726390361730617,0.9992086365729541,0.9970007181183563
212426.7578125,0.7874755859375,358.4130859375,0.23117675781250002,0.1276123046875,48693.00162792206,2923.828125,0.2757254102375355,0.9992626091912773,2.737583853095083e-5,357.810607298914,0.436866452680035,0.9994578612643948,5.3136250952692736e-5,211.94964354268367,0.5972896976477434,0.9995513615999855,9.232647756494123e-5,146.8546388728401,0.5972896976477434,0.9995513615999855,0.9982728056905146
212646.484375,1.628662109375,164.091796875,0.31782226562500004,0.32661132812500004,55559.6079826355,6261.71875,0.26489912734666,1.000034904501909,5.459243273768313e-5,330.4681160892063,0.41518193000671155,0.9999044530100215,0.0001013695753427377,197.5229932869028,0.5709624439890916,0.9999782131735943,0.0001729680273784345,133.9636939616553,0.5709624439890916,0.9999782131735943,0.9999175686717846
212719.7265625,0.7830810546875,97.1044921875,0.21154785156250003,0.1583740234375,61746.641993522644,6884.765625,0.19627330170466487,1.000485537581664,4.689222471276507e-5,260.6918035844235,0.2504878551515675,1.0004665431132385,6.350537383786344e-5,206.29537152949797,0.3109838455487907,1.0004786629847617,8.463672134939175e-5,167.8498353312115,0.3109838455487907,1.0004786629847617,1.001431426038095
212939.453125,0.502197265625,339.736328125,0.283544921875,0.379638671875,45219.52199935913,9753.90625,0.24179925742164785,1.0004502375156303,2.114289985429345e-5,270.36080427097306,0.35858336058313534,1.0003708274854688,3.5853068719315744e-5,176.18902248075824,0.48561979788255244,1.0003277614739332,5.743020619919205e-5,125.27757698769136,0.48561979788255244,1.0003277614739332,1.0011492626036762
213232.421875,0.875732421875,111.630859375,0.21411132812500003,0.28266601562500004,81528.90348434448,5277.34375,0.2094320503805036,1.00029834455074,4.587959763853665e-5,287.1941764622949,0.2811219248002572,1.0000188082782038,6.672419901459566e-5,215.3158273447381,0.3621515560837867,0.9998275132111207,9.455385675930128e-5,168.5977779294114,0.3621515560837867,0.9998275132111207,1.000144616945771
213305.6640625,1.5360107421875,213.3154296875,0.2590087890625,0.2257568359375,26242.741465568542,5900.390625,0.28412298902603206,0.999802732737104,4.917919525346725e-5,315.66335668731455,0.46130802299014223,0.9998304390896765,9.817277664701491e-5,180.25646779336998,0.6350640687513271,0.9998167370366646,0.0001754120389363515,121.12407664571688,0.6350640687513271,0.9998167370366646,0.9994500095321499
213525.390625,1.255126953125,307.197265625,0.17983398437500003,0.31108398437500007,95134.5534324646,2769.53125,0.326842046280662,0.9991743187695608,3.9282827882212926e-5,347.0545986925729,0.5556727883178131,0.9992366846695341,9.139384082118514e-5,183.77228175678252,0.7463115031040157,0.9993935523950395,0.00017748603873238189,125.45385101871719,0.7463115031040157,0.9993935523950395,0.9978061493502175
213598.6328125,1.1566162109375,378.3349609375,0.29094238281250007,0.1803466796875,9096.428751945496,2392.578125,0.2920499225168888,0.9991072570620398,3.5339412749312154e-5,430.6970162824012,0.4821285670117117,0.9991909281454272,7.207816223919515e-5,237.26778368852155,0.6660641284052662,0.9992325923141606,0.00013011039847656952,155.70529943628037,0.6660641284052662,0.9992325923141606,0.9975328052462705
213818.359375,0.872802734375,245.107421875,0.15024414062500002,0.20825195312500003,67782.59992599487,5605.46875,0.26973551079713826,0.9999047480612554,3.299172684855453e-5,271.4063694765683,0.42582258588111266,0.9999521053204732,6.301784029892778e-5,167.03237514882082,0.5813208045769401,0.9999841285711077,0.00011013290268404704,118.0878286770288,0.5813208045769401,0.9999841285711077,0.9998409887867663
213891.6015625,1.7147216796875,356.0888671875,0.33928222656250007,0.30251464843750003,49009.66155529022,5228.515625,0.31937156641497577,0.9990523222450656,4.814164270112996e-5,388.5442798423577,0.5463682291004442,0.9993977070325644,0.00010738431790639716,195.24549365173226,0.7477328914598081,0.9995009604803472,0.00020197341113487022,123.21928726501221,0.7477328914598081,0.9995009604803472,0.9979523337494275
214111.328125,1.996337890625,91.376953125,0.118310546875,0.23549804687500003,80354.92086410522,2097.65625,0.26022506764909603,0.9994012799638328,7.355606233503809e-5,324.3127707933782,0.40152617700795945,0.9993909884975274,0.00013552494451419153,209.9354006022809,0.5468489199452073,0.9995561283503875,0.00023029806485157348,154.05716407731876,0.5468489199452073,0.9995561283503875,0.9983492973550792
214184.5703125,0.5911865234375,147.9052734375,0.3735595703125001,0.25358886718750007,34495.938181877136,2720.703125,0.19294538302634578,0.9997316500270901,3.463903515540099e-5,383.7847800297426,0.24296454864917627,0.9998185756352946,4.5940261084441675e-5,305.5903586955848,0.298852091956484,0.999848351134542,6.012357550359308e-5,248.91308350267016,0.298852091956484,0.999848351134542,0.9993986936825351
214404.296875,1.619873046875,362.646484375,0.384033203125,0.108056640625,20617.969036102295,6621.09375,0.2737645929214005,0.999592313938902,4.597998157211475e-5,369.82864375910435,0.4417787180519334,0.9996398165605945,8.663751869105821e-5,210.9390207357858,0.6184575009886866,0.9996765920225702,0.00014835770274993098,136.9062241817562,0.6184575009886866,0.9996765920225702,0.9989091176514667
214477.5390625,0.9676513671875,302.2998046875,0.12424316406250001,0.3886474609375,88573.50242137909,6244.140625,0.3157914814364776,0.9998122733691821,3.2898729787790734e-5,260.984062627417,0.5287688108571542,0.9998272201817446,7.444347902923972e-5,143.86802010102716,0.7114592040724875,0.9998397463064345,0.00014320513600628857,99.52477275518233,0.7114592040724875,0.9998397463064345,0.9994793300600265
214697.265625,1.249267578125,228.837890625,0.35209960937500007,0.148193359375,9257.18069076538,9113.28125,0.24833189049428586,1.0000870070005987,4.1954543421292006e-5,301.98572665680393,0.37645587566232835,1.0000645341959211,7.233178425436625e-5,189.6683551681105,0.5161483302377267,1.000067358996834,0.00011710306703043991,130.72938174086508,0.5161483302377267,1.000067358996834,1.000218916016322
214770.5078125,1.3382568359375,116.6943359375,0.15852050781250002,0.3549560546875,102593.39988231659,9736.328125,0.24786083860651376,1.000332463791539,5.4125264753796314e-5,237.9058422170953,0.3722886679305822,1.0004772462281986,9.466147776112863e-5,154.97572278954004,0.5042162391537572,1.0003271376765759,0.00015506490876086512,111.6373313546836,0.5042162391537572,1.0003271376765759,1.0011372713019646
214990.234375,1.124755859375,315.498046875,0.13266601562500002,0.319580078125,33633.811473846436,8949.21875,0.33501030135451976,0.9999823008846691,3.591351443988555e-5,242.71173815053726,0.570959223447538,0.9999514478470076,8.622443730571365e-5,126.45726676579227,0.7599476174120102,0.9999451506611562,0.00017028266616281315,85.72984570534152,0.7599476174120102,0.9999451506611562,0.9998789038859542
215063.4765625,1.4041748046875,259.1357421875,0.3967041015625,0.1888427734375,77764.05227184296,8322.265625,0.25608283697354123,1.0000165938522638,4.40974296195135e-5,335.4060439085104,0.3961800853646484,1.0000039692287879,7.817824878525293e-5,203.26717602095553,0.5477043500353637,0.9999998202270232,0.0001289145459314784,136.5577231410255,0.5477043500353637,0.9999998202270232,1.000020383370243
215283.203125,1.498291015625,183.017578125,0.173388671875,0.274169921875,46533.18166732788,7441.40625,0.29170925062838177,1.0000195823367863,5.035613578885777e-5,265.13360842815166,0.47632155304684914,0.9999714031428331,0.00010428221440754024,151.6600040974043,0.6504814431502262,0.9999790510254114,0.00019070889321692508,103.9363015396046,0.6504814431502262,0.9999790510254114,0.9999700361338942
215356.4453125,1.0306396484375,72.2021484375,0.3536376953125,0.21726074218750002,64353.535532951355,7814.453125,0.18828034156108372,1.000528929466129,5.9944550564877855e-5,277.25896680252805,0.2323006782177294,1.000504985504554,7.742499316904877e-5,225.55036731132705,0.2812073189119311,1.0004166898394606,9.89193148070455e-5,187.04144230178673,0.2812073189119311,1.0004166898394606,1.001451302845019
215576.171875,1.871826171875,284.287109375,0.328955078125,0.36469726562500004,107230.44157028198,3964.84375,0.3200800891424077,0.9991570238496688,5.371277454517972e-5,413.8800396691761,0.5461662220332366,0.9992374584012963,0.00012062054682541727,207.80930725154778,0.7441572270533621,0.9994319414855574,0.00022860993896559558,131.79850411577755,0.7441572270533621,0.9994319414855574,0.9978279782037808
215649.4140625,0.6571044921875,396.5966796875,0.1441650390625,0.12028808593750001,8924.466013908386,3337.890625,0.28489607837297276,0.9995427200963286,2.3729297269818468e-5,304.8811218594677,0.4593014304190349,0.9995753128620943,4.79708794603523e-5,181.43140182689186,0.627288469815598,0.9995691428565534,8.625294739568382e-5,128.16148622988692,0.627288469815598,0.9995691428565534,0.9986877499339971
215869.140625,0.751220703125,129.228515625,0.36967773437500007,0.341552734375,93938.82894515991,4457.03125,0.2000130325081641,1.0000735306453454,4.064635948895361e-5,342.89820572661273,0.2592740710123435,1.000137115441972,5.612046519567746e-5,263.88023941518827,0.3257372596155752,1.000052558348578,7.605077597820901e-5,209.49389192551416,0.3257372596155752,1.000052558348578,1.0002632255898227
215942.3828125,1.7777099609375,189.7412109375,0.1010986328125,0.17331542968750002,23539.51346874237,4830.078125,0.32851820095115264,0.9995160469783103,5.6155913727785465e-5,264.28516683648775,0.5568744448948988,0.9995618795306489,0.00013216471177008505,144.36629842693887,0.74377985016598,0.9995996067038624,0.000258878031707254,101.37490308701824,0.74377985016598,0.9995996067038624,0.9986781143496957
216162.109375,1.376708984375,67.138671875,0.26040039062500003,0.14497070312500002,70019.3247795105,3167.96875,0.1993478215014776,0.9996544514229885,6.971448058076395e-5,336.7151394343238,0.25765047365205035,0.9998036662931211,9.592482241505321e-5,262.57632965305334,0.3229703271859966,0.9998356613770308,0.00012962216204850973,211.32333198783428,0.3229703271859966,0.9998356613770308,0.9992939359770125
216235.3515625,1.0936279296875,167.4951171875,0.22912597656250003,0.35173339843750007,36297.816157341,3541.015625,0.2486816048609908,0.9997623802343346,4.3346597830911736e-5,338.3667124038522,0.37474462450862167,0.999634549119457,7.582682077441274e-5,218.66914269078106,0.5089264347382129,0.9997767481004598,0.00012420535691336432,156.64897416356138,0.5089264347382129,0.9997767481004598,0.9991738989098846
216455.078125,1.000244140625,264.033203125,0.303466796875,0.111279296875,56797.83773422241,4660.15625,0.24877947371285536,0.9998380035110364,3.521270391773608e-5,346.8553841177608,0.3770193058691589,0.999758465312271,6.09903070784567e-5,219.60073611849785,0.5158460850312764,0.9998075681770329,9.914600818029527e-5,153.26678916658247,0.5158460850312764,0.9998075681770329,0.9994041537728221
216528.3203125,1.4700927734375,331.1865234375,0.1884033203125,0.3918701171875001,51237.4085187912,4033.203125,0.3589253179372815,0.9991292882170745,4.344855519317137e-5,331.0878844422179,0.6220191303839449,0.9993077933265889,0.00011152207901793665,161.60041633618027,0.8171142959007286,0.9994019362849103,0.00022398753045782508,109.30947303963572,0.8171142959007286,0.9994019362849103,0.9978405549054383
216748.046875,0.623779296875,205.927734375,0.19418945312500002,0.24633789062500003,19777.896404266357,8183.59375,0.225912554557579,1.0004275689029594,2.973296299752307e-5,255.1422835424132,0.3200728212447124,1.000401230077383,4.699393881053381e-5,178.73651123016398,0.42445706660311044,1.000398841082196,7.126968243524078e-5,133.83476966637915,0.42445706660311044,1.000398841082196,1.0012281422435474
216821.2890625,1.8465576171875,134.9560546875,0.3140869140625,0.26442871093750003,101657.82248973846,8556.640625,0.255130229473482,1.0001975211190266,6.2496242761043e-5,298.0742777755337,0.3918310656837605,1.0001527122537557,0.00011149986386943749,184.08050396874967,0.5371046806531564,1.0001354852206235,0.00018515882513613132,126.579800486072,0.5371046806531564,1.0001354852206235,1.0004857962128335
217041.015625,1.753173828125,380.244140625,0.23725585937500002,0.19741210937500003,32246.835231781006,7675.78125,0.35278828940010404,0.9988586686829817,4.83440853687401e-5,301.55810347267766,0.6152816783935755,0.9995399635672587,0.00012042455396051712,145.1957265107636,0.819415708104601,0.9995885795772566,0.0002359230652759552,94.60004203730296,0.819415708104601,0.9995885795772566,0.9979883955008632
217114.2578125,0.7171630859375,278.7255859375,0.27336425781250007,0.29167480468750007,88508.24820995331,7048.828125,0.24715704246989487,1.0003311673139677,2.824560858978839e-5,297.14416848668117,0.3717686918386074,1.0000656928975946,4.89178340116925e-5,190.5265667403708,0.5054416194618376,1.0000528544484748,7.961143717101902e-5,134.44081996575582,0.5054416194618376,1.0000528544484748,1.000449757392355
217333.984375,0.573974609375,84.404296875,0.34125976562500004,0.134423828125,100012.67194747925,7386.71875,0.17631655093460424,1.0007288426132983,4.702126644638009e-5,267.1923645158148,0.20546408628851728,1.0001375353927735,5.6452872204071995e-5,231.28051375814923,0.2399921233250113,1.0003089039433883,6.752724514211199e-5,201.5095489521527,0.2399921233250113,1.0003089039433883,1.001175649849663
217407.2265625,1.9783935546875,155.5419921875,0.15061035156250002,0.3786865234375001,17691.49672985077,7759.765625,0.31455775557554244,0.9999177647807175,6.314429666642612e-5,259.6536912152301,0.5269790142475022,0.9998617313992995,0.00014195305329113483,141.05200265503643,0.7110578322168561,0.9998668300066897,0.0002717740834819588,95.97402517726579,0.7110578322168561,0.9998668300066897,0.9996463669202335
217626.953125,1.697509765625,249.423828125,0.37260742187500007,0.159326171875,87684.73196029663,8878.90625,0.26611792064620743,0.99998093953909,5.1118035294245785e-5,325.7293756467259,0.4213157512990512,0.9999483992334697,9.416082805700357e-5,191.24884506229284,0.5856617675052603,0.9999704948886372,0.00015936078506410565,126.47695963139283,0.5856617675052603,0.9999704948886372,0.9998998367295696
217700.1953125,0.8548583984375,351.1083984375,0.11691894531250001,0.32741699218750003,31412.121653556824,8251.953125,0.3172664661502615,0.9999524276520283,2.9080952459905416e-5,242.3644650311208,0.5321466230647874,1.0000962286125616,6.610967012544233e-5,132.29480462366024,0.7156578600274791,0.9998397399964882,0.00012737052498072856,90.9000259700981,0.7156578600274791,0.9998397399964882,0.9998883838863376
217919.921875,1.321044921875,223.193359375,0.125048828125,0.18422851562500003,38965.57950973511,4402.34375,0.30488298712750495,0.99954503930011,4.430593892406672e-5,281.44142513006403,0.50493405339911,0.9996757873953052,9.637052107905863e-5,159.9314073502098,0.6846584373744276,0.9996614236836603,0.00018090188509594616,112.07198717909166,0.6846584373744276,0.9996614236836603,0.9988826616427549
217993.1640625,1.2313232421875,123.0029296875,0.38557128906250004,0.3148193359375,73043.32435131073,4775.390625,0.2180162911572291,0.9999345084073538,5.1867449723618205e-5,360.2085811690724,0.3019831559121082,0.9999689060827666,7.843921392635662e-5,254.94089608630867,0.3961594854110642,0.9998329605508477,0.00011483946808941281,189.94310954402957,0.3961594854110642,0.9998329605508477,0.9997363932106084
218212.890625,0.950439453125,365.634765625,0.156396484375,0.22202148437500002,52955.750942230225,3894.53125,0.3144525541764886,0.9994132768770105,3.110429532669705e-5,306.5242834979396,0.5302441057336219,0.9994812238850126,6.96215873288626e-5,168.10558616150274,0.7156177905944506,0.9995533329291055,0.00013354627126521213,115.48264626014003,0.7156177905944506,0.9995533329291055,0.9984486317232218
218286.1328125,1.6019287109375,298.6474609375,0.35187988281250004,0.2787841796875,58040.56632518768,3267.578125,0.2917914771884952,0.9992645945487032,4.751063824621015e-5,442.30069188071934,0.48228552315525103,0.999323040095168,9.659762749248707e-5,238.99892682585545,0.6678290229104749,0.9993631440102678,0.00017384870195735527,153.32292693849092,0.6678290229104749,0.9993631440102678,0.9979521756504277
218505.859375,1.927490234375,346.044921875,0.21118164062500003,0.25043945312500004,8456.122875213623,4730.46875,0.3720282068736805,0.9978282902111302,5.294538058699865e-5,333.44045600773194,0.6500373426625619,0.9990854925377469,0.00014043619793729928,156.71313352986294,0.8505499452606323,0.9992089166427325,0.00028004101690998125,104.72224657918179,0.8505499452606323,0.9992089166427325,0.9961271253203946
218579.1015625,0.5194091796875,233.9013671875,0.31584472656250007,0.23220214843750003,106901.29363536835,4103.515625,0.2095245417758854,0.9999927142863959,2.61593109194022e-5,342.0973283612478,0.2912052870829432,0.9998372493937864,3.795056068940844e-5,252.5193008488571,0.37275616695216757,0.9998524081059231,5.5985664936843224e-5,189.89631348177033,0.37275616695216757,0.9998524081059231,0.9996823980676672
218798.828125,0.801025390625,160.439453125,0.24487304687500003,0.30581054687500003,21005.189418792725,3222.65625,0.22068276551217253,0.9997403621134038,3.806139592820872e-5,343.3522374130257,0.30777664259775744,0.9997973439846873,5.8566073758060404e-5,245.237965397569,0.40467519182233025,0.9998122846609258,8.690952696651343e-5,186.02146652094632,0.40467519182233025,0.9998122846609258,0.9993501301459758
218872.0703125,1.6458740234375,100.0927734375,0.28449707031250004,0.21140136718750002,93699.52094554901,3595.703125,0.2277653485510432,0.9998493951275206,6.500920731808195e-5,352.8681767679128,0.32517749944053914,0.9997633403272743,0.0001031347132195543,243.3137608508757,0.4331927876821135,0.9997444813482663,0.0001569454648342724,179.44304742026003,0.4331927876821135,0.9997444813482663,0.9993573513893683
219091.796875,1.174560546875,314.833984375,0.25747070312500003,0.35649414062500007,80765.58256149292,7746.09375,0.3053479160435142,0.9998930533563168,3.732715231612641e-5,302.4322733083061,0.509837920423408,0.9999429041558205,8.055785232644024e-5,162.02004415081697,0.6959354215037552,0.9999627121160841,0.00015055917596938152,106.32093990532756,0.6959354215037552,0.9999627121160841,0.999798681851
219165.0390625,1.2723388671875,371.3623046875,0.2133056640625,0.1495849609375,34611.14585399628,7119.140625,0.32148970042129765,0.9996820333478649,3.814047454820627e-5,290.3875430046927,0.5476680397194084,0.9997718591888131,8.644045759532398e-5,151.51273536038798,0.7429160077644874,0.9998013626178698,0.0001650093462355857,100.19964661013466,0.7429160077644874,0.9998013626178698,0.9992554361586652
219384.765625,1.553955078125,106.650390625,0.29116210937500003,0.38725585937500007,67040.048122406,8238.28125,0.2368421153570783,1.0003518687015711,6.123204002863912e-5,288.63102820351014,0.34673845709525575,1.0003353314861678,0.00010153700639594265,191.46781462927757,0.4666513763276581,1.0002102136853006,0.00015995867093211767,137.53754519993512,0.4666513763276581,1.0002102136853006,1.0008976763493818
219458.0078125,0.8929443359375,217.6318359375,0.18195800781250002,0.1065185546875,49468.20151805878,8611.328125,0.2510817761838652,1.0002857873216615,3.508062990886217e-5,251.64653854011743,0.381206194479363,1.000149419458846,6.189900425438292e-5,161.60091868225578,0.5190397526517095,1.0000996898537597,0.00010232104897300854,114.96452476001488,0.5190397526517095,1.0000996898537597,1.0005349827264114
219677.734375,1.476318359375,267.685546875,0.23110351562500003,0.22114257812500002,92697.68476486206,9824.21875,0.3065972991801397,1.000050001534793,4.554541216184359e-5,271.2328731483823,0.5134902596835076,1.000012309465216,9.84536118700581e-5,145.57386115126647,0.7016596101298166,1.000025097560218,0.00018395989948804235,95.7641579067716,0.7016596101298166,1.000025097560218,1.0000874107395887
219750.9765625,1.0057373046875,328.1982421875,0.26076660156250003,0.27790527343750004,24820.433497428894,9447.265625,0.2875937661162554,1.0001121771942239,3.3129028018161603e-5,281.97385138513806,0.4691609721954065,1.0000941165261148,6.707461972878358e-5,158.38224868488427,0.6451717069119371,1.0000579379301877,0.00012087767583563167,105.27360789578586,0.6451717069119371,1.0000579379301877,1.000264254161097
219970.703125,1.099853515625,60.830078125,0.18745117187500002,0.185107421875,106695.077419281,6316.40625,0.19147444425542723,1.0003091234885593,6.771406836959782e-5,264.07634371750703,0.24079839768609632,1.0001012394088868,8.92335285935519e-5,213.65579491066248,0.2953054821002937,1.0001539241360475,0.00011694050805680123,176.25841915797494,0.2953054821002937,1.0001539241360475,1.0005643814985445
220043.9453125,1.3822021484375,173.1396484375,0.30207519531250004,0.31569824218750003,8927.616953849792,6939.453125,0.25627536064219464,1.0000833680501904,4.911542802377248e-5,315.1291801725727,0.3941930596669968,1.0000166112821294,8.822624018182078e-5,194.3847333258476,0.5398442956777704,0.9999553364701183,0.00014727625556314463,133.93272963033186,0.5398442956777704,0.9999553364701183,1.0000553127217966
220263.671875,0.723388671875,385.224609375,0.31489257812500004,0.17250976562500003,47527.37760543823,2839.84375,0.25466349049867687,0.999432243693427,2.567665086087245e-5,408.12843189634316,0.3886491450049552,0.9994928019564067,4.5628657505179775e-5,252.11683749158286,0.5359838968272883,0.9993936531630322,7.492100347183813e-5,174.51389945673733,0.5359838968272883,0.9993936531630322,0.9983196383983173
220336.9140625,1.7586669921875,274.4091796875,0.1957275390625,0.34060058593750003,67123.04389476776,2462.890625,0.3471777799555186,0.9987870844103808,5.1848744564844284e-5,378.22744025893144,0.5991689039964376,0.9990054660539877,0.00012830477214705968,188.60180692664838,0.7941493238656931,0.999227342539619,0.0002550960309984783,127.0693701780513,0.7941493238656931,0.999227342539619,0.9970228039600214
220556.640625,1.852783203125,198.291015625,0.271240234375,0.121240234375,35411.85140609741,5332.03125,0.2781750529377275,0.9996924188024677,5.7588269141778625e-5,332.9314013569143,0.4484247924687241,0.999706390837625,0.00011195596369945103,192.4641704099475,0.61993906027681,0.9997759867685055,0.00019660080804150316,129.23250803810404,0.61993906027681,0.9997759867685055,0.999175021371621
220629.8828125,0.6292724609375,141.9287109375,0.23703613281250002,0.3655029296875001,81957.390666008,5955.078125,0.2038471390710385,1.000325436535079,3.6552110057199484e-5,286.566280407084,0.2680140321109663,1.0004455257013354,5.1668198469394816e-5,218.89258634525376,0.3397323655450158,1.0002224550979233,7.142362283992378e-5,173.55999703965261,0.3397323655450158,1.0002224550979233,1.000993733861412
220849.609375,1.025146484375,178.701171875,0.396337890625,0.393408203125,25381.049633026123,2042.96875,0.23052541375235022,0.9995218814364882,4.1364448903124456e-5,473.6560551439259,0.3320183188003045,0.9995469423429981,6.640686690062676e-5,316.25920277201004,0.4444532203525858,0.9995964479797652,0.0001020112642143266,226.33814200793486,0.4444532203525858,0.9995964479797652,0.9986658640651572
220922.8515625,1.4920654296875,77.1826171875,0.13068847656250002,0.1126708984375,85275.82824230194,2666.015625,0.21989220385675803,0.9996699815943159,6.88858629736127e-5,313.3554817023299,0.30660931017335874,0.9995580027505229,0.00010568839725571846,229.14728728578456,0.40176104634637977,0.9996079384468552,0.0001573517394572256,177.31016095077638,0.40176104634637977,0.9996079384468552,0.9988363712793895
221142.578125,1.398681640625,322.470703125,0.35502929687500007,0.350341796875,14100.114345550537,5535.15625,0.2959875123830158,0.9995268866597277,4.232722013918733e-5,383.5589622349432,0.49125792583949984,0.9995809667010057,8.76137564212981e-5,204.95696776905928,0.6777601780333972,0.9997009667377507,0.00015957447965997962,131.00282811355012,0.6777601780333972,0.9997009667377507,0.9988092850709643
221215.8203125,1.1185302734375,251.4990234375,0.17434082031250003,0.1434326171875,100696.25556468964,5158.203125,0.2832110748205995,0.9997900001320229,3.863329241692895e-5,291.4398716660148,0.457195937738473,0.9998132151621644,7.738177692376569e-5,171.09100419978503,0.6269300654052199,0.999721770439435,0.00013865276023690545,118.48339230711944,0.6269300654052199,0.999721770439435,0.9993251353447344
221435.546875,1.772216796875,126.240234375,0.142626953125,0.28852539062500004,63710.33048629761,9058.59375,0.27676105342155477,1.0001176519831894,6.253223233506422e-5,244.13476579681296,0.4408352814661243,1.0000005521441813,0.00012287668417418194,145.93971229707873,0.6021470377808994,1.000079037069132,0.0002181190331748665,101.43678482318516,0.6021470377808994,1.000079037069132,1.0001972506039765
221508.7890625,0.7449951171875,193.3935546875,0.32814941406250003,0.19411621093750003,58120.56052684784,9681.640625,0.2158746241451477,1.0005492696125677,3.357049715238856e-5,275.0893892193194,0.2970306496496847,1.000342185218576,5.026470102363549e-5,196.96498625596433,0.387971290744527,1.0003262033690754,7.298244739960167e-5,148.35110683539634,0.387971290744527,1.0003262033690754,1.0012181370090416
221728.515625,0.651611328125,289.931640625,0.101318359375,0.26772460937500003,75974.2522239685,6550.78125,0.265735939910356,0.999925861758336,2.662007532985849e-5,249.73857740846904,0.4156446051288044,1.000070722810005,5.0245733653280926e-5,156.7258816598057,0.5657273262179853,0.9998477031423497,8.714749840595594e-5,112.24479045572359,0.5657273262179853,0.9998477031423497,0.9998442829883839
221801.7578125,1.8656005859375,390.2880859375,0.3718017578125,0.24948730468750002,42761.81876659393,6173.828125,0.31027880680619774,0.9985671873738247,5.099868946441535e-5,393.5725181917714,0.5279532562248189,0.999192478862504,0.00010984487033249772,200.9523148248087,0.7303551697540461,0.9994648344083076,0.00020236483064805497,125.57222048852087,0.7303551697540461,0.9994648344083076,0.9972268560014614
222021.484375,0.925537109375,280.966796875,0.17719726562500002,0.167236328125,19946.631908416748,4011.71875,0.2757444635373588,0.9996493522866611,3.322950684927459e-5,310.8991191666624,0.44060107001027654,0.9997498966611096,6.475712131123939e-5,186.69599388120807,0.6037210931961134,0.9996488122120227,0.00011445512081890836,130.3214019373538,0.6037210931961134,0.9996488122120227,0.9990483598035919
222094.7265625,1.5799560546875,383.9794921875,0.29592285156250003,0.33649902343750004,93251.31118297577,4634.765625,0.33621984536085125,0.9988987674521104,4.486460347539866e-5,385.02906852742467,0.5809046725988541,0.9992319110904486,0.00010622072567641494,187.39377740122347,0.7826099350880765,0.9994552188302533,0.00020560436201470976,119.42030024438631,0.7826099350880765,0.9994552188302533,0.9975877611276492
222314.453125,1.299072265625,137.861328125,0.21791992187500003,0.126513671875,5974.465847015381,3503.90625,0.23744657477895695,0.9997034082953393,5.169812357710073e-5,331.13040941339443,0.34829526480063655,0.9997459879972356,8.584813589918745e-5,222.9177750649204,0.4692308345715003,0.999800268770191,0.0001354099079609867,162.9825400537817,0.4692308345715003,0.999800268770191,0.9992498503583271
222607.421875,1.672607421875,334.755859375,0.27973632812500004,0.21704101562500003,69196.01774215698,7027.34375,0.318373860534137,0.999543383862235,4.8060151604077386e-5,327.9056832894981,0.5429107108567038,0.9996736350091339,0.00010721665233520305,168.0661779052608,0.7421019344922155,0.9997157345809415,0.00020203624212310323,108.26127861706058,0.7421019344922155,0.9997157345809415,0.9989331250079284
222680.6640625,0.8328857421875,266.4404296875,0.24963378906250003,0.27263183593750007,51268.01002025604,7650.390625,0.2556887995279225,1.0002665971645808,3.16013419342247e-5,287.90187382026204,0.39220170597894927,1.0001581738853726,5.6776884114959296e-5,179.497844636906,0.5362343593279866,1.0001379227590106,9.476697022440115e-5,125.24300401180791,0.5362343593279866,1.0001379227590106,1.0005627945690847
222900.390625,0.552001953125,169.072265625,0.32045898437500003,0.189208984375,83857.9421043396,8519.53125,0.19654169811406202,1.0005129248475826,3.1724254525703495e-5,272.5183357831338,0.25130569244070483,1.0005642465656313,4.294627564914404e-5,213.34087157318575,0.3126380540502305,1.0001484221963997,5.7224816752715116e-5,171.5321199976675,0.3126380540502305,1.0001484221963997,1.0012260429448
222973.6328125,1.9534912109375,70.2099609375,0.20656738281250003,0.32097167968750007,37384.758830070496,8142.578125,0.2290308985821998,1.0003749934366373,7.980677361865528e-5,263.5333754925326,0.3276086629837456,1.0001600867512757,0.00012792662859430624,182.181912516585,0.43599914490730113,1.0002869796022515,0.00019640125477451658,134.9821731980197,0.43599914490730113,1.0002869796022515,1.0008222733959729
223193.359375,1.575927734375,191.982421875,0.34711914062500004,0.29262695312500003,87738.22736740112,7855.46875,0.2625813933033738,1.0000692599865264,5.202563140046286e-5,327.17627111722123,0.4104869272680271,0.9999851505408764,9.542478337873695e-5,195.20283278457555,0.5657468584744253,1.0000124854014942,0.00016143506870013838,131.2492658058979,0.5657468584744253,1.0000124854014942,1.000066895579748
223266.6015625,0.9178466796875,132.9638671875,0.1611572265625,0.1993896484375,29524.950861930847,7478.515625,0.22274889679659904,1.0002907195679307,4.4037730274231446e-5,254.8451768681957,0.3143553032465179,1.0002135076725702,6.85872433970297e-5,181.33554921877766,0.4159045341885426,1.0002522508167766,0.0001035817624457421,136.84006329847287,0.4159045341885426,1.0002522508167766,1.0007566673355264
223486.328125,1.199462890625,399.501953125,0.39018554687500007,0.26362304687500004,101595.46041488647,8347.65625,0.2799045345604357,0.9998108603430759,3.610097675911427e-5,351.5833161185147,0.45476627836069894,0.9998484831951934,7.012141811870915e-5,196.0422663958221,0.6328200828647452,0.9998784691617516,0.00012275732767299893,126.1390444294052,0.6328200828647452,0.9998784691617516,0.9995378827546398
223559.5703125,1.2943115234375,286.0302734375,0.12043457031250002,0.24421386718750002,17780.75873851776,8970.703125,0.3354234005981186,0.9999160467380467,4.104723400470467e-5,242.4903505715532,0.5723617806244323,0.999879174240374,9.863346980183065e-5,126.3315977882022,0.7612961465807675,0.9999238509999775,0.00019532629739068576,85.51808698649724,0.7612961465807675,0.9999238509999775,0.9997190977150601
223779.296875,0.822998046875,75.771484375,0.11215820312500001,0.398681640625,56551.440715789795,4871.09375,0.1934384642460026,0.9999122195840849,5.6531349381103406e-5,271.3057849765634,0.24332273550310193,1.0000398165152515,7.548241149880817e-5,219.23700640962747,0.2998104504805315,0.9997896598869703,9.90726365620112e-5,181.98164082801378,0.2998104504805315,0.9997896598869703,0.999741702580664
223852.5390625,1.6707763671875,185.4248046875,0.37736816406250007,0.11677246093750002,61855.97312450409,4494.140625,0.24170713320500775,0.9998313993681209,5.486923892440106e-5,391.0413193538819,0.36066153925239824,0.9997482468635954,9.175087302950114e-5,250.03550364623638,0.4925685776325753,0.999711424935126,0.00014516077215799615,173.63027079079188,0.4925685776325753,0.999711424935126,0.9992912349039474
224072.265625,1.952392578125,260.712890625,0.15522460937500002,0.345068359375,40878.76272201538,3363.28125,0.368736798491931,0.9988541169997693,5.672334290359081e-5,329.76939526988645,0.6395036921018545,0.9991549237755496,0.00015032565747360546,161.06123648613203,0.8324397867633038,0.9992913783370153,0.00030520648012860124,111.05666436686661,0.8324397867633038,0.9992913783370153,0.9973027976214507
224145.5078125,0.5413818359375,318.5693359375,0.3366455078125,0.1393310546875,76369.40085887909,3986.328125,0.22195244582898246,0.9995043155571776,2.3438069953879252e-5,362.98326281722973,0.3139164921108875,0.9994464607782564,3.610259563647405e-5,253.63110971020083,0.4135462911072295,0.9996611746821372,5.415762516884596e-5,186.77735552728643,0.4135462911072295,0.9996611746821372,0.9986125808089265
224365.234375,1.827880859375,113.623046875,0.367041015625,0.178955078125,13016.746044158936,2699.21875,0.22671536947339513,0.9997465214099016,6.683641020926159e-5,427.38390767359766,0.32329460818095823,0.9996557377469247,0.00010502749551734253,290.8808280000901,0.4315145301713383,0.9996817943776494,0.00015854166821771545,210.9317082862955,0.4315145301713383,0.9996817943776494,0.9990843309743156
224438.4765625,0.6072998046875,227.2607421875,0.1060791015625,0.31071777343750007,103264.41848278046,2072.265625,0.23653044806889562,0.9994555214265931,2.90086364902544e-5,325.0827439548801,0.3450684543367071,0.9995346585080233,4.8295772009067606e-5,226.22256284212395,0.462350090659484,0.9996457705377886,7.634571712420311e-5,171.34056297296007,0.462350090659484,0.9996457705377886,0.9986365614591447
224658.203125,0.701416015625,299.892578125,0.332763671875,0.22729492187500003,30249.49026107788,5191.40625,0.2355659229513824,0.9999113296473539,2.762765566102308e-5,346.989469401298,0.3443903440736597,0.9997691293295308,4.53119509344495e-5,229.5217195387958,0.46453069651000856,0.9999286501222179,7.075592334548076e-5,163.80601434721638,0.46453069651000856,0.9999286501222179,0.9996091523682387
224731.4453125,1.7337646484375,359.0771484375,0.13801269531250002,0.28288574218750007,89394.06287670135,5564.453125,0.40331195333760994,0.9982275760023648,4.858639208772665e-5,286.0478549515511,0.7031940099033225,0.9991527764613685,0.0001413665209412404,132.21426622799456,0.8886825909221991,0.9992926132581477,0.00029567391285282847,91.86773055038365,0.8886825909221991,0.9992926132581477,0.9966763194029079
224951.171875,1.074951171875,146.162109375,0.16958007812500003,0.13032226562500002,76599.64323043823,9714.84375,0.23698811762636915,1.0004913625223997,4.5515672167004105e-5,241.3574252969025,0.3466539800925714,1.0003902920200405,7.568205005221394e-5,162.35430546513348,0.46864450853050654,1.0001280399727615,0.0001194216584356018,118.6112893983312,0.46864450853050654,1.0001280399727615,1.0010099992016517
225024.4140625,1.3602294921875,88.4716796875,0.35979003906250007,0.3734130859375,43705.74653148651,9087.890625,0.21073279976230633,1.0006590464544545,6.239579710615094e-5,288.5601419444903,0.2844541008048436,1.0005016596175202,9.118212909501111e-5,211.07328706113702,0.367217274818872,1.0003622296736323,0.00012975743920581482,161.11979573215862,0.367217274818872,1.0003622296736323,1.00152368692454
225244.140625,1.454345703125,352.353515625,0.135302734375,0.16342773437500002,61648.85091781616,6207.03125,0.363332898729957,0.9993824864123291,4.283264371820129e-5,272.9569946051986,0.6303906569865995,0.9996053302579015,0.00011144322901939938,134.87289491217132,0.823623579447873,0.9995936284847291,0.00022592955364803726,92.06812737880013,0.823623579447873,0.9995936284847291,0.9985821000923232
225317.3828125,0.9808349609375,242.8662109375,0.3917236328125,0.33269042968750007,55656.975626945496,6580.078125,0.24248076550690892,1.0000151121900394,3.618759989521532e-5,353.3523418096291,0.3614140521476058,0.9999714934175005,6.114046289632594e-5,225.14306549365503,0.4915324233656919,0.9999688640795968,9.758244339548466e-5,156.41750495451316,0.4915324233656919,0.9999688640795968,0.9999554696734
225537.109375,0.673583984375,375.263671875,0.23227539062500002,0.360595703125,110800.452709198,9417.96875,0.27395601855122514,1.0003473566783263,2.4743537157170896e-5,273.53758114889445,0.4359008942956365,1.000107992632342,4.791107887324103e-5,160.83237848505132,0.597348558068549,1.0002023543487193,8.427414913909036e-5,109.20466922722929,0.597348558068549,1.0002023543487193,1.0006578333208533
225610.3515625,1.8905029296875,305.6201171875,0.2760009765625,0.15485839843750002,13085.657954216003,9791.015625,0.31454953871557456,0.9998301296272245,5.3714809837235135e-5,296.36083535905004,0.5349735874944114,0.9998169747376909,0.00011810753044123263,153.29416134883388,0.7350515649623645,0.9998710460036817,0.00022026931382142196,98.6020128275676,0.7350515649623645,0.9998710460036817,0.9995182269624598
225830.078125,1.797119140625,210.908203125,0.20034179687500003,0.383154296875,96714.09749984741,6910.15625,0.3213348775872702,0.9997759554697137,5.5862333690392987e-5,294.86797879013506,0.5439034719973957,0.9998465224857591,0.00012777970882618106,154.35342488059615,0.73348011318937,0.99988400220369,0.0002465333361140484,102.40047281657733,0.73348011318937,0.99988400220369,0.9995065583326969
225903.3203125,0.7669677734375,108.0615234375,0.3102783203125,0.10124511718750001,24590.8020734787,6283.203125,0.19001515652336687,1.0000774349448798,4.594786891701647e-5,291.0090849386452,0.23600996354226553,1.0001901605645438,5.994839275626387e-5,235.26026450090635,0.2876330942419235,1.00023768861407,7.71880413357303e-5,194.3223112908081,0.2876330942419235,1.00023768861407,1.0005053624564724
226123.046875,1.420654296875,237.802734375,0.29731445312500004,0.255712890625,32521.365642547607,2433.59375,0.2744525885246326,0.9995466591145017,4.644294815948577e-5,429.7743291856009,0.43872200971901815,0.9992830222111301,8.924919005834212e-5,249.0270192300894,0.6053207304087372,0.9994220297096343,0.0001557266090594863,166.79277296624286,0.6053207304087372,0.9994220297096343,0.998252712292175
226196.2890625,1.1434326171875,336.8310546875,0.19221191406250002,0.23630371093750002,81513.19968700409,2806.640625,0.311256153042701,0.9993810040389907,3.656917513057825e-5,357.78417205701635,0.5224860049078477,0.9992691771046236,8.067681332122325e-5,194.1210904646484,0.7098024109673097,0.9994073895492125,0.00015261114960958745,131.60879887876908,0.7098024109673097,0.9994073895492125,0.9980588227179251
226416.015625,1.050048828125,93.369140625,0.265380859375,0.300537109375,48828.195095062256,5925.78125,0.20383572936605004,1.000159697258632,5.546888971945465e-5,295.6248780199113,0.26807423191287877,1.0002265106696768,7.829198794380082e-5,225.16012938238543,0.34002896605999233,1.0002269275033717,0.00010818151327263255,177.79007171998006,0.34002896605999233,1.0002269275033717,1.0006132592542232
226489.2578125,1.5140380859375,161.8505859375,0.2264892578125,0.20729980468750003,68311.13517284393,5298.828125,0.26164675280318517,0.9998912906852704,5.371890994940422e-5,311.5824353764353,0.40659123158253124,0.9998365064377798,9.88355676324834e-5,191.86528020499026,0.5571073622770063,0.999806519674525,0.00016769161107690146,133.74920886764485,0.5571073622770063,0.999806519674525,0.9995343872333108
226708.984375,1.277099609375,392.529296875,0.163134765625,0.3687988281250001,80434.730052948,5136.71875,0.3644716550856256,0.9992623801646396,3.813128665990399e-5,305.11325864842524,0.632158568780359,0.9995077475440389,9.969868127994566e-5,148.12397515962795,0.8252919012217367,0.9995206874850286,0.00020230683874443095,100.36185256499583,0.8252919012217367,0.9995206874850286,0.9982917676080277
226782.2265625,1.1815185546875,293.6669921875,0.34748535156250004,0.12556152343750002,32980.528712272644,5509.765625,0.25800616900102247,0.9995765566113697,3.8669311159429486e-5,361.98542048566554,0.39588171250083326,0.9997831503015766,6.933925755637066e-5,219.32523355858189,0.5440569917909167,0.9998095090526069,0.00011381487670966318,149.67092701396524,0.5440569917909167,0.9998095090526069,0.9991694297416694
227001.953125,0.900634765625,196.298828125,0.11948242187500001,0.33745117187500007,65806.49709701538,2628.90625,0.2553960058743147,0.9997149941332057,3.769047797456159e-5,317.25426057506513,0.3894824536118585,0.9995891824604608,6.812866724349824e-5,206.94496107731354,0.5295457829574862,0.9995961143248565,0.00011415987857670519,151.627491012676,0.5295457829574862,0.9995961143248565,0.9989006889897492
227294.921875,0.524169921875,255.068359375,0.378173828125,0.32485351562500003,11453.616619110107,6152.34375,0.21126310664383963,1.0003187169908325,2.562489269955265e-5,331.20241508012276,0.285741018790991,1.000099311660159,3.750505848734619e-5,241.31534003654218,0.3694593577351715,1.00009335941491,5.34352343916144e-5,183.68805715963217,0.3694593577351715,1.00009335941491,1.0005114587480803
227368.1640625,1.9344482421875,324.8779296875,0.11369628906250001,0.19294433593750002,113553.27308177948,6525.390625,0.4105421475775888,0.9979544066353827,5.378794540717502e-5,263.7520209851854,0.7129179933797845,0.9993091648346109,0.0001605579178434121,121.82120409001149,0.898730700891771,0.998899190994986,0.00033205089819937617,85.65142629852035,0.898730700891771,0.998899190994986,0.9961671863623495
227587.890625,1.653564453125,78.759765625,0.33452148437500007,0.268896484375,28918.275356292725,9644.53125,0.21196680728493966,1.0005470581626954,7.15476203437901e-5,278.45900128964166,0.2874364641879467,1.000429530182381,0.00010512136298887206,202.76145093174188,0.3722206386367519,1.0003503484954002,0.0001502705837437082,154.3565645719355,0.3722206386367519,1.0003503484954002,1.0013275140470503
227661.1328125,0.8050537109375,181.7724609375,0.15500488281250002,0.21315917968750003,99270.36368846893,9017.578125,0.23490543754815657,1.0004422081279514,3.6356374573349973e-5,245.05722299452177,0.3418984319119299,1.0004025886230021,5.99368430485108e-5,166.64206582509385,0.45795574557500873,1.0003065596750673,9.415118854272691e-5,122.60161487233285,0.45795574557500873,1.0003065596750673,1.0011517934891758
227880.859375,1.224365234375,144.169921875,0.29555664062500003,0.24106445312500002,40875.49543380737,6980.46875,0.23046899891802775,1.000180588046347,4.955070364478232e-5,304.5761893273792,0.33166811858381073,1.0001352304018816,7.962412127170239e-5,206.5994561643021,0.44365151341054965,1.0000611177900032,0.000122326495527139,150.3956551914041,0.44365151341054965,1.0000611177900032,1.0003769799628441
227954.1015625,1.3162841796875,202.0263671875,0.1752197265625,0.26032714843750004,74537.85979747772,6353.515625,0.2815148758118167,1.0000203709026987,4.61485672635741e-5,282.7662471310958,0.45276794705588447,0.9999634918022458,9.20635187877511e-5,165.90026469149927,0.6198421486397894,0.9998984318399627,0.00016469070179090333,114.40087245811681,0.6198421486397894,0.9998984318399627,0.9998822954403132
228173.828125,1.597900390625,277.314453125,0.254248046875,0.202685546875,56416.261196136475,9472.65625,0.3043410311510128,1.0000131353587411,4.8392570463593905e-5,288.7151597118569,0.5096122399828873,0.9999584796309223,0.00010345364839055911,154.44122480200483,0.6991052852299527,0.9999579031739612,0.00019195573866552146,100.60232666872224,0.6991052852299527,0.9999579031739612,0.9999295188131815
228247.0703125,0.9427490234375,386.9677734375,0.21887207031250003,0.2957763671875,62773.831248283386,9845.703125,0.30532772359825244,1.0001585886554019,3.0676287791825055e-5,272.90335385831236,0.5092668395753708,1.0000873429188084,6.63086517911068e-5,146.93164630881594,0.6944174710997917,1.000015501353811,0.00012416273162279483,96.90932015232649,0.6944174710997917,1.000015501353811,1.0002614505921044
228466.796875,1.971435546875,176.708984375,0.24809570312500004,0.140869140625,107310.01615524292,5996.09375,0.2796666597106819,0.9997728603804488,6.232288059668729e-5,316.65292065265515,0.4511727487033834,0.9998066865256056,0.0001222348139467948,182.9281250294578,0.6223659615665361,0.999828845423934,0.0002159853904133132,123.28910614365846,0.6223659615665361,0.999828845423934,0.9994085081940931
228540.0390625,0.5692138671875,63.2373046875,0.2789306640625,0.34645996093750003,17572.632670402527,5369.140625,0.17127369947126994,1.0004594289142688,5.853372940630697e-5,284.84605166943277,0.19436925608415845,1.0001023849816237,6.809428603793683e-5,253.39801338117712,0.21921533916039015,1.0003439722333658,7.89527107413864e-5,227.16312568203074,0.21921533916039015,1.0003439722333658,1.0009060264324399
228759.765625,0.850830078125,329.775390625,0.20678710937500003,0.115380859375,91815.8049583435,2488.28125,0.26959518489096523,0.9993878085341678,3.034125785926765e-5,366.639963490358,0.4263271787585811,0.9994196568957379,5.7552076581858165e-5,221.89443687538702,0.5920966153557133,0.9994160043513635,9.977765694660095e-5,154.63662312182083,0.5920966153557133,0.9994160043513635,0.9982245212898819
228833.0078125,1.6898193359375,270.7568359375,0.32258300781250004,0.39714355468750007,30505.005717277527,2861.328125,0.3076992711332109,0.9991148565068572,5.101243512318774e-5,449.4014648177601,0.5169768270650992,0.9991430625616348,0.00011038465363750461,232.98262061329518,0.7075372887982598,0.9993097513966929,0.00020620995278902804,148.89799905782237,0.7075372887982598,0.9993097513966929,0.99756963092315
229052.734375,0.773193359375,214.560546875,0.27797851562500003,0.28676757812500003,64305.35078048706,3574.21875,0.22945139077443766,0.9997585899987683,3.369970325639546e-5,356.889000571487,0.32903374244998573,0.999740860474693,5.3964545745568617e-5,244.5015037123505,0.4390238072826797,0.9996992914146242,8.274764797481004e-5,179.54991735885088,0.4390238072826797,0.9996992914146242,0.9991989549476866
229125.9765625,1.8026123046875,105.0732421875,0.23264160156250002,0.23103027343750002,58526.671290397644,3197.265625,0.24119105998487678,0.9995841282175784,6.858056476879344e-5,351.33225839150964,0.3571880692365341,0.9996294593581504,0.00011589504028154936,232.2933487363523,0.48291289754350164,0.9996735808035956,0.00018511327959934993,167.9967178383873,0.48291289754350164,0.9996735808035956,0.9988875791265327
229345.703125,1.896728515625,368.955078125,0.309326171875,0.306982421875,80054.3303489685,4066.40625,0.3379202898718566,0.9979288842784612,5.233355624337922e-5,415.341221424235,0.5858493916092334,0.9988246826384315,0.0001243452251459019,200.0808962697484,0.7902329282069599,0.9991862733524928,0.00024025286986362212,126.36087466038641,0.7902329282069599,0.9991862733524928,0.9959449142159715
229418.9453125,0.6790771484375,311.2646484375,0.19895019531250002,0.17507324218750003,44630.80298900604,4689.453125,0.252312835075541,0.9998821822962198,2.7007333838247537e-5,308.35968446574503,0.3838587167323415,0.9997801737231006,4.789513678266374e-5,197.27240618236004,0.5229515516097892,0.9998711473709119,7.931883013348288e-5,140.45601064583857,0.5229515516097892,0.9998711473709119,0.9995335727926369
229638.671875,1.520263671875,98.349609375,0.19301757812500003,0.331884765625,29597.140789031982,8589.84375,0.23462534326652662,1.0003317634216413,6.374725629844107e-5,261.1936933326396,0.3409672736530005,1.0002335178246946,0.00010492423224308621,176.85289318320883,0.4568910239870193,1.0002426672872526,0.00016444058898279251,129.45678014971944,0.4568910239870193,1.0002426672872526,1.0008081632003278
229711.9140625,1.0555419921875,157.5341796875,0.29885253906250003,0.1624755859375,88898.15986156464,8212.890625,0.22362510704327127,1.000183810292133,4.4420934875461324e-5,288.3948009927144,0.3145107643833437,1.000175300220196,6.908218916906236e-5,200.66576857913705,0.4163871396491382,1.000149115392798,0.00010311990625135801,148.59123090872683,0.4163871396491382,1.000149115392798,1.0005083116808215
229931.640625,1.149658203125,230.166015625,0.22436523437500003,0.374365234375,14404.222011566162,7082.03125,0.2776012301379205,1.0000865375163275,4.086138909578244e-5,296.2783290653879,0.44389491364026334,0.9999502944141072,8.024909612409574e-5,173.0500686264577,0.608472082624077,0.9999854942681771,0.0001422140609719298,117.78756610374758,0.608472082624077,0.9999854942681771,1.0000223213630022
230004.8828125,1.4261474609375,343.8037109375,0.26516113281250003,0.1311279296875,102611.90116405487,7705.078125,0.30026566932284493,0.9997235570673586,4.2705486705419475e-5,310.53388563787854,0.5016940379220513,0.9998167848156193,8.968631161723813e-5,167.60941792598805,0.6915347073668188,0.999774342282724,0.00016451155753009094,109.33091704331058,0.6915347073668188,0.999774342282724,0.999314838528217
230224.609375,1.728271484375,295.576171875,0.105712890625,0.102783203125,54661.32307052612,8292.96875,0.37464543011220236,0.9992895442197368,5.057353970374529e-5,245.18016146745862,0.6489444398902912,0.9996248555030948,0.00013652382627911267,119.07846390509562,0.8380525944892827,0.9995669060754273,0.00027973231544708527,81.67898887063507,0.8380525944892827,0.9995669060754273,0.9984820423732899
230297.8515625,0.6951904296875,364.0576171875,0.36506347656250004,0.3845458984375001,73729.50255870819,8916.015625,0.2535312776348044,1.0001177222285837,2.5726270187419978e-5,321.344471732343,0.38783119432029617,1.0001436602583407,4.564947556123885e-5,197.2308478777713,0.5310573738072386,1.0000831467628282,7.553222478300502e-5,134.22278325306686,0.5310573738072386,1.0000831467628282,1.0003445678962721
230517.578125,0.601806640625,120.595703125,0.139404296875,0.153466796875,40058.73250961304,7785.15625,0.19545994849110748,1.0006923072039853,4.029727661470481e-5,245.90210898286594,0.2494640756438355,0.9999786852700882,5.4369104183454704e-5,195.5309296154037,0.30919769269112474,1.0000509039888537,7.256296193527163e-5,159.47822539449317,0.30919769269112474,1.0000509039888537,1.0007219158620282
230590.8203125,1.8216552734375,219.6240234375,0.3337158203125,0.35905761718750007,88297.26874828339,7408.203125,0.2902785800914276,0.9998210355014313,5.621877182707908e-5,344.92885452323196,0.4768233397328114,0.9998673941697287,0.00011447112594826883,188.2708044886622,0.6575889604684905,0.9998903648315633,0.00020681950079719274,121.67870789069111,0.6575889604684905,0.9998903648315633,0.9995788523909229
230810.546875,0.975341796875,349.365234375,0.358251953125,0.204150390625,95098.69718551636,3308.59375,0.25637197863115124,0.9994545402971631,3.266139234420773e-5,428.2744195561623,0.396198163369098,0.999508296979438,5.821019038413778e-5,259.7012374192342,0.546171225400702,0.9995249868449128,9.651045751249184e-5,175.27284153232083,0.546171225400702,0.9995249868449128,0.9984885848642344
230883.7890625,1.4481201171875,246.5185546875,0.16877441406250002,0.2972412109375,19041.062235832214,3931.640625,0.3127189157764298,0.9994245610636284,4.682675359483546e-5,321.4008429010673,0.5263038340289005,0.9994250074074728,0.00010423852241139343,175.0041448843252,0.711544018705939,0.9996090867572636,0.00019947225960604547,118.94151641727316,0.711544018705939,0.9996090867572636,0.9984594356910674
231103.515625,1.354736328125,151.806640625,0.391943359375,0.23959960937500002,109657.29665756226,4800.78125,0.22571054528194756,0.9998846365963846,5.191568174372683e-5,378.04239040375813,0.32087476525629305,0.9998351522808844,8.122122295174145e-5,257.72996730677363,0.4275580121262546,0.9999393125992405,0.00012226949617532085,186.53271734773372,0.4275580121262546,0.9999393125992405,0.999659137498034
231176.7578125,1.0687255859375,82.1630859375,0.13742675781250002,0.25886230468750004,5048.043131828308,4423.828125,0.20450407352736671,0.9998378605732441,6.032721633180216e-5,285.9287107486272,0.2693550195976271,0.9999384920350479,8.562229126141661e-5,220.14543803955132,0.341772348698099,0.9999370207828807,0.00011875712187982111,176.26293790805653,0.341772348698099,0.9999370207828807,0.9997133974485485
231396.484375,0.784912109375,355.341796875,0.37407226562500007,0.23286132812500002,81177.5279045105,7761.71875,0.2451252075228967,0.9999926054052324,2.8064921290320872e-5,335.22006262055515,0.36836766398520965,1.000031291870034,4.783524277653932e-5,211.60735557103328,0.5031627749282703,0.999959787661591,7.682542989537487e-5,146.02509275083526,0.5031627749282703,0.999959787661591,0.9999836837445107
231469.7265625,1.6268310546875,245.8544921875,0.1177978515625,0.25212402343750007,46825.682520866394,7384.765625,0.3413381508114942,0.9996782639859053,5.058135209444151e-5,258.60382503959727,0.5842316050582316,0.9996988800074528,0.00012390736013336495,133.3439860473036,0.7744943416325575,0.9997429864573645,0.00024671362613027433,90.75449777973087,0.7744943416325575,0.9997429864573645,0.9991203873893978
231689.453125,1.908447265625,148.486328125,0.33979492187500004,0.21088867187500002,67880.65481185913,8253.90625,0.25046213619521696,1.0001092342659386,6.380672079848017e-5,318.5984419722011,0.38112696573818866,1.0000256763422566,0.00011132673185418164,198.38584171954238,0.522436779771409,1.000027780323913,0.00018181339323983502,136.3027243118216,0.522436779771409,1.000027780323913,1.000162697484783
231982.421875,1.531982421875,302.880859375,0.157861328125,0.151416015625,11999.728679656982,4777.34375,0.3354466643301024,0.9994033674534244,4.641654546612887e-5,303.31106464247114,0.5763800978558155,0.99947007348171,0.000110788360504325,157.04240692522606,0.7703661583751433,0.9994914667222649,0.00021774255353342536,106.19291719335817,0.7703661583751433,0.9994914667222649,0.9983657965607975
232055.6640625,0.8797607421875,362.0654296875,0.3527587890625,0.35700683593750004,103682.31666088104,4400.390625,0.2672616819612206,0.9996951164795234,3.0198430957102403e-5,397.17754399790994,0.42145981362609514,0.9996264568132145,5.6492342871794115e-5,232.5184315645436,0.5809642692887873,0.999671369090864,9.690429088619547e-5,154.85427535552935,0.5809642692887873,0.999671369090864,0.9989932791853223
232275.390625,1.161376953125,115.947265625,0.12358398437500001,0.10483398437500001,25920.3200340271,3269.53125,0.22758525337890945,0.999657739661491,5.3574692892513336e-5,302.3538366046234,0.32406678133862915,0.9997031196682187,8.543556166224072e-5,214.4049499445765,0.42987444928234947,0.9997513879831684,0.00013059946814299257,163.16655669056104,0.42987444928234947,0.9997513879831684,0.9991125077960304
232348.6328125,1.2503662109375,229.5849609375,0.38469238281250007,0.3865966796875,88295.769572258,3892.578125,0.25739022748544577,0.9996582039276989,4.34631800392105e-5,422.05109131321103,0.39760022005718365,0.9997025815097774,7.81824758052246e-5,254.26527893388058,0.546249255977698,0.9996957164626081,0.0001306017731070339,171.07708972124138,0.546249255977698,0.9996957164626081,0.9990567980280921
232568.359375,1.716552734375,96.357421875,0.24399414062500002,0.37700195312500007,37901.49641036987,4105.46875,0.23570695120755694,0.9998672162236633,6.925519624540861e-5,336.40696191920233,0.34376110808246596,0.9997976704331445,0.0001144208474981284,226.19530260932964,0.4616167356481192,0.9997427988304606,0.00017972287781612008,164.88662775291283,0.4616167356481192,0.9997427988304606,0.999407798537986
232641.6015625,0.8709716796875,164.8388671875,0.28303222656250004,0.13376464843750002,87632.64739513397,4728.515625,0.21587789183781958,0.9997251959366722,4.024031807251334e-5,326.5345109906513,0.2949676146304513,0.9998596373883671,6.032670240082205e-5,235.70792295403916,0.3835180208801524,0.9999316161410137,8.707961186054176e-5,179.75273562758943,0.3835180208801524,0.9999316161410137,0.9995165164263307
232861.328125,0.590087890625,240.126953125,0.21206054687500003,0.32924804687500003,52466.248989105225,3597.65625,0.2265865241963325,0.9998277148581223,2.836783674409285e-5,330.82848878638197,0.321842596552522,0.9998299067746386,4.494947624819806e-5,231.6535864978968,0.42687440318825287,0.9997966373912192,6.838161297798222e-5,173.4973224665356,0.42687440318825287,0.9997966373912192,0.999454357949514
232934.5703125,1.9974365234375,339.1552734375,0.31730957031250007,0.1598388671875,73087.42988109589,3220.703125,0.3074699371766407,0.9984895026625416,5.5656347033611175e-5,440.48764648745987,0.5202831364898213,0.9988983408478278,0.00011911068804169347,229.1446893023082,0.7189953155142537,0.9990517781360854,0.00021927783045489778,145.7162787693375,0.7189953155142537,0.9990517781360854,0.9964437610256747
233154.296875,0.963623046875,213.896484375,0.290283203125,0.314306640625,111286.0598564148,7121.09375,0.2433335895485317,1.0001258744356238,3.798392516657836e-5,310.51818666500776,0.3626775834377135,1.0000849794809659,6.471374033499927e-5,200.53402622607032,0.4918578131190336,1.0000159232192407,0.00010403574066496689,141.64317889957067,0.4918578131190336,1.0000159232192407,1.000226791190218
233227.5390625,1.6239013671875,111.0498046875,0.18049316406250002,0.18239746093750003,8036.515116691589,7744.140625,0.24356771026924348,1.0001819347578216,6.367842482584212e-5,266.2885012172838,0.3625688238433114,1.0001317095837572,0.00010894742928463792,175.07979420124497,0.4905228330155949,1.0001615013659975,0.00017572377276398025,126.27390346819024,0.4905228330155949,1.0001615013659975,1.0004752203279872
233447.265625,1.343017578125,377.587890625,0.25834960937500007,0.27944335937500003,96611.30666732788,8613.28125,0.3211306750030214,0.9997861051894972,4.013366666470512e-5,307.6198810355162,0.5472434135131033,0.99980012635674,9.081460101209751e-5,156.7145660031139,0.7438668608148233,0.9999561886202474,0.00017317697815974055,100.90316179083709,0.7438668608148233,0.9999561886202474,0.9995424810443134
233520.5078125,1.2445068359375,307.9443359375,0.2147705078125,0.22370605468750004,23259.04929637909,8236.328125,0.30250490335426994,0.9999469219042398,3.9820788968355804e-5,286.44729135177613,0.5034082690766117,0.9999906812401098,8.511277375608378e-5,155.69777896078497,0.6882767149911422,0.9999110225793989,0.00015823905192994365,103.22668048891587,0.6882767149911422,0.9999110225793989,0.9998486317702379
233740.234375,1.406005859375,166.748046875,0.18891601562500002,0.11333007812500001,69925.92573165894,9449.21875,0.2599322567871832,1.0001873115834476,5.12211667734883e-5,257.26420328495254,0.4035448542193442,1.0000561324966457,9.369234318994721e-5,159.30479828246604,0.5515822508059979,1.0001524685637937,0.00015908824350381847,110.93560740494432,0.5515822508059979,1.0001524685637937,1.0003959602773262
233813.4765625,1.1229248046875,67.8857421875,0.3029541015625,0.39509277343750004,51312.27004528046,9822.265625,0.1928980321305984,1.0008637836870233,6.680349048997191e-5,261.7666849459716,0.24273711643787574,1.0008313258988937,8.876029311356967e-5,208.48299278136594,0.29827942656923506,1.0006467370023946,0.00011629642007710523,170.0177506722626,0.29827942656923506,1.0006467370023946,1.0023436614285666
234033.203125,1.029541015625,331.767578125,0.22963867187500003,0.14291992187500002,84284.28030014038,6941.40625,0.28389107935388935,0.9996662302261954,3.435034493010547e-5,299.9676143523636,0.4576560453315153,0.9999000699690179,6.866115037887129e-5,171.44081642206223,0.6313024586441873,0.9997516449053959,0.0001217688913261236,116.02982350388172,0.6313024586441873,0.9997516449053959,0.9993180861575056
234106.4453125,1.4993896484375,263.4521484375,0.2598876953125,0.34851074218750006,34404.682993888855,6314.453125,0.3034124253552004,0.9996902652775036,4.7268991670751086e-5,330.7547499284907,0.5057798675167644,0.999781443410701,0.0001012843988320852,177.2519646442129,0.6917303769823828,0.9998417351529064,0.00018860141956837185,116.03262043134008,0.6917303769823828,0.9998417351529064,0.9993135951349055
234326.171875,0.653076171875,135.537109375,0.272705078125,0.19594726562500003,23354.709148406982,2464.84375,0.1944932902409617,0.9997820044069757,3.987387454843737e-5,365.9020451436744,0.24647154648013647,0.9997628405033507,5.3410940845665196e-5,291.23334941323185,0.30548231500629686,0.9997887071622265,7.050379786754899e-5,237.78069499613437,0.30548231500629686,0.9997887071622265,0.9993336999323649
234399.4140625,1.8758544921875,205.3466796875,0.23791503906250003,0.2890380859375,101871.42646312714,2837.890625,0.2996601674020691,0.9992735679917221,5.882122859746971e-5,389.5864765436788,0.4969872148757044,0.9992949694440408,0.0001244231161689933,213.1513804431114,0.6803088795490679,0.9993472756892186,0.00023014769286382533,141.91159615287447,0.6803088795490679,0.9993472756892186,0.9979172592978626
234619.140625,1.782470703125,277.978515625,0.31342773437500004,0.24780273437500003,11774.766445159912,5957.03125,0.2971397634383569,0.9995592075415722,5.29817177838585e-5,363.0320737793806,0.4943010727851247,0.9996400123532173,0.0001100433709335708,194.7414224352799,0.6826008029046797,0.9996785263497661,0.00020059056278640627,125.39828282984925,0.6826008029046797,0.9996785263497661,0.9988781623030875
234692.3828125,0.7464599609375,380.9912109375,0.19484863281250003,0.2670654296875,116662.49930858612,5330.078125,0.28078323307536224,0.999823553523795,2.680859567041195e-5,307.33293844321554,0.45177885628936437,0.9997587637082701,5.3266550064463604e-5,179.52237966765304,0.6189903021151979,0.9997397362700559,9.516425168272044e-5,122.98490419008422,0.6189903021151979,0.9997397362700559,0.9993222047640116
234912.109375,1.095458984375,258.388671875,0.3541503906250001,0.276220703125,54288.978099823,2667.96875,0.2506031736112008,0.9995277725398086,3.8788632149380526e-5,446.21263074959796,0.3812893212604728,0.999474464285726,6.777444390809204e-5,276.4645811653044,0.5222424244697127,0.9996307315005405,0.00011087743043605726,189.3467768950731,0.5222424244697127,0.9996307315005405,0.9986335848493387
234985.3515625,1.3748779296875,316.2451171875,0.17287597656250003,0.22048339843750003,59851.4050245285,2041.015625,0.3248561126344529,0.9988685496797723,4.278105819479641e-5,379.4753581214124,0.5543946586156122,0.9990198457429673,9.878024964964666e-5,200.8596587107152,0.7456929717101036,0.9991572032834182,0.00019206201463561933,136.30977272231172,0.7456929717101036,0.9991572032834182,0.9970484864207523
235205.078125,1.468994140625,72.783203125,0.397216796875,0.31752929687500003,40682.72542953491,5160.15625,0.19819963318216563,1.0003565164293096,7.2409227378285e-5,344.3742281994186,0.2550974665242038,1.000055524228623,9.887323398866885e-5,266.3025677004239,0.3189536004389377,1.0000853307980664,0.00013277474952426814,211.71925535236886,0.3189536004389377,1.0000853307980664,1.000497426412746
235278.3203125,1.0013427734375,182.4365234375,0.13215332031250002,0.18562011718750002,77323.7122297287,5533.203125,0.2503810812127343,0.9998858293984493,4.14771588404149e-5,275.4362108932322,0.3794708765789121,0.9998510738936627,7.326772382721777e-5,179.48321500301486,0.514631450622308,0.9998732854953337,0.00012139187506373322,129.79711997601382,0.514631450622308,0.9998732854953337,0.9996102391264433
235498.046875,1.842529296875,397.177734375,0.10043945312500001,0.340087890625,96484.19523239136,9683.59375,0.45547989752709606,0.9958795097407569,5.020429159424827e-5,247.58211108747835,0.7917651435402387,0.997289025175906,0.0001655466664806653,104.65675488522936,0.9578858446846429,0.9807981872137554,0.0003523307098717498,73.98168536066535,0.9578858446846429,0.9807981872137554,0.9741088546946394
235571.2890625,0.6278076171875,283.7060546875,0.3703369140625,0.17067871093750003,35681.443095207214,9056.640625,0.217232992291035,1.0002331754076155,2.6982487856246933e-5,302.2704599907151,0.30048786229650853,1.0001216461142541,4.05617965910558e-5,213.9870481133613,0.3940785824147501,1.0001974853760693,5.91779312944667e-5,158.91791257908937,0.3940785824147501,1.0001974853760693,1.0005524053404844
235791.015625,0.721923828125,188.994140625,0.14350585937500002,0.36616210937500004,110203.866481781,6175.78125,0.2310876882142316,1.0001229585882314,3.483700249602433e-5,272.77616570322067,0.3323031345864563,0.9998583414681503,5.6474991248215876e-5,189.15153131239748,0.4464406144907654,1.0000345442181524,8.75019497348459e-5,141.2116754491943,0.4464406144907654,1.0000345442181524,1.0000158262098244
235864.2578125,1.7484130859375,129.9755859375,0.32961425781250003,0.12292480468750001,19356.819987297058,6548.828125,0.23186515894559512,1.0000033982850522,6.347671307402139e-5,327.79556315995393,0.3357316288293608,0.9999324977567907,0.00010218525082863939,219.5239142813549,0.4514088762488294,0.9999261526853263,0.00015719235087438752,157.70793521449602,0.4514088762488294,0.9999261526853263,0.9998620532316995
236083.984375,1.980224609375,233.154296875,0.285009765625,0.30317382812500004,32124.610424041748,6886.71875,0.30587396783191795,0.999704563140056,5.93461153777964e-5,337.8943920394355,0.512937499358705,0.9997613988699271,0.00012764457295677672,178.11683454032578,0.7033328481478379,0.9997775930975479,0.00023746340570578715,114.99137741569352,0.7033328481478379,0.9997775930975479,0.999243744357157
236157.2265625,0.5721435546875,346.7919921875,0.24436035156250002,0.20993652343750002,94136.93130016327,6259.765625,0.2406560586679669,1.000077530504295,2.377432552583339e-5,303.94697671290305,0.35960862585076975,0.9999281297922639,4.005320159853122e-5,199.6697940138433,0.48608462298091853,0.9999658582883609,6.461860595718376e-5,142.16976427295057,0.48608462298091853,0.9999658582883609,0.9999715128197243
236376.953125,0.853759765625,100.673828125,0.31635742187500004,0.25307617187500003,20376.74856185913,9378.90625,0.19315361330850972,1.0007171921719813,5.054188106163412e-5,268.21235339074724,0.24361101919504902,1.000568149983419,6.71936496823232e-5,213.00395690337083,0.29969289445034636,1.0004210963366074,8.815111055701386e-5,173.20896088471252,0.29969289445034636,1.0004210963366074,1.0017073873891864
236450.1953125,1.6986083984375,159.8583984375,0.21066894531250002,0.23366699218750003,109300.42731761932,9751.953125,0.27277287382523707,1.0001896848316219,5.841860728852327e-5,268.37999775609677,0.4329815534950155,1.0001301939522005,0.00011242192988769067,158.63730533708463,0.5943586852474337,1.0000413618885917,0.00019655694128182258,108.09588667913363,0.5943586852474337,1.0000413618885917,1.000361278600044
236669.921875,1.227294921875,371.943359375,0.18129882812500003,0.390478515625,64149.90568161011,5902.34375,0.34318114243150516,0.9995542175884339,3.7897906820372665e-5,308.32613064363403,0.5900989452449495,0.9996486372115432,9.29558940530075e-5,154.030021084845,0.7835767891270964,0.9996633865019066,0.0001849193895638697,102.31944508217204,0.7835767891270964,0.9996633865019066,0.9988666662103449
236743.1640625,1.3250732421875,314.2529296875,0.29182128906250004,0.10856933593750001,58151.17347240448,5275.390625,0.2751815348497675,0.9996802070270817,4.173876855661389e-5,353.77572298269746,0.441990076477763,0.9996563344410897,8.004499029412317e-5,204.31099163703573,0.6126383864400872,0.9996864212334353,0.00013927405019370135,136.04088665207343,0.6126383864400872,0.9996864212334353,0.9990232806154826
236962.890625,1.606689453125,216.884765625,0.21264648437500003,0.353271484375,78293.15328598022,2394.53125,0.2999898236467095,0.9991815927755665,5.242202019874564e-5,389.972098044067,0.49626778024409773,0.9991852378278802,0.00011152505105439585,215.2695297223807,0.6772397467790467,0.999374929994573,0.00020718328286480677,145.34502222225683,0.6772397467790467,0.999374929994573,0.9977434478336699
237036.1328125,0.9456787109375,107.3974609375,0.25812988281250004,0.14753417968750002,40946.02286815643,2767.578125,0.19963067521836547,0.9996588134197356,5.171075046796685e-5,355.7489378387401,0.2587921911212616,0.999803289782538,7.128244085682815e-5,276.5478235927974,0.32559220643948833,0.9997082472961494,9.667625475571451e-5,221.59087595243682,0.32559220643948833,0.9997082472961494,0.9991705745265735
237255.859375,0.521240234375,154.794921875,0.117431640625,0.15668945312500002,101407.90510177612,5230.46875,0.20040907877470765,1.000066064868903,3.431248377664065e-5,270.6799157189564,0.25921076328913634,0.9999951394873383,4.7623905420280954e-5,211.97488588235524,0.32439913400900416,1.0000062919780708,6.46376401162322e-5,171.96035979296343,0.32439913400900416,1.0000062919780708,1.0000674963982974
237329.1015625,1.9256591796875,85.1513671875,0.3720947265625001,0.32595214843750003,24235.400080680847,5603.515625,0.21979835685762278,1.0000553280309494,7.712301743762886e-5,350.56113481351736,0.30621833291664696,0.999944397418033,0.00011769262506216653,246.05162273947994,0.4030316721872801,0.9999463887057474,0.00017364642561892325,182.17382041961048,0.4030316721872801,0.9999463887057474,0.9999461110932324
237548.828125,1.644775390625,351.689453125,0.151123046875,0.13706054687500002,116451.11227035522,2722.65625,0.361234572664099,0.9984880692187094,4.766455185932154e-5,346.7534370028233,0.628466667213819,0.9988976198488009,0.00012321619356491233,171.87980542742173,0.824306620192679,0.9990864027256625,0.00024792139281184416,117.98408759983863,0.824306620192679,0.9990864027256625,0.9964761454202851
237622.0703125,0.8021240234375,248.8427734375,0.34074707031250007,0.3801513671875001,6626.400828361511,2095.703125,0.23626095291745616,0.9994537787289116,3.296471934008177e-5,451.2604493119586,0.3456841912781478,0.999464021608156,5.4397487556599844e-5,296.65123818073465,0.46570399337605256,0.9995100189801333,8.539365313273763e-5,211.03218443788887,0.46570399337605256,0.9995100189801333,0.9984286421938456
237841.796875,1.268310546875,123.583984375,0.3512207031250001,0.22524414062500003,51855.18217086792,6246.09375,0.2147029248001154,1.000025633717105,5.476718977840624e-5,329.1701358195458,0.29409972890951097,1.000118210032855,8.146741941460255e-5,236.48424200643387,0.38338186979445443,1.0000069079871292,0.00011769526005176471,178.0730952420383,0.38338186979445443,1.0000069079871292,1.0001507557609435
237915.0390625,1.1785888671875,222.6123046875,0.15705566406250002,0.28083496093750004,71866.45591259003,6619.140625,0.2809370582902259,0.9999513465644225,4.25084401898977e-5,279.18040336563587,0.4510158423829827,0.9998952424449682,8.476414335936819e-5,164.23291195910252,0.616878459601725,0.999902261103051,0.00015171426516734889,113.45193257903772,0.616878459601725,0.999902261103051,0.9997488702029795
238134.765625,0.897705078125,297.900390625,0.3849121093750001,0.18100585937500002,38938.973903656006,9738.28125,0.23582681123480806,1.0001614978408702,3.258970247468577e-5,315.4407582652579,0.3458407865606772,1.000089377636784,5.3274633307222465e-5,205.99679977373424,0.46833446576327037,1.0001417607832381,8.294013668660987e-5,144.6471455855411,0.46833446576327037,1.0001417607832381,1.0003926862615382
238208.0078125,1.5491943359375,366.3818359375,0.12570800781250002,0.31276855468750003,87926.88071727753,9111.328125,0.39122180810237267,0.9993386171823202,4.4905724315781227e-5,258.7543440181761,0.6790485383010846,0.9996851187543239,0.00012730528685998046,119.33205535851629,0.8659186057673609,0.9996498898446785,0.0002643296212052494,80.68018586531142,0.8659186057673609,0.9996498898446785,0.9986741757654181
238427.734375,1.007568359375,76.435546875,0.174853515625,0.352392578125,10111.01484298706,8324.21875,0.19698695663021004,1.0004204271687394,6.191050090966751e-5,253.82273739044211,0.2520839114101968,1.0005881535721086,8.430424918682522e-5,199.912774443371,0.31350120058388176,1.0005162681935862,0.00011287041346245527,162.09089430253698,0.31350120058388176,1.0005162681935862,1.0015256170359932
238500.9765625,1.4744873046875,179.4482421875,0.3545166015625001,0.1466552734375,115453.42910289764,8947.265625,0.2375742428992112,1.0002025124867029,5.201030438933616e-5,313.54974365209137,0.3499558354557526,1.0000241003522767,8.572939618886461e-5,204.23093371374247,0.47459289219680323,1.000129106550274,0.00013434151307767833,143.5941430803287,0.47459289219680323,1.000129106550274,1.000355753527708
238720.703125,1.381103515625,252.080078125,0.13120117187500002,0.391357421875,25190.682888031006,7816.40625,0.32354052517542214,0.99985237084131,4.534555598130281e-5,266.1459847686517,0.5462880585001472,0.9998409453622662,0.00010518977833473324,140.98522151088898,0.7329237777084716,0.9998402079537079,0.0002048463897173992,95.23612018616794,0.7329237777084716,0.9998402079537079,0.9995335966402658
238793.9453125,1.1009521484375,321.8896484375,0.39582519531250004,0.1094482421875,100564.27466869354,7439.453125,0.2433865630377837,0.9998282222769843,3.648629675756831e-5,353.62222630425435,0.36278794750595156,0.999924918205842,6.13673901090146e-5,223.78893327526515,0.500068573946282,0.9997470118837565,9.676853571937257e-5,154.68441364696073,0.500068573946282,0.9997470118837565,0.9995002277132237
239013.671875,1.754638671875,193.974609375,0.37114257812500007,0.26625976562500003,88026.03483200073,3339.84375,0.25760808793444406,0.9994588114582517,5.7328823320162586e-5,440.35685838086647,0.39900594632343733,0.999505496245753,0.00010280769448708731,264.93043315134344,0.5499804248971796,0.9995642091313109,0.00017125314972928367,177.7524915494694,0.5499804248971796,0.9995642091313109,0.9985292356837004
239086.9140625,0.7274169921875,125.6591796875,0.10197753906250001,0.24685058593750003,37231.80854320526,3962.890625,0.20683993839425302,0.9997824296717522,4.345593550562016e-5,287.2353513953295,0.2747375659088655,0.9998562633377338,6.249974785619112e-5,219.90547798349644,0.35131255577396286,0.9997850125275126,8.769971110500735e-5,175.49914864309466,0.35131255577396286,0.9997850125275126,0.9994238144795848
239306.640625,0.634033203125,389.541015625,0.327490234375,0.28999023437500004,73623.88753890991,4832.03125,0.24667737650579158,0.9995751711808791,2.427686257944759e-5,366.084749798809,0.37237995817158953,0.9996119644140563,4.1850847903097913e-5,231.7479954838334,0.5109527243077833,0.9995570596058824,6.80540358333409e-5,160.97101771871831,0.5109527243077833,0.9995570596058824,0.9987447200269794
239379.8828125,1.8480224609375,290.6787109375,0.14328613281250002,0.19675292968750002,52366.448283195496,4455.078125,0.3607891257196312,0.9990352124497742,5.4065091727651745e-5,308.3401148962069,0.6278088014922721,0.9992282665657459,0.00013981602730697105,152.44280601907,0.8237310040958635,0.9992790563811675,0.00028316142109681067,103.89582185363783,0.8237310040958635,0.9992790563811675,0.997544531352435
239599.609375,1.493896484375,327.451171875,0.302587890625,0.18715820312500003,108503.36408615112,3542.96875,0.2899562188751341,0.9992124600828918,4.528883381896699e-5,411.1343566646543,0.47752964710463514,0.9992638093003368,9.166338180788226e-5,225.63074407496165,0.6611894906488676,0.9993884137168254,0.00016467047712106315,146.73713948115028,0.6611894906488676,0.9993884137168254,0.9978661944177758
239672.8515625,1.0233154296875,268.4326171875,0.1869384765625,0.31892089843750004,12366.343379020691,3166.015625,0.2794289501126365,0.9993982507120587,3.698321652690166e-5,346.6150467985229,0.4516949731306607,0.9995214138158239,7.322660602818565e-5,204.55793729752645,0.6164822185134845,0.9995417342121786,0.00013190692003276302,140.76018219408994,0.6164822185134845,0.9995417342121786,0.9984621816777676
239892.578125,1.117431640625,173.720703125,0.26127929687500007,0.21909179687500002,93175.79793930054,4035.15625,0.23565127612261036,0.9997550324668794,4.534323126855615e-5,347.1793634868936,0.3440811322689762,0.9997247685022457,7.466090420146485e-5,232.20475989033284,0.46308565379051436,0.999737019793372,0.0001168994382477345,168.23619947661743,0.46308565379051436,0.999737019793372,0.9992170249695959
239965.8203125,1.3997802734375,60.2490234375,0.23059082031250003,0.27468261718750003,29857.327342033386,4658.203125,0.19588353099882444,1.0000040588747978,7.836578076138645e-5,306.4990857573801,0.24959191733695854,0.9998529778330045,0.0001059000696279494,242.6530705421335,0.30954728747606153,0.9999868453658587,0.00014092272598714378,197.3423123468128,0.30954728747606153,0.9999868453658587,0.9998438833575541
240185.546875,0.740966796875,274.990234375,0.23637695312500004,0.119775390625,47606.44865036011,8558.59375,0.23933036275814984,1.0001967264916996,3.014754178614346e-5,277.7199243145586,0.352869319633304,1.0001878082437936,5.04852771828643e-5,182.82652076154292,0.4768178183972515,1.0002221606141497,7.998759883830631e-5,131.1632154554778,0.4768178183972515,1.0002221606141497,1.0006068177331808
240258.7890625,1.7762451171875,384.6435546875,0.27189941406250007,0.36286621093750004,82822.58689403534,8181.640625,0.35747740061837047,0.9984788396821048,4.957646947958259e-5,333.5678658104945,0.6233519097382638,0.9994858504055161,0.00012590793270204418,154.4339187831672,0.8260538418606386,0.9995343520563721,0.0002492901177631968,98.05089447704904,0.8260538418606386,0.9995343520563721,0.9975007716216439
240478.515625,1.870361328125,141.181640625,0.195068359375,0.17397460937500003,61157.968044281006,7050.78125,0.2679839440471169,0.9998595777138044,6.490343305028091e-5,286.4904427209277,0.42158985541328564,0.999971671440609,0.00012261128343741848,173.1379830357884,0.5782363481927772,0.9999326563857523,0.00021191258089211027,119.69637930273696,0.5782363481927772,0.9999326563857523,0.9997639208821507
240551.7578125,0.6468505859375,199.0380859375,0.3155517578125,0.3432373046875,68125.95450878143,7673.828125,0.21240420821328976,1.0004366059022367,3.265548340989783e-5,300.2833927357034,0.28839034180500245,1.0003866379817,4.816243878499773e-5,218.66020884436585,0.37351910698253277,1.0002553058429922,6.908235616735734e-5,166.58665236023987,0.37351910698253277,1.0002553058429922,1.001078928757425
240771.484375,1.581787109375,132.216796875,0.12094726562500001,0.260986328125,115954.56647872925,5511.71875,0.2638354712269803,0.9998764965772823,6.0282212323472745e-5,277.03771824078615,0.41033129899077864,0.9998021120391878,0.0001126700994938349,173.57479617064118,0.5614111176329488,0.9997594465639488,0.00019366093369040964,123.70254509845954,0.5614111176329488,0.9997594465639488,0.9994381569261819
240844.7265625,0.9237060546875,192.7294921875,0.3896728515625001,0.24274902343750002,7470.915675163269,5134.765625,0.21698743980910323,0.9998835308045776,3.9411218772912e-5,366.54427050380724,0.2996961547138853,0.9999467955113422,5.922289388341365e-5,259.40425609109235,0.39285449495743435,0.9998643505205442,8.623111008941048e-5,192.9048529930154,0.39285449495743435,0.9998643505205442,0.9996947060484543
241064.453125,1.205322265625,286.611328125,0.161669921875,0.295263671875,101028.29885482788,2003.90625,0.30539000683859724,0.999020836127821,4.038761988807771e-5,372.9165123573055,0.5076122705765406,0.999181029724031,8.780572867702137e-5,207.69940606747554,0.6897783621691628,0.9992476092849819,0.00016515605860970418,143.2721436461839,0.6897783621691628,0.9992476092849819,0.9974516293390312
241357.421875,0.828857421875,186.005859375,0.33598632812500007,0.34829101562500003,38911.10563278198,6527.34375,0.220077953873663,1.0001660374276589,3.788126022447492e-5,325.79180566271435,0.30668655291025404,1.0000800437524524,5.800117170977326e-5,229.11595976533135,0.4034286202094577,1.0001143328034046,8.578821921872818e-5,170.3084661679221,0.4034286202094577,1.0001143328034046,1.0003604554104453
241430.6640625,1.6766357421875,75.1904296875,0.1558837890625,0.1413818359375,90144.16968822479,6150.390625,0.2190835696446465,0.999950934062704,7.628607791777913e-5,273.942637373457,0.30375476868681583,0.9999452050557454,0.00011666632180241471,197.67249365050128,0.3980326059248719,1.0000242799747348,0.00017217460777519674,151.2730558489915,0.3980326059248719,1.0000242799747348,0.999920419260075
241650.390625,1.958251953125,317.822265625,0.376708984375,0.39545898437500004,55914.5827293396,9019.53125,0.3181055218598735,0.9994257408049806,5.5606216451290006e-5,367.30653073969194,0.5429822384667232,0.9996673264695574,0.00012390971664835135,181.81824230165162,0.7442091754031694,0.999767993674121,0.00023309973649596392,112.33709440680167,0.7442091754031694,0.999767993674121,0.9988614623592995
241723.6328125,0.5472412109375,261.4599609375,0.1128173828125,0.11472167968750001,75869.07279491425,9642.578125,0.23250411710120708,1.0003915125928269,2.646725710122152e-5,236.1730968988877,0.3366345696369731,1.0000074574514752,4.319052348225371e-5,162.1937780222235,0.4505225974013987,1.0001372432813187,6.747948801440663e-5,120.0628885866143,0.4505225974013987,1.0001372432813187,1.0005362710016659
241943.359375,0.919677734375,383.232421875,0.25336914062500004,0.12387695312500001,15813.544750213623,6355.46875,0.2735473926486869,0.9997697355205122,3.094830736260458e-5,319.71795571891175,0.43667183083604855,0.9998610109341213,5.9309577333311655e-5,187.13217485366982,0.6026872866840347,0.9998253528387708,0.00010328704849265865,126.27349887412998,0.6026872866840347,0.9998253528387708,0.9994561957811432
242016.6015625,1.5740966796875,281.7138671875,0.21740722656250003,0.3681396484375,109510.66863536835,6978.515625,0.3253621230390714,0.9997175379242647,4.857420442579396e-5,313.3286160055732,0.553694677439262,0.9997335956856528,0.00011232219549255911,160.11447145727504,0.7465955146099216,0.9998318207124687,0.00021746039556804644,104.62422754817243,0.7465955146099216,0.9998318207124687,0.9992831218668048
242236.328125,1.293212890625,208.251953125,0.29643554687500007,0.16987304687500002,33699.098110198975,9847.65625,0.24974397377893254,1.0001569766249154,4.606001067846762e-5,292.0685804968107,0.37898989329368027,1.0001350500029877,8.031388014995184e-5,183.0835637960312,0.5183771452087849,1.0000575303498862,0.00013115493626736125,126.69814108718943,0.5183771452087849,1.0000575303498862,1.0003495949790966
242309.5703125,1.2005615234375,137.2802734375,0.1766845703125,0.33796386718750004,95824.09369945526,9470.703125,0.23993409824374393,1.0004566029714963,5.126883418285873e-5,258.2807966173245,0.35364042242399824,1.0003860069404305,8.64882465441973e-5,171.29986453568938,0.47876269545867034,0.9999682191838205,0.00013800443231266047,123.92160530643486,0.47876269545867034,0.9999682191838205,1.000810978563231
242529.296875,1.666748046875,267.021484375,0.20590820312500002,0.192431640625,83067.3098564148,5371.09375,0.3133132780525021,0.9994372477636991,5.133459667796679e-5,322.99071789155477,0.5286103576213994,0.9995348780701043,0.0001137518186142494,171.4859040529438,0.7185757569760062,0.9996186029213843,0.00021551460075724312,113.6056165179301,0.7185757569760062,0.9996186029213843,0.998591382431968
242602.5390625,0.8270263671875,334.1748046875,0.32111816406250004,0.32302246093750003,45940.62888622284,5994.140625,0.2567716469756123,0.9998690807704603,3.019963484306726e-5,350.4999619018396,0.39567488891469743,0.9998636729177759,5.431098494620061e-5,213.8178100607134,0.5426927967228952,0.9998417684906808,9.07335646610451e-5,145.82036493437448,0.5426927967228952,0.9998417684906808,0.9995745823107168
242822.265625,0.546142578125,69.462890625,0.24897460937500002,0.21381835937500002,66015.48147201538,2863.28125,0.17082924794783486,0.9999852233725441,5.809897836592913e-5,329.6691856381528,0.1929391614919827,1.0000308696582338,6.744358969433825e-5,294.55931969042933,0.2166679757403003,0.9998056561112305,7.769815156547998e-5,265.77294510496745,0.2166679757403003,0.9998056561112305,0.9998217455583657
242895.5078125,1.9476318359375,169.8193359375,0.2803955078125,0.27058105468750004,59846.87888622284,2486.328125,0.2723432085344652,0.9992987483008562,6.394062924154845e-5,424.24647922534956,0.43330507745032004,0.9993665779146744,0.0001222053801320038,247.8982972584362,0.5970644929015191,0.9994015715739554,0.0002126365941041183,166.92546445485743,0.5970644929015191,0.9994015715739554,0.9980681404187167
243115.234375,0.609130859375,304.873046875,0.310791015625,0.38520507812500004,95724.50971603394,3199.21875,0.23388875212689705,0.9997942524654087,2.6450679404683875e-5,392.14174996050764,0.3396939430067767,0.9996187604222758,4.3237829371484236e-5,261.9309443464996,0.4559286042927928,0.9997004551913127,6.737784807971361e-5,188.71259939327953,0.4559286042927928,0.9997004551913127,0.9991137223235466
243188.4765625,1.8260498046875,376.0107421875,0.1998291015625,0.10446777343750001,30859.084010124207,3572.265625,0.3515609980676256,0.9978033761910231,5.111177472910886e-5,360.6231440193093,0.6110236920709019,0.9988462441596792,0.00012757480465640925,176.35619494299274,0.8123759496981874,0.9991613839868823,0.0002515155730210943,116.9443660525599,0.8123759496981874,0.9991613839868823,0.9958163462617958
243408.203125,1.732666015625,108.642578125,0.27651367187500003,0.3585449218750001,112505.34963607788,4691.40625,0.2374832048104669,0.999919271827016,6.815536589707655e-5,344.4701856601467,0.34829836568115985,0.9998779303478835,0.00011333035067693545,228.1050806519213,0.46921971284499087,0.9998667642053193,0.000178920547739039,163.9096910581034,0.46921971284499087,0.9998667642053193,0.9996640032532953
243481.4453125,0.7025146484375,210.3271484375,0.23176269531250002,0.1516357421875,15527.546763420105,4064.453125,0.2194860588988671,0.9998814647297477,3.345497696972131e-5,328.77103207239475,0.30734855242691644,0.9997953107494635,5.113789113841616e-5,234.88018291295228,0.40403927458902456,0.9997731855409172,7.619813049469909e-5,176.8243008535146,0.40403927458902456,0.9997731855409172,0.9994500585895156
243701.171875,1.356201171875,337.412109375,0.22583007812500003,0.299072265625,60871.24967575073,8214.84375,0.31916777391450385,0.9997859386703042,4.191560515327891e-5,303.11123181275536,0.541280491363642,0.9998494036067869,9.471044922363472e-5,156.4870178140729,0.7341112004906236,0.9998636841138704,0.00018121523254807263,101.73650252849124,0.7341112004906236,0.9998636841138704,0.9994991083320719
243774.4140625,1.0789794921875,237.2216796875,0.26604003906250007,0.20466308593750002,67754.69672679901,8587.890625,0.2531203229194959,1.000137941460912,3.974542340282295e-5,295.160847107984,0.38666387185343165,1.0000701761844286,7.046347492577624e-5,184.01981045810643,0.5290643599498006,1.00004935162407,0.0001165799913914456,127.46359498293394,0.5290643599498006,1.00004935162407,1.0002574892210374
243994.140625,0.985595703125,161.103515625,0.19155273437500003,0.257177734375,45822.31283187866,7707.03125,0.23274832213399674,1.0000891383745367,4.3871036038529874e-5,274.4946076961912,0.3385588928183177,0.9999969251408541,7.16189842499547e-5,186.53688968413286,0.45417600097297117,1.000120655299774,0.00011226580116593302,136.36838719559145,0.45417600097297117,1.000120655299774,1.000206728925063
244067.3828125,1.4495849609375,94.1162109375,0.2979736328125,0.23894042968750004,81816.765666008,7080.078125,0.21226183701633608,1.0002858077726746,6.580961753435408e-5,302.73573256957616,0.2880457295605204,1.000161928902301,9.690822958521472e-5,220.79306824203587,0.3730632692941925,1.0001665105930941,0.00013878740421382203,168.56583752065902,0.3730632692941925,1.0001665105930941,1.0006143681092141
244287.109375,1.892333984375,226.513671875,0.13852539062500002,0.22934570312500002,27991.614818572998,8917.96875,0.335530384867143,0.9997295674136892,5.814175462039996e-5,262.99850872476543,0.5735238849880748,0.9998969540078381,0.00013953075870889556,134.4177793156354,0.765446500023119,0.9998052700381129,0.0002750727918884124,89.6253816394739,0.765446500023119,0.9998052700381129,0.9994318920486772
244360.3515625,0.6717529296875,114.3701171875,0.3322509765625,0.2861083984375,104468.40941905975,8291.015625,0.1900125173191699,1.000070331287658,4.4695367947454675e-5,280.7190986596506,0.23362883880565868,1.0006352684598603,5.850041314249195e-5,226.34888159387344,0.28192135717348,1.0005567945027936,7.452539562255045e-5,188.19974308728652,0.28192135717348,1.0005567945027936,1.0012628318284984
244580.078125,0.765869140625,359.658203125,0.106591796875,0.17690429687500003,11392.808437347412,7410.15625,0.2906148107981438,0.9999487857451056,2.8107248435227628e-5,256.8134429089069,0.4725771418115367,0.999872236960733,5.824708012492436e-5,148.6114808520923,0.6440394655684988,0.99992754388381,0.00010664302391143471,103.02671714007982,0.6440394655684988,0.99992754388381,0.999748586100463
244653.3203125,1.7982177734375,299.3115234375,0.36652832031250004,0.3074951171875,120508.95392894745,7783.203125,0.29406299418314247,0.9996883964890289,5.300955273824929e-5,369.50256315609465,0.48790913502922173,0.9997438577653572,0.00010869828782780461,196.7225397820378,0.6760714841760437,0.9997686173756543,0.00019657948996046405,124.4601513133498,0.6760714841760437,0.9997686173756543,0.9992010827928928
244873.046875,1.139404296875,89.052734375,0.39106445312500004,0.16196289062500002,73195.31583786011,3933.59375,0.18999313164226925,0.9998697481637405,6.175808110656904e-5,363.3467870007777,0.23627994087540485,0.999930402287859,8.045811180813589e-5,292.2384692975138,0.2879238282505781,0.9998774658257965,0.00010362006817490882,239.73039339758412,0.2879238282505781,0.9998774658257965,0.9996776498299144
244946.2890625,1.4246826171875,145.5810546875,0.13596191406250002,0.3300537109375,51107.07175731659,3306.640625,0.26059240699343345,0.9995839173193131,5.5707156881956855e-5,318.53852672567524,0.40223856941644265,0.999601967191714,0.00010282598234252688,201.80316253105428,0.5483491111317493,0.9996123928321441,0.00017472899907759433,145.13817588083668,0.5483491111317493,0.9996123928321441,0.9987987584505346
245166.015625,1.518798828125,242.119140625,0.359130859375,0.13178710937500002,88601.26638412476,4425.78125,0.2510336853603071,0.9996993994412136,4.9520664150993045e-5,401.9287485497246,0.3836084590431013,0.9996273548006305,8.616366550704663e-5,248.07575710398592,0.5281956467443054,0.9996625138460011,0.0001403968215633228,168.71006072623211,0.5281956467443054,0.9996625138460011,0.9989896072785176
245239.2578125,1.0452880859375,353.1005859375,0.17023925781250002,0.37604980468750004,36756.56974315643,4798.828125,0.3151348833398252,0.9995495075122262,3.472125955629738e-5,317.8865585055971,0.531637436704099,0.9994348910497952,7.808609457689499e-5,170.33247029736816,0.7171859467628241,0.9996536280412923,0.00015048467446372507,114.4826846169723,0.7171859467628241,0.9996536280412923,0.9986386328683314
245458.984375,1.183349609375,201.279296875,0.21938476562500003,0.20004882812500002,49901.771068573,4636.71875,0.25398187762410956,0.9998246888486501,4.477118110228136e-5,327.2806734192507,0.38811900060135385,0.9997356739386509,7.987737167443582e-5,206.39428535032363,0.5299648424383738,0.999788971938424,0.00013278143481552818,145.29349708101515,0.5299648424383738,0.999788971938424,0.999349473831041
245532.2265625,1.2752685546875,144.9169921875,0.25373535156250004,0.2943115234375,71361.0829114914,4009.765625,0.2351240967050198,0.9997859538275611,5.2649047200958796e-5,347.76518266295204,0.3426572616222178,0.9997584677806546,8.661978344680552e-5,233.28638446018644,0.46042782037668206,0.9997662455888178,0.00013561953177254905,169.37639504408074,0.46042782037668206,0.9997662455888178,0.9993108253774543
245751.953125,1.556884765625,387.548828125,0.17573242187500002,0.24370117187500004,33942.72756576538,3128.90625,0.36170119612690516,0.998430955269498,4.515385498731682e-5,359.9941929248029,0.6276792926600017,0.9989093924340654,0.00011693181317030859,174.24915326402507,0.8249137380290965,0.9991883153670361,0.00023438483300164268,117.5408700962784,0.8249137380290965,0.9991883153670361,0.9965325316925874
246044.921875,1.930419921875,63.818359375,0.32192382812500003,0.11860351562500002,107080.20353317261,7652.34375,0.20135040929989034,1.0002517698053004,8.699930716748596e-5,295.53438463017517,0.2624699363153847,1.0002219448799472,0.00012081222764240404,225.6608057946979,0.33123218042634234,1.000204111960344,0.00016454150975467614,177.966671166271,0.33123218042634234,1.000204111960344,1.0006779792268494
246118.1640625,0.5281982421875,176.1279296875,0.2074462890625,0.3991943359375001,28640.06507396698,7025.390625,0.20300111846250954,1.0004203952954505,3.266490341425401e-5,278.7230920528997,0.2688833502888728,0.9999124242251195,4.5891318210552985e-5,213.45677646232213,0.3395624978316019,1.0003696881560884,6.418413465731425e-5,167.9254734249098,0.3395624978316019,1.0003696881560884,1.0007025938860388
246337.890625,0.809814453125,270.009765625,0.27827148437500004,0.13764648437500002,122888.12398910522,8144.53125,0.23774016282323135,0.9999362043919975,3.2293965729401874e-5,297.485819301028,0.351953901675885,1.000142678350995,5.3565074969243805e-5,195.84987899965728,0.4754255789426046,1.0000377176589468,8.510445326139367e-5,138.97678280626906,0.4754255789426046,1.0000377176589468,1.0001165942746164
246411.1328125,1.6488037109375,330.5224609375,0.24875488281250002,0.34440917968750007,14089.577555656433,8517.578125,0.334797344763099,0.999635826176329,4.865792304837307e-5,317.23644390697774,0.575893753060129,0.9997862794830866,0.00011542937788458667,155.81886410730704,0.7759288305773576,0.9997577757045675,0.00022406667220177754,99.86590506488444,0.7759288305773576,0.9997577757045675,0.9991800991565978
246630.859375,1.318115234375,292.919921875,0.3893066406250001,0.334814453125,65906.98957443237,7480.46875,0.2685473237845136,0.9999760728211881,4.273289734483801e-5,370.08831401809755,0.4257424648222432,0.9999088590726224,8.001856731395233e-5,213.63016613600283,0.5892461624729183,0.9998569128582047,0.00013725637901246978,139.8269642451338,0.5892461624729183,0.9998569128582047,0.9997418633972147
246704.1015625,1.2225341796875,393.2763671875,0.11896972656250002,0.16657714843750002,59371.05071544647,7853.515625,0.35269780888451846,0.9995756442303063,3.7597469046800206e-5,264.2511210046298,0.6088526009254547,0.9997190504160611,9.516377282721888e-5,131.6828030903877,0.8007387202737941,0.9997534090053662,0.00019193451018838958,88.65357828400487,0.8007387202737941,0.9997534090053662,0.9990483967668601
246923.828125,0.941650390625,128.564453125,0.347998046875,0.371435546875,81814.21041488647,8972.65625,0.20715991893318017,1.0004700431212754,4.784547528406459e-5,295.503524026641,0.27601506544416543,1.0004484230463961,6.866121530311305e-5,219.383042126311,0.35338061627430484,1.0004332483924379,9.622699099976852e-5,169.22234204025315,0.35338061627430484,1.0004332483924379,1.001352323353588
246997.0703125,1.5989990234375,195.7177734375,0.16262207031250003,0.12702636718750002,45202.481150627136,8345.703125,0.28651003953416815,1.0000478391449121,5.4095936405833594e-5,269.3899025645942,0.46510833373816385,0.9999279828480511,0.00010971441036701675,154.6677108079912,0.6373337022774522,0.999910406129735,0.00019828723614545517,105.21866331764258,0.6373337022774522,0.999910406129735,0.9998862268439691
247216.796875,0.565185546875,325.458984375,0.154345703125,0.27211914062500003,34099.68900680542,4496.09375,0.248860284570811,0.9996781420281583,2.48617217265327e-5,303.3799250458739,0.37112088110523694,0.9997819606192944,4.3684810920129044e-5,197.82824775843025,0.5012022364840085,0.9999110739171445,7.090102307469986e-5,144.14798325902407,0.5012022364840085,0.9999110739171445,0.9993712947470261
247290.0390625,1.9754638671875,254.4873046875,0.3351806640625,0.21520996093750003,99837.64731884003,4869.140625,0.2842966709826108,0.9994682653779882,5.9035397873172105e-5,399.78982228622493,0.46456498195367435,0.9994327177603067,0.00011688413061917546,221.1094546273502,0.6449391724666761,0.9995479592615117,0.00020727268304801476,142.80220901413776,0.6449391724666761,0.9995479592615117,0.9984497407074525
247509.765625,1.694580078125,181.025390625,0.113037109375,0.321630859375,17263.192653656006,3988.28125,0.30334229115599365,0.999429802901485,5.7733049955933695e-5,301.09035920696925,0.5014392249089209,0.9995675085511401,0.00012526599285370775,170.62980793691347,0.680140938609951,0.9995863044050334,0.00023560069541964836,118.88040545506522,0.680140938609951,0.9995863044050334,0.9985842771688432
247583.0078125,0.8460693359375,79.5068359375,0.37883300781250007,0.19089355468750002,116000.00083446503,3361.328125,0.17893063665682782,1.0000291201312692,6.004411328881411e-5,357.2284872688194,0.21119633067853488,0.9999479018249634,7.328058649542806e-5,304.72770830825436,0.2469969757348257,1.0000125638311952,8.887054671823462e-5,262.6703213100645,0.2469969757348257,1.0000125638311952,0.9999895839816109
247802.734375,1.804443359375,363.310546875,0.334228515625,0.155517578125,45915.33613204956,2074.21875,0.2943690696552729,0.9985779037838753,5.152268072359241e-5,514.0786554986332,0.48992146968232825,0.9987553733634936,0.00010533343538431763,274.48608450507203,0.6811923571483043,0.9989386043731018,0.00018963212867149107,174.27999860125215,0.6811923571483043,0.9989386043731018,0.9962764800686271
247875.9765625,0.7713623046875,296.3232421875,0.13889160156250002,0.3622802734375,85665.46523571014,2697.265625,0.2684365463920816,0.9994066101400444,3.066579984426142e-5,336.6163870113971,0.4305923829947631,0.9995039095171828,5.836980487818271e-5,208.4734907441847,0.5844686760946167,0.9995134845285693,0.0001046898927789943,146.04247886218394,0.5844686760946167,0.9995134845285693,0.9984248284666831
248095.703125,0.677978515625,220.205078125,0.365576171875,0.100732421875,64749.276638031006,5566.40625,0.20378696539933494,1.0000553543222808,3.2462498902887713e-5,340.7288279763842,0.27160039350060894,0.9998135858599703,4.5583729337501614e-5,256.1326938240339,0.34639143154987895,0.999854740856972,6.363092655157037e-5,197.27113907605428,0.34639143154987895,0.999854740856972,0.9997236897595304
248168.9453125,1.8978271484375,120.0146484375,0.10520019531250001,0.3813232421875,70645.57349681854,5189.453125,0.27479698979022565,0.9996783338512636,6.979429375114605e-5,281.529661120695,0.43563221635879057,0.9996989406308207,0.00013656475489433217,171.3469964875452,0.5943917015709373,0.9996172340321381,0.0002417406245645487,121.22523989348213,0.5943917015709373,0.9996172340321381,0.9989948436758985
248388.671875,1.051513671875,247.099609375,0.136767578125,0.23813476562500002,110986.54508590698,9089.84375,0.2792405250873558,1.000127943104403,3.884565479622914e-5,257.1761689900598,0.44880065677757647,1.0000012364116455,7.701021580199563e-5,151.3992694069817,0.6127080839337279,1.0000032928267857,0.00013826526111010892,103.83025650727642,0.6127080839337279,1.0000032928267857,1.0001324729263907
248461.9140625,1.5242919921875,348.7841796875,0.3926025390625001,0.2562255859375,17625.149607658386,9712.890625,0.278815168264701,0.9998571955531326,4.555381018274388e-5,353.84385611399944,0.4523992887263715,0.9998905962949807,8.812009576198542e-5,196.75662135944629,0.630301230683068,0.9998961388871788,0.00015388846872364378,125.83426944854752,0.630301230683068,0.9998961388871788,0.9996439725516243
248681.640625,1.430908203125,81.416015625,0.16811523437500003,0.205615234375,95533.61654281616,6582.03125,0.21298049626258783,1.00015679622912,7.036068199882255e-5,275.3082071094506,0.2894042739812284,1.0000958206305202,0.00010430986296240173,202.96661948975932,0.37466591277840144,1.0001072310612866,0.0001502286386992469,157.09538888958153,0.37466591277840144,1.0001072310612866,1.0003598900352253
248754.8828125,1.1448974609375,152.5537109375,0.3589111328125001,0.29987792968750004,29487.57255077362,6205.078125,0.2207105513760709,1.0000257423815846,4.899003353133885e-5,342.85759856851666,0.30842295184883256,0.9999309028625142,7.508754986131153e-5,239.65518033985984,0.40671797075115207,1.0000520790437086,0.00011119051839288374,176.90613964488284,0.40671797075115207,1.0000520790437086,1.0000087202511156
248974.609375,0.697021484375,104.326171875,0.199462890625,0.30903320312500004,95421.69904708862,9792.96875,0.19156435905652802,1.0008881112135877,4.8064711064383385e-5,249.21779778301524,0.23965510648220242,1.0008623377038233,6.344115435475637e-5,200.38527738280945,0.29312357246522713,1.000656188713869,8.257012349682064e-5,165.03422992879533,0.29312357246522713,1.000656188713869,1.0024085526104316
249047.8515625,1.7264404296875,215.3076171875,0.3088134765625,0.17829589843750002,43672.98400402069,9416.015625,0.2673073350748746,1.0000350227583825,5.560458699914064e-5,312.71117642840596,0.42246156785379796,0.9999869903133002,0.00010371297497304087,183.77609466673493,0.5842270684122884,1.0000140567582927,0.00017742667692136846,122.55301594202129,0.5842270684122884,1.0000140567582927,1.0000360696837662
249267.578125,1.820556640625,311.845703125,0.23315429687500003,0.28471679687500007,78808.36629867554,6285.15625,0.33553868212657545,0.9992668204976115,5.3215626892633586e-5,335.74733392293683,0.5772459185164465,0.9994842919143143,0.0001265714391124562,166.03307905849917,0.7775636688954584,0.999554590601181,0.0002455029183305214,107.60446894116802,0.7775636688954584,0.999554590601181,0.998306637217562
249340.8203125,0.6029052734375,368.3740234375,0.2774658203125,0.22780761718750003,58400.418162345886,6908.203125,0.24081689161042052,1.0000637021037782,2.444922587585798e-5,315.3592163624442,0.3567846549209894,1.000017841578046,4.115960926429411e-5,205.34591713758985,0.4831385293293355,0.9999891421111794,6.559038948226754e-5,145.59204581257418,0.4831385293293355,0.9999891421111794,1.000070686044145
249560.546875,1.444091796875,158.115234375,0.264501953125,0.372900390625,3582.8280448913574,2808.59375,0.25100591252534893,0.999455468246228,5.503175496486554e-5,394.57796454492444,0.3808898586871483,0.9995541044027132,9.705872120616413e-5,249.02872969544188,0.5190859672790737,0.9995704329913481,0.00016003819625533654,174.72478393307765,0.5190859672790737,0.9995704329913481,0.9985806737952145
249633.7890625,0.9793701171875,97.7685546875,0.2250244140625,0.12849121093750002,118452.62229442596,2431.640625,0.19690518258866185,0.9996430018172068,5.6758196535058174e-5,357.34265793168504,0.2520033289575406,0.9997724534428092,7.711202600256202e-5,282.09445991507306,0.31359767006930644,0.9997211777038355,0.0001030418979435885,229.2453385957886,0.31359767006930644,0.9997211777038355,0.9991368771590158
249853.515625,1.073486328125,343.056640625,0.298193359375,0.333349609375,21363.839626312256,5300.78125,0.28121088843662767,0.9996489079468344,3.58450822582684e-5,367.3830966477096,0.45457828670067985,0.9996925771552948,7.084276490598155e-5,207.22546291715102,0.6266516051671611,0.9996959761335494,0.0001259020592781012,136.74690168517384,0.6266516051671611,0.9996959761335494,0.9990377693408273
249926.7578125,1.3499755859375,230.9130859375,0.19367675781250002,0.16511230468750002,103311.89811229706,5923.828125,0.27831525110859,0.9999044756410933,4.665669035164709e-5,305.81209214554104,0.44641063599091063,0.999841145413562,9.161224688925796e-5,179.1022875441013,0.6131063676867139,0.9998093592154892,0.0001624035661267143,122.234596718122,0.6131063676867139,0.9998093592154892,0.9995550439367358
250146.484375,0.691162109375,206.591796875,0.355322265625,0.13911132812500002,78501.7466545105,3261.71875,0.20503255332162473,0.9996368760937062,3.4058209470367346e-5,388.08545765135784,0.2696189214671099,0.9996344058060631,4.821259899310609e-5,291.0191711521382,0.34237950158451497,0.9997215227310298,6.630646100899412e-5,227.35134966555123,0.34237950158451497,0.9997215227310298,0.9989931402812479
250219.7265625,1.7205810546875,139.6044921875,0.17404785156250002,0.34587402343750007,55588.927149772644,3884.765625,0.26677482859432555,0.9996610657230999,6.330663049145705e-5,328.5975306190736,0.4177395868549972,0.9996977982785933,0.00011954804802188794,201.29268288191105,0.5712373377450171,0.9996297168900009,0.00020669196264686414,141.20991028876267,0.5712373377450171,0.9996297168900009,0.9989889206821205
250439.453125,1.814697265625,382.236328125,0.39604492187500007,0.11713867187500002,94103.31106185913,4753.90625,0.27232074285875685,0.9991424663287939,5.141785679175923e-5,443.2196097706973,0.43852156662288017,0.999195255390427,9.636529892024487e-5,251.49880458405607,0.6146666584523299,0.9992925292501378,0.00016448993945970196,161.60054467523364,0.6146666584523299,0.9992925292501378,0.9976321165899974
250732.421875,1.438232421875,69.130859375,0.10161132812500001,0.24516601562500004,23199.313640594482,8277.34375,0.21081168476357373,0.9998427657844001,7.571648273137144e-5,246.36546359340213,0.28475931208763977,1.00008846402099,0.00011122421243178492,183.84870427867097,0.3658095666853526,0.99990636718286,0.00015924305398815595,143.67369556619784,0.3658095666853526,0.99990636718286,0.9998375895191285
250805.6640625,0.9735107421875,170.8154296875,0.37150878906250007,0.26325683593750004,105236.76002025604,8900.390625,0.21540531317077063,1.0005047124028352,4.313555153729658e-5,310.8976526050181,0.29576084899335364,1.0002875019824549,6.437307924769992e-5,221.748333231071,0.38617913008175836,1.0001596094191598,9.323703408890505e-5,165.81303286984527,0.38617913008175836,1.0001596094191598,1.0009520953783044
251025.390625,1.067626953125,264.697265625,0.142333984375,0.19858398437500002,9321.8092918396,7769.53125,0.2830795483608992,0.9999655401315987,3.85628552421906e-5,269.8769920482931,0.4567035940349333,0.9999640918167995,7.740781448152213e-5,157.50556391469053,0.624536730403075,0.999945154256222,0.00013959164291579734,107.95365216793488,0.624536730403075,0.999945154256222,0.9998747913013317
251098.6328125,1.3441162109375,335.8349609375,0.32844238281250004,0.2928466796875,118366.4482831955,7392.578125,0.2866809959677231,0.9998397149594522,4.210525245312023e-5,354.6024599759267,0.46913925948455826,0.9997924570886604,8.444065972051355e-5,194.93761855589565,0.6491145517838682,0.9998148166073035,0.00015113174187177548,125.85729827060004,0.6491145517838682,0.9998148166073035,0.9994470900309078
251318.359375,1.810302734375,287.607421875,0.187744140625,0.32075195312500004,65817.75617599487,8605.46875,0.3462181150057793,0.9996610718056692,5.385893251759535e-5,293.5001206918463,0.5972453969215844,0.9998038394828448,0.0001331745750082654,143.2188519313621,0.7940571591758995,0.9997757863381537,0.00026428767537489754,93.4614270758617,0.7940571591758995,0.9997757863381537,0.9992408840702903
251391.6015625,0.7772216796875,398.5888671875,0.30178222656250003,0.19001464843750002,73472.18596935272,8228.515625,0.25635701404229105,0.9999654399227144,2.769098769542848e-5,317.81852407937043,0.39526670822374504,1.0000466970263573,4.959111893018748e-5,194.3069435774023,0.5431822233259136,1.0000031323387284,8.256982318007269e-5,132.40507578383773,0.5431822233259136,1.0000031323387284,1.0000152677119591
251611.328125,0.683837890625,133.876953125,0.23081054687500002,0.27299804687500007,51091.493129730225,7097.65625,0.19898744761008907,0.9999409635157965,4.2197075798249665e-5,281.3765788083635,0.25544418181058925,1.0005247773401187,5.8056851064124015e-5,219.04331165378153,0.31843190515409303,1.0003060343635897,7.798280169157779e-5,176.3920558146333,0.31843190515409303,1.0003060343635897,1.000771886761721
251684.5703125,1.9036865234375,190.4052734375,0.26105957031250004,0.21608886718750003,87977.62763500214,7720.703125,0.2784574486865818,0.9998645982826001,6.156229515823344e-5,315.959453765535,0.4481680235265558,0.9999063194502401,0.00012036427786841553,181.13354132331946,0.6181759658307312,0.999926651049092,0.00021249939760939056,120.60543905841583,0.6181759658307312,0.999926651049092,0.9996975982684531
251904.296875,1.057373046875,320.146484375,0.27153320312500007,0.37055664062500004,97101.6116142273,3621.09375,0.28130811951401274,0.9994531268880114,3.636960674708268e-5,390.0785126792631,0.45381459347385145,0.9994237637218989,7.214729480151588e-5,221.67059162379317,0.6242274605882917,0.9995571888131562,0.00012861104588948863,147.9191894209277,0.6242274605882917,0.9995571888131562,0.9984348917370528
251977.5390625,1.5301513671875,259.7998046875,0.23674316406250004,0.1261474609375,26588.39499950409,3244.140625,0.28351208023172003,0.9993286862707668,4.9348730933134645e-5,379.695201991029,0.46037339860168647,0.9993173469065958,9.821372811619505e-5,216.50459348308885,0.6369678185909923,0.9993628655375694,0.00017517226343711646,145.46140443998698,0.6369678185909923,0.9993628655375694,0.9980102193562671
252197.265625,1.436767578125,186.337890625,0.31459960937500003,0.335693359375,111029.15334701538,4113.28125,0.2532099088305134,0.9997168347680809,5.209652084282051e-5,387.25578687778636,0.3869586339173293,0.9996592548010852,9.239058965754481e-5,239.45288758458602,0.5294621786008219,0.9996856534265475,0.0001529139617250582,164.65996651326526,0.5294621786008219,0.9996856534265475,0.9990620355766825
252270.5078125,1.1507568359375,74.1943359375,0.19602050781250002,0.16745605468750002,13953.87351512909,4736.328125,0.1946435202360532,0.9998705433948396,6.884060793380235e-5,300.08840270625814,0.24753613368202063,0.999828069836933,9.237851208953481e-5,239.0965787268026,0.3057938352820746,0.9999441850419856,0.00012263223192368917,195.17983675347614,0.3057938352820746,0.9999441850419856,0.9996428373519008
252490.234375,1.312255859375,357.998046875,0.24516601562500004,0.207080078125,81192.89350509644,5949.21875,0.3027140132354911,0.9995809574679008,4.086838332884702e-5,338.6546098267046,0.5111687594389609,0.9993814919794661,8.703254350762513e-5,181.7448722206193,0.6984133493940036,0.9996780160308508,0.0001636639842224626,117.74793396008863,0.6984133493940036,0.9996780160308508,0.9986410586505777
252563.4765625,1.2166748046875,301.6357421875,0.28420410156250003,0.30134277343750004,44628.18801403046,5322.265625,0.28024104409114614,0.9998365222542729,4.0557062957066004e-5,360.95654942591756,0.4521874880758237,0.9996948357007708,7.986318561067001e-5,204.87768547598702,0.6233774354080251,0.9997175370440425,0.00014161156970300285,135.8173836303446,0.6233774354080251,0.9997175370440425,0.9992490772465838
252783.203125,0.935791015625,225.517578125,0.21088867187500002,0.23666992187500002,66292.70315170288,2441.40625,0.24495428378874382,0.9994695225097493,3.8286168226772626e-5,376.0154141819839,0.3661975078679325,0.999413128208251,6.583710737053087e-5,245.63826302654337,0.4974192271068292,0.9994804779226456,0.00010661153323677639,176.59763569056346,0.4974192271068292,0.9994804779226456,0.9983640202888024
252856.4453125,1.5931396484375,114.7021484375,0.3161376953125,0.2547607421875,57348.164439201355,2814.453125,0.22372988162805404,0.9996083116648938,6.543932650698155e-5,404.83714719193136,0.31558240533600207,0.9995259099590887,0.00010182763726441361,280.82919712010784,0.4181205955358346,0.9997098210877525,0.0001525908253565503,207.05238263168954,0.4181205955358346,0.9997098210877525,0.9988444795840165
253076.171875,0.559326171875,241.787109375,0.29145507812500004,0.102197265625,21269.259929656982,6964.84375,0.2061879962453639,1.0002019730605163,2.8706872571631607e-5,301.46867942440167,0.27516172692440155,1.0000484779042491,4.089814028796735e-5,225.74884170335176,0.35137568307644423,1.0000816510844588,5.7352384101705014e-5,174.77940179961985,0.35137568307644423,1.0000816510844588,1.0003321322908472
253149.4140625,1.9696044921875,354.0966796875,0.18166503906250003,0.3827880859375,117973.78242015839,6337.890625,0.39584058246838894,0.9971596236878784,5.490797993892087e-5,321.4795282086642,0.690938906817541,0.9991153298653486,0.00015711235147621851,142.91302678564975,0.8882358916597172,0.998405872390774,0.00031922423635293083,95.2680611027388,0.8882358916597172,0.998405872390774,0.9946892729337643
253369.140625,1.688720703125,86.728515625,0.257177734375,0.154052734375,37561.87582015991,9457.03125,0.21594477023948816,1.0002328435612136,7.392102546104625e-5,274.3244072661116,0.296296743043681,1.0003221841324934,0.00011097273651173785,197.09137178448978,0.38685258544790685,1.0002161079761822,0.00016107592478852617,149.22498407727983,0.38685258544790685,1.0002161079761822,1.0007713306505137
253442.3828125,0.8402099609375,147.2412109375,0.21359863281250002,0.3608154296875,104090.66092967987,9830.078125,0.21680646050529678,1.000167820785565,4.3318485521480585e-5,264.0115412409854,0.29749044657677576,1.0005113482811037,6.544160451465482e-5,190.30987146491202,0.38727781035154407,1.0005028128607725,9.548882784565817e-5,144.57418078214658,0.38727781035154407,1.0005028128607725,1.0011824092804018
253662.109375,1.189208984375,109.638671875,0.372900390625,0.33247070312500004,37806.6782951355,6167.96875,0.20568992012689374,1.000173437420682,5.800376032444424e-5,337.18475688124795,0.2726347368087045,1.0001551207743409,8.250689118958158e-5,251.5908051688363,0.3478985311428947,1.0000177024360686,0.00011477375339831602,194.72435753017632,0.3478985311428947,1.0000177024360686,1.0003462933515952
253735.3515625,1.2811279296875,209.9951171875,0.11662597656250001,0.1642333984375,89353.724360466,6541.015625,0.2813399124101551,0.9998658517278265,4.6724976790777734e-5,271.95792194013507,0.4516498895587696,0.9998330547581802,9.344107085181552e-5,160.90339519324505,0.6172499335403336,0.9997706132051921,0.00016757637814040246,111.98926784625309,0.6172499335403336,0.9997706132051921,0.9994696111483534
253955.078125,1.562744140625,306.533203125,0.34096679687500003,0.373779296875,54055.16195297241,9660.15625,0.29809377717786883,0.999874766150349,4.794778115224173e-5,342.0047326677925,0.49576377463886295,0.9999496288680316,0.00010028560059790484,180.5867590659995,0.6834714608013005,0.9999211348900723,0.00018386185712906153,114.41127225159933,0.6834714608013005,0.9999211348900723,0.9997455500652324
254028.3203125,0.9075927734375,373.6865234375,0.1509033203125,0.12937011718750002,77212.1399641037,9033.203125,0.29536341400863003,1.0001577605223082,3.129448897628103e-5,265.53034258427556,0.48683333479543295,1.000048872441849,6.562298767885129e-5,148.5226949968995,0.664029156676611,1.0000051102712355,0.00012145353093616037,99.95465986320683,0.664029156676611,1.0000051102712355,1.0002117520015246
254248.046875,1.936279296875,163.427734375,0.15668945312500002,0.28383789062500003,125992.74015426636,5183.59375,0.2928319342481771,0.9996552556150018,6.518023567653391e-5,306.5255611409508,0.47889337096922974,0.999698230937734,0.0001357082861157754,174.2598116110187,0.6540685363843813,0.9997490964908192,0.00024929551393994173,119.11155767921827,0.6540685363843813,0.9997490964908192,0.9991028492631351
254321.2890625,0.5340576171875,92.4560546875,0.3515869140625001,0.22692871093750003,12533.432841300964,5556.640625,0.17708574884303518,0.9999977337824254,4.9750212407912456e-5,301.71690799294873,0.20231255558420363,1.0001988664778243,6.008005509358037e-5,261.21461083787585,0.23033875024394115,1.0000508531082553,7.019432358098227e-5,232.04161647610803,0.23033875024394115,1.0000508531082553,1.0002474629155416
254541.015625,0.815673828125,337.744140625,0.12475585937500001,0.309912109375,110905.282497406,2675.78125,0.2850133169010952,0.9993418183382189,3.05169913223932e-5,334.06104490713966,0.4597107102888522,0.9994258294717913,6.197837468231724e-5,197.9811069841777,0.6275434963152362,0.999501207902961,0.0001121363405743029,139.48449801279313,0.6275434963152362,0.999501207902961,0.9982698481205189
254614.2578125,1.6546630859375,236.2255859375,0.3858642578125,0.17917480468750002,24280.953288078308,2048.828125,0.2506337152220789,0.9993177608043546,5.3575112647692994e-5,520.8901991899589,0.38279687721621913,0.9993127292550725,9.30026346910159e-5,318.8000545869154,0.5273165116983043,0.999308197031882,0.00015127669852068828,214.57962527973646,0.5273165116983043,0.999308197031882,0.9979401030810164
254833.984375,1.886474609375,126.904296875,0.30375976562500007,0.39692382812500004,7331.763744354248,2386.71875,0.24941491490488765,0.9994574890450112,6.944851623517538e-5,434.3957019667223,0.3773364183786647,0.999515899164971,0.00012149522246375117,272.9675482998828,0.5141747029291611,0.999468738691888,0.0001992027303141508,189.94372785739293,0.5141747029291611,0.999468738691888,0.9984429347914738
254907.2265625,0.6658935546875,198.0419921875,0.1881103515625,0.11618652343750001,124135.34438610077,2759.765625,0.21394612647366307,0.9996857782521741,3.4616045943495484e-5,344.4653663279223,0.29199022584240847,0.9996146484223222,5.152740551692028e-5,253.6142329953836,0.3789497392614659,0.9996535534456372,7.450009827248308e-5,196.38996225292374,0.3789497392614659,0.9996535534456372,0.9989543435287981
255126.953125,0.760009765625,291.923828125,0.260107421875,0.34682617187500003,25783.36477279663,5878.90625,0.24740602643988424,0.9998955372216173,3.084488767309358e-5,329.4633198705791,0.372154070632645,0.999954454667761,5.3595979908768506e-5,210.07568658420178,0.5058851449521505,0.9998302184097105,8.738471084162667e-5,147.7577615830763,0.5058851449521505,0.9998302184097105,0.9996802405246885
255200.1953125,1.7923583984375,393.6083984375,0.2294189453125,0.1399169921875,109887.09723949432,5251.953125,0.34035312095014286,0.9980708828219111,5.040684045162606e-5,351.91755407573606,0.5890885130744565,0.9990605687176045,0.00012136600304849328,172.58333174214775,0.7926693061572812,0.9992885895485922,0.00023554263575079274,111.88285059700107,0.7926693061572812,0.9992885895485922,0.9964238927872177
255419.921875,1.133544921875,180.693359375,0.23754882812500003,0.296728515625,92876.22404098511,9402.34375,0.2431505517612904,1.0002697280696,4.5927132259066176e-5,283.3854313445738,0.3620109443285005,1.0003208807961288,7.833586053917697e-5,183.5953918799659,0.4903289707089558,1.0001907858519061,0.00012619595326071774,129.9267147289949,0.4903289707089558,1.0001907858519061,1.0007815939645208
255493.1640625,1.4188232421875,80.5029296875,0.2730712890625,0.2023193359375,42810.78040599823,9775.390625,0.20309585990723555,1.0005233023500533,7.115348325115706e-5,270.8029143687525,0.266434726739894,1.0005261734048387,9.994144363237522e-5,205.50406254450795,0.33760290572332335,1.0005124878381375,0.00013742681425779672,161.5417332114754,0.33760290572332335,1.0005124878381375,1.001562776925482
255712.890625,1.512939453125,323.134765625,0.193896484375,0.259521484375,78420.35055160522,6894.53125,0.3282677233423914,0.9995014346483675,4.641647714165039e-5,310.56106539399036,0.5597423786608806,0.9996684669714891,0.00010831063443442406,158.0997926363999,0.7543523039958496,0.9997570325608748,0.00020978813386842077,103.80270470036963,0.7543523039958496,0.9997570325608748,0.9989273011183297
255786.1328125,1.0394287109375,256.1474609375,0.31437988281250007,0.24128417968750002,53985.39054393768,6267.578125,0.24956935694815013,0.9993953776385358,3.872753486842232e-5,344.99029261623076,0.37415269577088267,0.9998943017559188,6.764766712462887e-5,215.955085308233,0.5086016490718398,0.9999290662050748,0.00010919177364881697,150.52219566570074,0.5086016490718398,0.9999290662050748,0.9992188598882543
256005.859375,0.614990234375,388.544921875,0.17368164062500002,0.212939453125,117434.63850021362,9730.46875,0.2623437458109387,0.9999894805331186,2.436485419834616e-5,265.2462436764851,0.40804697717927274,1.000237438625116,4.51612826157919e-5,162.41310295130353,0.5562749993532702,1.0002882751242292,7.72499661118623e-5,112.51197755411785,0.5562749993532702,1.0002882751242292,1.0005152571991647
256079.1015625,1.8319091796875,276.4013671875,0.35334472656250004,0.26970214843750007,21270.068049430847,9103.515625,0.28541209207281787,0.9997658963393692,5.520255398875557e-5,349.8173880861902,0.4671948636935269,0.9998983774794161,0.00010985664033394318,191.58108538425552,0.648668655329195,0.999900247045969,0.0001953649300848558,122.57004629155215,0.648668655329195,0.999900247045969,0.9995645781422635
256298.828125,1.738525390625,202.939453125,0.132373046875,0.19331054687500002,102847.23043441772,6222.65625,0.30579997686718435,0.9997114273893097,5.743699829332761e-5,285.5599461778403,0.5083210350635929,0.9996926127245838,0.00012517308848265376,157.6114646879183,0.6905455773383067,0.999713181952776,0.00023580895531199905,107.30018663975208,0.6905455773383067,0.999713181952776,0.999117481676827
256372.0703125,0.7083740234375,142.5927734375,0.3969970703125001,0.32390136718750007,34113.82758617401,6595.703125,0.1932655959883463,1.0003519185749166,4.188237187298788e-5,326.1271612985316,0.24365562411707434,1.0003108624004586,5.568703518499132e-5,257.6481618295118,0.30003220811484477,1.0001953550533755,7.297095370169651e-5,208.4975486992564,0.30003220811484477,1.0001953550533755,1.000858374925988
256591.796875,1.362060546875,272.333984375,0.369970703125,0.168994140625,45719.92826461792,2746.09375,0.2496827970587471,0.9993901387794903,4.534757157491165e-5,469.66686420601513,0.3802140016433183,0.9994078500766778,7.851799184162461e-5,289.7973204727594,0.5228874879084436,0.9994276398277252,0.0001275132423894889,196.58147960186517,0.5228874879084436,0.9994276398277252,0.9982266775897776
256665.0390625,1.0848388671875,328.8623046875,0.10080566406250001,0.33708496093750007,83313.53843212128,2119.140625,0.31968962713056415,0.9989897313213931,3.697376283708977e-5,338.95485867605197,0.5376100678220856,0.9990857102833226,8.480483210563461e-5,187.76783154212882,0.7225378960862673,0.999258043807827,0.00016452484702474934,132.1385565863728,0.7225378960862673,0.999258043807827,0.9973358363434965
256884.765625,0.991455078125,64.150390625,0.32866210937500007,0.12475585937500001,61245.614528656006,5238.28125,0.1787724570620916,0.9998297548671657,7.192173187016723e-5,309.81913541596964,0.20996853290110917,1.0001235796988426,8.77537095806027e-5,264.7883483850925,0.2437146781679831,1.0001022251624232,0.00010572564088234102,229.8541219675677,0.2437146781679831,1.0001022251624232,1.000055533917057
256958.0078125,1.4554443359375,175.1318359375,0.1444580078125,0.3690185546875,70614.80796337128,5611.328125,0.27610942235181024,0.9998726314090138,5.385155197661071e-5,296.6075068348975,0.43936357378205504,0.9997988784862788,0.00010565837973299763,176.9796262417443,0.6008335600982329,0.9997697147969511,0.00018724836859284908,123.08883901399977,0.6008335600982329,0.9997697147969511,0.9994413259493189
257177.734375,0.913818359375,310.185546875,0.11860351562500002,0.258642578125,30024.34492111206,4824.21875,0.28719257678529714,0.9996466167761874,3.371282372849632e-5,294.69719499515725,0.4657440441047931,0.9996930547738598,6.898173659236658e-5,172.34268522926357,0.6373750600307582,0.9996407826156762,0.00012561462170370736,120.03721364354192,0.6373750600307582,0.9996407826156762,0.9989807997975115
257250.9765625,1.5682373046875,370.6982421875,0.3732666015625,0.24040527343750004,101067.3817396164,4447.265625,0.2841416729833318,0.9991944652895548,4.6494744668452206e-5,442.20750545311506,0.4651560166574734,0.9993361138233761,9.177088198084506e-5,241.64508679720538,0.6476245039329853,0.9994000047077108,0.00016218967493825953,153.77839351223932,0.6476245039329853,0.9994000047077108,0.9979319999287479
257470.703125,1.287353515625,103.330078125,0.149951171875,0.297607421875,15013.192653656006,3316.40625,0.22096640184701088,0.9997334388275657,6.244534802857001e-5,323.0500666343501,0.3083785632015157,0.9999077743481933,9.641424757676659e-5,232.72228378828456,0.4053588291523647,0.9997595391172925,0.00014370349748839517,177.98014855517079,0.4053588291523647,0.9997595391172925,0.9994008631451146
257543.9453125,1.1947021484375,215.6396484375,0.3395751953125,0.20319824218750002,115575.56617259979,3939.453125,0.23675393387804847,0.9996879824657797,4.4906555700182674e-5,396.8287356344454,0.34763361536331383,0.9996769079374694,7.394571419586412e-5,259.5138700080365,0.4702228842290428,0.999639399243796,0.00011581972181685004,183.4597438538469,0.4702228842290428,0.999639399243796,0.9990046194420824
257763.671875,1.660888671875,342.724609375,0.352392578125,0.3600097656250001,73384.55533981323,7839.84375,0.30613044876821444,0.9995790665857737,4.9168470371209594e-5,375.2759364737124,0.5150603562730853,0.9996422827483237,0.00010549058928327393,192.60644131901955,0.7093174056982884,0.9997714188332342,0.00019547170236676104,120.65065808711499,0.7093174056982884,0.9997714188332342,0.9989930966929347
257836.9140625,0.8211669921875,231.9091796875,0.1582275390625,0.1531005859375,65195.79780101776,7462.890625,0.2424321716280404,1.0001801135071258,3.536249327101866e-5,274.33716436277575,0.3604412910218602,0.9999621990016869,6.028077152694644e-5,180.75176063466932,0.48712593227135204,1.0001427968019758,9.708801809938957e-5,130.51643226630551,0.48712593227135204,1.0001427968019758,1.0002851228231169
258056.640625,0.540283203125,155.791015625,0.38374023437500004,0.38374023437500004,88187.24203109741,8332.03125,0.1890804606006823,1.0005931705987352,3.636944382086913e-5,298.8413259337029,0.23411779330767163,1.000599068312573,4.723203692657471e-5,241.33003910286718,0.2882397262641081,1.000235746360951,6.066929088917828e-5,198.24096355553164,0.2882397262641081,1.000235746360951,1.0014286217717259
258129.8828125,1.9417724609375,99.4287109375,0.1245361328125,0.10300292968750001,51386.467814445496,8955.078125,0.24827989274734735,0.9999015470395415,7.602215364033167e-5,253.7056639242973,0.372934480377637,1.0002016294816212,0.00013314225121330167,164.34367538225501,0.5059724881844483,0.9999861148139905,0.0002178446324272357,118.11175878582961,0.5059724881844483,0.9999861148139905,1.0000892700517843
258349.609375,1.587646484375,221.201171875,0.28383789062500003,0.130908203125,109674.26252365112,7042.96875,0.26559713050022604,0.9995724145128124,5.298282108431881e-5,330.30800796513785,0.4157001031891147,0.9997770270567169,9.843707575388908e-5,196.27619736868894,0.5738287505625231,0.999750942195526,0.00016699151948772087,132.82955954703283,0.5738287505625231,0.999750942195526,0.999100641107959
258422.8515625,0.9295654296875,119.6826171875,0.24318847656250003,0.37517089843750007,24847.36144542694,7666.015625,0.20704183678775853,1.000344724116101,5.080854732360128e-5,287.696981999076,0.275568604114399,1.0003611104276224,7.300441369048598e-5,215.4819665730857,0.3522968544228862,1.0003444592206656,0.0001024513414205113,167.91064865383208,0.3522968544228862,1.0003444592206656,1.0010506614219585
258642.578125,1.211181640625,364.970703125,0.31752929687500003,0.162841796875,124072.28231430054,8535.15625,0.2725781107975528,0.9999453969703741,3.8608859235153744e-5,333.6363889901984,0.43754080748140134,0.9998769211184051,7.331156815756798e-5,192.01288025268434,0.6060494857858362,0.9998753936331106,0.00012742448348945624,125.9166541017693,0.6060494857858362,0.9998753936331106,0.9996977405818297
258715.8203125,1.3060302734375,293.9990234375,0.2118408203125,0.3309326171875,11916.104197502136,8158.203125,0.30247557001440295,0.9998584169603387,4.30186788719568e-5,303.5180687675571,0.5019635247804477,0.9999637020436276,9.230699092050243e-5,163.68274905653797,0.6851947873472163,0.9999124188116987,0.0001721208693951306,107.84390153514157,0.6851947873472163,0.9999124188116987,0.9997345585334189
258935.546875,0.834716796875,83.740234375,0.18012695312500002,0.176025390625,55802.12736129761,4058.59375,0.18740015023138967,1.0000353531898925,5.97989365469437e-5,307.16549150043073,0.22971698622150374,0.9999818370908381,7.709049746544761e-5,253.01681437430702,0.27788159606107904,0.999803513368768,9.785702028341273e-5,213.22450010032057,0.27788159606107904,0.999803513368768,0.9998206996298478
259008.7890625,1.6824951171875,150.8935546875,0.2906494140625,0.3066162109375,80105.54587841034,4681.640625,0.24938824982815597,0.9997197477107602,6.177948072225494e-5,365.14405227998276,0.3774854018792276,0.9997514004288989,0.00010794790519896606,229.70658803134748,0.5150069562428197,0.9997799017392349,0.0001767173941034803,159.81388385171033,0.5150069562428197,0.9997799017392349,0.9992512359335333
259228.515625,1.964111328125,247.431640625,0.21381835937500002,0.23022460937500003,40175.668239593506,3550.78125,0.31518702780834074,0.9990915402126184,5.9850557823796294e-5,373.23530530627363,0.5322986426678903,0.99922637133084,0.00013353522280173992,195.89660328140835,0.7243768272878053,0.9993617771455018,0.00025336860207118074,129.23426521794028,0.7243768272878053,0.9993617771455018,0.997681464598243
259301.7578125,0.5531005859375,347.7880859375,0.25930175781250003,0.2869873046875,94789.40665721893,3173.828125,0.232982967407063,0.9995055917460979,2.4510677304711747e-5,375.5685279812747,0.3377194402745802,0.9994998456156458,3.992368161577955e-5,253.3883677948449,0.45813678596702184,0.9993723138620964,6.207001897698503e-5,184.29841419364968,0.45813678596702184,0.9993723138620964,0.9983786226222626
259521.484375,1.488037109375,238.466796875,0.139697265625,0.354736328125,102462.50104904175,9011.71875,0.3125164370407955,0.9999347214792281,4.9669972865264465e-5,271.71862392816354,0.522831658712832,0.9999260396682376,0.00011099249723233024,145.47763075517315,0.7074233437495162,0.9998119790974508,0.00021201758645918682,97.24709058653178,0.7074233437495162,0.9998119790974508,0.9996727712518445
259594.7265625,1.0174560546875,341.4794921875,0.33342285156250007,0.14899902343750002,34600.18813610077,9634.765625,0.2524952945633212,1.0000610963593428,3.4915967599368474e-5,319.45402880286014,0.38869647144546804,0.9998331332727534,6.131053056866849e-5,196.45240807302886,0.5342613570649624,0.999998125111732,0.00010129472439054643,132.8763139166851,0.5342613570649624,0.999998125111732,0.9998923447472053
259814.453125,1.111572265625,95.361328125,0.105419921875,0.389013671875,117313.82131576538,6503.90625,0.21209383653311165,1.0000534685483145,6.1027629637616456e-5,268.04819382829794,0.28723363580689365,0.999989144244794,9.020143281915823e-5,199.45403026545333,0.3708927986443215,0.9999447693276524,0.00012969633963243247,155.62049412987685,0.3708927986443215,0.9999447693276524,0.9999873791868183
260107.421875,0.735107421875,377.255859375,0.3922363281250001,0.25454101562500003,62352.26774215698,2027.34375,0.23737507279986383,0.9992288430368222,2.784111498455851e-5,505.0171985921835,0.34734680824170383,0.9993815157198205,4.593129244034877e-5,325.624544369805,0.46921707498348486,0.9993313212843983,7.15087399491474e-5,228.1112420198272,0.46921707498348486,0.9993313212843983,0.9979430858940967
260180.6640625,1.7703857421875,308.9404296875,0.1371337890625,0.23513183593750003,72188.54224681854,2650.390625,0.358194849199203,0.9985797451193109,5.2811060430875805e-5,353.146233025213,0.6187192944746831,0.9989085037264045,0.00013609892657472975,175.5838695792179,0.8204196724960324,0.9989454652938198,0.00027396748398008546,121.14424087069045,0.8204196724960324,0.9989454652938198,0.9964379114364678
260400.390625,1.864501953125,211.572265625,0.35795898437500007,0.30170898437500004,50022.2487449646,5519.53125,0.26841051004525135,0.9997043968584725,5.994537455763371e-5,395.6238061157534,0.42523887548103356,0.9997232685851689,0.00011229887149129303,229.22421549583265,0.5882678549958668,0.9997211174287399,0.00019275677144302473,150.8707458329587,0.5882678549958668,0.9997211174287399,0.9991490242663763
260473.6328125,0.6409912109375,112.7099609375,0.1690673828125,0.20847167968750002,87449.4560956955,5142.578125,0.188961070475727,1.0000503266348724,4.695064149196389e-5,290.10412169214726,0.23499179192715713,0.9999837433004295,6.105019792555334e-5,237.0943825819387,0.2847691335949864,1.0000949712905338,7.887467740846503e-5,197.44772089286604,0.2847691335949864,1.0000949712905338,1.0001290436432788
260693.359375,1.013427734375,149.482421875,0.30961914062500007,0.18012695312500002,21344.184398651123,2855.46875,0.2104812244348956,0.9996428018227518,4.810730246233153e-5,391.6219961369461,0.28357584788645335,0.9997208710192836,7.01201883827489e-5,287.8614153089253,0.3686142137549727,0.9995949796430488,9.939835837963375e-5,221.1095196018371,0.3686142137549727,0.9995949796430488,0.9989590098745177
260766.6015625,1.4803466796875,90.4638671875,0.1986572265625,0.3118896484375,109492.60222911835,2478.515625,0.21684794879007985,0.9997174375222393,7.077150410394553e-5,362.2691522152045,0.2986873117381891,0.9996483972985337,0.00010694441932015115,263.5195333443145,0.3898298642394043,0.9996724165504507,0.0001565988488184267,202.25027559128597,0.3898298642394043,0.9996724165504507,0.9990385584304259
260986.328125,1.386962890625,357.001953125,0.277685546875,0.226123046875,8708.497524261475,5347.65625,0.29666545692428303,0.9994864348858425,4.29579406095674e-5,369.41797475645967,0.49215995609349583,0.9994831347814807,8.941929459241016e-5,199.1369798741664,0.6861164426050529,0.9993224645953781,0.0001633985850590323,129.4069865984933,0.6861164426050529,0.9993224645953781,0.9982929976798309
261059.5703125,1.1068115234375,243.5302734375,0.23293457031250003,0.2817138671875,125633.78608226776,5970.703125,0.2611304553515855,0.9999302433158515,4.128268619687642e-5,324.8991174830253,0.4053441974383264,0.9999284885991695,7.589364300683932e-5,198.31122263124243,0.5553837563815877,0.9998217141556955,0.00012879863918688878,136.72351734552808,0.5553837563815877,0.9998217141556955,0.9996804762443252
261279.296875,1.760498046875,118.271484375,0.224658203125,0.13618164062500002,83287.5247001648,9871.09375,0.23828485722545237,1.000285207446414,6.84120767350543e-5,275.05015202398454,0.35134286718606056,1.0001503338311821,0.000114033737358527,181.3718003303077,0.4737950971416484,1.000144407789103,0.0001809092324389816,129.61344352733857,0.4737950971416484,1.000144407789103,1.0005800548447719
261352.5390625,0.7332763671875,227.9248046875,0.2648681640625,0.3792724609375,59049.82078075409,9494.140625,0.22839826248871375,1.0004218836734484,3.38203041064246e-5,289.1552483021678,0.3264858638897591,1.0005216205074958,5.3997146345398377e-5,197.33651930987,0.4347941924259744,1.0003561424588194,8.267389979307893e-5,143.86966414099155,0.4347941924259744,1.0003561424588194,1.0013002028032123
261572.265625,0.639892578125,303.212890625,0.19272460937500002,0.15756835937500002,95974.46584701538,6363.28125,0.23751225153215455,1.0000639960117104,2.8011533480604127e-5,296.50798238577175,0.34976556734746206,1.000164770899024,4.6628058619861245e-5,197.98556548192252,0.47054845578928334,1.0001068668604294,7.408319565401796e-5,143.13280683284736,0.47054845578928334,1.0001068668604294,1.0003356687645726
261645.5078125,1.8538818359375,361.0693359375,0.29914550781250004,0.32683105468750007,43478.16550731659,6986.328125,0.33135045719152767,0.9988160089770672,5.287212310719525e-5,369.94608370291985,0.5705367602511232,0.9993194095638116,0.00012360173927756658,179.73909243563912,0.7733191221223442,0.999578161993571,0.0002378146181710727,112.83333421542447,0.7733191221223442,0.999578161993571,0.9977151725588195
261865.234375,0.515380859375,71.123046875,0.25454101562500003,0.29145507812500004,127141.74604415894,7699.21875,0.16924793651248274,1.0008163148387321,5.928444817092162e-5,265.10480839721123,0.19094162517838043,1.0000822347267377,6.813570782588774e-5,237.55009816673285,0.2136810464844687,1.0002383412564098,7.835259503831978e-5,213.94100049331175,0.2136810464844687,1.0002383412564098,1.0011371721287394
261938.4765625,1.9197998046875,184.7607421875,0.21857910156250002,0.19821777343750002,12486.708521842957,7072.265625,0.2829844244618058,0.9997729307731393,6.325958525359904e-5,311.8095159450882,0.45690676793529783,0.9998537584357546,0.00012625305435242767,177.81869228378298,0.6281601756478925,0.9998864641540137,0.00022520720840906713,119.36727707038088,0.6281601756478925,0.9998864641540137,0.999513228950253
262158.203125,1.638916015625,257.392578125,0.295263671875,0.26479492187500003,113738.01565170288,8191.40625,0.28357930954942995,0.9998712182440364,5.22348083206043e-5,334.8846420408513,0.4611288611785473,0.999888021712246,0.00010385623867918875,186.7867452270055,0.6372346609606081,0.9999240578370762,0.0001851498405182518,121.89824076841184,0.6372346609606081,0.9999240578370762,0.9996833304968623
262231.4453125,0.7962646484375,316.5771484375,0.17551269531250002,0.24538574218750003,28161.885142326355,8564.453125,0.2705649383755514,1.000234019761801,3.0929267307117455e-5,278.30486267989255,0.4255537932834991,0.9998674896517847,5.931415398808466e-5,166.42344541095153,0.5761601005493842,1.0000855689525014,0.00010336547470872938,114.51255508130727,0.5761601005493842,1.0000855689525014,1.0001870560394477
262451.171875,1.262451171875,188.662109375,0.207080078125,0.392822265625,39616.48893356323,4714.84375,0.2595524365457862,0.9997986449870628,4.8900195741087174e-5,334.1142545872414,0.40079544043379034,0.9997453914370954,8.962917955326858e-5,206.67109669520528,0.5475028350897756,0.9997255557462411,0.00015189265129119154,144.2753400047438,0.5475028350897756,0.9997255557462411,0.9992697685596232
262524.4140625,1.1727294921875,130.9716796875,0.32229003906250003,0.1109130859375,94345.63910961151,4087.890625,0.20796643357015548,0.9997991833966342,5.454748945512512e-5,362.19055803647336,0.2786177940452797,0.9996922771777679,7.841042371431429e-5,268.5179241983989,0.35650461626863317,0.9998217025488679,0.00011030889785415085,206.83910554787596,0.35650461626863317,0.9998217025488679,0.9993133155793873
262744.140625,0.891845703125,394.853515625,0.24780273437500003,0.350927734375,53959.88607406616,3207.03125,0.28401765683818125,0.9993552857399949,3.100590111491452e-5,394.4545927107386,0.45992628325469437,0.9993077990462307,6.219893501135026e-5,223.26189139104176,0.6319546831064571,0.9994341554921349,0.00011162523664970708,149.45351031577033,0.6319546831064571,0.9994341554921349,0.9980984427837969
262817.3828125,1.5433349609375,285.3662109375,0.27922363281250007,0.1451904296875,78698.113322258,3580.078125,0.2784094153550835,0.9996538345597583,4.9107493872691376e-5,401.5481409052741,0.4491999639740051,0.999514327945646,9.556744286097566e-5,228.98274359520536,0.6218248729721733,0.9993749157508117,0.00016791921608664268,151.7114794506989,0.6218248729721733,0.9993749157508117,0.9985437662425213
263037.109375,1.986083984375,332.763671875,0.119775390625,0.173095703125,17885.169506072998,4417.96875,0.3926639889690842,0.9973899630135041,5.636191046365595e-5,311.32266525511324,0.6860405009342134,0.9988133593603449,0.00016046325451723925,145.70613369690028,0.8762787571716905,0.9990204467400641,0.0003352247037948305,100.66595497823104,0.8762787571716905,0.9990204467400641,0.995230582303969
263110.3515625,0.5780029296875,263.1201171875,0.38850097656250004,0.34235839843750004,119763.880610466,4791.015625,0.21012959572940532,0.9999280121641885,2.8673417410296724e-5,375.2340946835297,0.2831583582821253,0.9999432283429273,4.171425556626491e-5,273.8723224895583,0.36530552887416173,0.9999089508330736,5.91677196619214e-5,208.24944881732532,0.36530552887416173,0.9999089508330736,0.9997802071501305
263330.078125,0.859619140625,168.408203125,0.162841796875,0.12065429687500001,32293.199062347412,3910.15625,0.2203550846451435,0.9997382369760378,4.246784170822109e-5,316.1388754933414,0.30812015833829437,0.9998076134369581,6.525606396044156e-5,227.26452225604183,0.4044414062959255,0.9997284644646406,9.736546411265578e-5,172.67917126322797,0.4044414062959255,0.9997284644646406,0.9992744885414019
263403.3203125,1.7044677734375,65.5615234375,0.34777832031250006,0.3637451171875,105585.3089094162,3283.203125,0.1993376492377113,1.00002397096312,8.623683327535893e-5,382.82365484958746,0.25770464320482117,0.9998719149752697,0.00011865606691084133,295.1678606709827,0.3231710891499599,0.9998232281728883,0.00016035270418332203,234.7185203475854,0.3231710891499599,0.9998232281728883,0.9997191294459322
263623.046875,1.233154296875,280.302734375,0.334814453125,0.21821289062500002,87902.71329879761,7433.59375,0.2561028754930968,0.9998596106864786,4.229209542318819e-5,348.77877502256,0.39513972218214555,0.9998694970985161,7.55108327979002e-5,211.72398529990159,0.544026665200943,0.9999723600257696,0.0001254576617641238,143.0371811635516,0.544026665200943,0.9999723600257696,0.9997014936189245
263696.2890625,1.3309326171875,379.3310546875,0.1547119140625,0.2738037109375,49809.95261669159,7806.640625,0.349389349822566,0.9992393696873066,4.1014418524436364e-5,291.66908503083505,0.5963812033581731,0.9997530824458338,0.00010294267126739664,142.70734995544876,0.7893743655147917,0.9996431054187342,0.00020343675479062915,94.79340791608817,0.7893743655147917,0.9996431054187342,0.9986361048861957
263916.015625,1.612548828125,135.869140625,0.37788085937500004,0.188037109375,73505.68532943726,8925.78125,0.22171881506093746,1.0002141254011205,6.262350359670169e-5,325.4258982114293,0.3113082727266135,1.0001222532255054,9.614582647134402e-5,225.13484165973242,0.41220912360970496,1.0000579239946203,0.00014253080072730302,164.37570970269257,0.41220912360970496,1.0000579239946203,1.0003943482846773
263989.2578125,0.9515380859375,204.3505859375,0.11398925781250001,0.3197998046875,65043.06876659393,8298.828125,0.25318985500986924,0.9999581308640372,4.059005487073592e-5,262.1987645714333,0.38440412107914396,1.0001232212157736,7.271422498647995e-5,167.60321871589386,0.5229247926619065,0.9999244477420982,0.00012114659677656532,119.62878076063465,0.5229247926619065,0.9999244477420982,1.0000057885167997
264208.984375,1.089599609375,350.029296875,0.20063476562500002,0.10629882812500001,47905.677318573,8136.71875,0.2865469620145124,0.9998975356941292,3.6543760723342764e-5,294.8313509107821,0.46654501557658334,0.9999537484344068,7.381917212155992e-5,166.64710268882783,0.6417970202983726,0.9999191466198034,0.0001329193720315435,111.48884112232757,0.6417970202983726,0.9999191466198034,0.9997704475112716
264282.2265625,1.3690185546875,251.1669921875,0.30998535156250007,0.3880615234375,86352.84316539764,8509.765625,0.27496906662302434,0.999939117996693,4.67093085636948e-5,336.0358225230245,0.43941424589900224,0.9999848917725708,9.034792644058516e-5,192.04028004043454,0.6054979844026127,0.9999557218177014,0.0001585975910311214,126.52820469866354,0.6054979844026127,0.9999557218177014,0.9998797358714528
264501.953125,1.463134765625,153.798828125,0.23198242187500004,0.149951171875,63063.82131576538,7628.90625,0.24126474552412264,1.0001020807017198,5.700237741886328e-5,299.26481893327144,0.357864269986811,1.0001023485699578,9.627073239603576e-5,195.26527494793928,0.4845024529972507,1.0000822800574591,0.00015386242758524195,138.96255967240427,0.4845024529972507,1.0000822800574591,1.0002867365982626
264794.921875,1.836669921875,297.568359375,0.26567382812500007,0.21235351562500002,122615.72599411011,3152.34375,0.30586204620430785,0.9989165404442332,5.50824994255152e-5,420.0744390575101,0.5133281084409593,0.9990448281081303,0.00011842005789725686,221.25023387356634,0.7048482023747386,0.9992400013106151,0.0002201665768631072,143.01074073370364,0.7048482023747386,0.9992400013106151,0.9972039533238054
264868.1640625,0.6219482421875,367.3779296875,0.22619628906250003,0.30544433593750003,19481.61780834198,3525.390625,0.2502650491773407,0.9993826272178418,2.5709765758296437e-5,361.2372990299489,0.38350921828885054,0.9996208044348337,4.52737133859418e-5,229.90607794648432,0.5181503521359063,0.9996307431712327,7.576438816725037e-5,160.94353255764548,0.5181503521359063,0.9996307431712327,0.9986347768321518
265087.890625,0.716064453125,121.259765625,0.29702148437500003,0.23139648437500002,108250.55074691772,4644.53125,0.18910424092480216,1.0000233877831886,4.7204539325750825e-5,328.3613545347103,0.2341590265750514,1.00004622079405,6.129250172741094e-5,266.681237245626,0.29306206921025413,0.9997738110747542,7.865756434506913e-5,220.3838776361869,0.29306206921025413,0.9997738110747542,0.9998434049880608
265161.1328125,1.7425537109375,224.2724609375,0.1925048828125,0.25065917968750007,34369.24064159393,4017.578125,0.29886035794417964,0.9993372131519728,5.68153694350102e-5,349.39457540196645,0.49429862077860026,0.9994347693818348,0.0001203056233211667,192.76436228082434,0.6761439507150819,0.9994871448661325,0.00022286486162740384,129.46416753253794,0.6761439507150819,0.9994871448661325,0.9982601316302925
265380.859375,1.411865234375,101.669921875,0.33305664062500007,0.278564453125,93034.18684005737,3980.46875,0.2109039208397255,0.9994830529381793,6.644001286202074e-5,370.95329676856153,0.28207738503526014,0.999851449123815,9.722224913220858e-5,271.5550030245519,0.3619148464023061,0.9998311186538512,0.00013682586902909777,209.3251728995913,0.3619148464023061,0.9998311186538512,0.9991658098860032
265454.1015625,1.1287841796875,159.5263671875,0.1377197265625,0.2228271484375,36802.38616466522,3353.515625,0.24043437066110207,0.9995377772462577,4.9582688122466134e-5,323.3878330208568,0.3544546186740449,0.9995509861920715,8.376241822572413e-5,217.87880812828124,0.4763601909458413,0.9996601781947622,0.00013416786805229628,160.02074651701525,0.4763601909458413,0.9996601781947622,0.9987494587650154
265673.828125,1.035400390625,234.814453125,0.36674804687500007,0.315185546875,78119.14205551147,4472.65625,0.2353125738805639,0.9996669458587008,4.062551931677155e-5,399.44553295042346,0.3438291522295317,0.9996914137999421,6.6595919073705e-5,261.42632995931143,0.46384705472040527,0.9997730023815177,0.00010394060644737489,184.60456639148856,0.46384705472040527,0.9997730023815177,0.9991316104435719
265747.0703125,1.5052490234375,344.4677734375,0.10637207031250001,0.1832763671875,53825.100779533386,4845.703125,0.3591480360553343,0.9990830871325889,4.598525020170482e-5,298.2378262403264,0.6203252722672977,0.9993779485606513,0.00011921794899383212,148.53010519464576,0.8125761599633253,0.9993652971015512,0.00024198917406413227,101.71383374004277,0.8125761599633253,0.9993652971015512,0.9978278795848528
265966.796875,0.658935546875,219.208984375,0.13559570312500002,0.328369140625,16563.67826461792,8996.09375,0.2276226200725071,1.000533285423023,3.3129826725005654e-5,260.3186144657779,0.3240817958990438,1.0002826546035852,5.283808843991594e-5,181.0317187040251,0.4305136800670765,1.0001980634620242,8.069309104479495e-5,134.9550560168214,0.4305136800670765,1.0001980634620242,1.001014315861974
266040.0390625,1.8817138671875,105.7373046875,0.39143066406250004,0.1589599609375,131407.10532665253,8369.140625,0.21355617910351637,1.0001918858251397,7.450616628074209e-5,330.302100047636,0.29165812187794465,1.0000416303723558,0.00010987267068534675,236.57265606192308,0.3800508687500583,1.000066655775863,0.00015755580389479676,176.9814772251318,0.3800508687500583,1.000066655775863,1.0003001955273727
266259.765625,1.788330078125,372.275390625,0.16928710937500002,0.37788085937500004,29266.976833343506,7488.28125,0.3881501233383978,0.9981138505733267,5.10265709417375e-5,310.31512625592717,0.6779854971226754,0.9992209440440496,0.00014292455406807465,139.3561276849263,0.8736365874930148,0.9989037789075782,0.00029336402248794787,91.95403988420739,0.8736365874930148,0.9989037789075782,0.9962429629844505
266333.0078125,0.7523193359375,313.2568359375,0.3600830078125,0.1346435546875,117228.02817821503,7861.328125,0.22557207196017384,0.99985707878689,3.031765509671131e-5,333.5368944176228,0.3209066371024918,0.9997987741809227,4.740023817899431e-5,227.41675077600274,0.4255746912443766,1.0000585166848166,7.140987492798418e-5,164.3963370074282,0.4255746912443766,1.0000585166848166,0.9997143782754069
266552.734375,1.710693359375,172.060546875,0.390478515625,0.24926757812500003,60088.55390548706,6574.21875,0.2387069654921558,0.9999765681911096,6.04534683145138e-5,375.8144161927157,0.3527671228991799,0.9999649805377627,0.00010020630698138145,241.7157095400573,0.4791102747772564,0.9998754818497937,0.00015770907760128978,168.0657555314265,0.4791102747772564,0.9998754818497937,0.9998170386773774
266625.9765625,0.8651123046875,62.5732421875,0.1201416015625,0.2685302734375,85241.14882946014,6197.265625,0.1823797491055067,1.0001750563625107,7.221814896629299e-5,269.5580774007649,0.21813684097097577,1.00015927267136,9.035227529742463e-5,227.52411306327286,0.2566124785022735,1.0000164801131217,0.00011153821784018633,195.59848255201635,0.2566124785022735,1.0000164801131217,1.0003508425389267
266845.703125,0.584228515625,326.455078125,0.34682617187500003,0.19448242187500003,47867.074489593506,9066.40625,0.21840064420062416,1.000359202731877,2.601883352485347e-5,312.4525327437141,0.30291154974369927,1.000188911453389,3.941184583921483e-5,219.76458192666877,0.39793512790147834,1.0002720713911297,5.777182959560169e-5,162.72663444190246,0.39793512790147834,1.0002720713911297,1.000820402578557
266918.9453125,1.9915771484375,268.7646484375,0.16145019531250002,0.2875732421875,101036.32056713104,9689.453125,0.35049881942583666,0.9996504930253388,5.9346640898912815e-5,284.04188078147865,0.6051909204083995,0.9997618896692647,0.00014906952056704397,137.4057340834207,0.8007940453624967,0.9998107419999834,0.0002986694308030903,89.59418641434979,0.8007940453624967,0.9998107419999834,0.999223319111334
267138.671875,0.957763671875,140.849609375,0.155517578125,0.14438476562500002,110885.47086715698,5589.84375,0.217042042385099,0.9999196156170694,4.865339060310074e-5,291.2128170649603,0.29914501732783333,0.9999592671999614,7.354840415900872e-5,211.6257864282213,0.39077717164433484,0.9999930005890232,0.00010785664513812634,162.00887625208793,0.39077717164433484,0.9999930005890232,0.999871887528061
267211.9140625,1.6180419921875,200.0341796875,0.33635253906250007,0.34997558593750006,22108.364939689636,5212.890625,0.2608423303928085,0.9997312796289203,5.5974569142309294e-5,388.30247555806284,0.4058447931209627,0.9997377273460958,0.00010225674326298995,231.88968917325414,0.5583501690424286,0.9997379622831201,0.00017272128983463505,155.73409796742584,0.5583501690424286,0.9997379622831201,0.999207178857873
267431.640625,1.337158203125,272.666015625,0.11186523437500001,0.11186523437500001,126195.72591781616,2082.03125,0.305613191266236,0.9991273186704854,4.5399867433808935e-5,348.2845059188026,0.5076716694850004,0.9991677215939356,9.899296593150033e-5,197.03204062768881,0.6903424852993423,0.99920900382045,0.00018645033396579036,138.1053560700809,0.6903424852993423,0.99920900382045,0.9975061184408227
267504.8828125,1.2386474609375,386.3037109375,0.3776611328125,0.39362792968750004,3952.8435468673706,2705.078125,0.2861791225012646,0.9989694572652966,3.922404205348231e-5,509.01346711009364,0.4678534049901935,0.9990231306957604,7.857051273381274e-5,274.98395176945917,0.6472587093162715,0.9992144160265185,0.00014060988787506924,174.42395551274473,0.6472587093162715,0.9992144160265185,0.997209586893014
267724.609375,0.790771484375,253.076171875,0.21821289062500002,0.36528320312500007,77173.77424240112,5292.96875,0.24458824856787306,0.9997317783218415,3.4181802864210115e-5,326.1524901708781,0.36176711831869646,0.9999066745062005,5.8881931431008915e-5,211.71147406049835,0.4878193468294161,0.9998637587005103,9.437769823557547e-5,152.04767460251284,0.4878193468294161,0.9998637587005103,0.9995022858147189
267797.8515625,1.6326904296875,321.5576171875,0.2525634765625,0.12204589843750001,68001.47521495819,5916.015625,0.29728274450272363,0.9995002330311658,4.9796561926763295e-5,350.121403543778,0.4938731045378475,0.9995567947406273,0.00010380813119687597,189.49385390975544,0.6815797617201178,0.9996021941096458,0.00018960371366800555,123.50919008292057,0.6815797617201178,0.9996021941096458,0.998659818412581
268017.578125,1.914306640625,78.095703125,0.17690429687500003,0.34096679687500003,91399.55282211304,2785.15625,0.22435651756764818,0.9995777210043036,8.510415521166185e-5,351.0762860881361,0.31645344309114537,0.9996905941974438,0.00013357216118546739,248.4520886640597,0.4183607642185294,0.9997076648035222,0.00020158041679531682,187.6764229105803,0.4183607642185294,0.9997076648035222,0.9989763245198653
268090.8203125,0.5091552734375,177.1240234375,0.29621582031250004,0.1715576171875,51740.017771720886,2408.203125,0.18858579681112195,0.9997805838507619,3.444207443062844e-5,381.940092624217,0.23448560864891524,0.9998258916275404,4.4595737856649026e-5,311.0184979766006,0.28548561595582816,0.9997839524104244,5.7531993045210226e-5,257.07778346546957,0.28548561595582816,0.9997839524104244,0.9993905511026862
268310.546875,1.537841796875,391.865234375,0.32075195312500004,0.316650390625,31091.372966766357,6308.59375,0.31016487334017384,0.9992416821545261,4.558530905205371e-5,388.8366564728393,0.5239989714888259,0.9994380066643115,9.927031968231872e-5,198.5027422683818,0.7196558992588258,0.9995596498628373,0.0001854377032441504,124.93188536393582,0.7196558992588258,0.9995596498628373,0.9982403460627963
268383.7890625,0.8856201171875,289.0185546875,0.20627441406250002,0.1847412109375,103712.81516551971,6931.640625,0.25661673162848114,0.9997855702987705,3.443577050970686e-5,303.9060499376796,0.3989047246413606,0.9998507541915047,6.21970141084093e-5,188.81508138318543,0.5455579029121246,1.0000157566497578,0.00010589773769577151,130.32591260063833,0.5455579029121246,1.0000157566497578,0.9996521074129637
268603.515625,1.167236328125,194.306640625,0.27944335937500003,0.277099609375,18737.130641937256,9800.78125,0.24041146228015833,1.000277422679587,4.645458099698231e-5,299.0400804822924,0.3558477254650341,1.0002390854345724,7.810738073429915e-5,194.0062104108326,0.4816514024801771,1.0001816385025355,0.00012449063673409817,136.68488302332878,0.4816514024801771,1.0001816385025355,1.000698306774225
268676.7578125,1.2562255859375,124.6630859375,0.24992675781250004,0.2213623046875,119425.48453807831,9423.828125,0.21878947676337696,1.0003860356529777,5.762492775056697e-5,282.84719336762765,0.3035345692387011,1.0002353031659754,8.776484576679909e-5,200.70342674862215,0.3981883081213942,1.0003013647934258,0.00012928108693974338,150.3023822234946,0.3981883081213942,1.0003013647934258,1.0009229817248098
268896.484375,1.722412109375,397.841796875,0.261572265625,0.270361328125,42949.2564201355,2761.71875,0.33541550419122396,0.9978816072262803,4.940520123553851e-5,444.85604866097293,0.5781628998141959,0.9986732364269343,0.00011732589195920442,216.77932306980574,0.7794705933454538,0.998968146654684,0.00022767943096945533,138.5722382971275,0.7794705933454538,0.998968146654684,0.9955293529102323
268969.7265625,0.6893310546875,288.3544921875,0.23029785156250002,0.21462402343750003,100008.5438489914,2384.765625,0.2331924845584667,0.9993799796524983,3.0345463064687423e-5,389.9382488007499,0.34021892653689745,0.9995721838127407,4.948627464884792e-5,264.0312276121465,0.45552969958962203,0.9994711734648425,7.759933352796147e-5,192.01597010875864,0.45552969958962203,0.9994711734648425,0.9984241561683128
269189.453125,0.595947265625,190.986328125,0.30229492187500007,0.32338867187500003,60766.88528060913,5253.90625,0.20131974998375818,1.0000303504247094,3.472353126186786e-5,332.5291689771863,0.2619482004150754,1.000079074617008,4.83279164102897e-5,254.47091911966854,0.3322405573351028,0.9998968483253999,6.583469400077461e-5,201.53623577359903,0.3322405573351028,0.9998968483253999,1.0000062644794419
269482.421875,0.969482421875,260.380859375,0.195361328125,0.33891601562500007,127236.05680465698,9777.34375,0.26317894795576746,1.0002554436661815,3.761109936339324e-5,281.9806611937447,0.40972430513468355,1.000371391329884,6.993275794049422e-5,170.97124941838433,0.5605630901397433,1.0001922756036976,0.00011981054895009756,117.34789802758131,0.5605630901397433,1.0001922756036976,1.0008193260126443
269555.6640625,1.4422607421875,319.5654296875,0.31525878906250004,0.16950683593750002,11206.364512443542,9400.390625,0.2743473750634223,1.0005304163376794,4.565297318345669e-5,331.4038838518171,0.44004507914868685,0.9999653989823539,8.726437515672263e-5,189.26073648280538,0.6104254691602821,0.999882510403669,0.00015160328504890323,123.8806137734636,0.6104254691602821,0.999882510403669,1.0003782491197717
269775.390625,1.348876953125,73.447265625,0.23608398437500003,0.3673339843750001,112467.4391746521,6269.53125,0.19947826422515488,1.0001629390049998,7.602230976856144e-5,301.45597509526164,0.25791478093473563,1.000114405591047,0.00010486648749961904,233.71998676991922,0.32328240764159066,1.0002000961191262,0.00014207228253273037,186.86268352743804,0.32328240764159066,1.0002000961191262,1.0004775148556133
269848.6328125,1.0628662109375,187.0849609375,0.2721923828125,0.12409667968750002,23115.349650382996,6892.578125,0.2253392110930189,0.9999898153284479,4.517357553303321e-5,315.96082887399047,0.3195325280291875,0.9999977589713226,7.081140589951785e-5,218.12137792718903,0.4245086946537895,0.999982049871702,0.00010680750845021559,160.1290895356763,0.4245086946537895,0.999982049871702,0.9999696244173392
270068.359375,0.779052734375,138.857421875,0.131494140625,0.114501953125,94267.21906661987,9105.46875,0.20697433968890566,1.0005798110506041,4.510484524375201e-5,253.5171087091442,0.2751843737039518,1.000347331940133,6.48646696790646e-5,190.9369646828011,0.3513699233727467,1.0003860578379795,9.101685113693576e-5,149.85745516004567,0.3513699233727467,1.0003860578379795,1.0013137602241793
270141.6015625,1.8084716796875,207.3388671875,0.3955322265625001,0.3962646484375001,55844.43938732147,9728.515625,0.2666913968322362,1.000125394272084,5.947239535794901e-5,359.0715846373473,0.4207666479398109,0.9999978525914681,0.00011088100311406686,207.50802591082086,0.5814119072171331,1.0000209483855758,0.00018990287832546408,135.5407309428783,0.5814119072171331,1.0000209483855758,1.0001441975616723
270361.328125,1.902587890625,282.626953125,0.174560546875,0.141748046875,78360.53609848022,6597.65625,0.33022875284101083,0.9993859125097613,5.719377823960215e-5,311.4016985820101,0.5656203743375603,0.9995226666064086,0.00013422889140758597,158.52066217230737,0.7631626704967014,0.9995973799062636,0.0002614852525646038,104.21600399974945,0.7631626704967014,0.9995973799062636,0.99850669145686
270434.5703125,0.6849365234375,381.6552734375,0.35480957031250004,0.34733886718750007,69679.71503734589,6220.703125,0.24274079149433664,0.9998870431947606,2.6879285274857927e-5,369.13554207124025,0.36174758191750844,0.9998570481696727,4.557172321399527e-5,234.903423799548,0.49161143114634587,0.9998941177184189,7.299144841986138e-5,162.9776947147066,0.49161143114634587,0.9998941177184189,0.9996382523247147
270654.296875,1.526123046875,171.396484375,0.32778320312500003,0.20180664062500003,12332.690715789795,2121.09375,0.23610130212691077,0.9994516860096335,5.7243324960023856e-5,461.56667891111476,0.3459608902529824,0.9994713247849998,9.404563751798531e-5,302.60077330072517,0.4674323449637242,0.9994522457546834,0.000147081875403843,214.23275104457727,0.4674323449637242,0.9994522457546834,0.9983761361959599
270727.5390625,1.0614013671875,68.5498046875,0.1429931640625,0.2948974609375,119142.47214794159,2744.140625,0.18977921156461672,0.9996178243404631,7.386694472869642e-5,330.68190622512213,0.2356305039704913,0.9997092278778966,9.652129938467317e-5,270.8377022407846,0.28632458089172047,0.9996691377078629,0.00012462505314868425,226.69599540773763,0.28632458089172047,0.9996691377078629,0.9989965236685282
270947.265625,1.155517578125,335.087890625,0.370849609375,0.24194335937500003,30152.32229232788,5613.28125,0.2562399116062481,0.9996680385631667,3.892226388164877e-5,399.2402451627387,0.3959843879229281,0.9997032358325618,6.936922937700759e-5,240.48950511126634,0.5462223522599408,0.9997180871827586,0.0001150836357541498,160.9467416926608,0.5462223522599408,0.9997180871827586,0.9990896373107804
271020.5078125,1.4320068359375,265.4443359375,0.10227050781250001,0.2612060546875,104691.05613231659,5236.328125,0.31937541920905416,0.9995078961252891,4.790369454362286e-5,293.3045874432406,0.5371994488018482,0.9995121832254715,0.0001097235633438933,158.18252882616375,0.7231937112117035,0.9995482273850581,0.0002122966274683947,108.27354617194999,0.7231937112117035,0.9995482273850581,0.9985689893852068
271240.234375,1.218505859375,209.248046875,0.151416015625,0.375830078125,61900.535106658936,4449.21875,0.2697642102314372,0.9997685593074976,4.686160173688487e-5,321.0840256368078,0.4245170218429975,0.999716759748256,8.970747453319472e-5,194.70942454814664,0.5805066390203015,0.999695324166839,0.00015651855872723084,136.03242975222972,0.5805066390203015,0.999695324166839,0.9991808655667856
271313.4765625,1.3104248046875,110.3857421875,0.3404541015625,0.1325927734375,71868.54445934296,4822.265625,0.20323004845705778,0.9998249854955916,6.27953945496183e-5,353.4861992258348,0.26588850645620926,0.9999060276821042,8.80604781246328e-5,267.1482945464068,0.3370201072924599,0.9998189607326678,0.00012041748670604829,209.5142354361667,0.3370201072924599,0.9998189607326678,0.9995500390510821
271533.203125,1.592041015625,374.267578125,0.11713867187500002,0.330419921875,47132.18069076538,3941.40625,0.38320460813589446,0.9984965260760774,4.716623540679611e-5,324.0946126167357,0.6666591884319447,0.9989695841279275,0.00013133875663823917,153.8405867864843,0.8705253425151387,0.997797846180637,0.00026525834331791147,105.89132020697554,0.8705253425151387,0.997797846180637,0.9952710821915444
271606.4453125,0.9368896484375,305.9521484375,0.37238769531250004,0.1610107421875,86605.12244701385,3314.453125,0.23177503529318694,0.9995463711586574,3.522136837919957e-5,437.5444599366136,0.33599554811311294,0.9996472610121133,5.6567850673402185e-5,289.68230141348903,0.4525882758890117,0.999551877177726,8.691273587544044e-5,205.2831487952198,0.4525882758890117,0.999551877177726,0.9987460306411973
271826.171875,1.965576171875,93.037109375,0.38520507812500004,0.308447265625,111139.13297653198,7464.84375,0.21677963768485495,1.0001666596423575,8.067707451513476e-5,343.7029228272699,0.2991125489080736,1.000020280513463,0.0001212431205231712,243.04317021302313,0.39172422392159195,1.0000331645118314,0.0001766639580746011,180.3816980558885,0.39172422392159195,1.0000331645118314,1.0002201142474862
271899.4140625,0.5633544921875,162.8466796875,0.1254150390625,0.17653808593750003,38708.584666252136,7837.890625,0.19973535923844246,1.0004444065342042,3.722998160699168e-5,261.35386765914944,0.2580395381831047,1.0003649830240648,5.147250937742379e-5,203.4856178515341,0.32346316772362255,1.0003172816557306,6.974090622901355e-5,163.78943548580978,0.32346316772362255,1.0003172816557306,1.001127090270763
272119.140625,0.844970703125,235.478515625,0.350927734375,0.28530273437500003,126812.36410140991,8957.03125,0.2235544280024995,1.000269841713166,3.655761728472493e-5,321.46413186293813,0.3153326985286188,1.000146490922565,5.679955659458815e-5,221.30627498483537,0.4180441447800221,1.0001437776032147,8.504208917000079e-5,161.3768526657266,0.4180441447800221,1.0001437776032147,1.000560209633299
272192.3828125,1.6839599609375,338.4912109375,0.1573486328125,0.22956542968750002,23521.01981639862,8330.078125,0.352863754945787,0.9993450200261116,5.022656837267079e-5,293.90190528990786,0.6100006134188717,0.9996229239926634,0.00012694437280238595,142.05968849212,0.8077327424491627,0.9996083711991338,0.0002535097739857307,93.27371699758312,0.8077327424491627,0.9996083711991338,0.9985769662812652
272412.109375,1.282958984375,300.888671875,0.316650390625,0.23872070312500002,81539.710521698,7667.96875,0.26679687785528944,0.9998736974940969,4.300196341350236e-5,348.6513078610292,0.4210631934470432,0.9998863373180515,8.018225494982618e-5,204.22256220075113,0.5818394611997482,0.9998896687318292,0.00013727302148792674,135.66648611081513,0.5818394611997482,0.9998896687318292,0.9996497443739388
272485.3515625,1.1873779296875,358.7451171875,0.2103759765625,0.25798339843750007,55586.2683057785,7041.015625,0.3015243584611268,0.999719020282142,3.889400781843297e-5,320.58534985020697,0.5010634226538055,0.9997902041229877,8.30013643398058e-5,173.0733235428381,0.6855961878739274,0.9997702942970148,0.0001544337166076133,113.81770047869107,0.6855961878739274,0.9997702942970148,0.999279690370943
272705.078125,0.906494140625,115.283203125,0.28471679687500007,0.20502929687500002,96730.57699203491,8160.15625,0.19705718221253946,1.0001517720948137,5.305699002109144e-5,289.90265882851656,0.25131219001915783,1.0002056794471308,7.20628372945195e-5,226.4317916024925,0.3114425209970471,1.0004095443245642,9.587039473963405e-5,182.279919514531,0.3114425209970471,1.0004095443245642,1.000767173487944
272778.3203125,1.5638427734375,224.9365234375,0.24465332031250003,0.29812011718750003,42463.7268781662,8533.203125,0.27941127817322536,1.0000199220223311,5.313748165865664e-5,315.0659917847997,0.44954962202499876,0.9999596582231729,0.00010467683633322113,179.67906820377186,0.6187459163041581,0.9999588690215263,0.00018591553397544214,119.34622422548759,0.6187459163041581,0.9999588690215263,0.9999384493032581
272998.046875,0.530029296875,354.677734375,0.212939453125,0.152587890625,28176.089763641357,4683.59375,0.22944015563966522,0.9999627429394036,2.4328029266395424e-5,328.52598822677254,0.32963478612354785,0.9997708205195468,3.9019855831683415e-5,225.32625844850887,0.43984099496941353,0.999882986891856,5.996133226955221e-5,165.89327475539707,0.43984099496941353,0.999882986891856,0.9996165900649288
273071.2890625,1.9403076171875,241.2060546875,0.25783691406250003,0.3581787109375001,119296.55539989471,4056.640625,0.30640642689984604,0.9992566750178735,6.055217516879962e-5,395.13853834128355,0.5126647853751691,0.9992837927366529,0.00013122039315423942,207.96333605913102,0.7009907972614489,0.9994279392526625,0.0002458248204904245,134.79155666471257,0.7009907972614489,0.9994279392526625,0.9979697740184965
273291.015625,1.659423828125,146.494140625,0.18100585937500002,0.103662109375,10670.419216156006,3175.78125,0.25198653969372053,0.9994820652368567,6.347765928716477e-5,350.0598828538464,0.3806650656052366,0.9995321419468126,0.0001124782792138837,223.96062555504238,0.5172992106104076,0.9995340205439956,0.00018474643282778645,160.1413928040402,0.5172992106104076,0.9995340205439956,0.9985489292938992
273364.2578125,0.8109130859375,87.4755859375,0.2921142578125,0.38542480468750007,135349.49576854706,3548.828125,0.18404630102281708,0.999938252757547,6.040741695697814e-5,346.95043063703656,0.22276912976505378,0.9999946977436355,7.619166085497738e-5,289.1361611878685,0.2654047534240826,0.9999680573413768,9.532657270350954e-5,244.72002638330076,0.2654047534240826,0.9999680573413768,0.9999010103116878
273583.984375,0.667724609375,275.654296875,0.39750976562500007,0.190673828125,117128.76081466675,3886.71875,0.2090867624881574,1.0001576787831195,3.068200162443522e-5,406.22762344378464,0.29149872622364204,0.9990838242300014,4.4234468636672387e-5,296.28006646537455,0.37358938311980106,0.9996983677339625,6.515511534117075e-5,218.04797516251963,0.37358938311980106,0.9996983677339625,0.9989399551163419
273657.2265625,1.8846435546875,389.2919921875,0.1318603515625,0.32243652343750007,24749.48012828827,3259.765625,0.40880037679283565,0.9957242340508772,5.2985822326353796e-5,349.956120064782,0.7098126904012284,0.9985831533338476,0.00015819323261551975,157.73020955262288,0.9021205274469882,0.997675091065363,0.00032441868176507,109.80482296286836,0.9021205274469882,0.997675091065363,0.992001757276207
273876.953125,1.791259765625,143.173828125,0.353857421875,0.21557617187500003,133766.88528060913,4378.90625,0.23194569230405007,0.9997738402643206,6.674310304144179e-5,397.9762482252108,0.33598536263378687,0.9997131337595966,0.00010755083867460329,264.287562157239,0.45190202015258385,0.9997232700657067,0.0001656918286850764,188.256459473392,0.45190202015258385,0.9997232700657067,0.999210450918908
273950.1953125,0.7611083984375,202.3583984375,0.17316894531250002,0.27116699218750007,10401.135325431824,4751.953125,0.22412934880282084,0.999958078761215,3.76510463597022e-5,314.1053637958512,0.3182586494038418,0.999766906847912,5.890900547001791e-5,221.73245916465947,0.420127803790051,0.9999213418814423,8.972140104995586e-5,165.58483931678043,0.420127803790051,0.9999213418814423,0.999646358893469
274169.921875,1.414794921875,329.443359375,0.143798828125,0.127978515625,59286.62443161011,8902.34375,0.32417203587583265,0.9997816591363037,4.481082894617481e-5,279.7918988624077,0.5501163742031963,0.9997999063474821,0.00010351117401175042,144.81796617718172,0.7415153539064817,0.9998252203652692,0.00020059003679574598,95.55844873945072,0.7415153539064817,0.9998252203652692,0.9994069026638719
274243.1640625,1.1375732421875,271.7529296875,0.3293212890625,0.3710693359375,84620.53382396698,8275.390625,0.2592700157416265,0.9999974586532038,4.112982265120955e-5,344.6085563552171,0.40176782862298016,1.0000081101684382,7.478110749721232e-5,206.79806219826406,0.5519417546747788,0.9999632503615171,0.0001259551152173447,138.98813119233887,0.5519417546747788,0.9999632503615171,0.9999688189578969
274462.890625,1.044189453125,174.384765625,0.10014648437500001,0.165771484375,43594.178676605225,7394.53125,0.2429084684111356,1.000001824507828,4.639504292535324e-5,266.7211108019382,0.3602089452025622,0.9998727477430875,7.94931224137315e-5,176.6562428989904,0.48623172519129704,0.9999525388137026,0.00012808500563633087,128.7473693020734,0.48623172519129704,0.9999525388137026,0.9998271167854061
274536.1328125,1.5081787109375,64.8974609375,0.3706298828125001,0.33503417968750004,99043.92325878143,7767.578125,0.19141862092600972,1.000337646000602,8.433901884323247e-5,311.4154543678712,0.23943819915026476,1.0003435699712577,0.00011099826152276191,248.39111338835664,0.2930004030131849,1.000282710368828,0.0001442290104247763,202.4675883502519,0.2930004030131849,1.000282710368828,1.000964234965329
274755.859375,1.833740234375,197.294921875,0.22993164062500002,0.34418945312500004,37049.01838302612,8230.46875,0.28765738669202084,0.9999689667297306,6.125869484865595e-5,316.466629209603,0.46843448626922934,0.9999231351551474,0.00012465398668963206,176.505756441725,0.6431841140166096,0.999959618385066,0.00022592517118276342,116.63042160174966,0.6431841140166096,0.999959618385066,0.9998517270123152
274829.1015625,0.6131591796875,127.6513671875,0.25959472656250004,0.1384521484375,110337.81707286835,8603.515625,0.1857249947485191,1.000171759515434,4.437210035502913e-5,274.0902198988744,0.22599270804452734,1.0005433742596805,5.651126763178808e-5,225.9708911626287,0.27088611882935965,1.0003815948291992,7.111677495690643e-5,189.64923630879633,0.27088611882935965,1.0003815948291992,1.001097094860978
275048.828125,0.707275390625,394.189453125,0.18862304687500003,0.3995605468750001,21349.305629730225,7722.65625,0.27331912770417804,1.0000548683041133,2.7190495035783638e-5,302.0416936388478,0.4335284643837935,1.0001295228169667,5.268075571003778e-5,177.94559050472736,0.5938402645022399,1.0000441666249824,9.274182142440443e-5,121.04896236500109,0.5938402645022399,1.0000441666249824,1.0002285729970068
275122.0703125,1.7396240234375,291.3427734375,0.30324707031250003,0.11765136718750001,126317.31879711151,7095.703125,0.2772955783779163,0.9996761328275813,5.3689879983466806e-5,356.4451522529141,0.44723979616707804,0.9997182068283125,0.00010372745811757283,202.02278574889874,0.6211838690013757,0.9996949744735325,0.0001810279034238913,132.15340068807188,0.6211838690013757,0.9996949744735325,0.9990895901070116
275341.796875,1.080810546875,81.083984375,0.313720703125,0.26274414062500007,74462.35990524292,3246.09375,0.18791640331888218,0.9999353676041145,6.877182359221507e-5,364.1071935500225,0.23123690183668522,0.9997841824973756,8.870975333283247e-5,297.2187477525433,0.27933942039583654,0.9998806953966636,0.00011308909336969471,247.40499053770765,0.27933942039583654,0.9998806953966636,0.9996002929042556
275415.0390625,1.3660888671875,180.1123046875,0.19455566406250002,0.24333496093750004,64738.03794384003,3619.140625,0.25449816825500265,0.9994976587327921,5.3148027004033714e-5,350.81732159668894,0.3877007868479899,0.9995748543624038,9.527527502744229e-5,221.32671418861582,0.5282769405390284,0.9996859650663688,0.00015831182982305633,156.57180710258206,0.5282769405390284,0.9996859650663688,0.9987589829259836
275634.765625,1.460205078125,255.400390625,0.27241210937500004,0.29350585937500007,90187.020778656,4738.28125,0.27618625992351326,0.9995807328330241,4.9402127339497676e-5,377.09162577011426,0.44243460227594,0.9995447298142865,9.592829675918815e-5,216.4472131931126,0.6099862710129375,0.9996137213064569,0.00016872205315030542,144.0946029652911,0.6099862710129375,0.9996137213064569,0.9987397125750217
275708.0078125,0.9866943359375,323.8818359375,0.23820800781250004,0.20026855468750002,49791.50474071503,4111.328125,0.2641373814946517,0.9998002487096151,3.5817345335694434e-5,365.40712959698965,0.4131282464316404,0.9995843296808038,6.646765329939735e-5,220.19475758707046,0.568372149939757,0.9995965835019088,0.00011346807327217714,150.8212557876684,0.568372149939757,0.9995965835019088,0.998981493160745
275927.734375,1.570068359375,118.935546875,0.21235351562500002,0.16489257812500002,123521.17109298706,5324.21875,0.22896231882955606,0.9999042706283718,6.66788744215832e-5,320.2617176982926,0.32783061813195996,0.9999402197990965,0.00010665867236419944,220.00588192782936,0.4371411506550815,0.9999201758992572,0.00016338672231871925,162.08168395861424,0.4371411506550815,0.9999201758992572,0.9997646844624016
276000.9765625,0.9119873046875,221.9482421875,0.3170166015625,0.33415527343750007,17908.141016960144,5947.265625,0.22903111075293694,0.9999631407293731,3.942246387761962e-5,351.3826195172291,0.3282750085758745,0.9999248073925726,6.297647358272868e-5,237.66387966835603,0.4383381143215005,0.9998891331322056,9.639728639699113e-5,171.91039207000424,0.4383381143215005,0.9998891331322056,0.9997770964482294
276220.703125,1.193603515625,294.580078125,0.24370117187500004,0.12885742187500002,108448.739528656,2816.40625,0.26542201195125514,0.9992941184754996,4.1688446390583986e-5,401.944735675712,0.4167045844295085,0.9993893434298604,7.757740269712911e-5,241.00810035888716,0.5740120645058473,0.9993934780002752,0.00013259538816169544,164.50731591357288,0.5740120645058473,0.9993934780002752,0.9980781692047017
276293.9453125,1.2884521484375,364.3896484375,0.2833251953125,0.3719482421875,30502.018809318542,2439.453125,0.3000451303893339,0.9989353122811878,4.130038222065233e-5,462.3513182213573,0.49858561209038843,0.999038473899563,8.742803374679165e-5,245.40734837699125,0.6841816486386375,0.999148966328065,0.00016176146790901024,158.36051503146373,0.6841816486386375,0.999148966328065,0.9971254997388086
276513.671875,0.817138671875,151.474609375,0.258642578125,0.22875976562500003,53038.97428512573,6339.84375,0.20417385893774195,1.0000438111160537,4.4895616189879235e-5,310.5429920416813,0.27294381773502596,0.9998481736791243,6.343257945558261e-5,234.75199529403457,0.3459858780000918,1.0002255357316774,8.939042552586907e-5,181.98370057567638,0.3459858780000918,1.0002255357316774,1.0001174895123863
276586.9140625,1.6649169921875,83.1591796875,0.21447753906250003,0.28435058593750007,94014.27924633026,6962.890625,0.21463081476837467,1.0001305312103528,7.897097542216098e-5,297.9765268090168,0.2934718165600251,1.0001231568717195,0.00011799793409329928,216.32778091142916,0.38157679713636894,1.0000463225521439,0.00017106414871717805,165.05882068558032,0.38157679713636894,1.0000463225521439,1.0003000384622558
276806.640625,1.946533203125,347.041015625,0.28999023437500004,0.177490234375,70790.39144515991,9832.03125,0.31074392826464803,0.9993033808691459,5.5938777620266694e-5,335.25340880332595,0.5262649903859085,0.9996157638669338,0.00012182464821218409,171.8833309867108,0.7261536961383777,0.9996943113571658,0.0002259657600999972,108.56827965276078,0.7261536961383777,0.9996943113571658,0.9986140540828429
276879.8828125,0.5355224609375,248.1787109375,0.1807861328125,0.30925292968750007,79206.414103508,9455.078125,0.21679116216291117,1.000306393975137,2.9120658176499073e-5,270.0710481709373,0.2975815814535979,1.0004543568671,4.408103252112758e-5,194.3143061815375,0.3894558768925474,1.0000568869743367,6.42420330235643e-5,147.95087701311476,0.3894558768925474,1.0000568869743367,1.0008178203135134
277099.609375,0.931396484375,369.951171875,0.340087890625,0.299658203125,10216.987133026123,6542.96875,0.25815597074958185,0.9998062031293037,3.304852400964753e-5,371.83026657076886,0.3997322997953151,0.9997974999688121,5.963031610415952e-5,223.50862234832329,0.5501292115633541,0.9998092792733021,9.984790565258162e-5,150.19780010453744,0.5501292115633541,0.9998092792733021,0.9994130971898387
277172.8515625,1.5858154296875,310.9326171875,0.1494384765625,0.20642089843750003,132476.2066602707,6166.015625,0.3314466369135105,0.999430428568938,4.950350326651733e-5,309.35135590078136,0.565558229573257,0.999533882941242,0.00011721451548362644,158.25687252887613,0.7589838434763216,0.99960373134376,0.0002293795829522397,105.07400823556756,0.7589838434763216,0.99960373134376,0.9985687186465823
277392.578125,1.304931640625,216.220703125,0.373779296875,0.256591796875,27711.930751800537,9035.15625,0.23754746440255753,1.0000741328316454,4.838267580028587e-5,342.39010284245154,0.3497359013183092,1.0000454485543848,7.991549988975943e-5,221.4345637485109,0.4739933992994867,1.0000144848025323,0.00012549253954516473,154.4695677863049,0.4739933992994867,1.0000144848025323,1.000134071289954
277465.8203125,1.2122802734375,102.7490234375,0.11809082031250001,0.23718261718750003,118533.47480297089,9658.203125,0.21580121884537729,1.0003791728762041,6.298734929871086e-5,253.84115131647914,0.29619784700435187,1.0002712489423446,9.471691956429817e-5,184.65393610523816,0.38548053673699256,1.0002476043354174,0.00013849362712805977,141.14802578072852,0.38548053673699256,1.0002476043354174,1.000898290076936
277685.546875,1.678466796875,232.490234375,0.12387695312500001,0.38227539062500004,102202.64005661011,5558.59375,0.31965217319958966,0.9995223803240404,5.561159808177353e-5,305.76485498780124,0.5381345408349311,0.9996362631105498,0.00012748717115403387,162.61859380367594,0.7249097456220853,0.9996223535308951,0.0002469128386245558,109.79941203973435,0.7249097456220853,0.9996223535308951,0.998781488363109
277758.7890625,0.8387451171875,342.1435546875,0.3843994140625,0.1003662109375,44187.69919872284,5181.640625,0.2251486778612095,0.999732097265684,3.19067436688032e-5,393.4083806915181,0.3199893943755257,0.9996684867173043,4.9642477908644486e-5,267.1983944318303,0.4298655965990554,0.9996715353921535,7.433285106820597e-5,192.43462321910164,0.4298655965990554,0.9996715353921535,0.9990724050462317
277978.515625,0.557861328125,98.681640625,0.15756835937500002,0.3614746093750001,84628.427028656,2050.78125,0.1792992540127547,0.9998648242844863,5.208935144817135e-5,352.9547254689184,0.21195270539012578,0.9998233217353655,6.390339024437008e-5,303.1204836460343,0.24765551125991803,0.9997345486407831,7.779204626820578e-5,263.98986772599994,0.24765551125991803,0.9997345486407831,0.9994228013189691
278051.7578125,1.9593505859375,156.5380859375,0.3530517578125001,0.15573730468750002,58832.49747753143,2673.828125,0.24925235508740884,0.9990797137154382,6.89224183379791e-5,457.3392301846949,0.3630650751254147,0.9994919451087176,0.00012001748789007383,284.3213404872501,0.4872949070141836,0.9994668606588085,0.00018645568337512887,201.32558067687063,0.4872949070141836,0.9994668606588085,0.9980397482945137
278271.484375,1.019287109375,89.716796875,0.23344726562500004,0.22348632812500002,19801.002025604248,8511.71875,0.19298872456702165,1.000468254746213,6.365703190974125e-5,277.534344644394,0.24293769769994059,1.0003804199974875,8.462145815601508e-5,221.0995574794404,0.3001220896004558,0.9999227837686184,0.00011088577676052692,180.3891449746899,0.3001220896004558,0.9999227837686184,1.000771571100568
278344.7265625,1.4862060546875,150.2294921875,0.27717285156250004,0.2802490234375,125447.96645641327,8134.765625,0.2370947360413984,1.000095895716,5.933552000157232e-5,316.71373060538673,0.34770767641277833,1.000113166808241,9.837079111913461e-5,208.12251191555086,0.46900236942200346,0.9999897039094626,0.00015496090909916703,148.02077370470627,0.46900236942200346,0.9999897039094626,1.0001987751332773
278564.453125,1.392822265625,244.111328125,0.19916992187500002,0.18276367187500003,34841.77541732788,7003.90625,0.2766607645767648,0.9999271949982775,4.8624952588313406e-5,312.0224325620695,0.44489291004491793,0.9998393109850382,9.492225159969114e-5,181.53151333789992,0.6105964950315107,0.9998517319028042,0.00016872723563177123,122.19570255304458,0.6105964950315107,0.9998517319028042,0.9996182842030629
278857.421875,1.766357421875,228.505859375,0.29848632812500003,0.160791015625,93044.40641403198,3527.34375,0.2647050340164246,0.9994482934220132,5.804654724560976e-5,416.60010685324806,0.41969176210430487,0.9992836143404284,0.00010721875423881363,246.70673449887042,0.5784307217544596,0.9994003744900863,0.00018432759595510837,164.12898535668057,0.5784307217544596,0.9994003744900863,0.9981334376306705
278930.6640625,0.7391357421875,117.6904296875,0.19338378906250003,0.32888183593750003,51972.17261791229,3150.390625,0.19346195429937163,0.9999574290037798,5.036536499327209e-5,339.55833720225013,0.24394467059798958,0.999875838182706,6.71970495655251e-5,272.1483849262872,0.300264829950563,0.9998624943213074,8.83562065918015e-5,223.79351985298086,0.300264829950563,0.9998624943213074,0.9996957897194673
279150.390625,0.645751953125,360.322265625,0.26420898437500007,0.132958984375,77820.5885887146,4019.53125,0.23335856954631445,0.9998854571627837,2.70747415515928e-5,366.143285206789,0.33892768052905203,0.999596094970506,4.405490084297111e-5,245.29210118371728,0.4554785068114,0.9996562274677877,6.840587510414661e-5,177.06119730560596,0.4554785068114,0.9996562274677877,0.999138004077737
279223.6328125,1.8597412109375,303.9599609375,0.22531738281250002,0.3772216796875001,68140.06888866425,4642.578125,0.33658691461305373,0.9989454831580711,5.587192210386398e-5,376.37958029326927,0.5775078886785265,0.9992168866221747,0.00013416623061524737,184.6452530050446,0.7750951820288089,0.9994013647932524,0.0002626283513723866,119.49083765184521,0.7750951820288089,0.9994013647932524,0.997565659955534
279443.359375,1.482177734375,340.732421875,0.3658691406250001,0.3863769531250001,133928.77912521362,3355.46875,0.28912135396513566,0.9990723254412792,4.6466786628060675e-5,482.76601164640886,0.47479729283534977,0.999139640417425,9.412259740589392e-5,258.7684919226171,0.6565509004605999,0.9992157934149738,0.00016954908780328416,163.86286370490396,0.6565509004605999,0.9992157934149738,0.9974299589696203
279516.6015625,1.0115966796875,239.2138671875,0.10490722656250001,0.10563964843750001,7260.302424430847,3978.515625,0.26197526218626604,0.9995820950354135,4.074760099647444e-5,307.03687708043407,0.40617930480078024,0.9996247650053246,7.556951087359649e-5,193.22781182505992,0.5543104475623506,0.9996761036934609,0.00012923663260704034,137.9718310311113,0.5543104475623506,0.9996761036934609,0.9988833773910786
279736.328125,1.105712890625,165.751953125,0.33393554687500004,0.35737304687500004,118177.85787582397,4847.65625,0.22174339374390625,0.9999291485576295,4.9525801629613625e-5,372.2585204879206,0.3107391863181493,0.9997920625964714,7.641428490290002e-5,259.3022874372087,0.4101653028447457,0.9998292766527656,0.00011379564298287088,191.06659108365665,0.4101653028447457,0.9998292766527656,0.9995505501327812
279809.5703125,1.3880615234375,94.7802734375,0.1391845703125,0.15046386718750002,24541.13471508026,4470.703125,0.2148277455206031,0.9997550057242802,7.006293046951179e-5,306.0192036577364,0.29380363481820676,0.9997599720914151,0.00010492675669618259,224.6231925726362,0.3811440031094966,0.9998136836377919,0.00015243820749082,173.6151611248312,0.3811440031094966,0.9998136836377919,0.9993288106155633
280029.296875,0.729248046875,309.521484375,0.16840820312500002,0.304931640625,47259.936809539795,8371.09375,0.25308363357758246,1.0001390609884029,3.061749446113505e-5,286.0640516365882,0.3846550816015721,1.0001485340612217,5.4702380034356116e-5,180.3659836638755,0.5236196934221146,1.0001290957364115,9.081916699200793e-5,126.98041587257555,0.5236196934221146,1.0001290957364115,1.000416748571291
280102.5390625,1.7645263671875,376.6748046875,0.3586181640625,0.21052246093750002,103543.41208934784,8994.140625,0.2896383438644888,0.9994789277188312,5.1397434847278624e-5,371.9773836640207,0.4786478021079647,0.9995962291899824,0.00010348196549409806,199.92029800870733,0.6667680132785265,0.999646963497656,0.00018494037204873958,126.1642817751872,0.6667680132785265,0.999646963497656,0.9987226572293401
280322.265625,1.858642578125,111.962890625,0.136474609375,0.251318359375,61803.07912826538,7863.28125,0.24872902898090757,1.000132555431204,7.442396825563899e-5,278.8423542468769,0.37466617700288446,1.000071164230753,0.00013057857551494468,179.64399361002273,0.5087222778515873,0.9999080048695368,0.00021463123905418076,128.10904344671368,0.5087222778515873,0.9999080048695368,1.0001117152226142
280395.5078125,0.6351318359375,212.3193359375,0.39289550781250004,0.23308105468750004,88065.75095653534,7486.328125,0.19808594323633674,1.0002062969360463,3.433386431636837e-5,330.93750588459653,0.2549328329932257,1.0001175950166252,4.68248507656337e-5,254.85213509551104,0.32003068557723663,1.0000870775899273,6.280002011434022e-5,201.65361019087882,0.32003068557723663,1.0000870775899273,1.0004110220079334
280615.234375,1.921630859375,262.373046875,0.34829101562500003,0.122705078125,27219.138622283936,6199.21875,0.26364612122604697,0.9996014366962698,5.943246207834619e-5,390.0853043014875,0.4151913060709298,0.9996189083846942,0.00010862225830840596,229.3570797015702,0.5768286176562933,0.9996296946138473,0.00018314571317048893,151.23658729499297,0.5768286176562933,0.9996296946138473,0.9988504802381151
280688.4765625,0.5135498046875,333.5107421875,0.16232910156250002,0.3669677734375001,121107.9853773117,6572.265625,0.23755750079574484,0.9998574894512946,2.492531538802623e-5,296.24158252401884,0.34283785401248085,1.0001812404447614,4.173263412873272e-5,198.39556205789418,0.45734415616629553,1.0001395433396454,6.500738420846571e-5,146.03830469198056,0.45734415616629553,1.0001395433396454,1.000178252807921
280908.203125,0.795166015625,66.142578125,0.389013671875,0.17104492187500003,15757.05862045288,9691.40625,0.17059874612608603,1.0008604166117947,7.105955419254615e-5,272.5804619785002,0.19301677111033158,1.0010796869532161,8.226153374407202e-5,242.0682435334308,0.22120984077848285,1.000751813315158,9.495764416104001e-5,215.739048890599,0.22120984077848285,1.000751813315158,1.0026943051548718
280981.4453125,1.6400146484375,167.8271484375,0.1192626953125,0.33913574218750003,136864.9491071701,9064.453125,0.27960530720490157,1.0000570268099966,6.044126260008278e-5,271.6974845532897,0.44752629374528763,1.0000089352591097,0.00012029019734832521,158.91779297029504,0.6117231735443006,0.9999266268441432,0.00021551808804116674,108.68730881518792,0.6117231735443006,0.9999266268441432,0.9999925845829163
281201.171875,1.168701171875,379.912109375,0.11333007812500001,0.186572265625,84872.95866012573,5214.84375,0.3283500684498155,0.9993472082446504,3.826635017339201e-5,303.67872358685594,0.5564983652289133,0.9995468563471114,9.009811363505985e-5,159.08422198152897,0.7462019980539116,0.9995125172715544,0.00017604211842373767,107.78344647819475,0.7462019980539116,0.9995125172715544,0.9984074166519656
281274.4140625,1.2664794921875,279.7216796875,0.3785400390625,0.31716308593750003,59231.74750804901,5587.890625,0.25397537470020737,0.9996968573049168,4.414536175277498e-5,406.62437778482274,0.3898572935081413,0.999711208380203,7.818669742568554e-5,246.35404297062126,0.5360802415311647,0.999727773699483,0.00012916928894506617,165.47425877344614,0.5360802415311647,0.999727773699483,0.9991360880459293
281494.140625,1.548095703125,203.603515625,0.154052734375,0.21967773437500002,100507.85970687866,2707.03125,0.2820741042132643,0.999143933596821,5.538233968680467e-5,360.47687221962053,0.45177036187053476,0.9992911805207887,0.00011094852757270943,211.42756093917578,0.6170913345107198,0.9993995083466715,0.00019787983277696198,146.85370151107801,0.6170913345107198,0.9993995083466715,0.9978361685973578
281567.3828125,0.8870849609375,136.6162109375,0.33547363281250003,0.27644042968750004,40243.889689445496,2080.078125,0.1979479280042015,0.9995874782918873,4.982867826941972e-5,426.19407034780465,0.25455684789968475,0.9995635988590685,6.798527762882829e-5,330.85591827173977,0.318034976278893,0.9996665640007757,9.128583409164996e-5,264.12110184842123,0.318034976278893,0.9996665640007757,0.9988181041780873
281787.109375,0.579833984375,184.013671875,0.176025390625,0.266845703125,113015.296459198,5917.96875,0.20340564120820306,0.9998731640919074,3.605270088274333e-5,296.4052528083915,0.2663510339016326,1.0002787904197463,5.0861539512261885e-5,226.72191948195749,0.3367775485937186,1.00001161008436,7.003351632438833e-5,180.15164680230822,0.3367775485937186,1.00001161008436,1.0001635309991719
281860.3515625,1.9842529296875,71.8701171875,0.29475097656250004,0.24860839843750002,35061.42699718475,5291.015625,0.2076205162729385,0.9999778080820807,9.145088586082082e-5,340.0139723129532,0.2771617520733248,1.000023059006458,0.0001314972647599943,252.71731853904706,0.35529525947156615,0.9999389601218445,0.00018470087863173425,195.35905324019612,0.35529525947156615,0.9999389601218445,0.999939826645764
282080.078125,1.703369140625,317.158203125,0.21909179687500002,0.289404296875,128517.32015609741,2410.15625,0.3218799222971469,0.9987198199365476,5.222704984760114e-5,427.033661555565,0.5466087483380302,0.9988605775411695,0.00011938547427178802,218.48131575165206,0.7405513592023822,0.9990557259138665,0.00022939071039810148,142.762950097963,0.7405513592023822,0.9990557259138665,0.9966398654480793
282153.3203125,0.8607177734375,256.8115234375,0.2540283203125,0.1949951171875,17875.28693675995,2783.203125,0.23330680045091567,0.9994301728385548,3.655080151550825e-5,394.7808398671147,0.34056551684687086,0.9995644111146509,5.955259776293937e-5,265.2677651988485,0.46347003690468525,0.9994138207756449,9.3235413127536e-5,191.27484359200997,0.46347003690468525,0.9994138207756449,0.9984092421477314
282373.046875,1.326904296875,131.552734375,0.278564453125,0.349462890625,68619.14396286011,6933.59375,0.22335095250023462,0.9999931245242436,5.9632090141482204e-5,325.0502924767714,0.3144486338161146,1.0000953455109025,9.290181565473002e-5,225.84665502299868,0.41584426240395983,1.000023324716032,0.00013939135324436623,166.68885122941523,0.41584426240395983,1.000023324716032,1.0001117961591555
282446.2890625,1.2371826171875,188.0810546875,0.24846191406250004,0.14255371093750002,77289.32273387909,6306.640625,0.23846415445696498,0.999670324835583,4.9915131892610595e-5,326.0989941283009,0.34890553847620737,0.9997592070465622,8.325606573388778e-5,214.455506459383,0.46905451509221896,0.9999093042840753,0.00013073558376549193,153.9043600638928,0.46905451509221896,0.9999093042840753,0.9993389672814916
282666.015625,0.956298828125,284.619140625,0.321630859375,0.394287109375,53931.588649749756,9425.78125,0.2508573103584996,1.0001905833119913,3.690062458933156e-5,330.5949528197424,0.38113095915823997,1.0001154832598096,6.49060591924131e-5,204.54462091197666,0.520619302073072,1.0000563511509541,0.00010688166582331294,139.79247967209267,0.520619302073072,1.0000563511509541,1.0003624569803808
282739.2578125,1.6077880859375,395.6005859375,0.20773925781250002,0.1135498046875,94825.17325878143,9798.828125,0.3289262223484537,0.9994027605010919,4.733741514081104e-5,305.03525795513065,0.564394364246141,0.9996577290107181,0.00011016352470469966,152.25076560903355,0.7651532685123894,0.9996717090430695,0.00021272320764035966,97.61702843105358,0.7651532685123894,0.9996717090430695,0.9987327113383224
282958.984375,1.370849609375,158.779296875,0.106884765625,0.31254882812500007,76652.503490448,9636.71875,0.25790595136009786,1.0000364167733178,5.5921828780381856e-5,262.1739248133271,0.39625818901148263,1.000076982856135,0.00010225585034380895,163.8401629171209,0.5396010787176007,1.0000391120486678,0.00017303719705697422,115.26534258865188,0.5396010787176007,1.0000391120486678,1.0001525189169893
283032.2265625,1.0877685546875,102.4169921875,0.3662353515625001,0.1818115234375,67595.9461927414,9009.765625,0.1911295468842901,1.0002733976098819,6.149800597810686e-5,301.62241109899014,0.23967649588117493,1.0002346622636202,8.069223843407793e-5,240.53982177437624,0.29311656926388285,1.000257853882318,0.00010500209789616643,195.3830228978672,0.29311656926388285,1.000257853882318,1.0007661089336757
283251.953125,0.994384765625,345.048828125,0.138232421875,0.28120117187500004,91806.98537826538,6128.90625,0.2944103422714624,0.9997164067032833,3.5513370279239396e-5,303.6894224578638,0.4823353336661291,0.9997942333343216,7.449098906493794e-5,170.7575784355571,0.6586098017670856,0.999784365931621,0.00013747771306562252,115.86968935709406,0.6586098017670856,0.999784365931621,0.9992951698333694
283544.921875,0.617919921875,106.318359375,0.35942382812500007,0.381103515625,35598.26993942261,2652.34375,0.17870398308189728,0.9999914786421357,5.160070496104641e-5,383.489267514877,0.21065879076349817,0.9998901203577971,6.302901183100487e-5,327.0534209136504,0.24587739191259428,1.0000204038139322,7.631853266731653e-5,282.8635260754147,0.24587739191259428,1.0000204038139322,0.9999020013343759
283618.1640625,1.8406982421875,218.6279296875,0.16994628906250003,0.13669433593750002,115429.00550365448,2025.390625,0.2939466179245484,0.9992926924973753,6.07512565739278e-5,395.8236708483395,0.48633396617927405,0.9990547605313485,0.00012642400681885706,223.30109448061444,0.664606379612496,0.9992132343518698,0.00023418289992247854,151.3497465962361,0.664606379612496,0.9992132343518698,0.9975626555967386
283837.890625,1.747314453125,312.509765625,0.3907714843750001,0.32514648437500004,21907.411098480225,5144.53125,0.2810278805863253,0.9993096503422043,5.350023219735214e-5,447.4613693505654,0.4568749279102656,0.9994059949717885,0.00010476274866033742,245.22286273099607,0.6348691785807264,0.9994345846908598,0.00018475394818388168,155.54631121585916,0.6348691785807264,0.9994345846908598,0.9981513660379618
283911.1328125,0.7113037109375,373.0224609375,0.1362548828125,0.1569091796875,131529.51896190643,5517.578125,0.2647432297419046,0.9997252585730346,2.8301423442189084e-5,303.0110769623905,0.4168003059443823,0.999717203613118,5.302134779468043e-5,186.12721760200935,0.5687506873489837,0.9998110040335025,9.223657475938229e-5,129.6263700883904,0.5687506873489837,0.9998110040335025,0.9992536492732518
284130.859375,1.130615234375,250.419921875,0.27680664062500004,0.14731445312500002,55438.23957443237,2480.46875,0.24312872793229773,0.99939063587685,4.304804657601612e-5,425.16923405719183,0.3626010500692024,0.9994968381388907,7.306050151343566e-5,273.530340905899,0.49406279521972096,0.9994248768671612,0.00011698938250373427,192.65426678772317,0.49406279521972096,0.9994248768671612,0.9983132971547797
284204.1015625,1.4100341796875,350.7763671875,0.23146972656250003,0.35407714843750004,82370.68450450897,2853.515625,0.3139918979965652,0.9988711729476945,4.472230747979614e-5,419.2359528131293,0.5289841678446665,0.9990541208955362,9.967497404752162e-5,217.5578530119194,0.7195207344758314,0.9991890071949359,0.0001895395907133953,141.7662360954446,0.7195207344758314,0.9991890071949359,0.9971170504779291
284423.828125,1.504150390625,86.064453125,0.31049804687500004,0.10893554687500001,41562.501430511475,5972.65625,0.19800463705266538,1.0000687835727324,7.604469275541565e-5,327.6704366761853,0.2545462117558882,0.9999443394667817,0.00010384517799749675,253.4959231586249,0.31810635403287174,1.0001064052583397,0.00013911109912168336,202.4028335963897,0.31810635403287174,1.0001064052583397,1.0001195258652766
284497.0703125,1.0364990234375,153.2177734375,0.2001220703125,0.3895263671875,100502.52997875214,5345.703125,0.2244605827830339,1.000161980996313,5.019366820628225e-5,321.29463680816514,0.3167261837554789,0.9999854784241559,7.879024969502221e-5,224.9401543032971,0.4188875361802531,0.999936663230303,0.00011897211416385113,167.79149125752411,0.4188875361802531,0.999936663230303,1.0000841109590979
284716.796875,1.877685546875,367.958984375,0.19184570312500002,0.23461914062500003,125555.98783493042,9496.09375,0.3592517190060407,0.998468475983871,5.3815014692110415e-5,309.29097979186434,0.6262891579857254,0.9993828038563585,0.00013809399105249454,144.23562064421102,0.8252969680230452,0.9996086260888033,0.00027986030872619906,92.37442309833472,0.8252969680230452,0.9996086260888033,0.997461691762816
284790.0390625,0.6629638671875,296.9873046875,0.29768066406250004,0.25270996093750003,33002.93052196503,9869.140625,0.22486802928346813,1.0003887470621071,2.9851771696828142e-5,304.2941654010432,0.3184046958005947,1.0001761971084013,4.675985967854631e-5,208.8649262434581,0.4233511727407731,1.0003456129912274,7.049099005575573e-5,152.4735428558603,0.4233511727407731,1.0003456129912274,1.000910820933562
285009.765625,0.757080078125,223.525390625,0.22553710937500002,0.20913085937500003,140585.946559906,6988.28125,0.2213031838794438,1.000143161028035,3.645586664665016e-5,306.5709876526513,0.3095023116308408,1.000118323803666,5.622968230263543e-5,216.09031595974795,0.4079168251885468,1.0000928444588955,8.366366169894725e-5,161.45375196561776,0.4079168251885468,1.0000928444588955,1.0003543705089442
285083.0078125,1.7835693359375,122.0068359375,0.2663330078125,0.30339355468750007,14573.365092277527,6361.328125,0.23579790856140992,1.0000074717730743,7.144443680963907e-5,335.4034793131597,0.34445254133243597,0.9999469184277011,0.00011784933597037915,222.08615604733697,0.4636802705558906,0.9998573571586458,0.00018495106753474452,158.99983828946898,0.4636802705558906,0.9998573571586458,0.9998117534687756
285302.734375,0.866943359375,320.810546875,0.296728515625,0.343017578125,106704.88691329956,7074.21875,0.2510248250569606,0.9999303547109,3.359191912139195e-5,346.59787300513,0.3816060173644102,1.0000418987198525,5.9116986170596235e-5,215.4511761597643,0.5212730696422094,0.9998855615313706,9.74271007781326e-5,147.96108137017652,0.5212730696422094,0.9998855615313706,0.9998578152196834
285375.9765625,1.7088623046875,253.8232421875,0.1763916015625,0.17478027343750002,49453.429102897644,7697.265625,0.30337203962585535,0.9996697847999504,5.534044688125524e-5,306.2467552634544,0.5046996616790349,0.9997645279444018,0.00011908108357600252,165.31531468689656,0.6896609932359183,0.9998080919348274,0.00022245216320878285,109.23077738101087,0.6896609932359183,0.9998080919348274,0.9992425909806563
285595.703125,1.990478515625,177.705078125,0.25307617187500003,0.36323242187500004,92395.516872406,8566.40625,0.27911370688933645,0.9999288752885209,6.73641802685154e-5,326.51613774808413,0.44860889356017786,0.999952979675166,0.00013275438736966606,185.48038137105056,0.617312037424651,0.9999395756017379,0.00023583533469206442,122.69693258205734,0.617312037424651,0.9999395756017379,0.9998214410483726
285668.9453125,0.5853271484375,77.5146484375,0.2177001953125,0.11882324218750001,65485.90552806854,8189.453125,0.17139745763726358,1.000712485353781,6.166689472396243e-5,265.5115938132248,0.19470298398737804,1.0005504557352611,7.177126941602999e-5,235.70779508399275,0.21994099078192283,1.0004259278092678,8.333228011885501e-5,210.38594817668684,0.21994099078192283,1.0004259278092678,1.001689799178736
285888.671875,1.614013671875,289.599609375,0.24926757812500003,0.275634765625,5513.644695281982,4089.84375,0.2964056817919037,0.9993039754886855,5.1666609611573735e-5,391.91501758402933,0.4901352789919013,0.9993109843818965,0.0001080293113637271,212.20017953781357,0.6738394515744319,0.9994204312645254,0.00019838616234640625,138.64183088003287,0.6738394515744319,0.9994204312645254,0.9980366731548779
285961.9140625,0.9617919921875,391.2841796875,0.28010253906250004,0.21872558593750002,135250.6378889084,4712.890625,0.26671173927877967,1.000311693402165,3.359625996778012e-5,381.8712942061459,0.4201169757080536,0.9995181567027808,6.276086773289808e-5,225.38325360453413,0.5794489243044765,0.9995475359425834,0.00010760273842554497,151.35523152932623,0.5794489243044765,0.9995475359425834,0.9993773129148188
286181.640625,1.243408203125,123.916015625,0.205615234375,0.318115234375,21769.944667816162,3582.03125,0.2195385442001378,0.9998018711060468,6.024871967825849e-5,349.39896768315015,0.30516537562272456,0.999854087582566,9.225771689007495e-5,249.90510877536866,0.40053249386914275,0.9998172042302119,0.00013655114503248524,189.22239387702996,0.40053249386914275,0.9998172042302119,0.9994732547123024
286254.8828125,1.3323974609375,195.0537109375,0.3214111328125,0.1873779296875,118224.26688671112,3205.078125,0.23285849541755566,0.9995726403060521,5.183289892040994e-5,419.20868941207254,0.33810040377843587,0.9998945744219621,8.399682814173832e-5,278.24660506352245,0.4549763884010983,0.9995837172594616,0.00012991210780557356,198.72050569219795,0.4549763884010983,0.9995837172594616,0.9990511988126762
286474.609375,1.634521484375,61.826171875,0.16196289062500002,0.196533203125,56236.39631271362,4792.96875,0.19971686604879646,0.9996745567804101,9.165512400119507e-5,306.4201886274846,0.2574277378795929,0.999943870262688,0.0001267143344586591,238.69471761273394,0.32212158903532173,0.9998903849562931,0.0001710613440630484,192.63472304829264,0.32212158903532173,0.9998903849562931,0.9995088720905677
286547.8515625,0.7889404296875,172.8076171875,0.34631347656250006,0.29079589843750003,97812.87658214569,4416.015625,0.2028594927717005,0.9998176768280795,4.24600669985728e-5,369.6832855168856,0.26610563094932266,0.9998087242228173,5.9529977863920634e-5,279.5225105470568,0.33706917906356704,0.9998225855276359,8.181980943538516e-5,218.66268750352708,0.33706917906356704,0.9998225855276359,0.9994490877282125
286767.578125,0.508056640625,269.345703125,0.12065429687500001,0.24721679687500003,71624.28426742554,3285.15625,0.22092080526482008,0.9995154244158921,2.8207093421439143e-5,324.2207978831716,0.3046161774490677,0.9999213810829746,4.364965660780978e-5,233.8518885596245,0.39712787230780233,0.9998904550072295,6.420044812566388e-5,180.64750682815998,0.39712787230780233,0.9998904550072295,0.999327360293868
286840.8203125,1.9154052734375,325.8740234375,0.38996582031250004,0.26530761718750007,82349.75898265839,3908.203125,0.28155722961252755,0.9989982834785733,5.683358216384324e-5,485.96781924069114,0.459148406682069,0.9990879810398341,0.0001111452342443804,265.6643732682419,0.6398158932981712,0.9992444782347761,0.00019567253725534436,167.84087684598217,0.6398158932981712,0.9992444782347761,0.9973331015162201
287060.546875,0.881591796875,200.615234375,0.37700195312500007,0.11040039062500001,127426.57804489136,7808.59375,0.2054923057324762,1.0001338885459248,4.123866184688315e-5,332.9575485552435,0.27136156937468275,1.0000206366996816,5.843542714172929e-5,247.48861423146647,0.3462795699059777,0.9999423281301677,8.062737635818462e-5,191.1483592568861,0.3462795699059777,0.9999423281301677,1.0000968472268728
287133.7890625,1.5418701171875,140.2685546875,0.11252441406250001,0.3909912109375,17369.248270988464,7431.640625,0.256224988764726,0.9999862793430285,6.300518100242655e-5,281.51426612577626,0.39232533246679185,0.9999556090138133,0.00011430368066689563,177.72814655698886,0.5338745297565541,0.999879309268294,0.00019280569757368064,125.67610053529143,0.5338745297565541,0.999879309268294,0.9998212052476726
287353.515625,1.260986328125,385.556640625,0.335693359375,0.14584960937500002,111088.69314193726,8300.78125,0.26582107083690193,0.9997876589382553,4.0408995333204674e-5,358.784569143957,0.420304409127939,1.0001135709801412,7.46823861041242e-5,209.41825584370562,0.5832452159583517,0.9998054084124951,0.0001269583086228977,137.82378228707452,0.5832452159583517,0.9998054084124951,0.9997066334396288
287426.7578125,1.1624755859375,273.4130859375,0.1561767578125,0.35261230468750004,34953.74381542206,8923.828125,0.28594021267218356,1.0001534715955847,4.227948506643935e-5,290.0809989011235,0.46274229797588584,0.9999896248944962,8.6087164797682e-5,164.62835625674526,0.6330346093324558,1.00003721246661,0.00015610985863110286,110.71054761527738,0.6330346093324558,1.00003721246661,1.0001803126893207
287646.484375,1.253662109375,79.091796875,0.392822265625,0.10161132812500001,38129.9204826355,4261.71875,0.18581888638603006,0.9998664948086035,7.501961489491109e-5,362.18290180863244,0.22335115676010261,0.9999340593980918,9.547080909916974e-5,297.5494844159808,0.264735046741633,0.9999019309578341,0.00011821280614395388,251.40248042932663,0.264735046741633,0.9999019309578341,0.9997025135265365
287719.7265625,1.1580810546875,182.1044921875,0.13654785156250002,0.38337402343750004,116275.20644664764,4884.765625,0.25007007792407054,0.9999214224215114,4.9380137125824474e-5,313.8009809641931,0.37762325360134935,0.9997774786469344,8.724368109760706e-5,202.44860874521564,0.5127217283771962,0.9998128008037919,0.0001440505108518349,145.1492150646272,0.5127217283771962,0.9998128008037919,0.9995117757196316
287939.453125,0.877197265625,254.736328125,0.3585449218750001,0.15463867187500002,20116.98293685913,3753.90625,0.22200194127035058,0.9994803667413047,3.7341113206606104e-5,408.96075908422756,0.3070592103860436,0.9997019748246545,5.752964372790417e-5,283.20488607118267,0.4025534375172016,0.9997522029870842,8.395340993059335e-5,210.04985863511487,0.4025534375172016,0.9997522029870842,0.9989349019917791
288232.421875,0.500732421875,196.630859375,0.13911132812500002,0.20766601562500003,76030.85660934448,7277.34375,0.19934355902315923,1.0003594637052622,3.3416720737238195e-5,275.8629255280152,0.2582301273582672,1.0002026044104535,4.6028423291213794e-5,214.9511700147603,0.3240875832887016,1.0003373156345636,6.26043432314257e-5,172.25807460454118,0.3240875832887016,1.0003373156345636,1.0008996461981408
288305.6640625,1.9110107421875,128.3154296875,0.33400878906250003,0.3007568359375,69473.45435619354,7900.390625,0.23486904758077207,1.000045183245594,7.305722153321327e-5,343.44718954435893,0.3426737205058551,1.00001470547681,0.00011964663408565564,225.69626949301255,0.46182434583912807,0.9999737311756681,0.00018672195513864202,159.68663125201377,0.46182434583912807,0.9999737311756681,1.0000336189892896
288525.390625,1.630126953125,392.197265625,0.10483398437500001,0.23608398437500003,95239.0456199646,8769.53125,0.3913620467460819,0.9983549847737165,4.7825045638452284e-5,281.1638843198065,0.6777244979696531,0.9993895420391015,0.00013650915907006419,127.41047499560567,0.8687730091767284,0.9991174014197504,0.0002825063607541293,85.55043912318432,0.8687730091767284,0.9991174014197504,0.9968649222363252
288598.6328125,0.7816162109375,293.3349609375,0.3659423828125,0.2553466796875,51095.696330070496,8392.578125,0.22509866817002508,0.9999458499316954,3.294458720282778e-5,342.2168179492749,0.32254437366666866,0.9995781065397947,5.149966168757005e-5,233.01358732280724,0.42770393836615306,1.0000730781416995,7.84907231621306e-5,166.94493537831482,0.42770393836615306,1.0000730781416995,0.9995970226720424
288818.359375,1.247802734375,330.107421875,0.22524414062500003,0.28325195312500007,125772.34601974487,7605.46875,0.2913554830749789,0.9998552372561375,4.191913939347817e-5,328.42615506001147,0.477641792572406,0.9997998232288016,8.631000148468795e-5,180.91655556733394,0.656266036324944,0.9998289703683627,0.00015742789177996744,118.92300661050787,0.656266036324944,0.9998289703683627,0.9994841188213625
288891.6015625,1.3397216796875,271.0888671875,0.2642822265625,0.22751464843750002,31985.247492790222,7228.515625,0.268003369541899,0.9998483648193571,4.6537384031964003e-5,340.51646583174073,0.42295229409133095,0.9998071519533606,8.758598479718447e-5,200.10156931023553,0.5829653517996427,0.9998004392847593,0.00015087076537969034,134.16205338061854,0.5829653517996427,0.9998004392847593,0.9994560540395089
289111.328125,1.621337890625,176.376953125,0.19331054687500002,0.31049804687500004,143955.99508285522,8097.65625,0.26643975988184043,0.999956857758047,5.9894974780898774e-5,305.127383734943,0.4176072383845488,1.0000480039721544,0.00011277927046143943,182.8389703814887,0.5724229686276383,0.9999260870234337,0.000194659053119313,124.93982652797179,0.5724229686276383,0.9999260870234337,0.9999309463234441
289184.5703125,0.9661865234375,62.9052734375,0.2985595703125,0.1785888671875,16118.008494377136,8720.703125,0.1766250844590995,1.000115186917257,7.826455153044475e-5,277.2441479167554,0.205319369076488,1.000523210634408,9.42721732221018e-5,238.91583016747643,0.23747004499978808,1.000314291446622,0.00011236553106581316,208.5756303507351,0.23747004499978808,1.000314291446622,1.0009529499271386
289404.296875,1.994873046875,277.646484375,0.30903320312500004,0.33305664062500007,59135.058879852295,4621.09375,0.30188251892692014,0.9991466203828008,6.066139915910033e-5,422.37236238925885,0.5041529531387137,0.9992532770194513,0.0001288186401405841,220.718469662482,0.6937047531779935,0.9993827832732705,0.00023826251405498252,140.06711441248737,0.6937047531779935,0.9993827832732705,0.9977843051304677
289477.5390625,0.5926513671875,387.2998046875,0.19924316406250003,0.16364746093750002,83649.67429637909,4244.140625,0.2419712810722945,0.9996515190044508,2.5492940119693444e-5,342.4018533755351,0.3577408578510233,0.9996978707242496,4.330816348177071e-5,224.3893148895035,0.4833737962333682,0.9997408513416054,6.913207752163135e-5,161.4735025541522,0.4833737962333682,0.9997408513416054,0.9990905149341108
289697.265625,0.874267578125,143.837890625,0.277099609375,0.3731933593750001,38754.73928451538,3113.28125,0.2045777084828917,0.9998781378614526,4.9017188556691225e-5,378.585344932003,0.26988180685581464,0.999789589632908,6.945584342481491e-5,286.3191152740029,0.34311240323640824,0.9998225875716847,9.634843002013298e-5,224.56580480980588,0.34311240323640824,0.9998225875716847,0.9994903996518256
289770.5078125,1.7132568359375,201.6943359375,0.23352050781250003,0.12995605468750002,102671.52488231659,3736.328125,0.2651311329232654,0.9994345217791512,5.972767007130442e-5,377.2969833277765,0.41350714145742706,0.9994999128835554,0.00011121801715626159,226.48788697943374,0.5679785004403396,0.9994950440500265,0.00018894974610275504,155.37239225943256,0.5679785004403396,0.9994950440500265,0.9984302994218675
289990.234375,0.749755859375,230.498046875,0.20766601562500003,0.24458007812500002,3018.5770988464355,2949.21875,0.23354696940220065,0.9993834600155282,3.635172636797918e-5,365.58497330615035,0.3261976052952047,0.9996496046668478,5.9695541977787075e-5,248.7447147880287,0.428511070056766,0.9996816877330521,8.919338789272446e-5,187.98276967487513,0.428511070056766,0.9996816877330521,0.9987152761667685
290063.4765625,1.7791748046875,344.1357421875,0.32170410156250007,0.26384277343750007,137889.29641246796,2322.265625,0.29751916563377595,0.9986236219920195,5.332315223806721e-5,509.16164353218005,0.49539258166495753,0.9988039500041253,0.0001110626352937784,268.1756550016637,0.6848906440310719,0.9989693708234726,0.0002029965853860242,169.7109790654693,0.6848906440310719,0.9989693708234726,0.9964012385592442
290283.203125,1.873291015625,98.017578125,0.24838867187500002,0.19916992187500002,25018.53322982788,5441.40625,0.22197614673002294,0.9999243962471245,8.026944306508875e-5,335.09757086049365,0.31123707263155076,0.9998669591104824,0.0001240694313478157,235.14734906623914,0.4108409025439964,0.9999030951204848,0.00018503387310697837,174.92196614228803,0.4108409025439964,0.9999030951204848,0.9996944807541914
290356.4453125,0.6556396484375,157.2021484375,0.27863769531250004,0.29226074218750003,119557.88123607635,5814.453125,0.19453646640019281,1.0001979813271933,4.199059369212914e-5,321.7219741295318,0.24659785732592215,1.0000954848522514,5.627938886396696e-5,254.24730371825896,0.3046163442178886,1.0001681912327454,7.437515886651049e-5,205.9527769763736,0.3046163442178886,1.0001681912327454,1.0004617256780257
290576.171875,1.496826171875,369.287109375,0.25395507812500007,0.139697265625,110730.44157028198,9964.84375,0.29941273753437486,0.9995757007674997,4.6096584533555315e-5,321.30885057462064,0.4969854275901106,0.9998483540458257,9.696682175782839e-5,171.04744857446636,0.6865839452303274,0.9997636374872196,0.00017724225644982273,110.18095584568103,0.6865839452303274,0.9997636374872196,0.9991878927604502
290649.4140625,1.0321044921875,311.5966796875,0.2191650390625,0.34528808593750004,50605.374217033386,9337.890625,0.27416121258994297,1.0002156327570169,3.781806223477812e-5,308.03900938819476,0.4362855866737151,1.0000678787132584,7.329636927014605e-5,178.6824812245379,0.5992361224025174,1.0000379130231323,0.0001289797436443749,119.61250366169665,0.5992361224025174,1.0000379130231323,1.0003214498796136
290869.140625,1.126220703125,214.228515625,0.294677734375,0.11655273437500001,91892.93050765991,6457.03125,0.22891704922211512,0.9999115014332762,4.576149459162075e-5,341.66108531324375,0.3278630724879182,0.9999186389681577,7.285386596026677e-5,231.19016521399183,0.43832518551842264,0.9998552150291432,0.00011091465937263378,167.4775080819241,0.43832518551842264,0.9998552150291432,0.9996853872229863
290942.3828125,1.4027099609375,104.7412109375,0.17609863281250002,0.3983154296875,66639.36698436737,6830.078125,0.22051780940153173,1.00015519122275,6.858454599833032e-5,299.36509170786667,0.30732020631297735,1.000046142615254,0.00010568554745533938,212.82980673343945,0.40375133032392196,1.0001270515894767,0.00015725090410764796,160.28767941473072,0.40375133032392196,1.0001270515894767,1.0003284181691037
291162.109375,1.751708984375,152.138671875,0.33540039062500004,0.369970703125,130194.6177482605,9167.96875,0.24401218970620672,1.0002063835964943,6.589070967127499e-5,338.86892156386733,0.3646861963289524,1.0001623736915952,0.000112494885884917,214.4700364587144,0.4959475343029282,1.0000329403801795,0.00018113180706456485,148.3039231239216,0.4959475343029282,1.0000329403801795,1.0004017433276446
291235.3515625,0.7186279296875,82.4951171875,0.15412597656250002,0.1267333984375,18145.472407341003,9541.015625,0.17961173712607106,1.0007064645296357,6.254032225327133e-5,254.8774588293624,0.2128155427158217,1.0004781441431148,7.681864102537855e-5,216.84038057272357,0.24916759564693622,1.0005282207236357,9.378652357327321e-5,186.67306941081947,0.24916759564693622,1.0005282207236357,1.0017137931015423
291455.078125,0.625244140625,349.033203125,0.37846679687500007,0.336279296875,111436.02132797241,6660.15625,0.2243266196685936,0.9999299050650643,2.7432002477528068e-5,368.71359950721205,0.3238439908180652,0.9991999530102261,4.273958219967082e-5,251.80821309194994,0.4281575164292731,0.9998638098917597,6.59053699007897e-5,178.947255568511,0.4281575164292731,0.9998638098917597,0.9989938425433773
291528.3203125,1.8450927734375,246.1865234375,0.1134033203125,0.1668701171875,34381.9397687912,6033.203125,0.3272431120795553,0.9993739199509727,5.9146928261523995e-5,300.61183267436525,0.5545828288305119,0.9995148264598436,0.000138814057391523,156.8078246240156,0.7443186953409804,0.9995958213582771,0.00027084652018166504,105.42409060520869,0.7443186953409804,0.9995958213582771,0.9984853205487612
291748.046875,0.998779296875,120.927734375,0.11918945312500001,0.32133789062500007,54734.43937301636,2183.59375,0.21046914199880976,0.9997122080582428,5.6638904032372496e-5,350.9095316466116,0.2837892480101084,0.9995512841720827,8.301603822652021e-5,263.9719213650078,0.3654296989579992,0.9996594997557651,0.00011845647553284172,208.1475099788611,0.3654296989579992,0.9996594997557651,0.9989233718599942
291821.2890625,1.4715576171875,219.9560546875,0.38908691406250007,0.18942871093750002,100377.54905223846,2556.640625,0.23384862688242392,0.9994651726062193,5.316578576262376e-5,491.3356630367276,0.3411234207461903,0.9994277682629615,8.61354278273756e-5,320.6575450117217,0.46117395873603567,0.9994041962598452,0.00013316620534986986,224.65120692560052,0.46117395873603567,0.9994041962598452,0.9982981025818624
292041.015625,1.378173828125,295.244140625,0.162255859375,0.27241210937500004,74957.284450531,5675.78125,0.3071389044423763,0.999221282095846,4.6417370245324416e-5,325.4965937873472,0.5076304262287202,0.9996162761885002,0.00010175054291044123,175.2166964630178,0.6896878944975444,0.9996933220774129,0.0001901547902831862,117.50680576104209,0.6896878944975444,0.9996933220774129,0.9985315355779326
292114.2578125,1.0921630859375,363.7255859375,0.3483642578125,0.21667480468750003,82954.53727245331,5048.828125,0.2551848748178493,0.9996482772250281,3.7567579649343194e-5,409.3363806796076,0.39324646198028285,0.9996224247697474,6.674978318214928e-5,247.7029674003658,0.5418676066881947,0.9995918621472706,0.00011051704590213856,166.45745305619238,0.5418676066881947,0.9995918621472706,0.9988629945437743
292333.984375,0.948974609375,169.404296875,0.26625976562500003,0.35942382812500007,98942.35944747925,5386.71875,0.2175990793917702,0.9999803102069629,4.678141886553658e-5,341.9505279714992,0.30066286836958706,0.9999046019492167,7.089488482581681e-5,243.86598774123505,0.3935096835366116,0.9999804578385838,0.00010402063398832256,183.39886317717432,0.3935096835366116,0.9999804578385838,0.9998653741221598
292407.2265625,1.6033935546875,70.5419921875,0.22561035156250003,0.1536865234375,54688.81118297577,5759.765625,0.19837032732186902,0.9999920605718182,8.676081447134244e-5,311.2982910784798,0.255408368014522,0.9999959152284752,0.00011882607437614808,242.29993456618502,0.31925597155612456,1.0000079389606127,0.0001600129224926655,194.25715350596715,0.31925597155612456,1.0000079389606127,0.9999959146978774
292626.953125,1.322509765625,334.423828125,0.297607421875,0.38432617187500007,80129.06789779663,2878.90625,0.28805333153698304,0.9991560292844783,4.3779787988764675e-5,456.9307280886625,0.47065489247354375,0.9991720258707487,8.885355504251246e-5,249.8610782956525,0.6483439828160658,0.9991994341700419,0.0001605948288727655,161.9812557631908,0.6483439828160658,0.9991994341700419,0.9975295260536754
292700.1953125,1.2298583984375,266.1083984375,0.19191894531250003,0.1024169921875,71451.42829418182,2251.953125,0.26537097293236167,0.9992988888698564,4.485293152166112e-5,396.65448319780194,0.41637025556628593,0.9993002364496822,8.377688004497596e-5,241.0783984431612,0.5722780908790499,0.9993097111009034,0.000143959100023958,167.06449670814578,0.5722780908790499,0.9993097111009034,0.9979102937020325
292919.921875,1.696044921875,138.193359375,0.20004882812500002,0.25922851562500004,17686.282634735107,6402.34375,0.24608335958380287,0.9999163448087912,6.736754011616414e-5,318.48631173753597,0.36835350449024395,0.9998730751620692,0.00011656080926127503,204.81900664282546,0.4997737057384629,0.9998472893473256,0.0001892295333853897,145.22699648915253,0.4997737057384629,0.9998472893473256,0.9996367520922999
292993.1640625,0.8563232421875,208.0029296875,0.31057128906250003,0.23981933593750002,133227.16224193573,6775.390625,0.21651592544248727,1.0000030426262962,4.05310261779003e-5,335.8303580147303,0.29704098747935326,1.000033281878354,6.090452534913718e-5,239.4603740493249,0.38740934978784913,1.000023046059541,8.841483589786693e-5,179.68248251567155,0.38740934978784913,1.000023046059541,1.0000593715025945
293212.890625,0.575439453125,280.634765625,0.23139648437500002,0.29702148437500003,39466.493129730225,9894.53125,0.21956063323822447,1.000391190984022,2.9154357541601234e-5,288.10908394725857,0.3099660226574551,1.0000937821724831,4.4634495402142594e-5,203.35211093795084,0.41005423166387195,1.0000753962419169,6.72763887866357e-5,149.91731116784746,0.41005423166387195,1.0000753962419169,1.0005604426530819
293286.1328125,1.9769287109375,383.6474609375,0.27687988281250003,0.2037841796875,114680.45890331268,9267.578125,0.32556348008466907,0.9982535056194946,5.600065866709654e-5,349.1573777907255,0.5593617726937934,0.9993565606173632,0.00012845440044298068,171.74004223933738,0.765884643048138,0.9993018961396449,0.00024346262171327579,107.56595983239339,0.765884643048138,0.9993018961396449,0.9969147537772513
293505.859375,1.552490234375,261.044921875,0.13618164062500002,0.17543945312500003,46727.11896896362,6730.46875,0.30478726975042875,0.9996701850560609,5.2057581061363453e-5,302.6311136562166,0.5066218380251666,0.9996674853481408,0.00011302129951575283,164.8061951976069,0.6899441620229668,0.999695989575942,0.00021252355430734815,110.4754155431723,0.6899441620229668,0.999695989575942,0.9990339709702057
293579.1015625,0.8944091796875,318.9013671875,0.3908447265625,0.30720214843750004,108423.75457286835,6103.515625,0.2356513707105211,0.9995870145354165,3.471595589565245e-5,394.8438851425828,0.34502970853647313,0.9998664270912826,5.694999422597126e-5,256.05183929654675,0.4663748105113328,0.9998360885071317,8.890177375910366e-5,179.11330992581952,0.4663748105113328,0.9998360885071317,0.9992896748756576
293798.828125,1.176025390625,75.439453125,0.16987304687500002,0.23081054687500002,66700.01363754272,9222.65625,0.19329202073271906,1.000167123150829,7.549143996020736e-5,267.1515396052987,0.24477259440250276,1.0000067637972052,0.00010060784942006363,212.75857336647738,0.30067685807525774,1.0004981652399692,0.00013300697090853312,173.09867208664755,0.30067685807525774,1.0004981652399692,1.0006721399433867
293872.0703125,1.2708740234375,185.0927734375,0.3594970703125,0.28640136718750003,92180.96625804901,9595.703125,0.2278397473519337,1.0002455176105203,5.168034750485992e-5,333.2814481242786,0.32580536439845786,1.0002575656312351,8.189659723641831e-5,224.4165035151244,0.43523622576811755,1.0000593166729592,0.00012451726460190174,160.97147855390804,0.43523622576811755,1.0000593166729592,1.0005624929965882
294091.796875,0.799560546875,399.833984375,0.33247070312500004,0.131494140625,142423.29740524292,5746.09375,0.24487945552732093,0.999300187470517,2.9969985603663683e-5,376.21316428208155,0.3637688473549369,0.9996371597142135,5.116996016540268e-5,237.8077243372285,0.4973862001516457,0.9995771357727077,8.1321319649015e-5,165.82167927681547,0.4973862001516457,0.9995771357727077,0.9985151861281042
294165.0390625,1.6473388671875,286.3623046875,0.1383056640625,0.37458496093750004,7718.567728996277,5119.140625,0.33307792835713657,0.9993065809682884,5.284726138001741e-5,328.50575505289294,0.5675107339729014,0.9994367124307096,0.00012642976975378554,167.6807444196394,0.7591898334468321,0.9995070232689753,0.0002494562351315774,111.7341243364716,0.7591898334468321,0.9995070232689753,0.9982513265968523
294384.765625,1.928955078125,191.650390625,0.36616210937500004,0.162255859375,122490.731716156,2238.28125,0.24224322426382955,0.9992635288620515,6.580206239371539e-5,504.11583747661314,0.361822501707469,0.999362998464727,0.00011053906974849544,318.8411497567632,0.4941929773445626,0.9993333500782067,0.00017568528383544017,219.09166759669444,0.4941929773445626,0.9993333500782067,0.9979612618509333
294458.0078125,0.5179443359375,132.6318359375,0.1069580078125,0.3315185546875,24890.076518058777,2611.328125,0.1857479751771484,0.9997063765912719,4.422155943755033e-5,332.40099899684753,0.22654862619838337,0.9998013992420418,5.639049436075878e-5,277.50143879530884,0.2722302212462614,0.9997762330046646,7.126185763844345e-5,235.79937383195687,0.2722302212462614,0.9997762330046646,0.9992841772822839
294677.734375,1.851318359375,352.685546875,0.15610351562500002,0.296142578125,86863.70038986206,3824.21875,0.3677564198306739,0.9978198062622908,5.429161730123596e-5,361.1425178024717,0.6364366812879731,0.9988969393771823,0.0001446205226047999,170.53186933898417,0.8458867190111579,0.9984615530325899,0.00029134590740379033,114.99630075752688,0.8458867190111579,0.9984615530325899,0.99518575097085
294750.9765625,0.6307373046875,243.1982421875,0.33576660156250004,0.20290527343750003,61461.302638053894,3447.265625,0.2038597317476644,0.9997108272452573,3.309919192605739e-5,393.4872115056695,0.26840744963512203,0.999801317558622,4.660973971187498e-5,296.2231715549083,0.34109272390723866,0.9996980436475605,6.425933498280148e-5,230.969267805182,0.34109272390723866,0.9996980436475605,0.9992103931986158
294970.703125,0.724853515625,145.830078125,0.112451171875,0.260107421875,107149.178981781,4316.40625,0.20416229602451172,0.9998932557924871,4.584271085777608e-5,306.1091747595441,0.26751589745639864,0.9997812812817019,6.501967673672388e-5,235.06612120665295,0.33820525890131464,0.9999074692108486,8.974162600498694e-5,187.97095188138857,0.33820525890131464,0.9999074692108486,0.9995820597451749
295043.9453125,1.7572021484375,88.1396484375,0.3770751953125,0.24069824218750002,43335.08765697479,4939.453125,0.20267665021196143,0.9999145890277924,8.218540257627532e-5,375.2041006176157,0.26566185592124114,0.9998218508120248,0.00011492704244728056,282.87359044519803,0.33668087499026317,0.9998633799075217,0.00015752296639210854,220.42586668331273,0.33668087499026317,0.9998633799075217,0.9995998709687689
295263.671875,1.098388671875,300.224609375,0.389892578125,0.39750976562500007,31949.252605438232,8839.84375,0.25235998043625735,1.0000241622703008,4.0055550441779676e-5,371.19157794504423,0.3855414913722528,0.9999810883335878,7.065496211718774e-5,225.50133277968487,0.5287961528772932,0.9999457322731035,0.00011653706804922675,151.33262190826676,0.5287961528772932,0.9999457322731035,0.9999509821351298
295336.9140625,1.3836669921875,359.4091796875,0.1207275390625,0.11560058593750001,126835.20209789276,8462.890625,0.3316660858288115,0.999607101053309,4.406658195052915e-5,286.3281701745458,0.5667442214625039,0.9996700370117529,0.00010469822523110428,145.82154507688722,0.7584888961295387,0.9997146605711423,0.0002063500613639112,96.12672252834469,0.7584888961295387,0.9997146605711423,0.9989921345023344
295556.640625,1.477783203125,113.291015625,0.34624023437500007,0.34624023437500007,12475.327968597412,7332.03125,0.2130641356170288,1.0002003877555918,6.836588425295048e-5,340.81389517535257,0.29012194534680164,1.0000754126212217,0.00010105262004756109,245.5587452902198,0.3767087471227026,1.0000916104897404,0.00014531034555333698,184.9594837408161,0.3767087471227026,1.0000916104897404,1.0003674512459118
295629.8828125,1.0042724609375,226.9287109375,0.1620361328125,0.1405029296875,144775.994181633,7955.078125,0.247977015926044,0.999839729326334,4.227901944910825e-5,290.4174337734528,0.369626352498272,1.0001461230320001,7.38134017713947e-5,186.45172335427674,0.49956512515386586,1.0000460562060993,0.00011962359563682894,132.9511975968645,0.49956512515386586,1.0000460562060993,1.0000318844925313
295849.609375,0.650146484375,93.701171875,0.32133789062500007,0.16840820312500002,73134.46760177612,8042.96875,0.17442716947994275,1.0005100183239677,5.7586870292077696e-5,287.6356122523359,0.20164807712375554,1.0006381020766264,6.840250001416369e-5,250.39960309238674,0.23252745439743613,1.0000262583837145,8.094048688385216e-5,219.6579822734272,0.23252745439743613,1.0000262583837145,1.001174734384392
295922.8515625,1.8670654296875,162.1826171875,0.20568847656250003,0.33767089843750003,80592.23449230194,8666.015625,0.2689618745159524,1.0000593686624024,6.745064574418681e-5,309.80494277858446,0.42369261147953086,0.9999552853244885,0.0001282440247660345,183.21503324491795,0.5814004156623512,1.0000117255314578,0.000222766506871253,124.04548597243458,0.5814004156623512,1.0000117255314578,1.000026377035493
296142.578125,1.773681640625,237.470703125,0.280029296875,0.12534179687500002,54128.92293930054,7535.15625,0.26610227734959396,0.9997467453750459,5.853454321899251e-5,346.2919291702844,0.4195278363233632,0.9997907938577842,0.00010881319950098344,203.92547339478895,0.580129050050241,0.999785524235796,0.00018585785155636345,136.1364309357982,0.580129050050241,0.999785524235796,0.9993232156263123
296215.8203125,0.7435302734375,336.4990234375,0.24934082031250002,0.3684326171875001,99622.03681468964,7158.203125,0.2516465528399004,0.9993723698720491,3.072115949555834e-5,332.0249221349332,0.3780511499929872,1.0000491531025908,5.450825084372188e-5,207.2740290625036,0.5128040131213819,0.999970329031762,8.900584140073429e-5,144.98144025751975,0.5128040131213819,0.999970329031762,0.9993918383213227
296435.546875,1.397216796875,211.240234375,0.21762695312500002,0.21352539062500003,117385.62345504761,3058.59375,0.2571406708726727,0.999430370685297,5.2549728970977055e-5,386.5578505758667,0.3954283766513238,0.9994313857416881,9.501631984869094e-5,239.35102486140053,0.5412090633541213,0.9994971756101506,0.00015920660264869742,166.6775453684449,0.5412090633541213,0.9994971756101506,0.9983598281102517
296508.7890625,1.1199951171875,108.3935546875,0.2531494140625,0.26911621093750004,36824.66208934784,3681.640625,0.20100942585099024,0.999914248923146,6.291216136445744e-5,356.46443207722183,0.2615905886092013,0.9999567015215024,8.743481246717667e-5,274.1063580799453,0.32950375937903315,0.9999316136056283,0.00011923603587563958,217.85108661965367,0.32950375937903315,0.9999316136056283,0.9998025765881476
296728.515625,1.026611328125,374.931640625,0.176318359375,0.19272460937500002,136215.9514427185,4550.78125,0.29180873540058455,0.9992417198287158,3.593621649212485e-5,344.5422719254195,0.47369438562151317,0.9994624778711678,7.444299786255186e-5,193.11581888025435,0.6469588742342026,0.9995420584309819,0.0001348934543090946,130.70100720888883,0.6469588742342026,0.9995420584309819,0.9982472569383224
296801.7578125,1.4906005859375,305.2880859375,0.29680175781250007,0.32448730468750003,18504.982829093933,4173.828125,0.2842187605014069,0.9992902759268604,4.882689637074816e-5,419.3152186561333,0.4621898214418333,0.9993616827026539,9.754883016315914e-5,232.02011486292255,0.6381031352496292,0.9994446970418179,0.0001746007253299615,150.76900616733184,0.6381031352496292,0.9994446970418179,0.9980978570202768
297021.484375,0.550537109375,365.966796875,0.102197265625,0.3922363281250001,62858.25300216675,6011.71875,0.25035044402876083,0.9997843309755599,2.5408411952149542e-5,293.50015277968413,0.37520147131976783,0.9998511362108625,4.505319477341117e-5,189.62368590381072,0.5070151652440716,0.9999408269222952,7.397832028853054e-5,136.85445192729995,0.5070151652440716,0.9999408269222952,0.9995763477826546
297094.7265625,1.9549560546875,298.9794921875,0.37092285156250004,0.11149902343750001,89336.27212047577,6634.765625,0.26212975991664805,0.9994978242146677,5.9295717489650436e-5,405.25349867689886,0.4122009512472595,0.9995672697879354,0.00010746407900894798,237.99179069494699,0.5740341614649043,0.999608737166977,0.0001799709745510907,155.93919881054714,0.5740341614649043,0.999608737166977,0.9986744141851593
297314.453125,1.674072265625,222.861328125,0.14291992187500002,0.35151367187500004,47485.69631576538,9503.90625,0.30247428736586485,1.0000573324655566,5.726405756921685e-5,290.00377517738866,0.5004988305797009,0.9999177448776051,0.00012374396000594155,157.00992746143464,0.6820333958173207,0.9999059921398945,0.00023177957748841534,104.19495601080848,0.6820333958173207,0.9999059921398945,0.9998810671105361
297607.421875,1.297607421875,249.755859375,0.354736328125,0.29204101562500007,126689.67008590698,5027.34375,0.24625157273427078,0.9996956737566407,4.749449260904781e-5,408.07112619529363,0.3708008326356823,0.9996835315012895,8.156177505662847e-5,255.25304811330474,0.50656282807249,0.9996314149481624,0.0001318568829847476,174.93261739407,0.50656282807249,0.9996314149481624,0.9990109452959259
297680.6640625,1.2078857421875,351.4404296875,0.17463378906250002,0.1976318359375,30086.369395256042,5650.390625,0.2993957924220383,0.9994984051998925,4.07608901776265e-5,331.963004711611,0.4993505728019526,0.9994118289314885,8.654754989352326e-5,181.7553974896901,0.6809354985272568,0.9995792217508807,0.00016268396393695969,120.15166507422613,0.6809354985272568,0.9995792217508807,0.9984902093314459
297900.390625,0.927001953125,84.072265625,0.39545898437500004,0.26420898437500007,146304.7194480896,2519.53125,0.17866359245385605,0.9997368037864696,6.830223431865503e-5,403.17521365864593,0.21071446198714358,0.9997591075374633,8.317919363543143e-5,343.89903730196846,0.2457871519450963,0.9997966657282311,0.00010090121306258937,295.8162517437364,0.2457871519450963,0.9997966657282311,0.9992927429397601
297973.6328125,1.5784912109375,155.2099609375,0.13156738281250002,0.24597167968750003,6982.415080070496,2142.578125,0.25669795399493783,0.9992644512479829,6.299906190719988e-5,367.65925348429516,0.39702745722080385,0.9992200715282161,0.00011430789325158473,234.2634968536838,0.5393284603818644,0.9993981921210436,0.00019455441492067453,167.0840858445453,0.5393284603818644,0.9993981921210436,0.997884200253548
298193.359375,1.950927734375,106.982421875,0.27211914062500003,0.21762695312500002,80343.69611740112,5855.46875,0.22604349654247297,0.9999306652964263,8.025823642343473e-5,344.1746237670138,0.3210992595012293,0.9998459553908394,0.00012639768585938384,236.44180652643826,0.4269568895401275,0.9998303809924541,0.00019132281120312673,173.03067590163727,0.4269568895401275,0.9998303809924541,0.9996070502479227
298266.6015625,0.5428466796875,217.9638671875,0.23615722656250002,0.2743896484375,71799.60906505585,5478.515625,0.2024544400822627,1.0000299670903445,3.320917835009781e-5,323.1586093549282,0.264527889705813,0.9999960898809139,4.652751008609229e-5,246.99844719811426,0.33421140219790646,1.000341741844473,6.392230398189535e-5,195.11301563803025,0.33421140219790646,1.000341741844473,1.000367807603274
298486.328125,0.824462890625,314.501953125,0.315185546875,0.18862304687500003,98102.29635238647,2347.65625,0.2310274505051763,0.9993836688373203,3.376078568327177e-5,450.65247304439407,0.33644275246668154,0.9993920487417599,5.425361870540063e-5,301.29758419074807,0.45309897851123404,0.9994080527122285,8.432082004113072e-5,214.48729609973654,0.45309897851123404,0.9994080527122285,0.9981848694794708
298559.5703125,1.6693115234375,371.0302734375,0.1954345703125,0.3192138671875,52085.69037914276,2970.703125,0.3440892368335534,0.9983152739695645,5.01620316176961e-5,405.8714466728499,0.5922080666391452,0.9988333741686206,0.00012368862832104515,197.80745438704233,0.7890007203789017,0.9990471809695688,0.00024532344520906713,129.59683331753587,0.7890007203789017,0.9990471809695688,0.996200509502263
298779.296875,1.197998046875,160.771484375,0.18715820312500003,0.17368164062500002,40065.112590789795,6871.09375,0.22963143097359726,0.9999715559378305,5.374006331802532e-5,305.52971193445416,0.3293536502119229,1.0001325781357404,8.635377787837431e-5,208.91571512310384,0.4399529799344968,0.9999724049455788,0.00013277853948460104,153.33493312455343,0.4399529799344968,0.9999724049455788,1.0000765323746077
298852.5390625,1.2957763671875,100.4248046875,0.3023681640625,0.3417724609375,118543.71726512909,6494.140625,0.20306043707865948,1.0001092030063046,6.89302774703397e-5,330.62379898743086,0.2663950786457538,1.0001186865500296,9.682814783619193e-5,250.25444627898204,0.33807079962501646,1.0000768721645108,0.0001332830272443414,195.98766219405033,0.33807079962501646,1.0000768721645108,1.0003047922011328
299072.265625,1.577392578125,345.712890625,0.23022460937500003,0.12006835937500002,22709.81740951538,9363.28125,0.30096547793913264,0.999650973325842,4.901570757987108e-5,321.1183199323886,0.5011958954845446,0.9997680559319427,0.00010380539395530353,171.041555019125,0.6899942322419187,0.9998398560468802,0.00019149896131491256,110.41395064506013,0.6899942322419187,0.9998398560468802,0.9992590592853184
299145.5078125,0.9163818359375,233.5693359375,0.26164550781250007,0.36433105468750004,138360.8559370041,9986.328125,0.23552631507582145,1.0003888966692795,3.999404498221794e-5,307.3023529644446,0.34364118815898465,1.000320482113981,6.59918722497781e-5,202.70602253669162,0.46222022718597267,1.0002129857238706,0.00010360415969152908,144.38124968505363,0.46222022718597267,1.0002129857238706,1.000922640255657
299365.234375,1.452880859375,198.623046875,0.29204101562500007,0.25395507812500007,57231.101512908936,8699.21875,0.2460052778231255,1.000039174246413,5.476059219942298e-5,332.0091201337029,0.3696407339959957,0.9999248745003771,9.422766448081777e-5,209.60210851301753,0.5038382574672999,0.9999720188122158,0.0001525790737870002,145.11485121574415,0.5038382574672999,0.9999720188122158,0.9999360656220622
299438.4765625,0.9822998046875,142.2607421875,0.1810791015625,0.23571777343750003,102791.76223278046,8072.265625,0.21261558164786395,1.0002891093568078,5.210215172108134e-5,288.37906000226803,0.2916306291761859,1.0000906110492889,7.695591574674682e-5,211.1703035076128,0.37694653922754534,1.0002837919786882,0.00011229830600170797,160.36467261997583,0.37694653922754534,1.0002837919786882,1.0006636463503267
299658.203125,1.076416015625,384.892578125,0.25776367187500004,0.30229492187500007,76211.89260482788,7191.40625,0.2826389398448666,0.9997514565664883,3.6810764973376786e-5,350.5245235997898,0.4596537509680506,0.9995887173681238,7.330930872423566e-5,196.35992549576687,0.6325403911131586,0.9997667464302995,0.00013182453635181821,128.48905817817405,0.6325403911131586,0.9997667464302995,0.9991071764694508
299731.4453125,1.3587646484375,274.0771484375,0.21301269531250003,0.20788574218750003,83683.12537670135,7564.453125,0.2768544361097566,1.0000401607878364,4.7428260170648535e-5,324.13574446223004,0.4434586649789805,0.9997817841950639,9.255780386269932e-5,186.87451300303988,0.610631441072005,0.9998589351452342,0.00016346370472487595,125.03078045773678,0.610631441072005,0.9998589351452342,0.9996808964829572
299951.171875,0.699951171875,61.162109375,0.24458007812500002,0.355322265625,135478.06119918823,3714.84375,0.17418077327915493,1.0001367641275984,7.784602259750248e-5,326.63660828981267,0.19663371803613844,0.9999599480616145,9.238269449326191e-5,287.44933003333153,0.2211383325027859,1.0000716886901468,0.00010670957131730054,258.2954301479482,0.2211383325027859,1.0000716886901468,1.0001684023344688
300024.4140625,1.7352294921875,173.4716796875,0.2847900390625,0.14841308593750002,15534.848093986511,3087.890625,0.24313664831648998,0.9994886865304716,6.402525051581706e-5,416.43125094679385,0.3627750613388552,0.9994906875365289,0.00010862503749134241,266.92935718369347,0.4929137940935173,0.9995060610991249,0.00017390481234376204,187.22059671625072,0.4929137940935173,0.9995060610991249,0.998486199582669
300244.140625,1.829345703125,267.353515625,0.21030273437500002,0.388427734375,116706.95638656616,4207.03125,0.31672663058432804,0.9991425160318479,5.8211920987199694e-5,382.25337171326123,0.5340628083242068,0.9993170364138722,0.00013141152222342686,197.45265621661693,0.7249798986032336,0.9993982411590321,0.0002513122105343817,128.87247962339734,0.7249798986032336,0.9993982411590321,0.9978593058606047
300317.3828125,0.6058349609375,327.8662109375,0.31672363281250004,0.1076904296875,35536.858439445496,4580.078125,0.21319420398210845,0.9998306695084986,2.8289588304906208e-5,372.7245810938107,0.29066045519140343,0.9996883792905987,4.174770653769274e-5,268.9185718848495,0.3823392814221741,0.9997068526336186,5.985292852365025e-5,203.30985950523308,0.3823392814221741,0.9997068526336186,0.9992260951737132
300537.109375,1.048583984375,290.263671875,0.157275390625,0.13559570312500002,110759.437084198,3417.96875,0.2663489625205599,0.9994726262123577,3.992381629996244e-5,351.2060938576858,0.4172788518391542,0.9995207169242968,7.515884061878906e-5,214.00585251084237,0.5719645252994804,0.9994644635567171,0.00012958089028476357,149.28167730988125,0.5719645252994804,0.9994644635567171,0.9984585984207759
300610.3515625,1.5155029296875,390.6201171875,0.35100097656250007,0.3798583984375,45105.433344841,3791.015625,0.29987120675660245,0.9989094489226878,4.6477299120683364e-5,477.44824119834715,0.5000669266547595,0.9990133933761832,9.787099217671616e-5,247.49463330057364,0.6896219438516603,0.9991387294667204,0.00018016587056237737,154.85326041074464,0.6896219438516603,0.9991387294667204,0.9970644357785493
300830.078125,1.422119140625,125.908203125,0.12534179687500002,0.15815429687500002,91801.01156234741,4910.15625,0.23079139433901696,0.9996927342924855,6.506459598397016e-5,308.47589560820063,0.33201598353613454,0.9997857372028361,0.0001053167338859318,212.7762612563528,0.44435300624850604,0.999809819302228,0.00016304680436950053,157.9810776029985,0.44435300624850604,0.999809819302228,0.9992884558052939
300903.3203125,1.1419677734375,193.0615234375,0.3852783203125001,0.32624511718750004,65912.3352766037,4283.203125,0.22149607877878297,0.9997034547355866,4.898711169106778e-5,416.54739062613197,0.3104838796415233,0.9997584082063415,7.533911798479312e-5,287.6648921472007,0.4104734216224829,0.9998017601923169,0.00011187163696468275,209.74469539772144,0.4104734216224829,0.9998017601923169,0.9992638014431318
301123.046875,1.795654296875,322.802734375,0.372314453125,0.180712890625,11556.521892547607,8433.59375,0.26873975158278957,0.9996769447721672,5.490575976507695e-5,386.33094093329413,0.42797177284821075,0.9996747742083001,0.00010231817938203115,221.39953414229197,0.596242403716561,0.9997237773267621,0.0001746985191119747,143.22396812050695,0.596242403716561,0.9997237773267621,0.9990757804140162
301196.2890625,0.7684326171875,251.8310546875,0.1172119140625,0.31130371093750003,145440.2016401291,8806.640625,0.24244953398301552,1.000016694845103,3.56289514189358e-5,276.21035757352195,0.3589270201546862,1.0002616909287017,6.0967555963589925e-5,181.27832202775502,0.4831013912923426,1.000149597111467,9.813439622144149e-5,130.65663508446707,0.4831013912923426,1.000149597111467,1.0004280289005223
301416.015625,0.675048828125,178.369140625,0.34038085937500007,0.22553710937500002,29329.171657562256,7925.78125,0.1983377917516632,1.0001843131986468,4.0309392154367434e-5,316.6870168300458,0.2507450729103204,1.0002554274097104,5.517499397728449e-5,244.81147533645503,0.3091672714231193,1.000191955066167,7.267068741118268e-5,197.44100944124105,0.3091672714231193,1.000191955066167,1.0006318271726418
301489.2578125,1.8890380859375,76.8505859375,0.1514892578125,0.28229980468750004,126895.36368846893,7298.828125,0.2180351275900995,1.000169434692766,9.037904318263266e-5,290.48826515565366,0.3008205685250249,1.0002399714568748,0.00013748026912499344,208.84985995686293,0.39280445329457536,0.9999642808829974,0.00020203755159979965,158.69345263939567,0.39280445329457536,0.9999642808829974,1.0003737130670498
301708.984375,1.652099609375,307.529296875,0.23813476562500002,0.143798828125,143065.101146698,7136.71875,0.2921993223762795,0.9998675905962316,5.2399949173520046e-5,344.9032712030215,0.48112573860273955,0.9996430489213154,0.00010767328509201041,188.53558554877876,0.6641819066686314,0.9997024829713221,0.00019540551861520065,122.89681413322931,0.6641819066686314,0.9997024829713221,0.9992133153315637
301782.2265625,0.8065185546875,378.6669921875,0.27248535156250003,0.3505615234375,8174.864649772644,7509.765625,0.25796529417142966,1.0001004083781784,3.098731741180086e-5,344.25006547339956,0.39933216662239884,0.9997162777344323,5.619503603007267e-5,208.87087972500495,0.5467756966184808,0.9998820829444521,9.495417462466966e-5,141.52432019978966,0.5467756966184808,0.9998820829444521,0.9996987621881633
302001.953125,0.525634765625,111.298828125,0.19448242187500003,0.112451171875,125348.97756576538,8628.90625,0.17733748080572934,1.0004780482483426,4.993388460321268e-5,268.3493252356497,0.21126373820065159,1.0007186620958068,6.040042688013872e-5,230.64215052000424,0.24384015706437703,1.000583859659656,7.408679639205562e-5,198.17704751590242,0.24384015706437703,1.000583859659656,1.0017816124704437
302294.921875,0.899169921875,340.068359375,0.30317382812500004,0.24985351562500002,48150.39396286011,4152.34375,0.24611464556117252,0.9995909035503147,3.452649823585945e-5,402.140526718514,0.3725326509431404,0.9994552506756336,5.9369020264872835e-5,253.74733180378004,0.5071701082145476,0.9995219689292903,9.690687807634732e-5,174.91591662566012,0.5071701082145476,0.9995219689292903,0.9985688018716382
302368.1640625,1.5594482421875,239.8779296875,0.18869628906250002,0.2679443359375,114340.38245677948,4525.390625,0.2843925400309699,0.9995331442682687,5.423055491427239e-5,354.79109920355944,0.4605416563088923,0.9994904768523546,0.00010919091645909605,202.16487439897767,0.6329754184191343,0.9995560881721448,0.00019674119728294538,136.11387666066946,0.6329754184191343,0.9995560881721448,0.998580380487108
302587.890625,1.278564453125,163.759765625,0.259521484375,0.193896484375,67880.67770004272,3644.53125,0.22771237052590715,0.9995225261423332,5.568139591633462e-5,378.54644235438417,0.32387871050499295,0.9995938022397967,8.8469492293503e-5,259.36394929915775,0.42898425434864995,0.9997032631334031,0.0001342830432475985,190.52457412789624,0.42898425434864995,0.9997032631334031,0.9988200476247396
302661.1328125,1.1800537109375,96.7724609375,0.23000488281250003,0.28815917968750004,93649.26993846893,3017.578125,0.19949581957891252,0.9997298062490766,6.883603827915302e-5,364.8345251874633,0.25751194358912494,0.9999161087357062,9.494516250061551e-5,283.36726773479484,0.3223855263936648,0.9997615876073614,0.00012832494497468298,227.36388056278736,0.3223855263936648,0.9997615876073614,0.9994076096718912
302880.859375,0.849365234375,229.169921875,0.37055664062500004,0.31606445312500003,14777.839183807373,4980.46875,0.21567193552538386,0.9997694013636499,3.941142501297129e-5,389.97870332368916,0.29641703015622023,0.999725662645334,5.895108437533795e-5,276.85635344303734,0.3873551399002035,0.9998196013572637,8.555620997956156e-5,206.313560162792,0.3873551399002035,0.9998196013572637,0.9993148197064226
302954.1015625,1.6912841796875,117.0263671875,0.1002197265625,0.18532714843750003,134343.76800060272,4353.515625,0.2431369165519246,0.9995376492623538,7.293354315689937e-5,310.1290198814477,0.3587647630048487,0.9996204467696151,0.00012517192823014237,206.1396597828856,0.48325917850202876,0.9996578501049164,0.00020090488733889224,151.18649481025759,0.48325917850202876,0.9996578501049164,0.9988164096209129
303173.828125,1.972900390625,362.314453125,0.32924804687500003,0.277685546875,32907.472133636475,3472.65625,0.30790607649071056,0.9981376316718101,5.727060210447607e-5,480.4338390125409,0.519552186854972,0.998696244827766,0.00012378092001618738,244.5616374274572,0.7162007324734775,0.9989251209212744,0.00022996437664416975,152.76704296490726,0.7162007324734775,0.9989251209212744,0.9957648260832181
303247.0703125,0.5677490234375,301.9677734375,0.14387207031250002,0.22077636718750002,115797.51288890839,3845.703125,0.22628375210138352,0.9997969391420627,2.872652344861376e-5,330.9047556751188,0.3211291730681938,0.9999753788361511,4.550661326842235e-5,231.98177761537536,0.4257233201289438,0.9998407537007513,6.927589016037196e-5,173.88980250557574,0.4257233201289438,0.9998407537007513,0.9996131129352829
303466.796875,1.596435546875,91.708984375,0.173095703125,0.3658691406250001,106604.93803024292,7996.09375,0.217581963561695,1.0000825471336763,7.847604080187488e-5,292.5623173026385,0.3003985886276986,1.0000566288662103,0.00011913461326728936,209.91966423408894,0.39268676740071756,1.0001520108702395,0.00017516274198598616,158.81590588724734,0.39268676740071756,1.0001520108702395,1.000291212701652
303540.0390625,0.9442138671875,148.2373046875,0.35393066406250007,0.12145996093750001,59651.00181102753,7369.140625,0.19560886031497582,1.00016433490216,5.074276979506791e-5,328.89918210188284,0.24924733929550572,1.0000817115774896,6.82722984001415e-5,256.4508334030994,0.30952521067770034,1.0001519461603434,9.040759960587673e-5,205.30619482138587,0.30952521067770034,1.0001519461603434,1.0003980434559152
303759.765625,1.225830078125,244.775390625,0.13178710937500002,0.34038085937500007,87115.6096458435,8488.28125,0.2818098721230793,0.999895116093313,4.638352768951698e-5,291.1618121355716,0.44885234156981935,0.9999066102618376,9.307668497401619e-5,168.20897694100205,0.6132367109707778,0.9998487066364171,0.00016603831007735187,114.63300480822191,0.6132367109707778,0.9998487066364171,0.9996504727826531
303833.0078125,1.3148193359375,355.7568359375,0.3975830078125,0.17214355468750003,80074.58579540253,8861.328125,0.24931227599217087,0.9998848147062169,4.320415389751782e-5,380.38006714780744,0.38093556875626433,0.9998832199168776,7.453142881871778e-5,233.23863675556765,0.5248105412650187,0.9998443440001339,0.00012116661673261112,156.0315944093954,0.5248105412650187,0.9998443440001339,0.9996124281792854
304052.734375,1.148193359375,129.560546875,0.35297851562500004,0.21176757812500002,123160.33124923706,9574.21875,0.20127149435603478,1.0003345101636676,5.846726336604019e-5,313.5823492044873,0.2622980186018825,1.0003953826602325,8.120907221628475e-5,237.7524002771113,0.3310183056027561,1.0002442841589179,0.00011061174233788358,186.04114760488886,0.3310183056027561,1.0002442841589179,1.0009744875759
304125.9765625,1.4276123046875,190.0732421875,0.1576416015625,0.3060302734375,44460.265040397644,9197.265625,0.2634120271960908,1.0001556075775455,5.5350900045304755e-5,292.1050409607044,0.40983879999968964,1.000048252668317,0.00010324639293621733,177.00781556541094,0.5607924752613674,1.0000291161733863,0.00017692074254723207,121.87983986056305,0.5607924752613674,1.0000291161733863,1.0002329898635784
304345.703125,1.521728515625,283.955078125,0.38432617187500007,0.23198242187500004,142969.8576927185,6066.40625,0.2526696130792204,0.9996955072048361,5.0884960388813204e-5,415.05912882547705,0.38761192753352525,0.9996490822304746,8.927359520380725e-5,251.77885051155434,0.5344340392697591,0.9997361355242865,0.00014651945036169508,168.35850227370386,0.5344340392697591,0.9997361355242865,0.9990810047229003
304418.9453125,1.0540771484375,396.2646484375,0.12395019531250001,0.25007324218750004,23138.615489006042,6689.453125,0.311116036610489,0.9996781912489673,3.616822051425684e-5,305.8600808566835,0.5200476631466442,0.9997230623039727,8.047194746021675e-5,163.8655294006635,0.7083421716735963,0.999645802483837,0.00015340956578764904,109.63854366497414,0.7083421716735963,0.999645802483837,0.999047357200689
304638.671875,1.895263671875,183.349609375,0.11801757812500001,0.106884765625,69631.80875778198,2589.84375,0.2854002860541491,0.9992324593152798,6.67210034642471e-5,353.90373007940934,0.4637324787131723,0.9991663953706028,0.00013532642971750237,207.28564614401392,0.6340002386694533,0.9993201733461062,0.00024625797327439266,143.8042194908285,0.6340002386694533,0.9993201733461062,0.9977207559237478
304711.9140625,0.6805419921875,72.5341796875,0.37385253906250004,0.3874755859375001,78274.13642406464,2212.890625,0.1701786712548356,0.9997590554376804,7.091196935634519e-5,390.2482521581461,0.1920606448407368,0.9998402232829041,8.187128451760639e-5,348.81407125663765,0.2172887466298761,0.9998919808570753,9.43111535267049e-5,312.9601892474565,0.2172887466298761,0.9998919808570753,0.9994913413564017
304931.640625,0.774658203125,315.166015625,0.14936523437500002,0.14936523437500002,51931.07748031616,5082.03125,0.2493063995778222,0.9998246037886865,3.280287203576788e-5,320.17695244859675,0.3763857345656189,0.999767322366054,5.758741369742408e-5,205.77804620949198,0.514557591983041,0.9998421610761175,9.474798428541612e-5,146.5454511852686,0.514557591983041,0.9998421610761175,0.9994341924451285
305004.8828125,1.8011474609375,258.8037109375,0.34016113281250004,0.35612792968750007,98851.15897655487,5705.078125,0.27880654763511103,0.9995062806778232,5.840953491137659e-5,415.03200167163016,0.44987510295434,0.999544491669633,0.00011419059197437196,231.0596062855795,0.6225276387845119,0.9996092648895153,0.0002015907576341723,148.96360038717566,0.6225276387845119,0.9996092648895153,0.9986606329389336
305224.609375,1.353271484375,380.576171875,0.180712890625,0.32778320312500003,29964.057445526123,2292.96875,0.3229884156353939,0.9986838671282658,4.340199255864873e-5,414.9926587784514,0.5472400609901048,0.998855903118112,0.00010014148064101823,214.19712218879226,0.739016285970883,0.9990516077072231,0.00019378476471860223,141.94142966391408,0.739016285970883,0.9990516077072231,0.9965952155719789
305297.8515625,1.0701904296875,279.0576171875,0.29006347656250003,0.1595458984375,131702.4029493332,2916.015625,0.24207361731652483,0.9993116634103119,4.1291257324148075e-5,425.72004017821854,0.3584065108445463,0.9994147674378551,6.976404577281809e-5,273.575668116873,0.49398193116985284,0.9993322174931227,0.00011069900428568259,192.90722521045495,0.49398193116985284,0.9993322174931227,0.998059901376469
305517.578125,0.976806640625,205.595703125,0.214404296875,0.37846679687500007,13176.896572113037,5785.15625,0.2339021012588159,0.9999261797727581,4.437602726562268e-5,334.03031670364385,0.3394955424186252,0.9999848831650492,7.280714209950402e-5,224.05385445983381,0.4567762410769028,0.9998447209067688,0.00011375816539103665,162.41679443313618,0.4567762410769028,0.9998447209067688,0.9997557987703974
305590.8203125,1.4466552734375,134.6240234375,0.25871582031250007,0.1340576171875,152759.4269514084,5408.203125,0.21918699217872692,0.9998685576412466,6.424735729706231e-5,344.0571363050499,0.30497478700770464,0.9998146249229749,9.792832024994907e-5,243.31492004134324,0.4006804615512003,0.9998968836884014,0.0001444868876915501,181.6163712021873,0.4006804615512003,0.9998968836884014,0.9995801232852931
305810.546875,0.600341796875,264.365234375,0.28325195312500007,0.279150390625,90993.22843551636,9308.59375,0.21142057059420505,1.0003016508121043,3.1392405759631935e-5,307.04656617559897,0.2861451018184692,1.0004039052753233,4.605043179227692e-5,223.53902767735133,0.3742033092056344,1.0000982936042533,6.573147381163485e-5,170.01147373551822,0.3742033092056344,1.0000982936042533,1.000804040893662
305883.7890625,1.8231201171875,331.5185546875,0.24377441406250003,0.22224121093750004,65061.814188957214,9931.640625,0.31401614143003964,0.9996073869956131,5.511796521946225e-5,332.0372575552691,0.5313829795652327,0.9996942902630414,0.00012224752051373094,169.3455222697178,0.7293500121845398,0.9996875345845958,0.00022954450616101356,107.55988946353398,0.7293500121845398,0.9996875345845958,0.9989895500330702
306103.515625,1.729736328125,66.806640625,0.31694335937500007,0.31459960937500003,108705.14822006226,6800.78125,0.1955466318527179,1.0001881552622143,9.39446815582469e-5,326.9644295636202,0.2489345448330525,1.0002458303803508,0.00012660164678323746,256.01962105915766,0.30872716184266363,1.0000759637051087,0.00016803497405086225,205.68139559466834,0.30872716184266363,1.0000759637051087,1.0005100285726245
306176.7578125,0.6937255859375,167.1630859375,0.21242675781250003,0.18386230468750003,43913.52164745331,6423.828125,0.19908478788235986,1.0001608271620839,4.268450848271205e-5,307.3797861512209,0.25700256770117835,1.0001241236135507,5.874063606672583e-5,238.24496941571002,0.3227660049374628,1.0000244861215175,7.94557509207863e-5,190.25016209303215,0.3227660049374628,1.0000244861215175,1.0003094638374288
306396.484375,1.159912109375,270.341796875,0.299072265625,0.307861328125,142903.6021232605,5761.71875,0.25171391400436904,0.9997351393716115,4.3693539771771276e-5,376.7840042258693,0.3834067603351855,0.9997388379843795,7.706229507699874e-5,232.68770020570707,0.524706990245016,0.999752617204496,0.00012703187546456778,159.3197345599305,0.524706990245016,0.999752617204496,0.9992267938438629
306469.7265625,1.2518310546875,330.8544921875,0.1927978515625,0.1771240234375,22241.698145866394,5384.765625,0.287257518200104,0.9995919675702223,4.291770193277233e-5,345.43786390170874,0.46889602857890905,0.9995275054377969,8.713406247933838e-5,194.36527076617594,0.6436150580064128,0.9996160820537304,0.00015810145875688264,129.57400525282853,0.6436150580064128,0.9996160820537304,0.9987360858309515
306689.453125,1.533447265625,63.486328125,0.26479492187500003,0.285888671875,123761.02590560913,2253.90625,0.19022981918042067,0.9995845847795475,9.342633814532958e-5,391.7920868180602,0.2366993429914458,0.9996577257180541,0.0001222098468151757,316.9845217492618,0.28845036036321964,0.9996460545390292,0.00015795206588750622,262.06071179928745,0.28845036036321964,0.9996460545390292,0.9988887753530111
306982.421875,1.906982421875,387.880859375,0.23286132812500002,0.37641601562500004,52983.61539840698,6777.34375,0.359350203016906,0.9973332271310423,5.480959059092462e-5,371.4495404435783,0.6257698919267631,0.9989656151379401,0.00014119640470519103,169.8232881722337,0.8320388093879214,0.9987261956948148,0.0002801175350806631,107.54467547225865,0.8320388093879214,0.9987261956948148,0.995032507470185
307055.6640625,0.5047607421875,277.0654296875,0.27775878906250007,0.1320068359375,100474.30884838104,6400.390625,0.20770418022486486,0.999973813530391,2.8706585866408897e-5,324.41953219077567,0.26974185052139926,1.000073906055731,4.13851921507849e-5,241.29562230426552,0.34304472507964706,1.0000825222592793,5.6349183402730766e-5,190.8756668421635,0.34304472507964706,1.0000825222592793,1.000130243847831
307275.390625,0.786376953125,200.947265625,0.19858398437500002,0.329833984375,74333.8942527771,9269.53125,0.21902825297994077,1.0004330107941455,4.054977748048169e-5,291.35087734538394,0.3038930128389045,1.0003142816599437,6.197735945163208e-5,206.83088909186088,0.3997009049917314,1.0002473472007098,9.144916987293818e-5,155.26753692034154,0.3997009049917314,1.0002473472007098,1.0009949606165076
307348.6328125,1.6253662109375,144.5849609375,0.3096923828125,0.16159667968750002,82029.168009758,9892.578125,0.22484220745896083,1.0002123635695068,6.598190982841777e-5,318.48514981045014,0.3185738165440608,1.0002024344805645,0.00010309517865405837,217.9187936776382,0.4235855676881127,1.0000020580978572,0.00015499466446090976,158.27829359643184,0.4235855676881127,1.0000020580978572,1.000416899991421
307568.359375,1.341552734375,181.357421875,0.168994140625,0.152001953125,13676.887035369873,6105.46875,0.24562284380102642,0.999826535647875,5.4994700884278284e-5,316.0383034888278,0.3676845709360318,0.9998894250300068,9.499911396569058e-5,204.26039779311424,0.49904316866167053,0.9998345087973198,0.00015420418571423486,145.4621155962421,0.49904316866167053,0.9998345087973198,0.9995505356588519
307641.6015625,1.2459716796875,79.8388671875,0.3580322265625,0.3587646484375,152779.37591075897,6728.515625,0.18897604432290782,1.0001891630408648,7.761422465603873e-5,331.4033448091376,0.23386447564113588,0.999804228207409,0.00010070762912463415,267.67653004413785,0.28381509657880594,1.0001555530089925,0.00012924354100351328,220.24870112575755,0.28381509657880594,1.0001555530089925,1.000148906190707
307861.328125,0.965087890625,325.126953125,0.13706054687500002,0.104248046875,36025.819301605225,9597.65625,0.2728683283228409,1.0000197976221625,3.659300190939616e-5,282.81059669215256,0.4316951203860312,1.0001255186971663,7.073712225813378e-5,166.76140879060128,0.5914516764003592,0.9999907142625717,0.0001238828419961683,113.73511560795669,0.5914516764003592,0.9999907142625717,1.0001360317174801
307934.5703125,1.6224365234375,254.1552734375,0.3923095703125,0.38483886718750004,134707.7912092209,9220.703125,0.26345519376897186,0.9999741850556209,5.4807659915568655e-5,383.73332108590216,0.41309007464144215,0.9999345642876799,0.00010090131446613361,223.34609537423816,0.5708758279812,0.9999875024927358,0.00017136649760090796,146.05350083104483,0.5708758279812,0.9999875024927358,0.9998962546656406
308154.296875,0.588623046875,128.896484375,0.36528320312500007,0.23930664062500004,109637.6223564148,5121.09375,0.17807975349096047,1.0003166390553595,4.7845475635723766e-5,339.50225712325124,0.20937808374825342,1.00031019807128,5.8080563972090606e-5,290.3890852720038,0.24353073610326745,1.0000837014227808,7.017615885449399e-5,250.57106374420346,0.24353073610326745,1.0000837014227808,1.0007106892456252
308227.5390625,1.9989013671875,196.0498046875,0.1054931640625,0.25739746093750004,43235.00144481659,5744.140625,0.3084948575901188,0.9993803562227623,6.764121894037004e-5,308.32361278453794,0.5126136413817143,0.9995482062465998,0.0001494366572183301,167.89995936086592,0.695134947236186,0.9995199052451235,0.00028330000074080304,113.74679087695691,0.695134947236186,0.9995199052451235,0.998449261922809
308447.265625,1.718017578125,292.587890625,0.333349609375,0.20444335937500002,88116.18947982788,2613.28125,0.26881017016098446,0.9990877560370464,5.5121587446585845e-5,493.34179848487486,0.42687977762555646,0.9991027798765755,0.00010325727535754513,284.03661702610384,0.5921983711920187,0.9991403712100302,0.00017716787233113505,185.7169113603282,0.5921983711920187,0.9991403712100302,0.9973332803711241
308520.5078125,0.8695068359375,392.9443359375,0.1397705078125,0.2987060546875,61286.63718700409,2236.328125,0.2885095257566184,0.9987987615065895,3.243089437429319e-5,380.1836864947901,0.4636787479057813,0.9992295317280476,6.672312622397526e-5,219.10058783948512,0.6329553087883225,0.999332198372566,0.00012007316812823955,152.35989030802776,0.6329553087883225,0.999332198372566,0.9973627332142749
308740.234375,1.781005859375,81.748046875,0.113916015625,0.33833007812500004,126146.14057540894,3449.21875,0.21912800599125995,0.9997532688887466,8.772132073237627e-5,329.569662886362,0.30383085018162953,0.9997060328461475,0.00013444358834178828,238.4841187331788,0.3978575455361296,0.9997536265303012,0.00019899674842300202,182.8841153811668,0.3978575455361296,0.9997536265303012,0.9992131339918757
308813.4765625,0.7479248046875,152.8857421875,0.3779541015625001,0.1700927734375,24520.277857780457,3822.265625,0.18752630330411688,0.9996806867192948,4.660574754071592e-5,383.3361691304436,0.23058060659157342,0.9998685729189661,5.9922405026684825e-5,311.2761972681662,0.27853051326728623,0.9998798270796467,7.616126808237999e-5,257.592752791725,0.27853051326728623,0.9998798270796467,0.9994291828460624
309033.203125,0.654541015625,246.767578125,0.15463867187500002,0.367919921875,147432.22951889038,4941.40625,0.22335279772478597,1.0000304788095766,3.415882617975058e-5,322.471401084646,0.3138767239698822,0.9999392374689596,5.3451700106210046e-5,227.31720780627688,0.4156668219753348,0.9999787839157308,8.038346520017949e-5,170.78715900992182,0.4156668219753348,0.9999787839157308,0.9999484989848387
309106.4453125,1.8743896484375,348.4521484375,0.33488769531250007,0.12351074218750001,4864.643931388855,4314.453125,0.2777846627423635,0.9989770864606842,5.6129220467710397e-5,446.8437623499886,0.45033081423600496,0.9991273392436095,0.00010833541418310303,249.46570371239702,0.6276906161388949,0.9991640316152107,0.00018923203579264126,160.4781970246457,0.6276906161388949,0.9991640316152107,0.997270933869957
309326.171875,1.028076171875,220.537109375,0.34770507812500007,0.27094726562500004,71641.33024215698,8464.84375,0.22323436533293906,1.0001439561592973,4.426925456363147e-5,344.36890060502463,0.31464353673536033,1.0000975126129583,6.86734845801915e-5,236.55374005436525,0.4171282698866755,1.0000169930911083,0.00010270217642618046,172.02951326795358,0.4171282698866755,1.0000169930911083,1.0002584800044445
309399.4140625,1.5008544921875,120.3466796875,0.16291503906250002,0.2140380859375,98683.92646312714,8837.890625,0.23065590297593583,0.9998919249319381,6.843268606630496e-5,287.64124692506243,0.3278150042088906,1.000177022304501,0.00011085077896769015,195.80553430853232,0.43451114009355984,1.000164056643614,0.00016919486524260663,144.5073965584942,0.43451114009355984,1.000164056643614,1.000232996056469
309619.140625,1.407470703125,362.978515625,0.388427734375,0.32280273437500007,52342.63753890991,7957.03125,0.2715036562134323,0.9997162899577836,4.5290210812175905e-5,404.9984895980966,0.43347959329823627,0.9997391742288537,8.574291832950191e-5,228.93105343673065,0.6018710542175533,0.9996965331966458,0.0001481406421850732,147.0673390462609,0.6018710542175533,0.9996965331966458,0.99915223660826
309692.3828125,1.1214599609375,295.9912109375,0.11984863281250001,0.1920654296875,117066.79618358612,7330.078125,0.283177166542531,0.9998947474358703,4.157453176126949e-5,296.73374235963666,0.45653164443567357,0.9998623889388248,8.371085425518538e-5,171.28798138434541,0.6251836544996598,0.9997930571092659,0.00015088147535748217,116.60913341038192,0.6251836544996598,0.9997930571092659,0.9995502582237814
309912.109375,0.720458984375,343.388671875,0.279150390625,0.201220703125,37882.728099823,8667.96875,0.23290565512109782,1.000168950666963,3.054458466365605e-5,325.2553358353697,0.3394809637165994,1.0000551084726905,4.9646861025010044e-5,216.07019175616588,0.45553710605861,1.000084621975372,7.748283039263058e-5,153.71142783792084,0.45553710605861,1.000084621975372,1.0003087093867538
309985.3515625,1.7498779296875,231.2451171875,0.24787597656250002,0.29548339843750004,118362.3913526535,8041.015625,0.279732646099943,0.9998875401615998,5.932016209910257e-5,342.1523333600811,0.45072043759751196,0.9998030516702274,0.00011695499075763742,193.41718955743963,0.6216636139594004,0.9998683696154486,0.00020787893280159307,127.37686217494817,0.6216636139594004,0.9998683696154486,0.9995590243206538
310205.078125,1.843994140625,157.783203125,0.32221679687500004,0.24252929687500002,16912.217617034912,7160.15625,0.23883135862745264,0.9999554376733891,6.906733676158283e-5,361.4006415912346,0.35348214964404234,0.9998185830810721,0.0001149801975517396,233.53398672888878,0.47882410763715805,0.9999419802205626,0.00018235843377225057,162.95066143055746,0.47882410763715805,0.9999419802205626,0.9997160221701806
310278.3203125,0.6263427734375,97.4365234375,0.20715332031250003,0.2606201171875,138958.7219953537,7533.203125,0.17770778638126564,1.000137047268797,5.781165480423051e-5,284.7021928986704,0.2091317529755144,1.0005540214227666,7.018649967833108e-5,244.3798893772965,0.24277553785333453,1.0003225790711354,8.493147371910293e-5,211.70074046750648,0.24277553785333453,1.0003225790711354,1.001013946638611
310498.046875,1.467529296875,312.177734375,0.17543945312500003,0.11508789062500001,87533.02335739136,3683.59375,0.29587156835371775,0.9992676029272772,4.870442055147948e-5,367.6224717685333,0.4918281280570504,0.9992828614192105,0.00010203992036836881,203.44704646471538,0.6729049471369599,0.9993393613457445,0.00018962489979550845,135.44020184801303,0.6729049471369599,0.9993393613457445,0.9978913081947257
310571.2890625,1.0028076171875,368.7060546875,0.29533691406250007,0.39567871093750007,78390.67161083221,3056.640625,0.2693506190507345,0.9995904158233246,3.626942485541577e-5,446.08433264842495,0.4265516614143848,0.999258154693173,6.872928105254913e-5,259.09741896838034,0.5868891781579955,0.999318995581946,0.0001194246466189107,172.1904347993858,0.5868891781579955,0.999318995581946,0.9981686538681864
310791.015625,1.096923828125,103.994140625,0.21850585937500003,0.141162109375,107179.452419281,4175.78125,0.19630239807600328,0.9999342749658816,6.566381678333049e-5,337.8802963354485,0.25122598526046575,0.9998790405493755,8.893419123212473e-5,265.69415150362124,0.31303625755879744,0.999812813104433,0.00011876935335265063,214.59725563713795,0.31303625755879744,0.999812813104433,0.9996261715131551
310864.2578125,1.3734130859375,214.9755859375,0.2546142578125,0.34792480468750003,59619.75944042206,4548.828125,0.25471557606602574,0.9995133235166672,5.2657951565466296e-5,380.50830950666654,0.391106981457446,0.999564818932576,9.430883377632529e-5,234.68051876318714,0.5346037485285083,0.9996824074783576,0.00015784985491344586,161.19918860520454,0.5346037485285083,0.9996824074783576,0.9987610544277927
311083.984375,1.605224609375,318.154296875,0.3600097656250001,0.22817382812500003,76756.93464279175,4886.71875,0.26615766800254337,0.999383125813951,5.1528894873849134e-5,439.70975514915125,0.4206972178876795,0.9994233102920386,9.54471895932786e-5,254.4531932392765,0.58386979598371,0.9994466359861,0.00016248472979876494,166.06869572371517,0.58386979598371,0.9994466359861,0.9982540881155345
311157.2265625,0.9471435546875,261.7919921875,0.1693603515625,0.28493652343750003,85349.82192516327,4259.765625,0.24980200123184856,0.9996614806865578,3.9843909690220495e-5,344.71475293233294,0.3823687872942728,0.9994201330969756,7.006418580280092e-5,220.54692229925612,0.518319171188341,0.9997404534581259,0.00011745641014662132,154.8474480645561,0.518319171188341,0.9997404534581259,0.9988225018508239
311376.953125,1.228759765625,185.673828125,0.391357421875,0.17807617187500002,56850.86965560913,3378.90625,0.21285344290133415,0.9996744258792288,5.260474609398843e-5,440.99228358047907,0.2900590277753353,0.9997120587906301,7.732399946117819e-5,315.88758000843615,0.3791440508062363,0.9998846395135299,0.00011065732316830159,236.0538622587527,0.3791440508062363,0.9998846395135299,0.9992712886942071
311450.1953125,1.3236083984375,74.8583984375,0.1356689453125,0.30866699218750004,105228.16169261932,3751.953125,0.19683371649069303,0.9997715938887056,8.284255710236678e-5,325.6660937510931,0.2517632011639775,0.9997884179956258,0.00011269967278489512,257.42089132989514,0.3130532457560478,0.9998267138832619,0.00015087451944430057,209.40950391495912,0.3130532457560478,0.9998267138832619,0.9993868503296738
311669.921875,0.852294921875,286.943359375,0.10629882812500001,0.16547851562500002,121524.41740036011,7902.34375,0.2559255390690469,1.0001121785171634,3.609252082847373e-5,284.4807561470759,0.3916585694792069,1.0001907213222263,6.54030469553632e-5,178.59955831496706,0.5336239984556207,0.9999175514724199,0.0001098266885662675,125.96743790117374,0.5336239984556207,0.9999175514724199,1.0002204477312349
311743.1640625,1.7000732421875,399.2529296875,0.3668212890625,0.33356933593750004,39599.41565990448,7275.390625,0.29937412104642036,0.9990639443763114,5.0557858659484e-5,421.70871115690875,0.5002306070537516,0.9993012666780914,0.00010597344852023871,218.0681389457717,0.6926281675271024,0.9994935335803454,0.00019412014308412717,135.32582570171772,0.6926281675271024,0.9994935335803454,0.9978602263224519
311962.890625,1.981689453125,131.884765625,0.13764648437500002,0.12827148437500002,141784.85250473022,8394.53125,0.25616622207801615,0.9998510135171605,7.639299976350521e-5,290.23961886902,0.3917923182465518,1.0000370032486245,0.00013820652831423279,180.9322913049224,0.5341508392068884,0.9998706911348076,0.0002313452047706206,126.74177708625369,0.5341508392068884,0.9998706911348076,0.9997587168687467
312036.1328125,0.5706787109375,192.3974609375,0.3331298828125,0.3725341796875,20523.171305656433,8767.578125,0.19454865924464748,1.0003969224250397,3.718257377909059e-5,312.6778452875124,0.25675265992274204,1.0001140177628636,4.980804744148908e-5,244.55574992421325,0.3149539000437762,1.0003516692403776,6.912937649326527e-5,190.76720321692633,0.3149539000437762,1.0003516692403776,1.000862834382351
312255.859375,0.896240234375,69.794921875,0.192431640625,0.381689453125,96292.67072677612,7230.46875,0.18055889605093658,1.000159057966107,7.718000944047321e-5,288.1165725466426,0.21530289172833633,0.9997556143650649,9.531789187681415e-5,244.13157960154226,0.2518151661208849,1.0002983667645453,0.00011734588681865994,209.1510580862913,0.2518151661208849,1.0002983667645453,1.0002129747536967
312329.1015625,1.5506591796875,170.1513671875,0.2970947265625,0.1009521484375,69225.87859630585,7603.515625,0.22920191992293276,0.9999598198558768,6.122565526264109e-5,339.83427003222016,0.32878994901336733,0.999930083573388,9.756586799031677e-5,228.8476763905669,0.43980690160132263,0.9998878926590075,0.000148786970898669,164.80535259208062,0.43980690160132263,0.9998878926590075,0.9997778112398431
312548.828125,1.269775390625,266.689453125,0.226123046875,0.362060546875,116432.55758285522,8722.65625,0.2719380869702037,0.9999968316677351,4.654969719354736e-5,326.8220901937873,0.4311861909279174,1.000010227887693,8.946606568768516e-5,190.07369017447851,0.592632694746466,0.9999729780882122,0.0001565728198941079,127.05856762930961,0.592632694746466,0.9999729780882122,0.9999800374204731
312622.0703125,1.1771240234375,333.8427734375,0.2657470703125,0.1551513671875,50903.01215648651,8095.703125,0.2673645394965234,0.9996398327387361,4.131460461586316e-5,341.29837571531726,0.4181682175518134,0.999810938095579,7.747213446815446e-5,200.38487482986355,0.5737186699563425,0.9998183335975535,0.0001319678951570678,134.5178766746779,0.5737186699563425,0.9998183335975535,0.9992692722898932
312841.796875,1.643310546875,208.583984375,0.276220703125,0.30024414062500004,27800.49467086792,4246.09375,0.25949523745239234,0.999547811458122,5.9292746719596374e-5,400.1867777752716,0.402261179411367,0.9995702663475513,0.00010799191852311432,241.51604409943135,0.5543540952538387,0.999505023259249,0.00018220439760827594,163.8620429202438,0.5543540952538387,0.999505023259249,0.9986237318203451
312915.0390625,0.8035888671875,137.6123046875,0.23205566406250003,0.20583496093750003,130768.06724071503,4619.140625,0.1955146126670613,0.9997631938674995,5.102686931413387e-5,335.0251112908571,0.2494695108838131,0.9998929332003107,6.881660514900355e-5,264.10817345542955,0.3100950389394241,0.999829724756617,9.159528270204136e-5,213.56091165086156,0.3100950389394241,0.999829724756617,0.999485935727232
313134.765625,0.522705078125,382.900390625,0.309912109375,0.25600585937500003,6350.106716156006,3738.28125,0.21806200531347317,0.9996133908641164,2.505517042666282e-5,397.615354939322,0.30214794840656467,0.9996314402396698,3.792294223871694e-5,281.5883611422912,0.39983271354790695,0.9995362494164449,5.570710482174105e-5,209.35541186174333,0.39983271354790695,0.9995362494164449,0.9987815731527387
313208.0078125,1.9241943359375,281.3818359375,0.20070800781250003,0.23776855468750002,151470.09360790253,3111.328125,0.3135310746531313,0.9988695018984876,6.0243421679590726e-5,404.462193458075,0.528085478634445,0.9990264849666073,0.00013416566503786232,211.48333967276596,0.7191860614163157,0.9991625507236594,0.0002549703095755225,138.56245084377943,0.7191860614163157,0.9991625507236594,0.997061399228268
313427.734375,0.632568359375,161.435546875,0.24985351562500002,0.12739257812500002,43409.35468673706,2324.21875,0.1893086599755195,0.9996035034483719,4.33328428960702e-5,385.2884574412259,0.24773799694104973,0.9996197644622288,5.6335801282296294e-5,311.5911852594815,0.29987449500954483,0.9999818246313827,7.733733170528128e-5,248.11775793516983,0.29987449500954483,0.9999818246313827,0.9992052574187148
313500.9765625,1.8494873046875,94.4482421875,0.2795166015625,0.37165527343750004,113005.18691539764,2947.265625,0.2173463673944657,0.9997813438005679,8.476677146049815e-5,404.6479121840678,0.3001346956810668,0.9997048441573193,0.00012820492320064438,288.69694398302886,0.39272900319372633,0.9996145743064596,0.0001878860973210478,217.00078390598011,0.39272900319372633,0.9996145743064596,0.9991010248134898
313720.703125,1.756103515625,337.080078125,0.20620117187500003,0.16635742187500002,67104.257106781,5816.40625,0.31577649216041753,0.9991965626691319,5.396387535429568e-5,358.2215750324603,0.5339562620753041,0.9993841954906454,0.00012081313743371864,184.81521243228633,0.7298259017015305,0.9994059553906292,0.00022836528759799974,119.79764394084013,0.7298259017015305,0.9994059553906292,0.9979880511097927
313793.9453125,0.7259521484375,236.8896484375,0.32082519531250003,0.3344482421875,93555.48560619354,5439.453125,0.2125088934007946,1.00004829365278,3.679209663108051e-5,365.25391566191865,0.2887482443282974,0.9998490314453339,5.4263202589982556e-5,264.2797356050581,0.37497534247506864,0.99978169640304,7.786704223518935e-5,199.98932923511663,0.37497534247506864,0.99978169640304,0.9996790366262229
314013.671875,1.379638671875,108.974609375,0.296142578125,0.19125976562500002,153906.40592575073,9339.84375,0.2039714120300464,1.0002689613361788,6.97043141400178e-5,307.5285008021117,0.26866675198131496,1.0003211239999978,9.826714672694689e-5,231.17593066923848,0.3414574826580615,1.000302371057098,0.00013571808991955027,179.7933286466824,0.3414574826580615,1.000302371057098,1.0008927212140573
314086.9140625,1.1024169921875,210.6591796875,0.17697753906250002,0.32185058593750004,15528.683543205261,9962.890625,0.24576850107062034,1.0002659865880252,4.6990086563500877e-5,293.607751517751,0.36795407416781295,1.0001992532480082,8.131866837169544e-5,188.0760402314774,0.4990659804437692,1.0001699468245762,0.0001324259502601436,132.34615624715437,0.4990659804437692,1.0001699468245762,1.000635318734341
314306.640625,1.009033203125,304.541015625,0.25249023437500007,0.21499023437500003,134473.0086326599,6832.03125,0.2505474985764666,0.9999616230380713,3.895627703934335e-5,345.2070327228405,0.3804506383418542,0.9998028821117153,6.840876241233961e-5,215.5668353381292,0.5199474402903257,0.9997965534984415,0.00011245752705401192,148.95601925881877,0.5199474402903257,0.9997965534984415,0.9995611141220783
314379.8828125,1.4730224609375,375.6787109375,0.21828613281250003,0.27175292968750003,31442.620158195496,6455.078125,0.313880186615327,0.9993381698115952,4.644668035592877e-5,358.3475486734658,0.5294007026598283,0.9994349490108532,0.00010343602827680282,184.71327817938078,0.7250154586672841,0.9994026303128271,0.0001959150939022007,119.12484662008548,0.7250154586672841,0.9994026303128271,0.9981768557813062
314599.609375,1.868896484375,242.451171875,0.3775878906250001,0.26215820312500004,106003.36408615112,9542.96875,0.2585946336177187,0.9998941770282609,6.137587264409045e-5,375.6744875779144,0.40207282691833884,0.9998813024233022,0.00011041877646396531,222.8172870766818,0.5561751311701674,0.999892235191611,0.0001844690926161688,147.03880373901697,0.5561751311701674,0.999892235191611,0.9996677513981647
314672.8515625,0.6483154296875,353.4326171875,0.1119384765625,0.24392089843750003,57892.95470714569,9166.015625,0.2507217994377543,1.000179665273644,2.8712474045988297e-5,279.8260221151235,0.38363215138510903,0.9998017391281621,5.081969617577134e-5,178.12794365340156,0.5198723766655653,0.9998945406616505,8.544246226607294e-5,124.75989055198997,0.5198723766655653,0.9998945406616505,0.9998759114076988
314892.578125,0.742431640625,88.720703125,0.336279296875,0.29409179687500003,84624.04012680054,6035.15625,0.17580946928263905,1.0001645769788707,6.473277734735732e-5,320.74922977888684,0.20432324412314606,1.0002011848352397,7.75963831306444e-5,277.29131472950775,0.235402725603979,1.0002869633160045,9.243856389619418e-5,242.26402667326528,0.235402725603979,1.0002869633160045,1.0006528632102318
314965.8203125,1.7747802734375,145.2490234375,0.15559082031250002,0.19968261718750002,77320.46210765839,6658.203125,0.25203202068550473,0.9998782195679806,7.008292350852577e-5,311.9015046236233,0.38298712980149124,0.9999023179440983,0.00012452292051319454,197.19982240702012,0.5220114197626636,0.9998582580752238,0.000206411781688409,138.8635900010329,0.5220114197626636,0.9998582580752238,0.999638838588415
315185.546875,1.115966796875,359.990234375,0.161376953125,0.34477539062500007,18077.151775360107,2558.59375,0.29689021042821884,0.999215763198744,3.930495221684548e-5,391.3264406285351,0.4884964339254273,0.9990816445449283,8.309666404010221e-5,217.48130090694553,0.6676307091119295,0.9992697670412916,0.00015405589101587214,147.26530346896544,0.6676307091119295,0.9992697670412916,0.9975691377561694
315258.7890625,1.4012451171875,299.6435546875,0.3468994140625,0.1378662109375,144688.06540966034,2181.640625,0.24728726311623012,0.9992744200328973,4.8191386468129234e-5,508.86749359108876,0.37716857267173515,0.9991272536036044,8.269172080113406e-5,315.9589175191843,0.5167664436959446,0.9991511746372431,0.00013479540297373703,213.26804434187642,0.5167664436959446,0.9991511746372431,0.9975548376834854
315478.515625,1.495361328125,226.181640625,0.12006835937500002,0.39897460937500007,39867.928981781006,5050.78125,0.28969866338937816,0.9995730386354532,5.464871919857213e-5,325.5728125814367,0.47083279319327165,0.9996047638901001,0.00011307996917259121,185.51599732499216,0.6432403294665926,0.9996267612456202,0.00020716029405752474,126.58452746574257,0.6432403294665926,0.9996267612456202,0.9988050393346993
315551.7578125,1.0218505859375,114.0380859375,0.39055175781250007,0.11823730468750002,125357.64396190643,5673.828125,0.18557428430201828,1.000511069765719,6.147435970949564e-5,353.1821779583403,0.22618477986999425,0.9999465351839767,7.811096546019569e-5,289.0971848520113,0.27413294605605265,1.0001620642917772,9.82255971352594e-5,240.5581631469694,0.27413294605605265,1.0001620642917772,1.0006197160742156
315771.484375,1.956787109375,217.216796875,0.19594726562500003,0.18598632812500002,114491.67585372925,7511.71875,0.28709927897047444,0.999706525878643,6.531344076519596e-5,329.00093371565697,0.46763042925872295,0.9998061590287693,0.0001325595234421172,183.81818028124252,0.643407928190938,0.9997502499477184,0.00023965932242640264,121.69537953331078,0.643407928190938,0.9997502499477184,0.9992631134352017
315844.7265625,0.5487060546875,107.7294921875,0.3146728515625,0.3177490234375,47887.17544078827,7134.765625,0.17414108078922144,1.0003556321874072,5.357479637650061e-5,303.2174407954461,0.20072278426661166,1.0003455102489576,6.34412797737697e-5,265.0247188645005,0.2310870766320096,0.9998977998597738,7.477452822547344e-5,233.28561646471692,0.2310870766320096,0.9998977998597738,1.0005989935012911
316064.453125,0.830322265625,371.611328125,0.23666992187500002,0.220263671875,95837.86916732788,8003.90625,0.25366231624125285,1.0002587332575732,3.234232425127906e-5,329.5013481091893,0.40130643208271916,0.9996961691588404,5.75649081478345e-5,203.62024715192715,0.543487253802419,0.9998763650254183,9.995927649203479e-5,135.9377863979627,0.543487253802419,0.9998763650254183,0.9998311944160464
316357.421875,1.203857421875,101.005859375,0.260986328125,0.12329101562500001,9704.074382781982,4527.34375,0.1955844831869555,0.9997991157578126,6.960345422670969e-5,344.814204584448,0.2483698650371446,0.9999303364018294,9.378580497902124e-5,271.3064024436556,0.3079513439010244,0.9998797166677039,0.00012411276355259968,219.42799460225658,0.3079513439010244,0.9998797166677039,0.9996092153623775
316430.6640625,1.3016357421875,160.1904296875,0.2308837890625,0.36638183593750007,155619.9997663498,4150.390625,0.23177154128156985,0.9997095016597246,5.795903675016656e-5,368.16443586678105,0.33447131316381334,0.9997483456572872,9.40829105116947e-5,248.70799394241652,0.44756136728951834,0.9997067595261753,0.00014583103738943426,180.89254947460805,0.44756136728951834,0.9997067595261753,0.9991648389080282
316650.390625,1.583251953125,232.822265625,0.30170898437500004,0.170458984375,29333.5280418396,3019.53125,0.25034122416098054,0.9994328131813592,5.630400492448006e-5,442.9454453476503,0.38093075523511466,0.9994435191566857,9.831124094563187e-5,274.69948004921855,0.5223943290004573,0.9993493069623696,0.00016088016683232564,188.04331095395207,0.5223943290004573,0.9993493069623696,0.9982266858863605
316723.6328125,0.9222412109375,346.4599609375,0.18781738281250002,0.3397216796875,134451.34818553925,3642.578125,0.26903209483094054,0.9994246427652536,3.548431788281517e-5,373.3632999528081,0.4237331087546138,0.999432994542524,6.754513640621089e-5,222.9837024621396,0.5834528847514516,0.9995513377495356,0.0001174680419706853,153.0049414160675,0.5834528847514516,0.9995513377495356,0.9984098136766543
316943.359375,0.544677734375,298.232421875,0.328369140625,0.34887695312500006,55602.11896896362,4355.46875,0.20893287580184747,0.9998853371484854,2.9132104862803677e-5,384.6103082180783,0.2802516208428085,0.9998227970048523,4.2192231932602456e-5,282.7442274127849,0.36045807371340943,0.9997641109329197,5.9619045755239454e-5,216.50016144552993,0.36045807371340943,0.9997641109329197,0.9994723342480275
317016.6015625,1.9490966796875,366.7138671875,0.14240722656250002,0.14313964843750002,104645.43426036835,4978.515625,0.36491894609753417,0.9974295911007695,5.6768128744406774e-5,343.94882743494685,0.6338697438728021,0.9988594256780868,0.0001494776621573307,162.4981826783546,0.8416201512684816,0.9987940877350273,0.0003018093808240524,108.18566464099212,0.8416201512684816,0.9987940877350273,0.9950905078410283
317236.328125,1.668212890625,123.251953125,0.371435546875,0.394873046875,75716.18795394897,3847.65625,0.21973908537943138,0.9997400568486849,7.288164864542442e-5,425.4160655044131,0.3060749977275833,0.9996900193222104,0.0001113223174477305,296.47904729261046,0.40294467709487986,0.9997198958868067,0.0001644276067796868,217.83193259572317,0.40294467709487986,0.9997198958868067,0.9991502122504948
317309.5703125,0.8255615234375,222.2802734375,0.1016845703125,0.11296386718750001,84661.98432445526,3470.703125,0.2305782788702769,0.9996092414547803,4.050669609556512e-5,327.13117672573935,0.3311424315386495,0.9996633569712173,6.557332561060572e-5,227.05529741474675,0.44144937054152594,0.9996732009422791,0.00010139998849446954,169.86526414027932,0.44144937054152594,0.9996732009422791,0.9989461685855767
317529.296875,1.291748046875,352.021484375,0.130908203125,0.267431640625,146715.2590751648,7371.09375,0.315835403011527,0.9996224659712316,4.338324098136054e-5,311.3032165455995,0.5315691333647905,0.999642183526625,9.787935221095755e-5,163.5571111665415,0.7196357387493029,0.9997599464495489,0.00018860527991694737,107.91147715624521,0.7196357387493029,0.9997599464495489,0.9990249075263709
317602.5390625,1.2020263671875,249.1748046875,0.3961181640625,0.24802246093750002,22537.30857372284,7994.140625,0.22956674804659016,0.9999103061890219,4.6512650571857987e-5,378.1457129720942,0.330479306277966,0.9999572018671707,7.408983721973279e-5,250.98888066716978,0.44371474690430757,0.9999467099978213,0.00011310355404398372,177.63520483143014,0.44371474690430757,0.9999467099978213,0.9998142289530331
317822.265625,0.921142578125,154.462890625,0.17397460937500003,0.288818359375,126307.96194076538,8863.28125,0.21200827160795446,1.0002619081883044,5.045459260198073e-5,289.5233303867102,0.2878197808437177,1.0002634523090663,7.443360763705727e-5,211.95673232038015,0.373425603586929,1.0001655445715265,0.00010705501589724924,162.25894498386745,0.373425603586929,1.0001655445715265,1.0006910610512154
317895.5078125,1.5726318359375,84.8193359375,0.35539550781250007,0.19558105468750003,43420.12107372284,8486.328125,0.19442617999884668,1.0002279959690552,8.310585408361129e-5,322.9088425850887,0.24643715896698012,1.0001634133193842,0.00011112764176367705,253.118446591497,0.30477504940390054,1.0002210827735518,0.00014648331998705146,203.22628504519787,0.30477504940390054,1.0002210827735518,1.0006126158616575
318115.234375,0.984130859375,389.873046875,0.38579101562500007,0.160205078125,88884.66596603394,9199.21875,0.23888293958054857,1.000936531874076,3.531753828026474e-5,368.5011285874897,0.3532135569245596,0.9998668520166246,5.842234042054667e-5,235.5546089401808,0.4797103296505802,0.9999061986730489,9.171973919652976e-5,162.6594803109173,0.4797103296505802,0.9999061986730489,1.000709382519641
318188.4765625,1.4510498046875,291.0107421875,0.12482910156250002,0.3294677734375,81522.4140882492,9572.265625,0.3123757843968714,0.9998782369045801,4.9437446550905765e-5,295.37954052150445,0.5226793011625194,0.9999179080983999,0.00011063410890999044,155.5814988098715,0.7085260511470812,0.9997666925661155,0.0002116143538561251,102.33383381634088,0.7085260511470812,0.9997666925661155,0.9995628951234137
318408.203125,1.357666015625,193.642578125,0.35151367187500004,0.133544921875,109086.40432357788,6691.40625,0.2214711669808044,0.9999383089077796,5.483787699803615e-5,369.5342764813747,0.31170750959237964,0.9997842668336958,8.409452453844585e-5,255.45429656878764,0.4132102634351426,0.9998509538644732,0.00012505285774065344,185.8343655105195,0.4132102634351426,0.9998509538644732,0.9995735842617932
318481.4453125,1.0775146484375,125.3271484375,0.1567626953125,0.37663574218750007,59279.744029045105,6064.453125,0.21136285484156214,1.000077688706423,5.998002914789775e-5,310.027310714554,0.2853288267688808,0.999903595230924,8.827176638372278e-5,228.88706530853625,0.3680629508781551,0.9999868019493505,0.0001261981188359102,177.09287514051564,0.3680629508781551,0.9999868019493505,0.9999680786442503
318701.171875,1.731201171875,252.412109375,0.15083007812500002,0.22407226562500004,35744.29655075073,2214.84375,0.3013335767601229,0.9989053187478301,5.8221135053391434e-5,396.2399190207511,0.5029989503397966,0.9989711595574787,0.00012491398933444067,218.73008441406444,0.6846867060611177,0.9990059360308582,0.00023578283437284274,147.40946267001348,0.6846867060611177,0.9990059360308582,0.9968856503853484
318774.4140625,0.7039794921875,322.2216796875,0.3410400390625,0.2796630859375,123670.95649242401,2587.890625,0.22163491230077462,0.9995288347758631,3.1723063579894246e-5,453.36810619332226,0.3107079742029156,0.9995847091328207,4.88606612340268e-5,313.9399551583242,0.4108712773900486,0.9995409438186977,7.261673990879811e-5,230.14258312955778,0.4108712773900486,0.9995409438186977,0.9986550902413204
318994.140625,0.610595703125,76.103515625,0.11655273437500001,0.182177734375,18547.898769378662,5707.03125,0.17308961458777103,1.0003323523898653,6.934348645530134e-5,288.6638520383315,0.1977877984789364,0.9999342744958059,8.168144335609146e-5,254.73460483129762,0.2245086379773236,0.9999777191534092,9.549091237478355e-5,226.99763380767544,0.2245086379773236,0.9999777191534092,1.0002443182548657
319067.3828125,1.8245849609375,179.1162109375,0.37297363281250007,0.3139404296875,144110.955119133,5080.078125,0.24161650019815184,0.9997363641004564,6.675856126654069e-5,423.466046732522,0.35958358894467674,0.9996290246759971,0.00011237675188682447,268.445992432015,0.4893227535038966,0.9996703138453639,0.00017906742262758341,184.92419052684662,0.4893227535038966,0.9996703138453639,0.9990360096145205
319287.109375,1.517333984375,141.513671875,0.21352539062500003,0.30434570312500003,68500.892162323,2917.96875,0.2324754534963567,0.9994759398565229,6.613407798011098e-5,388.22283920575416,0.33623444923436613,0.9994544348138233,0.00010764705829848105,262.77738582127506,0.4504077855046927,0.99958247542255,0.0001672805483919348,191.78007801763653,0.4504077855046927,0.99958247542255,0.9985135824773558
319360.3515625,1.0467529296875,199.3701171875,0.25725097656250007,0.2111083984375,95856.10473155975,2291.015625,0.2229945894804132,1.000180952542452,4.7847511120946787e-5,421.786788473995,0.3134314502814243,0.9994487475511002,7.427470845052978e-5,294.48121422998383,0.4157070932385054,0.999411022056932,0.00011104451171833555,218.46530621376903,0.4157070932385054,0.999411022056932,0.9990408405571802
319580.078125,1.140869140625,274.658203125,0.18159179687500002,0.25190429687500004,49357.16390609741,5410.15625,0.2663372558490065,0.9996147493492564,4.376906368308157e-5,341.57266854587596,0.4150666790292313,0.999781000055943,8.247300515469294e-5,205.12313796647413,0.5680485787804928,0.9997233086171354,0.00014135829105555358,141.32659658400746,0.5680485787804928,0.9997233086171354,0.999119309559794
319653.3203125,1.4232177734375,384.3115234375,0.29152832031250003,0.23249511718750002,118871.25861644745,5783.203125,0.28650195473639617,0.9992921971991595,4.540396432760716e-5,399.08752066975075,0.46855513785197245,0.9993992642295009,9.123860471588882e-5,218.5452646222161,0.6486596897021546,0.9994679046695193,0.00016367100604665441,140.69032188868863,0.6486596897021546,0.9994679046695193,0.9981604873416559
319873.046875,0.764404296875,174.052734375,0.31606445312500003,0.386962890625,135106.9369316101,9933.59375,0.20206248724668768,1.0005326844306186,4.4257205451354016e-5,310.8748705772365,0.2641255160763983,1.0004626608800162,6.182245609733028e-5,235.50845216204735,0.33506985983744064,1.0002234037185735,8.478087454631353e-5,184.03281798126457,0.33506985983744064,1.0002234037185735,1.0012192179003578
319946.2890625,1.7996826171875,60.5810546875,0.21096191406250003,0.1050537109375,32075.82175731659,9306.640625,0.19388791262873556,1.0003305616472145,0.00010191331506333353,283.75734499223404,0.24512450619287304,1.0004548518319198,0.00013609396023375855,224.66050529463547,0.3024473555958908,1.00009408761446,0.00017920921295283825,182.25318673429192,0.3024473555958908,1.00009408761446,1.0008797253619923
320166.015625,1.893798828125,327.119140625,0.28413085937500004,0.356787109375,154305.85622787476,6425.78125,0.31462304189849705,0.9990652054567523,5.7573272018623385e-5,398.34100011113145,0.5320855417977554,0.999309796260857,0.00012826674244071747,200.54313258111713,0.7275870211501573,0.999462968721963,0.0002427677875875454,126.1928515450479,0.7275870211501573,0.999462968721963,0.9978394879666739
320239.2578125,0.6702880859375,268.1005859375,0.24523925781250003,0.1510498046875,10055.397868156433,6798.828125,0.21452918061167559,1.0000314509582606,3.370844178102759e-5,326.0914361664192,0.293545113116221,1.0000204337173244,5.0201948789361526e-5,235.27325220551836,0.38215189295444246,1.000072031917212,7.272457355014933e-5,177.7850164687148,0.38215189295444246,1.000072031917212,1.000123920972856
320458.984375,0.808349609375,116.279296875,0.14438476562500002,0.27504882812500003,27110.755443572998,6636.71875,0.19321994254577612,1.000269875625198,5.693366476340562e-5,294.2629646090164,0.24429929759921032,1.0000960135964465,7.58077990734028e-5,235.1735911315318,0.30024597509983864,1.0001967011957917,0.00010009916625834115,191.96245184820788,0.30024597509983864,1.0001967011957917,1.00056268830511
320532.2265625,1.6502685546875,229.9169921875,0.3287353515625,0.21931152343750002,132058.5926771164,6009.765625,0.25069673880541166,0.9996848794881958,5.808818441717224e-5,393.7364074831496,0.3819445111313072,0.999660932739733,0.00010152884682426914,242.4602233900617,0.5242663006247894,0.9997215070708118,0.00016630153811650954,164.5559803314189,0.5242663006247894,0.9997215070708118,0.9990676083027019
320751.953125,1.931884765625,302.548828125,0.100732421875,0.318701171875,10236.67287826538,9128.90625,0.3668437642687409,0.9991073822845152,5.910923412081153e-5,295.3295296889279,0.6321806941827732,0.9995044533410075,0.0001580372393259979,138.3514956906605,0.8244179096273898,0.999497808652889,0.00032349209002644565,91.12957887469952,0.8244179096273898,0.999497808652889,0.9981107835141394
321044.921875,1.555419921875,148.818359375,0.39692382812500004,0.343603515625,100404.42228317261,5652.34375,0.22086651765505205,0.9997413014655355,6.554834954452844e-5,403.2259736378261,0.3090216090225489,0.9998434314974207,0.0001005042866472464,278.45866393462785,0.4081971299126473,0.9998529779947888,0.0001488990597070899,202.76002917064764,0.4081971299126473,0.9998529779947888,0.9994378125092247
321118.1640625,0.9031982421875,91.1279296875,0.1324462890625,0.1741943359375,72881.52015209198,5025.390625,0.18782988099804077,0.999985293121081,6.79312884068325e-5,305.86239896477815,0.23077136613170768,1.0000346718604396,8.77875781791712e-5,250.98129444790186,0.27930668044143403,0.9999563775788564,0.00011183707844903062,210.51054543140353,0.27930668044143403,0.9999563775788564,0.9999763411795635
321337.890625,1.184814453125,355.009765625,0.353271484375,0.362646484375,120650.81930160522,2144.53125,0.26432861142145464,0.9991097042966406,4.131899692812518e-5,528.6583397523812,0.41482324091346934,0.9990419091458483,7.643367731087102e-5,307.54520049527764,0.5726179787459076,0.9991240698030387,0.00013025662993120047,202.19284461489738,0.5726179787459076,0.9991240698030387,0.9972781545401452
321411.1328125,1.2738037109375,245.5224609375,0.1737548828125,0.1194091796875,49749.97794628143,2517.578125,0.2593240427429864,0.9992485145992067,4.8876155101922046e-5,388.52009806945046,0.4109116066350674,0.9991612201148055,8.927547512570065e-5,240.85259001483578,0.5583755547706786,0.9993812825822991,0.00015584523146899176,165.42116896282164,0.5583755547706786,0.9993812825822991,0.997792631161984
321630.859375,1.693115234375,377.919921875,0.314306640625,0.109814453125,122664.31379318237,5480.46875,0.2789257991999051,0.9992376207550571,5.164987882394702e-5,415.0007649950113,0.45213941165694216,0.9992347982728002,0.00010031098520998291,231.77110658357103,0.6295319159788075,0.9993153746676643,0.0001758364417103645,149.44434857551204,0.6295319159788075,0.9993153746676643,0.9977894224906747
321704.1015625,0.8475341796875,308.2763671875,0.1939697265625,0.3915771484375,36240.19134044647,5853.515625,0.25248681088650876,0.9999396288020574,3.5587530507390137e-5,340.62703984206945,0.3840257450587386,0.999916000833528,6.340359181813362e-5,213.5541529813604,0.52336846526383,0.999859147536209,0.00010535941066217883,149.14897170096376,0.52336846526383,0.999859147536209,0.999714802577132
321923.828125,0.566650390625,213.564453125,0.27299804687500007,0.14643554687500002,142987.55025863647,2972.65625,0.19360944988320453,0.9995267640877981,3.6040779336563186e-5,381.59435233990007,0.2454439923498568,0.9997351470548503,4.803008362313355e-5,302.8135382846726,0.303431903864191,0.9998343670090455,6.329555266517772e-5,245.97970004559437,0.303431903864191,0.9998343670090455,0.9990965257207239
321997.0703125,1.9739990234375,110.7177734375,0.23762207031250002,0.3520263671875,13462.246775627136,2345.703125,0.2322279210878556,0.9995259534170919,8.320779673034055e-5,418.71261116549977,0.33569200405218447,0.999467445511689,0.0001352515729705395,282.6160392642401,0.4496664396720333,0.9995448192379445,0.00020999049069222417,205.37760558957248,0.4496664396720333,0.9995448192379445,0.9985389286928905
322216.796875,0.940185546875,240.458984375,0.22934570312500002,0.19711914062500002,83575.76322555542,6496.09375,0.2307021152188663,1.0001730770209039,4.17183346671582e-5,334.63687607707436,0.33337378691229924,0.999991326312702,6.724931473834288e-5,226.05566267744763,0.4486877643023678,0.999934385994208,0.00010417177658344759,163.40984680779798,0.4486877643023678,0.999934385994208,1.000098777039535
322290.0390625,1.6004638671875,339.4873046875,0.26018066406250007,0.29020996093750007,91653.07700634003,6869.140625,0.29979431397587486,0.9993849055318844,5.0892420058564145e-5,374.78599724035416,0.49852017524279263,0.9994130627576182,0.00010766794778450817,198.31063739539056,0.6859861977744613,0.9996228904353898,0.00019902664050013217,126.97180119512602,0.6859861977744613,0.9996228904353898,0.9984216729082536
322509.765625,1.319580078125,96.025390625,0.188037109375,0.24663085937500004,64571.298122406006,9988.28125,0.20433001161149913,1.000407861520426,7.386676080284649e-5,282.9412402786904,0.2686857459491657,1.0002547144030949,0.00010462114085208576,213.69281760337498,0.34081324800712537,1.0004566506884092,0.00014474828986973755,167.51830665760008,0.34081324800712537,1.0004566506884092,1.001119633113326
322583.0078125,1.2210693359375,164.5068359375,0.3038330078125,0.26589355468750003,113479.49302196503,9361.328125,0.2188786580316221,1.0001979661861622,5.572464645214657e-5,325.10477610599713,0.30388394692703813,1.000210695220407,8.4806019509557e-5,228.3327639032251,0.39923873902616935,1.000195986214735,0.0001248263680252996,168.92656137756904,0.39923873902616935,1.000195986214735,1.0006047694320104
322802.734375,1.429443359375,278.310546875,0.25922851562500004,0.3805175781250001,24919.24238204956,8074.21875,0.278804520386012,0.9998891908381188,5.004886935867596e-5,354.25181428820684,0.4481919528160507,0.9998118655360578,9.850574573462965e-5,199.8970389873144,0.6174032168890884,0.9998715329277554,0.0001750763232603229,131.1622501572186,0.6174032168890884,0.9998715329277554,0.9995726485506885
322875.9765625,1.1463623046875,381.3232421875,0.21389160156250003,0.13728027343750002,151406.92031383514,8697.265625,0.28017879858537864,0.9998405797193188,3.936621874793969e-5,326.7931019997912,0.45736700506518224,0.9997234387121801,7.77320206988579e-5,185.08538427905302,0.6279781616992689,0.9998455525385271,0.00014034350721154817,121.10076342312337,0.6279781616992689,0.9998455525385271,0.9994096823889412
323095.703125,1.052978515625,135.205078125,0.29057617187500007,0.32573242187500007,45986.581325531006,7566.40625,0.20413362225570933,1.0002163770734687,5.759324882875303e-5,327.36607061721037,0.2688725369707586,1.0002311460181013,8.141206141132478e-5,246.08783662278134,0.3416691416792647,1.0002789836800678,0.0001126160928641825,191.6873377538838,0.3416691416792647,1.0002789836800678,1.0007266816519291
323168.9453125,1.5228271484375,205.0146484375,0.18020019531250003,0.15632324218750002,130788.39576244354,7189.453125,0.26311914837876915,0.999893826795859,5.756612641945716e-5,320.833737566024,0.4079430039290747,0.9997890808500937,0.00010690517897497055,194.13329015171234,0.5578245786658625,0.9998717006836519,0.00018177688759220162,133.63127476382286,0.5578245786658625,0.9998717006836519,0.9995546714034257
323388.671875,0.676513671875,332.099609375,0.21176757812500002,0.31313476562500003,103843.96696090698,3089.84375,0.24165186809362452,0.9988374195299654,3.084288557581111e-5,385.55935204042186,0.353099530578494,0.9994045445389577,5.251888804294086e-5,252.34355889765868,0.47467939368508477,0.9994283066382662,8.291913939661747e-5,182.81935075204666,0.47467939368508477,0.9994283066382662,0.9976719676337873
323461.9140625,1.8992919921875,263.7841796875,0.3176025390625,0.18122558593750002,54135.159373283386,3712.890625,0.26736944286547804,0.9991811337187727,6.145386491902756e-5,449.6511724507776,0.4231705744005872,0.9992320496016154,0.00011461517230499678,260.85678931812345,0.586610811835808,0.999276589126728,0.00019611723096793192,171.59108878849003,0.586610811835808,0.999276589126728,0.9976915487613269
323681.640625,1.805908203125,166.416015625,0.24311523437500002,0.280615234375,84056.07748031616,4582.03125,0.2512392546370035,0.9996341197638762,6.845307114692681e-5,378.418942834056,0.38184653518090655,0.9995674689110882,0.00012078374709363168,236.42642610593524,0.521652223180535,0.9996571911559518,0.00019922337889129684,163.95517209853443,0.521652223180535,0.9996571911559518,0.9988592117337053
323754.8828125,0.7698974609375,67.5537109375,0.2839111328125,0.22487792968750003,74688.01200389862,4205.078125,0.1704045702724443,0.9999592985165078,7.922549646472411e-5,332.570504576354,0.19358520155965006,0.9997871097947654,9.162651263615379e-5,296.56904342176455,0.21750512636519487,1.0000411847197765,0.00010630264528666281,265.1717949532133,0.21750512636519487,1.0000411847197765,0.9997875912522511
323974.609375,1.072021484375,189.326171875,0.12446289062500002,0.23403320312500003,161446.60139083862,3792.96875,0.23582408557962095,0.9997253645483817,4.9726183542071e-5,335.7564272898801,0.3440287292857731,0.9996904041013875,8.247393745421372e-5,227.3122167475506,0.4616138143282444,0.9997830062522818,0.00013008390195119466,167.0265799843189,0.4616138143282444,0.9997830062522818,0.9991989866841605
324047.8515625,1.3514404296875,130.3076171875,0.3838134765625001,0.2532958984375,10966.929316520691,3416.015625,0.20394381574583217,0.9996898838758166,6.54645866734084e-5,426.6912116180381,0.2686921188652592,0.9997271071527061,9.215306119572711e-5,319.13260923883195,0.34177123009532634,0.99969990655803,0.0001270311153215999,246.9886431959813,0.34177123009532634,0.99969990655803,0.9991171571467973
324267.578125,1.445556640625,396.845703125,0.15815429687500002,0.20971679687500003,140475.84676742554,4285.15625,0.3293103965593453,0.9991372581584892,4.559254349126675e-5,362.5726140636,0.5637397640835521,0.9991269222896216,0.0001073847901556794,184.29889850058157,0.760902480697989,0.9992077970376182,0.00021040665147924631,121.18944788406206,0.760902480697989,0.9992077970376182,0.9974741052510723
324340.8203125,0.9779052734375,283.3740234375,0.35246582031250007,0.30280761718750004,34356.472849845886,4908.203125,0.23245794625602464,0.9997087281046245,3.997665285292531e-5,410.61879549880825,0.3395705210542571,0.9995325766420368,6.471492045997636e-5,270.80468909161084,0.4558818801355309,0.9997843430914163,0.00010106175220686406,190.43849749567048,0.4558818801355309,0.9997843430914163,0.9990259475738767
324560.546875,1.819091796875,73.115234375,0.33950195312500003,0.14790039062500002,48150.69913864136,8808.59375,0.19331056799115368,1.0002599237846652,9.501587752906715e-5,317.39352755662054,0.24388749150638336,1.0002547783358597,0.0001262250652504252,250.331528087396,0.30054193765441645,1.0001294195176809,0.00016543564882551362,201.94259350279225,0.30054193765441645,1.0001294195176809,1.0006442544822258
324633.7890625,0.6043701171875,182.7685546875,0.1500244140625,0.3534912109375,115843.24729442596,8431.640625,0.20059568376938397,1.0003834561983205,4.003800685712861e-5,286.84098989773435,0.2605196670743604,1.0002237613204459,5.5589956794110276e-5,221.185924530288,0.32899654172977477,1.0001596371245924,7.598714562305451e-5,175.73444918043774,0.32899654172977477,1.0001596371245924,1.00076703739418
324853.515625,0.698486328125,258.056640625,0.3731933593750001,0.108349609375,66912.17947006226,7300.78125,0.20163057216571711,0.9999784351032976,3.5222129427342354e-5,350.7083013596609,0.2620197722248537,0.9999828301599967,4.8954051632664614e-5,264.90646691636135,0.33010329935519256,0.9999433612545464,6.63173124270709e-5,207.4369359183568,0.33010329935519256,0.9999433612545464,0.9999046290819724
324926.7578125,1.7249755859375,315.9130859375,0.1186767578125,0.3901123046875,95720.10123729706,7923.828125,0.35246588430608355,0.9992277768827282,5.441744753085684e-5,312.4457474810427,0.6046274615949571,0.9994682538106743,0.00013922496093310673,150.4542424216444,0.7972457414147116,0.9995569025133763,0.00028069071984037085,98.75882562730871,0.7972457414147116,0.9995569025133763,0.9982539214370534
325146.484375,1.816162109375,291.591796875,0.13032226562500002,0.21411132812500003,63101.3560295105,5261.71875,0.3323546802201922,0.9990116404555219,5.7829397966091116e-5,335.2525053803278,0.5638974356095399,0.9993512011707855,0.00013799590373325473,170.38393213553823,0.7621060573524366,0.9991904409597043,0.00026862700246238844,113.56056267071956,0.7621060573524366,0.9991904409597043,0.997555248689762
325219.7265625,0.5955810546875,394.6044921875,0.3990478515625,0.2708740234375,111911.43691539764,5884.765625,0.21670739285363466,0.9997247682332004,2.6757713187739244e-5,398.2310088670399,0.2991630003575036,0.9999901566236336,4.017354019653025e-5,279.64734243070393,0.39783658445339243,0.9995309458278507,5.840020744564334e-5,206.3624212730814,0.39783658445339243,0.9995309458278507,0.9992460071083091
325439.453125,0.689697265625,127.236328125,0.17104492187500003,0.192138671875,81408.97512435913,2753.90625,0.18746791928377735,0.9997967283932837,5.260573675903282e-5,353.79278971391324,0.23047764252725933,0.9998241196856733,6.773531482252364e-5,291.34031502613493,0.2780554793799495,0.9997300591447678,8.638420966865679e-5,244.44589563715752,0.2780554793799495,0.9997300591447678,0.999351045314142
325732.421875,1.063232421875,324.130859375,0.32661132812500004,0.170166015625,143674.89957809448,6277.34375,0.24066098053441753,0.9997894765824955,3.98888002929996e-5,383.7327937916091,0.3574135108674941,0.9997734462305248,6.680446931043675e-5,245.48433205861144,0.4888730573588816,0.9996717584144165,0.00010600456905295436,170.50530264441556,0.4888730573588816,0.9996717584144165,0.999234872373564
325805.6640625,1.3485107421875,255.8154296875,0.1465087890625,0.3382568359375,18897.648692131042,6900.390625,0.2829517622754868,1.0001264222159525,4.984269721048974e-5,320.7263083141931,0.45496618457321897,0.9997851046772501,0.00010031972250527939,183.65753162075077,0.6229499749913759,0.9998291582632487,0.0001804124854941702,124.02545861415777,0.6229499749913759,0.9998291582632487,0.999740673108449
326025.390625,1.442626953125,179.697265625,0.3673339843750001,0.12358398437500001,126722.1999168396,9769.53125,0.21755458431501215,1.000154919926687,5.870110212679159e-5,342.2085237933932,0.30135611334103685,1.0000019347576612,8.83007008554339e-5,239.9355150953958,0.39623507606958874,1.0000181003759483,0.0001287507367317777,176.4676287803278,0.39623507606958874,1.0000181003759483,1.0001749581991632
326098.6328125,0.9691162109375,80.8349609375,0.10344238281250001,0.36784667968750007,38465.813517570496,9392.578125,0.18882491470304263,1.0001822655837418,7.425800145318148e-5,267.59061898369947,0.2329748130165872,1.0002976334983056,9.642083845130786e-5,218.06115375793064,0.2831343896552917,0.9997811992057596,0.0001235181170992082,181.53600256627573,0.2831343896552917,0.9997811992057596,1.0002610475219804
326318.359375,0.685302734375,202.607421875,0.26274414062500007,0.395751953125,122262.58039474487,6605.46875,0.2057329234178529,1.000037395500348,3.983117416304344e-5,333.2637941094444,0.2725443311027051,1.0001659611526386,5.68420812112848e-5,249.39907703116364,0.3475657066209989,1.0002825450569783,7.927342578808282e-5,193.8543603397753,0.3475657066209989,1.0002825450569783,1.000485965375336
326391.6015625,1.9022216796875,143.5888671875,0.22678222656250002,0.1150146484375,54169.45159435272,6228.515625,0.23973793620783165,0.9997813181162101,7.430104528229954e-5,341.6427148619509,0.354868233768919,0.9997980818293687,0.00012461508991753163,222.85331673584577,0.4799080553494342,0.999742136872234,0.00019820334748071904,158.17872099150225,0.4799080553494342,0.999742136872234,0.9993216894195182
326611.328125,1.808837890625,388.876953125,0.30581054687500003,0.347998046875,104799.98922348022,9097.65625,0.31975174399659795,0.9987594030213236,5.353751346588035e-5,384.2874912158464,0.5445451269720277,0.999356241764951,0.0001211641128357073,188.88332020945674,0.7462500687817056,0.9994295474497352,0.000229319651372391,116.94378519389376,0.7462500687817056,0.9994295474497352,0.9975470653601797
326684.5703125,0.7786865234375,275.4052734375,0.18605957031250003,0.14108886718750002,75692.47138500214,9720.703125,0.2306450099520391,1.0000242926558525,3.586821786591096e-5,295.5408264220367,0.33412537934082714,1.0001762962809337,5.788719678969526e-5,199.79862532807064,0.4462394197169078,1.0001659828062635,9.001506946876672e-5,144.35034681532863,0.4462394197169078,1.0001659828062635,1.00036660932078
326904.296875,1.432373046875,65.146484375,0.196533203125,0.29555664062500003,7856.006145477295,5621.09375,0.19206817443862187,0.9996334764838635,9.372714591398801e-5,316.30154463995626,0.23838810862492169,1.0000067792691032,0.00012418459419488942,253.7838134495448,0.28978058085002373,0.999906906590073,0.0001602315879152992,210.1164068432487,0.28978058085002373,0.999906906590073,0.9995471933483281
326977.5390625,1.1551513671875,174.7998046875,0.3117431640625,0.20114746093750002,154023.4535932541,5244.140625,0.2143233529876326,0.9998376712743998,5.3572593066540906e-5,372.1307860490583,0.2932276212428385,0.9997770336305013,7.959459916009194e-5,267.0073123110018,0.38205493897260756,0.9998153679532741,0.00011492490982745745,200.6422958996386,0.38205493897260756,0.9998153679532741,0.9994301801831612
327197.265625,1.061767578125,271.337890625,0.23959960937500002,0.26069335937500004,22535.50100326538,2113.28125,0.2462373300652049,0.9992579153916143,4.28328561265818e-5,439.1299225232001,0.36971758167049823,0.9993286905108386,7.399511403175898e-5,280.08700525124465,0.5047455187647344,0.9992767683625012,0.00012016843719683931,197.06687211575345,0.5047455187647344,0.9992767683625012,0.99786489428443
327270.5078125,1.5257568359375,329.1943359375,0.27102050781250003,0.24245605468750003,135627.2133588791,2736.328125,0.28295359693741196,0.9989828099546373,5.011636154508679e-5,459.6719091997022,0.45937554447611834,0.9990316918674927,9.965595587507788e-5,255.86121843690344,0.6350024803445886,0.9991359505504125,0.0001778267637239038,166.9923137500704,0.6350024803445886,0.9991359505504125,0.997153152043495
327490.234375,0.937255859375,102.998046875,0.320166015625,0.132080078125,63950.706005096436,3949.21875,0.18308655036234095,0.9999648696719806,6.511486106698719e-5,362.74583013715954,0.221502812004415,0.9996693701769438,8.154880837496068e-5,302.200250863719,0.26369197964007235,0.999795479898826,0.00010183005472256894,254.64833727326888,0.26369197964007235,0.999795479898826,0.9994298061658122
327563.4765625,1.5916748046875,216.6357421875,0.20920410156250002,0.3763427734375,95578.62746715546,3322.265625,0.271439535109248,0.9992647057768094,5.853208918644639e-5,398.44200289509763,0.4297179796363182,0.9993663626272592,0.00011240900012301106,234.2631836563903,0.5903196951247427,0.9994240587836434,0.00019652668534823585,159.09530228260243,0.5903196951247427,0.9994240587836434,0.9980563812534035
327783.203125,1.310791015625,310.517578125,0.285888671875,0.161669921875,46717.50783920288,4441.40625,0.2574971635086846,0.9995462882933296,4.621064356090448e-5,407.1441544014088,0.39831053652992693,0.9993971734347269,8.312915870406727e-5,246.30207015170316,0.5489230228825906,0.9995057459041715,0.0001389334108951266,166.41858900503436,0.5489230228825906,0.9995057459041715,0.9984500032048829
327856.4453125,1.2181396484375,369.7021484375,0.24113769531250004,0.32976074218750007,114787.86170482635,4814.453125,0.2874594134560905,0.9994207863501494,4.1718730749281875e-5,392.2471790399611,0.46861837422920694,0.9994011444329896,8.476456864664063e-5,216.72593538166856,0.6513587167556302,0.9991786582390298,0.00015339754395678185,142.2387225580789,0.6513587167556302,0.9991786582390298,0.9980019032000377
328076.171875,1.684326171875,156.787109375,0.21645507812500003,0.17719726562500002,143821.01774215698,8964.84375,0.24153356253028585,1.0001348825981557,6.734935548982244e-5,315.1756932506302,0.3582887501895114,1.0001144722115434,0.00011391889825214124,203.94237914092076,0.48525546528814373,1.0001066307625028,0.00018250574535429748,143.6904850057213,0.48525546528814373,1.0001066307625028,1.0003560276030512
328149.4140625,0.8446044921875,99.0966796875,0.25666503906250004,0.30778808593750007,36131.741404533386,8337.890625,0.1842728323980837,1.000396503635582,6.41623761804258e-5,298.41896218443844,0.22318971743476382,1.0005059832983028,8.108090213261083e-5,247.1949165442356,0.26616928517929284,1.0003463025958241,0.00010147881710108133,208.08139336808793,0.26616928517929284,1.0003463025958241,1.0012493027569707
328369.140625,0.563720703125,341.728515625,0.182177734375,0.229052734375,162577.5008201599,7457.03125,0.2285031892979521,1.0001474202945322,2.7972872448972387e-5,311.1964347219973,0.3261385021659959,1.0006345927187226,4.472564750270146e-5,213.21208937756307,0.4312548285584468,1.0002368284690402,6.858784578386119e-5,156.5672330782784,0.4312548285584468,1.0002368284690402,1.001019120259241
328442.3828125,1.9652099609375,232.2412109375,0.28859863281250003,0.28581542968750007,16649.98710155487,7830.078125,0.2759482471394654,0.999787366290056,6.516589176270294e-5,370.70873863328495,0.4426766150059094,0.9997368252409604,0.00012627614646541093,209.70149777224043,0.6122219127004099,0.9997473027830109,0.00022178934316646807,136.92286857165,0.6122219127004099,0.9997473027830109,0.9992716704951877
328662.109375,1.564208984375,364.638671875,0.14790039062500002,0.25747070312500003,88155.7993888855,8167.96875,0.33707558668799026,0.9993186734232176,4.922739013908295e-5,321.00908309910227,0.5765816024874827,0.9995452933983131,0.00011933508558121796,158.27332758796052,0.771424713601677,0.9996626797941193,0.00023572530278693273,102.6433150193715,0.771424713601677,0.9996626797941193,0.998527339521785
328735.3515625,0.9061279296875,294.9951171875,0.34162597656250004,0.23923339843750002,76829.310297966,8541.015625,0.2279873441764849,0.9999630529434012,3.780893054630431e-5,354.61842171490537,0.3283249325558092,1.0001713425373149,5.9929285125600086e-5,238.46651514868046,0.43840781513061855,1.0000041592622237,9.187488345207944e-5,169.82912761644056,0.43840781513061855,1.0000041592622237,1.000138548971297
328955.078125,1.187744140625,221.533203125,0.115966796875,0.29877929687500004,106207.01742172241,7660.15625,0.25957421287012755,0.9999960798075592,4.8979687652578576e-5,300.5497404864409,0.4000675997539332,1.0000289084175868,9.025650317769539e-5,185.595234235177,0.5458006432756954,0.9998210518828697,0.00015326246757554866,129.54029640857067,0.5458006432756954,0.9998210518828697,0.9998460355231137
329028.3203125,1.2825927734375,118.6865234375,0.37590332031250007,0.20437011718750003,58668.1946516037,7033.203125,0.19682126746885145,1.0001290157962333,6.713315543947682e-5,351.70203806365697,0.25199559311790676,1.0000551192955363,9.096851624947054e-5,271.9538652692863,0.3159801136138229,0.9999950209571894,0.00012121068011856104,216.09717698386345,0.3159801136138229,0.9999950209571894,1.000179162243367
329248.046875,0.811279296875,248.427734375,0.381689453125,0.35883789062500004,42045.96281051636,3183.59375,0.2141020393907039,0.9996060366976888,3.89195376689389e-5,447.3404461686171,0.2931579134919588,0.9995438304124049,5.7778427201041016e-5,319.0103569895311,0.38170244129998865,0.999581530478033,8.353126137331454e-5,237.81213838969313,0.38170244129998865,0.999581530478033,0.998731932981703
329321.2890625,1.6590576171875,347.4560546875,0.1265869140625,0.15192871093750002,133627.67112255096,3556.640625,0.3363848192350647,0.9989274935436229,5.2128932514247345e-5,358.64682635674995,0.5747432555187841,0.9990045672721981,0.00012600910961075573,182.25954622792665,0.77245951912945,0.9990990287741415,0.00024786974707094206,122.26438701816569,0.77245951912945,0.9990990287741415,0.9970340193898075
329541.015625,1.940673828125,82.744140625,0.34975585937500003,0.3849121093750001,23671.395778656006,4675.78125,0.20654694753397312,0.9998662638728754,9.383223406850291e-5,388.9720383569604,0.2746569392893461,0.9998403333122399,0.0001341656501746972,288.4489673618256,0.3512941519937411,0.9998605875595071,0.00018758483531211738,221.97715654835233,0.3512941519937411,0.9998605875595071,0.9995672469988524
329614.2578125,0.5296630859375,151.2255859375,0.16086425781250002,0.10417480468750001,153150.5821943283,4048.828125,0.18508303311144156,0.9996915897424491,4.422863541046671e-5,325.4627122408635,0.22537833786521763,0.999805866855184,5.6124645707882664e-5,270.6617855901023,0.26799426580808844,0.9999549585233597,7.0855385395607e-5,228.59521848733468,0.26799426580808844,0.9999549585233597,0.9994524976262461
329833.984375,0.761474609375,381.904296875,0.22875976562500003,0.32192382812500003,131133.52155685425,4386.71875,0.2558079278549658,0.9991987366348024,3.114408519064281e-5,377.8379443716814,0.388394988695456,0.9994769941211123,5.6209425552674476e-5,233.09401800072607,0.5271715215851214,0.9995933740928443,9.305301062216346e-5,162.29956404469013,0.5271715215851214,0.9995933740928443,0.9982700622259895
329907.2265625,1.7908935546875,283.0419921875,0.26311035156250007,0.19118652343750003,40545.25649547577,4759.765625,0.281309268677873,0.9992868734170107,5.824026713428071e-5,403.04500285447114,0.4557242623402991,0.9993492180592516,0.00011503465435905367,225.7917666804741,0.6304438066162599,0.999384859080077,0.00020442135299094869,147.62386105923557,0.6304438066162599,0.999384859080077,0.9980222533567044
330126.953125,1.885009765625,206.923828125,0.185107421875,0.271826171875,151132.97414779663,3878.90625,0.2811914745564514,0.9993684144925056,6.597445726647566e-5,377.187692847602,0.45307264228323624,0.9994097391977492,0.00013135883639888799,216.23351314345723,0.6246507274990502,0.9994124524503093,0.00023507771015355146,145.79296273755978,0.6246507274990502,0.9994124524503093,0.9981916966144999
330200.1953125,0.6673583984375,138.6083984375,0.3044189453125,0.21491699218750002,20282.360911369324,3251.953125,0.18533244976230262,0.9996477092885538,4.99437801468109e-5,374.8045426082794,0.2233799843961461,0.999863479076117,6.344689090901266e-5,309.91550847801017,0.2653473115808671,0.9998390268886017,7.891406515210039e-5,262.4570198260795,0.2653473115808671,0.9998390268886017,0.9993503420261137
330419.921875,1.508544921875,265.693359375,0.31254882812500007,0.3717285156250001,79294.19279098511,7402.34375,0.26756643418896503,0.9997883713403951,5.301372731554064e-5,383.35536045346583,0.4220934461729357,0.9997570751528985,9.964179091431197e-5,222.18723269160452,0.582353731075135,0.9997997277485117,0.0001717112151924502,146.49156012465804,0.582353731075135,0.9997997277485117,0.9993453166758233
330493.1640625,1.0438232421875,335.5029296875,0.19807128906250002,0.1273193359375,91239.73548412323,7775.390625,0.26491990715922104,0.9997924570791695,3.9110739784215146e-5,326.1698294839152,0.41211223697955784,0.9999743647989869,7.30361434649532e-5,194.88045344984027,0.5649212940889194,0.9998175145246286,0.0001242841239713959,132.98454056584248,0.5649212940889194,0.9998175145246286,0.9995843842738391
330712.890625,1.137939453125,68.134765625,0.268896484375,0.33452148437500007,62296.327114105225,8894.53125,0.18166140810936984,1.0003743369120324,8.627796056561968e-5,294.9051339929047,0.21735624978142978,1.0005006658177393,0.00010729017052639564,247.38450776041915,0.25662031767399884,1.0003942154650587,0.0001323422057321183,210.37971839476452,0.25662031767399884,1.0003942154650587,1.0012697506260178
330786.1328125,1.4144287109375,171.1474609375,0.23937988281250003,0.16628417968750003,109194.61905956268,8267.578125,0.2314031556459832,1.0001053362392047,5.9699834809077645e-5,324.91390015031226,0.3341226384571217,1.0001229846532167,9.652479908645598e-5,217.82992685665477,0.44773910995640437,1.0000170764599965,0.0001491404178447266,156.830206891843,0.44773910995640437,1.0000170764599965,1.0002454142062926
331005.859375,1.739990234375,133.544921875,0.398681640625,0.137939453125,33075.75178146362,7730.46875,0.20883069504520674,0.999927964645184,7.326284551520195e-5,367.6721737398736,0.28054257362747537,0.9999793089953722,0.00010547232978564574,267.7641769437171,0.3619160349518101,0.9999873002117927,0.00014829028563423296,202.32953379022865,0.3619160349518101,0.9999873002117927,0.999894576520419
331079.1015625,0.7069091796875,191.4013671875,0.1283447265625,0.3447021484375,142137.74383068085,7103.515625,0.21196243085447045,0.9997144304197209,4.179958930832522e-5,298.12308446146915,0.2857400919220449,0.9999437955498751,6.186486931524932e-5,219.37442805423743,0.367795161562823,1.0000717501685654,8.833193420169185e-5,169.94725331009894,0.367795161562823,1.0000717501685654,0.99972996766725
331298.828125,0.613525390625,287.939453125,0.35737304687500004,0.118310546875,14910.218715667725,8222.65625,0.20352377051869136,1.000280111633266,3.1817504254316603e-5,338.3953361175528,0.2657469611524891,1.0002262515465854,4.4685083513364874e-5,253.67177088012866,0.33456391537000146,1.0001374071697762,6.097641856073158e-5,197.94379821605378,0.33456391537000146,1.0001374071697762,1.0006439033119576
331372.0703125,1.8333740234375,397.5927734375,0.1719970703125,0.3989013671875,161965.878367424,8595.703125,0.37528377944323976,0.9976341569284363,5.374333255505943e-5,339.835700898465,0.6568344130060103,0.9988665952616312,0.0001453251759909728,151.5370716750014,0.8638077658235461,0.9973486528651283,0.0002934311632878207,96.70760185960897,0.8638077658235461,0.9973486528651283,0.993861357124123
331591.796875,0.987060546875,187.333984375,0.14497070312500002,0.24399414062500002,100133.50248336792,4746.09375,0.22595870049251734,0.9997824427924991,4.870370257674156e-5,330.09579253302195,0.3222608124119066,0.9996332318427456,7.688966673621253e-5,230.63993992229527,0.426698924469452,0.9998475658843552,0.00011794858173496276,170.91434006287622,0.426698924469452,0.9998475658843552,0.9992634093716128
331665.0390625,1.4598388671875,73.8623046875,0.3258056640625,0.2620849609375,67722.71811962128,4119.140625,0.18825117022513058,0.9998732804163153,8.97501572945904e-5,369.91232031819214,0.2320993778787717,0.9999277632683761,0.00011596869551778041,300.25890685835657,0.2808799304913148,0.9999114971257049,0.00014811537102898004,248.42887950425018,0.2808799304913148,0.9999114971257049,0.9997125675716005
331884.765625,1.366455078125,319.150390625,0.103662109375,0.199755859375,117877.938747406,3238.28125,0.3108183492307317,0.9989999993471934,4.719900013697999e-5,349.9888982155893,0.5283097575966934,0.9991329282909504,0.00010505841753435564,191.00287865067784,0.7098009163427969,0.9994165548196172,0.00020573274737137686,128.53239443744883,0.7098009163427969,0.9994165548196172,0.9975514383585179
331958.0078125,1.0804443359375,260.1318359375,0.36945800781250004,0.29401855468750004,48920.47202587128,3611.328125,0.22922511222022188,0.999602105083528,4.41923950925585e-5,449.8003525906227,0.3292820565754421,0.9996277373762495,7.044026472978295e-5,299.89757641186634,0.4411567935881757,0.9995831795758523,0.00010759808265080102,213.60447110452282,0.4411567935881757,0.9995831795758523,0.9988134911126879
332177.734375,1.288818359375,225.185546875,0.343603515625,0.33364257812500003,158515.55585861206,2824.21875,0.2363869545341182,0.9995084303254775,5.1516064774770765e-5,467.7780849959956,0.34646589536876155,0.9994673672577007,8.494887954668081e-5,303.85706258241476,0.46804754285149613,0.9994476642712417,0.0001332896710555058,213.28764077139766,0.46804754285149613,0.9994476642712417,0.9984242892394961
332250.9765625,1.1932373046875,115.6982421875,0.14826660156250002,0.1654052734375,7042.723536491394,2447.265625,0.20693161358179119,0.9997083687523783,6.702218671426102e-5,365.55126874251425,0.27689838216832746,0.9996275464487419,9.626711368263928e-5,276.6357563010097,0.3541448156686513,0.9996021571411549,0.00013604542037116063,217.22698691728564,0.3541448156686513,0.9996021571411549,0.9989384451195504
332470.703125,0.912353515625,358.330078125,0.37495117187500004,0.37260742187500007,141013.192653656,5316.40625,0.24321621717339473,0.9999608635895716,3.548169554501946e-5,426.49308126087436,0.3631830046779061,0.9996674616497809,6.023146062522447e-5,268.31764451756436,0.49457009506722527,0.999614622318382,9.6561419864822e-5,184.11589787864654,0.49457009506722527,0.999614622318382,0.999243103802234
332543.9453125,1.5697021484375,300.6396484375,0.1145751953125,0.1281982421875,29073.368906974792,5939.453125,0.3133120581632672,0.999432396134775,5.244899824710024e-5,320.9920062247376,0.5261805905564404,0.9995052606890429,0.00011756850092502826,170.89439392908432,0.7134913944228198,0.9996478457068249,0.0002254136426124059,113.8537433413977,0.7134913944228198,0.9996478457068249,0.9985861573564077
332763.671875,0.535888671875,87.724609375,0.12739257812500002,0.285009765625,55472.44596481323,9839.84375,0.17207721333626566,1.000634370518445,6.310059653764432e-5,263.5252164483749,0.19610432905196568,1.0006362689887311,7.398622202192363e-5,232.59462408722848,0.22204933764526993,1.0005828445032858,8.617102437534426e-5,207.11236246437556,0.22204933764526993,1.0005828445032858,1.0018546284612564
332836.9140625,1.9461669921875,146.9091796875,0.38322753906250007,0.22810058593750002,123309.32319164276,9462.890625,0.22537410980272757,1.0000651126618827,7.502714862870612e-5,361.3491320313542,0.3202184870897102,1.0000971509755059,0.00011724080843325061,244.39482801574226,0.42704053221012434,1.0000508835346464,0.0001763432336886922,175.0799870510374,0.42704053221012434,1.0000508835346464,1.0002131617546628
333056.640625,1.665283203125,240.791015625,0.158740234375,0.30874023437500003,72272.20296859741,6332.03125,0.2914170497667963,0.9996525488105548,5.8333450676027623e-5,336.4448294065255,0.47629912691800486,0.9997013660607545,0.00012091755829760789,187.19357031383214,0.6525662403773265,0.9996716298770597,0.0002218398823361496,124.7822069188494,0.6525662403773265,0.9996716298770597,0.9990258606300676
333129.8828125,0.8167724609375,354.4287109375,0.34953613281250007,0.17800292968750003,103243.1572675705,6955.078125,0.2268657341913095,0.9999417681269256,3.343227644777477e-5,376.75535087036496,0.32445264127928974,0.999755396337367,5.2632397044877526e-5,254.23554479014578,0.4338154890552805,0.9998702417107326,7.986015343629707e-5,181.91430782134432,0.4338154890552805,0.9998702417107326,0.9995674597123274
333349.609375,1.212646484375,306.201171875,0.20883789062500002,0.20590820312500002,23282.172679901123,9042.96875,0.26945723794310344,1.0000133595942466,4.428847485429401e-5,324.7563826121238,0.42503753429762553,0.999927788076525,8.415849689130164e-5,190.39928461903997,0.5846223697545581,0.9999366293617379,0.0001458026161633237,127.78969994506473,0.5846223697545581,0.9999366293617379,0.9998777797973584
333422.8515625,1.3045654296875,374.6826171875,0.31818847656250004,0.3001708984375,149649.60753917694,9666.015625,0.27565204180186126,0.9998871235548477,4.354905921731893e-5,368.575543368897,0.4423728529669278,0.9998664208686969,8.417752086800123e-5,207.08605840582743,0.6129456303316947,0.9998568666012392,0.00014738538499379396,133.92676790935886,0.6129456303316947,0.9998568666012392,0.9996104613765874
333642.578125,1.586181640625,109.970703125,0.24252929687500002,0.23784179687500004,39641.12997055054,6535.15625,0.21350669087429092,1.0001164319397418,7.656202715912382e-5,334.64826975005514,0.2910180058918348,1.0000692797916089,0.0001136068416157072,242.21503138236866,0.3780163026775896,0.9999729588570279,0.0001637851317701449,183.83704468754783,0.3780163026775896,0.9999729588570279,1.0001586736326833
333715.8203125,0.9310302734375,208.9990234375,0.2868408203125,0.25593261718750004,131665.61591625214,6158.203125,0.21591920729247832,1.000135874015295,4.513164335816883e-5,354.8664042748817,0.29686324021182386,0.9999027934723936,6.769544005154004e-5,253.1906893405403,0.38775445041703127,0.9999164586278223,9.851666415948766e-5,189.77944546615436,0.38775445041703127,0.9999164586278223,0.9999551096784381
333935.546875,1.959716796875,338.740234375,0.255126953125,0.101025390625,111327.02970504761,2058.59375,0.2971490062633162,0.9983985139065205,5.937210109213529e-5,488.1442717574089,0.4938021872095319,0.9986603205034906,0.0001239610982269945,261.0676267828018,0.6823731034269683,0.9988793302928727,0.0002268913003557758,168.2773562919745,0.6823731034269683,0.9988793302928727,0.9959436038517753
334008.7890625,0.5574951171875,235.8935546875,0.21564941406250002,0.3816162109375001,60892.65525341034,2681.640625,0.2035092616856516,0.999693580944953,3.4644976746511237e-5,384.52148261573535,0.2673792821214516,0.9997130901183179,4.884463997849198e-5,293.2492623584779,0.34371644938523693,0.9995312121292814,6.738250675034314e-5,231.93521588176165,0.34371644938523693,0.9995312121292814,0.9989382492114026
334228.515625,0.839111328125,162.431640625,0.288818359375,0.15522460937500002,92880.2580833435,5550.78125,0.19634837980195427,0.9999425687763698,4.922363035670604e-5,346.52012962933685,0.2508464962952366,0.9999943573421891,6.660563713431306e-5,270.37795907299943,0.3119481733751097,1.0000751025147567,8.878054621765783e-5,216.50578125683225,0.3119481733751097,1.0000751025147567,1.0000120242203976
334301.7578125,1.6781005859375,92.7880859375,0.18430175781250002,0.36198730468750007,82010.10978221893,5173.828125,0.21421974663352694,0.9999050860928157,8.480822470712967e-5,335.48959774775267,0.29248715997091,0.9998868860568995,0.00012656264546817802,244.03412800149638,0.38009907929354664,0.9997968036550227,0.00018325499803824484,186.58608438554526,0.38009907929354664,0.9997968036550227,0.9995888288091413
334521.484375,1.113037109375,153.466796875,0.36469726562500004,0.27973632812500004,10845.801830291748,7011.71875,0.20422786455312583,1.0000706689922545,5.656036621864258e-5,359.39230716354643,0.2693209424999292,0.9999280293083442,7.978504222155071e-5,268.56620921376424,0.34273810532286814,1.0000692097242285,0.00011024340041796595,207.61676529850362,0.34273810532286814,1.0000692097242285,1.0000679028482888
334594.7265625,1.3924560546875,86.4794921875,0.1084228515625,0.22399902343750003,160553.80141735077,7634.765625,0.2039762322941856,1.0000890007088419,8.153116897661183e-5,287.14577248703364,0.26849459667927383,0.9999041951197218,0.00011520748583521376,218.91395125610197,0.34077987949163435,0.9998617298495431,0.00015981613202175598,172.7881477525271,0.34077987949163435,0.9998617298495431,0.9998549180933974
334814.453125,1.486572265625,350.361328125,0.330419921875,0.31401367187500007,32013.52834701538,8503.90625,0.27891515885508705,0.9996768170388389,4.854413966471048e-5,388.3363424944757,0.4505239374163131,0.9997034467621105,9.48999358569382e-5,215.46270901370397,0.6246725017415807,0.9997357746145749,0.00016742094065171239,138.18682591056617,0.6246725017415807,0.9997357746145749,0.9991162979811904
335107.421875,1.860107421875,122.255859375,0.167236328125,0.32954101562500004,121961.15446090698,4027.34375,0.23916569920247233,0.9996477118724635,7.922619900481564e-5,355.6548395960355,0.3521226013213891,0.9997243116124053,0.0001331927055484838,235.7000838664241,0.4748588780278154,0.999675877417106,0.0002122516954748857,170.18916458956272,0.4748588780278154,0.999675877417106,0.9990482015336113
335180.6640625,0.6453857421875,223.9404296875,0.36213378906250004,0.16013183593750002,52824.28443431854,4650.390625,0.1935659313087692,1.0000355171816602,3.75538080178107e-5,381.0205977285637,0.2449684714345722,0.9998039139736705,5.001073091016192e-5,299.5445037806953,0.3019534916996679,0.9998753871184818,6.580223890242362e-5,240.91576494339242,0.3019534916996679,0.9998753871184818,0.9997148313192037
335400.390625,0.739501953125,296.572265625,0.132958984375,0.376708984375,103166.2917137146,3519.53125,0.24256894673833887,0.9994654242322634,3.455787493513088e-5,351.57160793364505,0.3600690076897454,0.9994684399854445,5.9126367686253144e-5,232.07489491601757,0.48432248694601465,0.9996785307877326,9.560875183839681e-5,167.85005545089857,0.48432248694601465,0.9996785307877326,0.9986130218030251
335473.6328125,1.7659912109375,367.7099609375,0.3940673828125001,0.1334716796875,70290.2764081955,3142.578125,0.25788466718909436,0.9989422371297497,5.4314464501636e-5,527.5828072200571,0.4019602956727204,0.9990526348652778,9.677418133307259e-5,311.4068817444385,0.5593808108678253,0.9989851619023887,0.000160274605790565,203.3952841338414,0.5593808108678253,0.9989851619023887,0.9969830698484137
335693.359375,1.388427734375,234.482421875,0.23461914062500003,0.105126953125,150735.78596115112,4855.46875,0.24817614328311116,0.9995711852092586,5.305116770147645e-5,371.2535562758096,0.37684635194927174,0.999529194150138,9.218475662617972e-5,234.50127883256687,0.5128666549424046,0.9996645354063706,0.00015138784319813464,162.63310830430794,0.5128666549424046,0.9996645354063706,0.9987654183774253
335766.6015625,1.1053466796875,345.4638671875,0.2736572265625,0.38688964843750007,18640.795588493347,4478.515625,0.26893726585494215,0.9995050889159056,4.0473657290965644e-5,411.0981794569735,0.42462529846852487,0.99951981483896,7.670756585237355e-5,239.28549062619228,0.5846753588131098,0.999522787833356,0.00013293988528291782,159.47262871198956,0.5846753588131098,0.999522787833356,0.9985483944515632
335986.328125,1.011962890625,102.001953125,0.202685546875,0.151123046875,131253.41939926147,3347.65625,0.19101412696539163,0.9997510230647841,6.825859087559012e-5,353.8873631021478,0.23772552311464365,0.9998289889468449,8.964279759711488e-5,285.9569825170812,0.2898900271868066,0.9998176436390037,0.00011604692534387816,236.4140519443783,0.2898900271868066,0.9998176436390037,0.9993977748081576
336059.5703125,1.4818115234375,158.5302734375,0.30793457031250004,0.3567138671875001,38536.86225414276,3970.703125,0.22790824638132112,0.9997946719896235,6.395266224894369e-5,410.63508501214324,0.32561123557524263,0.9996683173704941,0.0001016601161721878,278.07612596941294,0.4343648943515133,0.9997089905780983,0.00015506021392694107,200.9731770506569,0.4343648943515133,0.9997089905780983,0.9991722042972873
336279.296875,0.635498046875,373.271484375,0.299658203125,0.21118164062500003,65232.837200164795,7871.09375,0.22753175563534986,0.9996591887958262,2.8736935445545986e-5,346.1196201018989,0.32337958071193773,0.9999392454367031,4.5609236988259925e-5,234.461251623647,0.4264121633414723,0.9998629997186166,6.912982135877393e-5,169.9029397340629,0.4264121633414723,0.9998629997186166,0.9994615096687681
336352.5390625,1.8582763671875,312.9248046875,0.1898681640625,0.30427246093750004,113373.30710887909,7494.140625,0.3253301026793479,0.9993204189143673,5.8137329896559244e-5,348.6398676031961,0.5534923024238398,0.9994601133193913,0.00013507215197736594,174.58667559680686,0.7539949881905607,0.9993419525041132,0.00025818605106807147,112.11884248768672,0.7539949881905607,0.9993419525041132,0.9981236538609227
336572.265625,1.764892578125,218.212890625,0.26772460937500003,0.23256835937500003,83561.37990951538,8363.28125,0.2610767320677072,0.9998366901584707,6.250533159838833e-5,352.66717287354993,0.40640591858423947,0.9998343213714433,0.00011449030651942158,210.47416618774776,0.5595988047084903,0.9998946749089849,0.00019385636640230583,141.20797402120647,0.5595988047084903,0.9998946749089849,0.9995657481437402
336645.5078125,0.7288818359375,106.0693359375,0.22414550781250003,0.2518310546875,95773.33152294159,8986.328125,0.1816527353974347,1.0002774398059042,6.024090836774575e-5,288.9840239008653,0.2173470661630917,1.0003901455683188,7.501015405781136e-5,242.38961771015985,0.2575426044992099,1.000302866812684,9.257263775886734e-5,206.24235413532014,0.2575426044992099,1.000302866812684,1.0009707626510553
336865.234375,1.640380859375,326.123046875,0.17954101562500002,0.366455078125,44499.656200408936,9699.21875,0.323491945867987,0.9996993810051195,5.278561319619779e-5,328.5823991883137,0.5486496142953505,0.9996973119061873,0.00012218916890037243,164.90754216697994,0.7420946402464826,0.9997707817670712,0.0002371308650197982,105.47565873960204,0.7420946402464826,0.9997707817670712,0.9991677039402959
336938.4765625,0.7947998046875,269.7607421875,0.2935791015625,0.12321777343750001,135585.82961559296,9072.265625,0.2153664353420663,1.0001522873664868,3.7227909099325416e-5,327.1928006939881,0.29574839122578583,1.0001989299577392,5.5601997503577315e-5,233.14267176144867,0.38959361137977955,1.000192118478118,8.05935639854553e-5,174.2030240236073,0.38959361137977955,1.000192118478118,1.0005434335780212
337158.203125,0.513916015625,172.392578125,0.220263671875,0.33979492187500004,23873.26955795288,6191.40625,0.18698687524882554,1.0002427064948232,4.08113875461798e-5,317.70927967965133,0.2291185263241288,0.9999428545006996,5.248436025305985e-5,259.6347755565606,0.27674596313674904,1.000000837399389,6.669353040396219e-5,217.2066886070627,0.27674596313674904,1.000000837399389,1.0001863846807049
337231.4453125,1.9212646484375,61.5771484375,0.25051269531250003,0.17038574218750002,154016.86561107635,6564.453125,0.19332484363655647,0.9999553226253044,0.0001077002394037283,322.98066380564165,0.24383535270765685,1.0000135065574258,0.00014330897483823073,256.1411073851934,0.30036003863351624,1.0000898185151104,0.00018800680127203568,208.1866985038593,0.30036003863351624,1.0000898185151104,1.0000586442946324
337451.171875,0.887451171875,273.662109375,0.282080078125,0.31782226562500004,90016.39127731323,2714.84375,0.2303263441620984,0.9999154773781453,3.9407336214597325e-5,433.7499829283144,0.3313141448338806,0.9994372786976619,6.333644063390015e-5,292.0557053326929,0.45038445340563515,0.9992416703461716,9.744731530529423e-5,210.82999884434378,0.45038445340563515,0.9992416703461716,0.9985949647728514
337524.4140625,1.5477294921875,385.9716796875,0.24729003906250002,0.1859130859375,78710.87348461151,2087.890625,0.29715791338635644,0.9985682499304057,4.885655152234642e-5,481.31331615472,0.4928091561989494,0.998699292366571,0.00010230030862724769,257.883600056049,0.6791261528225189,0.9988811315071554,0.00018802282193071287,166.82308915825206,0.6791261528225189,0.9988811315071554,0.996153591269553
337744.140625,1.266845703125,139.853515625,0.32280273437500007,0.27592773437500007,110934.00716781616,5207.03125,0.20820557164367126,0.9998381241471135,6.293585626549788e-5,375.7484428791915,0.2786157162758274,0.9997321604275317,9.071613437111557e-5,276.8235144401348,0.35794057970859544,0.999879705341251,0.00012765750102953203,212.09385963687527,0.35794057970859544,0.999879705341251,0.9994500849599103
337817.3828125,1.1683349609375,200.3662109375,0.20422363281250003,0.22019042968750002,60727.410197257996,5580.078125,0.23348490640799557,0.9998014942382026,5.1565968577551285e-5,345.05756157165683,0.3388746895803607,0.9998981115305422,8.425259431017997e-5,231.4845425044745,0.45618321787804716,0.9997433415131001,0.00013143152715346538,167.29528956267538,0.45618321787804716,0.9997433415131001,0.999443044600831
338037.109375,0.861083984375,77.763671875,0.34477539062500007,0.24809570312500004,145020.911693573,2417.96875,0.1740292232189171,0.9998753693182,7.723683937715515e-5,393.94933202576675,0.19976119894367161,0.9997667434086066,9.145522371020975e-5,344.8151985746291,0.22879090116160447,0.9997423393184235,0.00010733541613486584,304.9534832971862,0.22879090116160447,0.9997423393184235,0.9993845733221464
338110.3515625,1.7030029296875,178.1201171875,0.1635009765625,0.26735839843750003,28891.566157341003,2791.015625,0.25978502609087945,0.9994850434694009,6.604564543438076e-5,385.6423870097528,0.4016824776130129,0.9993628101177016,0.00012117979572367376,238.62416823428856,0.5496615238153003,0.9994192795579396,0.0002055986360067917,166.91933261514475,0.5496615238153003,0.9994192795579396,0.9982681301545585
338330.078125,1.984619140625,253.408203125,0.3878417968750001,0.19565429687500002,164621.3240623474,5910.15625,0.2515120156171392,0.9995095474259316,6.482774554496057e-5,438.63033787426286,0.38527226420775174,0.9994774845915679,0.00011300831483171072,266.1583432279654,0.5319141802436825,0.9995063148069246,0.00018461261642115114,177.34388929845636,0.5319141802436825,0.9995063148069246,0.998494103054229
338403.3203125,0.5794677734375,320.5615234375,0.12277832031250001,0.28874511718750007,12926.861643791199,5283.203125,0.22807535532243287,0.9999977339522533,2.9804625910382038e-5,320.85915708483964,0.3250821939505161,1.0000713592603412,4.775012660589831e-5,222.103819606059,0.4327254645595928,0.9998641732285327,7.282986011632531e-5,165.39001723974175,0.4327254645595928,0.9998641732285327,0.9999332568947378
338623.046875,1.608154296875,195.302734375,0.109814453125,0.143212890625,72900.76017379761,9433.59375,0.27245915760767814,1.0000089573275355,6.140269153351825e-5,291.110555947189,0.4297714900227717,1.0000238556503054,0.00011878353937073994,171.87342843027957,0.5875099463148071,0.9998645881165343,0.00020817658812721267,117.41091477706127,0.5875099463148071,0.9998645881165343,0.999897396864762
338696.2890625,0.9559326171875,124.3310546875,0.37971191406250004,0.34880371093750007,103716.44675731659,9806.640625,0.19104549151564826,1.000320740992026,5.9710048427987344e-5,322.9571353991289,0.2386442192308634,1.0003094499187157,7.841107150368874e-5,256.98716602007084,0.29203323208065574,1.0004732702457997,0.00010171169621395724,208.70760478153483,0.29203323208065574,1.0004732702457997,1.0011038587073962
338916.015625,1.237548828125,390.869140625,0.152880859375,0.113037109375,51606.271266937256,6925.78125,0.30107674732879514,0.99962655205003,4.1768790171913554e-5,329.50874196642314,0.5004597680527271,0.9995650457468878,8.944810807413191e-5,178.16484487377772,0.6856843483474062,0.9996293256617559,0.0001673820786557845,117.3152878916448,0.6856843483474062,0.9996293256617559,0.9988213854851898
338989.2578125,1.3265380859375,289.3505859375,0.3389892578125,0.3947998046875001,121962.25821971893,6298.828125,0.25980263895010874,0.9997111948682292,4.81409495021102e-5,409.55586443757676,0.4034748548670936,0.9997670827949534,8.769653398128127e-5,242.95427109686887,0.5553877357819457,0.9997032335250329,0.0001480473836767495,161.49911944104502,0.5553877357819457,0.9997032335250329,0.9991817332656356
339208.984375,1.464599609375,95.029296875,0.275634765625,0.18129882812500003,99444.251537323,6136.71875,0.19815075777740981,0.9999946548421053,8.023142008194044e-5,339.0269097234379,0.2550183270663744,1.000033135727866,0.0001096613739602549,262.3857729537421,0.3188790469353827,0.999983361863322,0.00014735257627370354,209.04366589496638,0.3188790469353827,0.999983361863322,1.0000111517937973
339282.2265625,0.9940185546875,166.1669921875,0.23498535156250003,0.31306152343750004,68440.73379039764,6509.765625,0.21375554460469984,1.0000125409304963,5.235854057298055e-5,335.1478616768972,0.28981575778558233,1.000109499477397,7.788443775951734e-5,242.6623207439363,0.3755593574148175,0.9999408447512556,0.00011172914604620376,185.15079266980402,0.3755593574148175,0.9999408447512556,1.0000628793129622
339501.953125,1.088134765625,238.798828125,0.306982421875,0.22495117187500002,120885.59865951538,9628.90625,0.22821886265396094,1.0001677594895282,4.6076034828726394e-5,338.2592478711193,0.32666110610049787,1.000036360313665,7.321025855411777e-5,227.72069055404515,0.43656225806603294,1.0001190879384299,0.00011162012661285115,163.45046475740594,0.43656225806603294,1.0001190879384299,1.0003232381503435
339794.921875,0.711669921875,212.568359375,0.190673828125,0.137353515625,33870.12052536011,5152.34375,0.2072090273684607,0.9999170914615968,4.041451103201607e-5,333.4671677317253,0.2758797891524333,0.9999533402163917,5.815309731844469e-5,249.35172966804436,0.3529213598512326,1.000001753966683,8.158829970469004e-5,194.3276328837698,0.3529213598512326,1.000001753966683,0.9998721892859141
339868.1640625,1.7469482421875,112.3779296875,0.30119628906250007,0.38044433593750004,149182.30140209198,5525.390625,0.21862218090890378,0.9999477453194362,8.005765938722053e-5,374.3733006900362,0.3032690953790432,0.9998845811915196,0.00012183714312970774,263.7015765792651,0.39808335385777827,0.9998405272825167,0.0001794468057468693,195.81204755384263,0.39808335385777827,0.9998405272825167,0.9996728865630307
340087.890625,1.841064453125,376.259765625,0.22202148437500002,0.156396484375,12698.304653167725,2644.53125,0.31811231039505666,0.998023852496023,5.5391807841987924e-5,447.97232399636215,0.5394232944315847,0.9986544812436137,0.00012511491473559023,228.21760234114782,0.7356483852476882,0.9989132913414537,0.00023819648323877718,147.19682644408903,0.7356483852476882,0.9989132913414537,0.9955978908186114
340161.1328125,0.6175537109375,309.2724609375,0.26750488281250007,0.3256591796875,167741.79923534393,2017.578125,0.21707666382371987,0.9995522670580982,3.1508458045248036e-5,441.4435992290421,0.29946353243497176,0.9993912087274366,4.758493819577384e-5,315.1647882794444,0.39337568895304725,0.999451454597656,6.956363612830358e-5,237.45725729301293,0.39337568895304725,0.999451454597656,0.9983957823610784
340380.859375,1.036865234375,356.669921875,0.108056640625,0.35356445312500007,78543.95246505737,5980.46875,0.2929859373777644,0.9996611170034416,3.86201676163156e-5,322.5218326894824,0.4778868639967372,0.9997054442031346,8.091003544669118e-5,181.06334739175148,0.6522871616021997,0.9996630854348282,0.0001491596230903663,122.51744185436222,0.6522871616021997,0.9996630854348282,0.9990299598424803
340454.1015625,1.5037841796875,244.5263671875,0.36271972656250007,0.1478271484375,89199.11468029022,5353.515625,0.234324546983308,0.9997413106852114,5.5111399862724056e-5,418.83057785288395,0.3468002084287693,0.999499897312696,8.94900625267381e-5,273.23933752431833,0.46799673832523164,0.9996308984941364,0.00014092559715078457,189.01127419151737,0.46799673832523164,0.9996308984941364,0.9988725158867848
340673.828125,1.410400390625,149.814453125,0.141748046875,0.39018554687500007,56815.431118011475,2472.65625,0.23614501218262074,0.9995378714966913,6.4526159413776e-5,378.3735050808999,0.34467411867897896,0.9995307288797757,0.0001071411891647202,255.80363838436682,0.4629935189848074,0.9995327453216659,0.000169142427484242,187.7657518257683,0.4629935189848074,0.9995327453216659,0.9986019976611943
340747.0703125,1.1302490234375,89.4677734375,0.33137207031250004,0.1082763671875,108818.50898265839,2845.703125,0.18193775145493346,0.9998264348124153,7.66664056541072e-5,395.0642825682398,0.21800357572205759,0.9998098299554602,9.533276820232082e-5,331.0454544185774,0.25777085085658513,0.9998608814412794,0.00011764534306218069,281.20608687148075,0.25777085085658513,0.9998608814412794,0.9994972298137836
340966.796875,1.783935546875,304.208984375,0.360595703125,0.25336914062500004,139590.04545211792,6996.09375,0.2675804354739979,0.9995289438981148,5.7491648541085434e-5,419.1181844544933,0.42419319341979783,0.9995470230822054,0.000107171749418142,240.5773159455549,0.5888835954781849,0.999624569495767,0.00018358625102220494,155.82535905270424,0.5888835954781849,0.999624569495767,0.9987010966837024
341040.0390625,0.7567138671875,360.7373046875,0.1664306640625,0.23395996093750002,45282.83774852753,6369.140625,0.2507803842014983,1.000041555061564,3.2203745613587626e-5,330.2455525849903,0.37872034127216414,1.0000110901021364,5.695794625556321e-5,208.58985852089054,0.5180094785884145,0.9998585165872909,9.362075016403056e-5,146.8819255016663,0.5180094785884145,0.9998585165872909,0.9999111547633585
341259.765625,0.663330078125,117.275390625,0.394287109375,0.30288085937500003,158276.7424583435,9488.28125,0.18119657705204378,1.0004347561122344,5.5893781161986105e-5,308.13563518176113,0.21124437361816023,1.0005768280531402,6.937156038641495e-5,258.89485247205306,0.2469915532622875,0.9997346059743458,8.284808554483412e-5,224.69867382330693,0.2469915532622875,0.9997346059743458,1.000746172384293
341333.0078125,1.8773193359375,228.2568359375,0.13508300781250002,0.2096435546875,29608.643412590027,9861.328125,0.29840917291579583,0.9998633637072716,6.42072384324896e-5,304.8218158385973,0.49387044412915176,0.9998282273103044,0.00013652479394508208,165.40817141073438,0.6741789605810989,0.9998124399373871,0.00025531600477783173,108.57217584893999,0.6741789605810989,0.9998124399373871,0.9995041122661525
341552.734375,0.585693359375,257.060546875,0.16547851562500002,0.17426757812500002,117632.98749923706,8574.21875,0.2098870439788878,1.000355595337314,3.3708751667974937e-5,297.289975032375,0.2825083419038348,1.000394345571776,4.9190863933879014e-5,219.33454030177535,0.36371696197099435,1.000266780143657,6.996928223703017e-5,168.96095394178053,0.36371696197099435,1.000266780143657,1.0010170613869471
341625.9765625,1.9901123046875,317.5732421875,0.34514160156250007,0.34353027343750003,68662.04726696014,8197.265625,0.29404320276096824,0.9993083822758098,6.110605202202606e-5,411.2685353474535,0.48674031061616785,0.9995282483503536,0.0001262080203482825,216.2063253372671,0.674036015228409,0.9996595955920591,0.00022973011653387425,135.23503176372517,0.674036015228409,0.9996595955920591,0.9984969483950233
341845.703125,1.709228515625,71.455078125,0.12182617187500001,0.11948242187500001,99155.6487083435,7066.40625,0.20168725888984634,1.0000559209933049,9.732411026279047e-5,295.429257439371,0.26362403826099706,0.9998697206268912,0.00013600319228667908,226.99590960083432,0.33229790054902525,1.0000364139936697,0.00018679510137929042,180.18627903599406,0.33229790054902525,1.0000364139936697,0.9999620456205629
341918.9453125,0.8665771484375,183.7646484375,0.3864501953125,0.3625732421875001,87371.28150463104,7689.453125,0.20198188324664895,1.0000929058609065,4.721315810944087e-5,358.88810680489183,0.26398859105128114,1.000129309141604,6.586942255161626e-5,270.4824536440817,0.33497291790941974,0.9999520664232525,9.009947919849353e-5,210.48243994069477,0.33497291790941974,0.9999520664232525,1.0001742827872042
342138.671875,1.332763671875,395.849609375,0.3805175781250001,0.21938476562500003,15774.631023406982,3589.84375,0.2569855694212295,0.9992066105890599,4.4076644018586266e-5,497.02197941720533,0.3985456838763425,0.9992335971507813,7.865428489670094e-5,295.13149798811224,0.5517564994171907,0.9992103345657574,0.00013058494332070141,194.33864842584558,0.5517564994171907,0.9992103345657574,0.9976523815953754
342211.9140625,1.2430419921875,285.0341796875,0.1113525390625,0.27497558593750004,151226.04072093964,3212.890625,0.28301527596715864,0.9993735657027639,4.682507798105861e-5,356.7930626095776,0.4558200959113566,0.9993694150579276,9.43927081674184e-5,208.26383118382816,0.6259718774789632,0.9993202098131738,0.00017016505120430282,143.90882078380068,0.6259718774789632,0.9993202098131738,0.9980644398347132
342431.640625,0.962158203125,187.666015625,0.33686523437500004,0.18686523437500002,36317.30794906616,4082.03125,0.20491299976454766,1.0000238390351903,4.90788248929416e-5,398.8766525959898,0.269942571672387,0.9997936300511157,6.947029569577056e-5,297.9832911795997,0.3432463819444194,0.9997275656950287,9.581767327503848e-5,231.39575644214358,0.3432463819444194,0.9997275656950287,0.9995450795906972
342504.8828125,1.6136474609375,131.3037109375,0.15266113281250002,0.31862792968750003,131201.37870311737,4705.078125,0.2344142035181533,0.999671043457993,7.266154489428437e-5,341.47930553747034,0.33998593797930604,0.9997641971146576,0.00011962793359182692,230.33734487669574,0.4554867976551648,0.9997455799353361,0.0001871731871101182,168.23945776198957,0.4554867976551648,0.9997455799353361,0.9991810417432833
342724.609375,1.915771484375,168.076171875,0.293212890625,0.290283203125,55240.18049240112,3292.96875,0.24523280420530594,0.9995177107739952,7.238439739694031e-5,437.2646659751767,0.3678076151969128,0.9994646429674733,0.00012421382554441275,276.2713057504692,0.5011451432188356,0.999491757509647,0.00020078154951099842,191.56110866395696,0.5011451432188356,0.999491757509647,0.9984748865278864
342797.8515625,0.5076904296875,66.5576171875,0.17756347656250002,0.19704589843750003,127033.94591808319,3916.015625,0.1639067122796268,1.0000328233398101,7.885537337748475e-5,321.35667734746704,0.17874141322746975,1.0002581964841526,8.691592426413592e-5,298.2243580046916,0.19434045955120827,1.000046566971564,9.617399013324586e-5,276.55988567639196,0.19434045955120827,1.000046566971564,1.0003376088227043
343017.578125,0.789306640625,333.095703125,0.25190429687500004,0.265966796875,75691.54500961304,4785.15625,0.2358978573826635,0.9997005728610291,3.4237592735796234e-5,378.88811187909477,0.3480887416785853,0.9994568850341276,5.649266703457983e-5,249.91716440709806,0.4704684361867157,0.9994823621831713,8.974846025883783e-5,176.94763499088862,0.4704684361867157,0.9994823621831713,0.998640418749164
343090.8203125,1.6341552734375,262.1240234375,0.22121582031250003,0.24655761718750002,108828.15253734589,4408.203125,0.2774518403501783,0.9994140050905228,5.687602775453435e-5,391.29549626271057,0.4480880297075285,0.9992973130093453,0.00011130800849944801,224.0087053475059,0.6163216587404394,0.9995032180344875,0.0001986786692752824,148.45783184199948,0.6163216587404394,0.9995032180344875,0.998215587894722
343310.546875,1.162841796875,136.865234375,0.24575195312500003,0.39165039062500007,162482.97452926636,8308.59375,0.21125625157263261,1.000194870533382,6.168545256240655e-5,323.6720549590209,0.28564014194768983,1.0002012658118056,9.058163516241758e-5,236.13827883908374,0.36936618898281154,1.0001252290222162,0.00012955326132149835,179.8999606345031,0.36936618898281154,1.0001252290222162,1.000521454200859
343383.7890625,1.2606201171875,204.0185546875,0.28127441406250003,0.1097412109375,10640.305399894714,8931.640625,0.22534173052762294,0.9999225069202177,5.338134300379055e-5,334.00299823650215,0.3201125473495881,1.0000188511105395,8.364353656511573e-5,228.16242583197075,0.42684891306290024,0.999892761909796,0.0001262554478868507,165.43773962694212,0.42684891306290024,0.999892761909796,0.9998341247685321
343603.515625,1.542236328125,279.306640625,0.20444335937500002,0.35209960937500007,142573.06814193726,7800.78125,0.289115262351652,0.9997834023979285,5.36135660021756e-5,347.8842408503675,0.47181288945693156,0.9997648469234883,0.00010996474842664888,191.61986990744006,0.6481358882688552,0.9997444817609521,0.00020049697587416402,125.50436586695997,0.6481358882688552,0.9997444817609521,0.9992928974334848
343676.7578125,0.8812255859375,379.6630859375,0.3249267578125,0.1463623046875,28898.873209953308,7423.828125,0.23521276361907822,0.9997558937393719,3.44156986882432e-5,372.4012170925737,0.3436241664070421,0.9997923148586079,5.629189599946794e-5,243.0818397565073,0.46470011024017965,0.9998710410808291,8.758293313652979e-5,170.99519812315725,0.46470011024017965,0.9998710410808291,0.9994193586320452
343896.484375,0.597412109375,142.841796875,0.186572265625,0.34536132812500003,97579.6275138855,4761.71875,0.18672044212841254,0.9999126005456573,4.8713257955261155e-5,329.6150853357783,0.2277303684585074,0.9999635683417931,6.248732624163076e-5,271.3984177771836,0.2730154153764158,1.0002881179996375,7.912111015725042e-5,227.88922734355936,0.2730154153764158,1.0002881179996375,1.00016425439414
343969.7265625,1.8143310546875,203.3544921875,0.3052978515625,0.13962402343750002,86343.5047864914,4384.765625,0.2430271169168492,0.9995789282361778,6.584700918480811e-5,416.7827508052342,0.3631814744519588,0.9995566815168916,0.00011142590888039069,264.82747104812944,0.4953520225082379,0.9994903343530844,0.00017825236577999334,183.38742965580354,0.4953520225082379,0.9994903343530844,0.998626571229925
344189.453125,1.720947265625,275.986328125,0.22729492187500003,0.39838867187500004,117930.45949935913,3253.90625,0.2963434119144681,0.9989849552915855,5.791886202215375e-5,429.4716023029737,0.4884789106873862,0.9991065259450513,0.00012190326438793985,231.66450753800683,0.6699205712136063,0.9991976680991631,0.00022526313690687252,151.3196821303868,0.6699205712136063,0.9991976680991631,0.9972915867897509
344482.421875,1.344482421875,175.380859375,0.270361328125,0.263916015625,39015.84196090698,7777.34375,0.22727790005720191,1.000067900519306,5.886698718701737e-5,344.7256271152364,0.32404347412494966,0.9999723679943978,9.337508962455823e-5,234.10825039303677,0.431786234809543,0.999993524195777,0.00014207267598408764,169.6100041160074,0.431786234809543,0.999993524195777,1.0000337905724945
344555.6640625,1.0672607421875,64.5654296875,0.24025878906250003,0.24450683593750003,133433.41529369354,7400.390625,0.17901127689492494,1.0001723922509893,9.055293331904875e-5,302.3604703588484,0.20927066866805943,1.0003519623017412,0.00011071329962452024,258.00700136448285,0.24266441199589311,1.000019151789851,0.00013313056650856501,223.98556795875433,0.24266441199589311,1.000019151789851,1.000543577061645
344775.390625,0.973876953125,328.447265625,0.31108398437500007,0.292333984375,20690.5837059021,8269.53125,0.244578264960744,0.9997580740851412,3.8516385339366686e-5,364.86273534349175,0.3671266355684513,0.9996602814367298,6.588644884534515e-5,230.0306935237622,0.49782079042246163,0.9999456263632542,0.00010671545054955454,157.95503791051064,0.49782079042246163,0.9999456263632542,0.9993640956935061
344848.6328125,1.4378662109375,272.0849609375,0.1971923828125,0.1990966796875,152262.322306633,8892.578125,0.2728920716825814,1.000002643244997,5.174332615871174e-5,328.9751553558156,0.4340190474692772,0.9998661645687194,9.979524488348682e-5,190.53778371963435,0.5973839646085387,0.9999021175475213,0.00017480068565164586,127.23241712287013,0.5973839646085387,0.9999021175475213,0.9997709378489256
345068.359375,1.904052734375,393.857421875,0.35649414062500007,0.189501953125,77622.68781661987,7105.46875,0.2834075193951156,0.9989035722138294,5.646448326387819e-5,429.0550966619498,0.4637269879347863,0.9990999947281459,0.00011139176645589035,233.28562709560998,0.6474612949214472,0.9993201681823216,0.00019687730334232183,147.16886933640643,0.6474612949214472,0.9993201681823216,0.9973260784829476
345141.6015625,0.6834716796875,292.3388671875,0.1705322265625,0.3212646484375,109587.84759044647,7728.515625,0.23062089267658709,0.9998946552448694,3.377887891177373e-5,316.35868603379555,0.3317792473816081,0.9999236459699135,5.4790384175425056e-5,214.36503420906084,0.4403489986104145,1.0000850294727823,8.490902813074944e-5,156.0783957615497,0.4403489986104145,1.0000850294727823,0.9999033232819938
345361.328125,0.777587890625,197.626953125,0.3995605468750001,0.21674804687500002,59152.528285980225,8597.65625,0.20066626545125613,0.9997702113689592,4.371541188935663e-5,344.86465334341113,0.25481619425906826,0.9999780118984049,6.0547270378597375e-5,262.1019617037481,0.3146935155200163,1.0001300310212984,8.013319485820593e-5,209.13264790781702,0.3146935155200163,1.0001300310212984,0.9998782266031495
345434.5703125,1.8099365234375,126.6552734375,0.1298095703125,0.2723388671875,130267.84980297089,8220.703125,0.2414503798288858,1.0001381955586655,7.781019805212754e-5,303.9460011516294,0.35738145622106343,0.9999445268493201,0.00013229861682604322,198.8351055712373,0.4829045067942963,0.999932723631105,0.00021261305874500369,142.11750075244487,0.4829045067942963,0.999932723631105,1.0000154328082
345654.296875,1.151123046875,256.396484375,0.102783203125,0.12680664062500002,143583.6672782898,4121.09375,0.26249906952238733,0.9995509946876041,4.6763413414827375e-5,334.8566819623312,0.40720657397581816,0.9995573576988743,8.705793370441965e-5,207.1960911077834,0.5571650979580666,0.9995679019867472,0.0001488334731995921,145.99356555295728,0.5571650979580666,0.9995679019867472,0.9986768383152537
345727.5390625,1.4364013671875,323.5498046875,0.36799316406250004,0.3698974609375001,26210.58738231659,4744.140625,0.26551555807718985,0.999397909630532,4.924190759367673e-5,462.1353609510499,0.41804999663234693,0.9993236027227601,9.145716146071795e-5,266.74795703150744,0.5780616021426743,0.9994290922872742,0.0001563433851163941,173.838809553478,0.5780616021426743,0.9994290922872742,0.9981517415588075
345947.265625,1.530517578125,80.087890625,0.14584960937500002,0.16694335937500002,162636.69729232788,3613.28125,0.19969978692036003,0.9998641514831862,9.009521212111589e-5,342.33593263136936,0.25845471589523156,0.9997520085245375,0.00012440347390015573,266.5460662724018,0.32416749539768275,0.99970452375608,0.00016883425693345886,214.03890779794062,0.32416749539768275,0.99970452375608,0.9993208308587226
346020.5078125,1.0570068359375,180.4443359375,0.3272705078125,0.33620605468750003,5516.007304191589,3236.328125,0.21243172801263546,0.9995733610044691,5.243898715592427e-5,425.7071570343092,0.28821252845933043,0.9995582363555696,7.729805717328986e-5,307.6684720626047,0.37345517282337354,0.999605123181436,0.00011067895666711544,232.78618639912602,0.37345517282337354,0.999605123181436,0.9987372518527201
346240.234375,1.593505859375,294.248046875,0.37641601562500004,0.30083007812500007,119868.79682540894,2449.21875,0.25741154611317507,0.9991432585481836,5.431298105539034e-5,539.1158207431014,0.3988816017910145,0.9990900647465549,9.74024987190514e-5,319.5340561803546,0.5507765171390255,0.9991248529509712,0.00016249805202658726,210.62023831140954,0.5507765171390255,0.9991248529509712,0.9973605012446185
346313.4765625,0.9354248046875,365.3857421875,0.11545410156250001,0.20759277343750002,47526.74758434296,2822.265625,0.2751525443209945,0.9993533264030751,3.640017925616966e-5,365.9059372786922,0.43855844706583647,0.999382859050036,7.114057251615163e-5,218.4822231565393,0.6022386774536447,0.9992854001140935,0.00012620473512031774,151.79134519764378,0.6022386774536447,0.9992854001140935,0.9980228874925047
346533.203125,1.217041015625,119.267578125,0.342138671875,0.25541992187500007,102594.58303451538,5941.40625,0.19664801559623113,1.0001010506653072,6.789230740414167e-5,362.30301510843714,0.2515387512563818,1.000054394353256,9.199161347689027e-5,281.1414529249107,0.31318222287706887,1.0000243793528054,0.00012264662219883606,224.09079577360964,0.31318222287706887,1.0000243793528054,1.0001798336577372
346606.4453125,1.3118896484375,220.9521484375,0.1473876953125,0.23601074218750004,68925.43494701385,5314.453125,0.2599782498145056,0.9994092115308983,5.319229377622415e-5,338.85565997357014,0.3970453862591171,0.9996983955259021,9.802224126167508e-5,208.50231826283402,0.540403724470091,0.9997228379046805,0.0001641094287373522,146.43825900401447,0.540403724470091,0.9997228379046805,0.9988308704340385
346826.171875,0.840576171875,348.037109375,0.160205078125,0.3834472656250001,18831.027507781982,9464.84375,0.2607475926873753,1.0000826721376228,3.472521238109434e-5,312.92152349620414,0.40372321777126235,1.000169941799013,6.409853846020497e-5,189.83726606702783,0.5526733082743993,0.9999946434550904,0.00010908229406655111,130.15380312131717,0.5526733082743993,0.9999946434550904,1.000247270087965
346899.4140625,1.6883544921875,247.8466796875,0.35041503906250004,0.10153808593750001,171971.76826000214,9837.890625,0.24008114680684614,0.9999428639500904,5.908119893527846e-5,364.45808505268496,0.35641307283026863,0.9998988778030303,9.83322502018445e-5,232.19396344483548,0.487518292236228,0.9998277128267217,0.0001550606864053247,160.03779025803772,0.487518292236228,0.9998277128267217,0.9996694876224358
347119.140625,1.969970703125,150.478515625,0.12592773437500002,0.36030273437500004,36486.68050765991,6957.03125,0.26526528052758963,0.9997459639577359,7.649553094684082e-5,319.88781777203695,0.4150438957943346,0.9997177139043337,0.00014393244999924058,193.4604164665362,0.5676653305023575,0.9997319672725644,0.0002493282979147838,133.17262387466545,0.5676653305023575,0.9997319672725644,0.999195860578141
347192.3828125,0.5589599609375,83.4912109375,0.3823486328125001,0.1545654296875,151667.01591014862,6330.078125,0.16486893555227047,1.0005835967398167,6.885359485735506e-5,316.7338853804894,0.18193224344925346,1.0001876409436639,7.673236216286182e-5,290.177661439215,0.19871143882263517,1.0000699773493493,8.599917895826367e-5,265.57002552748656,0.19871143882263517,1.0000699773493493,1.0008413785163048
347412.109375,0.907958984375,215.888671875,0.24165039062500002,0.16372070312500003,62932.288646698,9667.96875,0.21754145508999212,1.000021958909466,4.4667510669168584e-5,313.6696573564211,0.30174722399717,1.000361737664419,6.761248270759197e-5,222.2900039159293,0.39319433692704625,1.0003245844272188,9.959519943759103e-5,165.31241344265905,0.39319433692704625,1.0003245844272188,1.0007084134889794
347485.3515625,1.5623779296875,103.7451171875,0.2853759765625,0.3329833984375,112100.1843214035,9041.015625,0.20761551067103165,1.0002692303415202,7.969899121493237e-5,326.53787294557384,0.27711876640132205,1.0002355724897445,0.00011472921112201336,241.07841570763256,0.3553064576178769,1.0002137192403318,0.00016125934916833375,185.08552218005767,0.3553064576178769,1.0002137192403318,1.0007186933944907
347705.078125,1.281494140625,370.283203125,0.20971679687500003,0.130029296875,80098.74105453491,6160.15625,0.2811251297038879,0.9996634606299573,4.39045417952209e-5,362.21942625808333,0.4567200081333483,0.9994925809446469,8.700510283793809e-5,204.75454194526682,0.6293628866231228,0.9995416468587067,0.00015589046528735484,134.9738485271971,0.6293628866231228,0.9995416468587067,0.9986982459525242
347778.3203125,1.1888427734375,309.9365234375,0.31965332031250004,0.37312011718750004,92785.2600812912,6533.203125,0.25609291908576365,0.9998040916522606,4.444504822299893e-5,399.05809661748106,0.3942815339923556,0.9997605497872694,7.981016668041704e-5,240.48730584436206,0.5415679895742213,0.9996682097718623,0.00013335794924708333,161.54173844721916,0.5415679895742213,0.9996682097718623,0.9992330425538395
347998.046875,1.655029296875,99.677734375,0.287939453125,0.227587890625,161702.45695114136,2683.59375,0.20425544885051253,0.9996391824195515,8.394757159951063e-5,416.79768654667663,0.2693041540141703,0.999593466077957,0.00011856093374261868,313.99193714736646,0.3424870632482569,0.9996329431190758,0.00016400765862458237,245.0623841947156,0.3424870632482569,0.9996329431190758,0.9988660199089779
348071.2890625,0.8153076171875,156.2060546875,0.18283691406250002,0.2831787109375,22672.287821769714,2056.640625,0.20029925196391057,0.9995745098637153,5.143391785538911e-5,392.93830855703436,0.2598837194629365,0.9995164200518101,7.127635444572024e-5,305.0220458697482,0.3286693636561839,0.999751939604074,9.703295632891591e-5,244.30650595702102,0.3286693636561839,0.999751939604074,0.998843300731342
348291.015625,0.534423828125,231.494140625,0.25600585937500003,0.17866210937500002,141391.122341156,5175.78125,0.19385923031886126,0.999769821500971,3.5263280904982425e-5,344.9513014418479,0.24460071337487027,0.9999708457494975,4.7171497458991676e-5,273.3743397935008,0.310837447281398,0.9997118632876809,6.17209037113301e-5,222.2388143364633,0.310837447281398,0.9997118632876809,0.9994526119701832
348364.2578125,1.9359130859375,342.4755859375,0.21711425781250002,0.3104248046875,46019.17350292206,5548.828125,0.3296816156365418,0.9985805191321506,5.89178018966931e-5,391.7792738485853,0.5625915740074977,0.9990872551707627,0.00013902655946882464,192.41916585803438,0.7620819863314078,0.9992109149758626,0.00026860886664245315,122.80488329845612,0.7620819863314078,0.9992109149758626,0.9968818242046114
348583.984375,1.792724609375,190.654296875,0.17250976562500003,0.115673828125,23072.608470916748,5886.71875,0.26072948298309984,0.9997655379818678,6.705283622534047e-5,342.6252539892525,0.4045544445950469,0.9996038374573182,0.00012315509892382045,208.8960151050879,0.5550049593919502,0.9997874639241492,0.00020913146000883047,143.74010778484654,0.5550049593919502,0.9997874639241492,0.9991570662591326
348657.2265625,0.7596435546875,134.2919921875,0.35686035156250007,0.3974365234375,159262.66372203827,5259.765625,0.18636736328173648,1.0001030294214708,5.470241056240277e-5,363.3969985906661,0.22797003074513467,1.0001334669304491,6.993388184094208e-5,297.0438696365804,0.2741276700611074,1.0000609935136058,8.853223901591504e-5,246.99619400611616,0.2741276700611074,1.0000609935136058,1.0002975180421285
348876.953125,0.666259765625,398.173828125,0.12885742187500002,0.14057617187500002,41277.13918685913,2378.90625,0.2476314071004566,0.9993812684996264,2.9319243844711965e-5,377.2697314605754,0.4196764252263172,0.9991927210549966,5.11228005292554e-5,244.7575844241398,0.5508936481591695,0.9994797476552824,9.807116170961701e-5,161.15292879240218,0.5508936481591695,0.9994797476552824,0.9980549783242357
348950.1953125,1.8861083984375,287.3583984375,0.3981689453125,0.3461669921875,138881.11579418182,2751.953125,0.2679238101036774,0.9990114462961043,6.116756663016497e-5,553.6995600483291,0.42471119839489496,0.9989824681666595,0.00011430630470144966,314.19450896468663,0.5892355700062991,0.9991089275694575,0.0001960401603662754,201.47967789800904,0.5892355700062991,0.9991089275694575,0.9971056345882832
349169.921875,1.039794921875,74.443359375,0.3687988281250001,0.20297851562500002,114733.40177536011,6902.34375,0.17505307989166125,1.0001352393808278,8.40350482951917e-5,327.55073523832726,0.2025915544219269,1.0001652154135101,0.00010010323393794623,284.0772899075628,0.2330203515193194,0.9999195575562604,0.00011860871493164665,248.4148624373744,0.2330203515193194,0.9999195575562604,1.0002200105231134
349243.1640625,1.5125732421875,186.7529296875,0.1043212890625,0.29606933593750007,63938.89319896698,6275.390625,0.2614677220428034,0.999678563514633,6.146810613290757e-5,316.7955172393053,0.4051165095999938,0.9997315461252908,0.00011393649190882113,195.13523175661163,0.5535879613906279,0.9996544437315059,0.00019486225839691597,136.17915887026416,0.5535879613906279,0.9996544437315059,0.999064843472793
349462.890625,1.419189453125,259.384765625,0.32514648437500004,0.24077148437500004,96826.11227035522,9394.53125,0.24611382691447106,1.0004586071056354,5.249548308055942e-5,364.0641818524587,0.37213814482943003,0.9998164584961784,9.009203398925555e-5,227.44240270925582,0.5083130453073829,0.9998638439929995,0.00014655748339951604,154.53079995842168,0.5083130453073829,0.9998638439929995,1.0001387879810022
349536.1328125,1.1331787109375,319.8974609375,0.1456298828125,0.26003417968750003,84815.40763378143,9767.578125,0.2779798925094229,1.0000189921171587,4.261691104898192e-5,309.7456427744877,0.4447204875747695,1.0000744199132074,8.413628498018879e-5,177.88453980485272,0.6104388360765204,0.9999965776457171,0.00014980342327902498,119.05380927045657,0.6104388360765204,0.9999965776457171,1.0000899907697811
349755.859375,0.708740234375,282.294921875,0.304931640625,0.26918945312500003,170348.82307052612,6230.46875,0.21490269621353236,0.9999608027879768,3.539455663307337e-5,365.2905953475999,0.2932926929685092,0.9999042309553478,5.283425337880676e-5,261.18760444765866,0.3813438083648752,1.0000039982228381,7.616103906583713e-5,196.56561754599292,0.3813438083648752,1.0000039982228381,0.9998690351804321
349829.1015625,1.7381591796875,382.6513671875,0.18459472656250003,0.21345214843750002,13301.440119743347,6603.515625,0.33186888630572436,0.998772191813359,5.3158638165867584e-5,360.93575849333814,0.5674127357568005,0.9992493671930572,0.00012628390734915922,177.93001970757092,0.7702990702325254,0.9991230359844397,0.0002444351150061689,114.39983092211868,0.7702990702325254,0.9991230359844397,0.9971472508372806
350048.828125,1.832275390625,139.189453125,0.26362304687500004,0.324560546875,151052.43062973022,9722.65625,0.23484783120325603,1.000091707659401,7.585958616242176e-5,334.22102547890927,0.34228845425870363,1.0001277742020673,0.0001246876792286183,219.82091951699766,0.460694300373566,1.0000210641037652,0.0001951893672919082,155.8653907305755,0.460694300373566,1.0000210641037652,1.000240562306542
350122.0703125,0.6146240234375,206.3427734375,0.22824707031250002,0.19265136718750003,36283.87153148651,9095.703125,0.19666893101194138,1.0003479511774236,3.9489225450321e-5,304.1560792400062,0.252592436436838,1.000357745921348,5.357768237479927e-5,237.03126084983882,0.3159470843011794,1.0003502894898766,7.196497280861374e-5,189.04531906064145,0.3159470843011794,1.0003502894898766,1.0010563583086427
350341.796875,1.455810546875,336.083984375,0.23872070312500002,0.337744140625,52788.53178024292,5246.09375,0.29090066429521105,0.9993459491953812,4.9251258465428564e-5,397.1109339565924,0.476734818380342,0.9994798465388686,0.00010141114339739629,216.28581626156725,0.656332621677916,0.9994746313563269,0.00018487846277210346,140.6315463414338,0.656332621677916,0.9994746313563269,0.9983013840087349
350415.0390625,0.9910888671875,265.1123046875,0.26955566406250003,0.1683349609375,125316.40708446503,5619.140625,0.22842101736754852,0.9997936391548707,4.286841202172701e-5,371.3061372671193,0.32761905565785576,0.9999256657314306,6.824733679217576e-5,251.05139358411103,0.4376940104996965,0.9997358645815835,0.00010428224056088805,181.64290702898603,0.4376940104996965,0.9997358645815835,0.9994552589450368
350634.765625,1.085205078125,170.400390625,0.19741210937500003,0.368505859375,70404.794216156,2738.28125,0.2280775721247537,1.0000508284713117,5.496859864783703e-5,391.39494077782643,0.31615780147012484,0.9996377273463692,8.795440123919655e-5,270.7957011819746,0.4132894524624475,0.999652092290488,0.00013027992295940036,204.8776939401796,0.4132894524624475,0.999652092290488,0.9993407380546422
350708.0078125,1.3616943359375,68.8818359375,0.3132080078125,0.1252685546875,104593.50669384003,2111.328125,0.18014382642328483,0.9996417840191014,9.512068041442623e-5,412.8303682699976,0.21397462130419218,0.9996972093432017,0.00011703686080192145,349.6201903205332,0.25122213660226,0.9997266426962012,0.00014291203394793954,299.98646131133984,0.25122213660226,0.9997266426962012,0.9990659251842992
350927.734375,1.195068359375,373.935546875,0.287353515625,0.23989257812500003,27615.40937423706,3324.21875,0.2646035960271494,0.9991971584237306,4.21108261914724e-5,451.00839352383707,0.41544359065834147,0.9992199396560809,7.805814167806386e-5,265.18991925627597,0.5734989750370589,0.9992670091089437,0.00013330780050698027,176.55654661890097,0.5734989750370589,0.9992670091089437,0.9976858932472737
351000.9765625,1.2869873046875,306.9482421875,0.24201660156250002,0.2591552734375,148150.81679821014,3947.265625,0.26524699163458504,0.9993232408764952,4.704430309018551e-5,409.28589459813116,0.41590076677095883,0.9994063272854397,8.779321051588492e-5,242.60048134260975,0.57264792748951,0.9994474930010223,0.00015051297703870252,163.60339010692664,0.57264792748951,0.9994474930010223,0.9981781646368827
351220.703125,1.568603515625,209.580078125,0.318701171875,0.20385742187500003,10070.321559906006,4816.40625,0.23656547530640096,0.9996205880946182,6.036302386914717e-5,413.0422830787049,0.34844993735917856,0.9995699255169752,9.944262969423714e-5,268.50061523465104,0.4733386383141797,0.9995704416125583,0.00015657385543972483,187.88828937222553,0.4733386383141797,0.9995704416125583,0.998761466051105
351293.9453125,0.9134521484375,109.3896484375,0.20832519531250002,0.29694824218750004,168248.60084056854,4439.453125,0.18922644601703803,0.999929609303065,6.55339647646959e-5,342.9995560226552,0.23447845394403702,0.9998766033988963,8.513689418259442e-5,278.9021024470982,0.2852228787436132,0.9999501787150821,0.00010942442356271447,231.28718177544803,0.2852228787436132,0.9999501787150821,0.9997564097573155
351513.671875,1.942138671875,236.474609375,0.183642578125,0.15375976562500002,109460.36100387573,8339.84375,0.28636636039392677,0.9997143433718177,6.574339870389656e-5,334.3601737844015,0.4660143779657139,0.9997276437412147,0.00013317039783303596,186.23474460776168,0.6414652977555003,0.999758325454997,0.0002408502344219351,122.61711546573981,0.6414652977555003,0.999758325454997,0.9992005252071082
351586.9140625,0.5399169921875,338.1591796875,0.28947753906250007,0.3593505859375,77837.52143383026,8962.890625,0.21460990615948466,1.000229508960593,2.8626239695819003e-5,334.7140153675489,0.2931533921356341,1.0008713533885967,4.274866054416684e-5,239.01128732805168,0.3807983541178539,1.000248583754777,6.181599252291938e-5,179.81786593627368,0.3807983541178539,1.000248583754777,1.001349919793586
351806.640625,0.821533203125,92.041015625,0.21499023437500003,0.102490234375,129535.99691390991,7832.03125,0.17857211659978964,1.000422588835854,7.019459971885387e-5,297.7226733911696,0.21088307299808548,1.0000227630975702,8.55532973678476e-5,254.11632589687184,0.2460296539994965,1.0001812952921627,0.0001041067725446483,218.64637522749473,0.2460296539994965,1.0001812952921627,1.0006267375869706
351879.8828125,1.6605224609375,163.1787109375,0.25578613281250007,0.3842529296875,56445.671916007996,7455.078125,0.24177877027139524,1.0002483440209955,6.819246596974817e-5,356.18682490418337,0.35874994114481235,0.9999207535286041,0.00011570721552579995,228.70734404471435,0.4860768379860849,0.9998576257741346,0.00018556516132473024,160.20010811029425,0.4860768379860849,0.9998576257741346,1.0000266795710162
352099.609375,1.306396484375,114.951171875,0.11508789062500001,0.3746582031250001,138835.15119552612,8542.96875,0.21454045920097714,1.0003081576981248,7.133348072175868e-5,294.63486625706537,0.29338498632127036,0.9999978993892019,0.00010669705919055973,214.06938382131054,0.38106992235484916,1.0000874882533954,0.0001553010948062097,163.16963224286692,0.38106992235484916,1.0000874882533954,1.000393571469746
352172.8515625,1.2108154296875,225.9326171875,0.37443847656250007,0.13142089843750002,42397.83751964569,8166.015625,0.2159519608839406,1.0001615005449498,5.081270976132091e-5,371.13020369251655,0.29735746730197565,0.999933912611426,7.584013235141163e-5,261.57995359128546,0.3925667602301145,0.9997638048756128,0.00010977556512609682,193.15819027961845,0.3925667602301145,0.9997638048756128,0.9998591848252378
352392.578125,0.929931640625,301.220703125,0.14877929687500002,0.33159179687500007,158272.47762680054,7035.15625,0.25486670318789995,0.9999487295852831,3.9298964047224424e-5,326.64561579064673,0.38975530392218855,0.9999677498548354,7.077226558650066e-5,203.48212622337516,0.5320876677368251,0.9999244428018487,0.00011873282188412071,141.56282443363122,0.5320876677368251,0.9999244428018487,0.9998409302059001
352465.8203125,1.5872802734375,357.7490234375,0.34309082031250004,0.16218261718750002,23420.925974845886,7658.203125,0.26350134790093055,0.9997992841532474,5.132195331384917e-5,404.3773919140308,0.4144354111731382,0.9996190533576612,9.404211692897099e-5,235.96333493336118,0.5752946895058373,0.9995580373214858,0.00015907293094572986,154.32236314386012,0.5752946895058373,0.9995580373214858,0.9989767083337406
352685.546875,0.553466796875,147.490234375,0.34887695312500006,0.30727539062500003,85647.95255661011,3558.59375,0.17799308246298487,0.9999184456019947,4.792926539414838e-5,379.41557694580814,0.20918739980423878,0.9997718183325867,5.820783917205e-5,324.384066169689,0.2438583934695196,0.9999736240858128,7.008579977855311e-5,280.7772193661879,0.2438583934695196,0.9999736240858128,0.9996639147986938
352758.7890625,1.9637451171875,87.1435546875,0.15939941406250002,0.17536621093750002,97011.18552684784,3181.640625,0.21467203714662453,0.9996638828760924,9.61619978890361e-5,363.4313241362458,0.29367782944121334,0.9996291987977773,0.00014372082697773552,265.17235857933684,0.3826405159623146,0.9996478344512876,0.00020859530593114086,203.41157115327857,0.3826405159623146,0.9996478344512876,0.9989412896661799
352978.515625,1.682861328125,353.681640625,0.382568359375,0.286474609375,64926.278591156006,4050.78125,0.27023854747477205,0.999018579085308,5.3655549868907325e-5,500.65472402996477,0.43071719862595653,0.9990979564897133,0.0001010636282220494,282.7817652696049,0.5986791100934935,0.9991958171536054,0.00017405707064248235,181.2165421429257,0.5986791100934935,0.9991958171536054,0.9973147519508455
353051.7578125,0.8343505859375,241.5380859375,0.1280517578125,0.23073730468750003,118416.72599315643,4673.828125,0.22899388624234604,0.9997593307580737,4.138673145720813e-5,334.8996852142043,0.32786799570948805,0.9997829865164145,6.644674718597605e-5,231.06776653684395,0.43651379644518884,0.9997877059608373,0.00010230392128731197,170.93797569147256,0.43651379644518884,0.9997877059608373,0.9993301726160227
353271.484375,1.394287109375,344.716796875,0.308447265625,0.148486328125,148807.83796310425,6511.71875,0.2586843034224745,0.9997814281437408,4.768721197321874e-5,398.2626474045178,0.40183929938795293,0.9995921417127636,8.600307426435687e-5,237.879730527596,0.5552454563628659,0.9996069898892813,0.00014393115168931988,158.7053688414878,0.5552454563628659,0.9996069898892813,0.9989808950504733
353344.7265625,1.1112060546875,235.2294921875,0.20217285156250003,0.3552490234375001,30907.68325328827,6134.765625,0.24313793156083877,1.0001264231842037,4.797591171047725e-5,351.0183161192617,0.36207628454248253,0.9998282612276808,8.202327673807326e-5,226.43756372780916,0.491333715049256,0.999751306425603,0.00013243019247613838,159.81303784494955,0.491333715049256,0.999751306425603,0.9997059804008201
353564.453125,1.017822265625,159.111328125,0.274169921875,0.10776367187500001,170146.46291732788,9003.90625,0.20384686033399205,0.9998570010794209,5.5108543097960445e-5,319.10201712520774,0.2675671502506079,1.0002448875035421,7.77601180059115e-5,239.7304267325597,0.337705621950112,1.0001739735253552,0.00010699737115340463,187.04346848715326,0.337705621950112,1.0001739735253552,1.000275844809493
353857.421875,0.641357421875,313.505859375,0.22348632812500002,0.23579101562500002,75577.60953903198,5527.34375,0.21963890117183926,1.0000881577961758,3.234748613604472e-5,352.5293240115633,0.3076910333826669,0.9997659279204077,4.952083761378613e-5,248.7650424242629,0.4038558913253081,1.0000280327836841,7.390112581920932e-5,184.69639746486402,0.4038558913253081,1.0000280327836841,0.9998820937740269
353930.6640625,1.8641357421875,372.6904296875,0.26838378906250004,0.2538818359375,109640.38550853729,5150.390625,0.30999560944995924,0.9984632973449609,5.6545467769589645e-5,424.3343754789616,0.522051606929586,0.9989603896378504,0.00012408037961183818,216.46648439863793,0.7166220725060064,0.9992533539122789,0.00023291337011021026,136.7544489342036,0.7166220725060064,0.9992533539122789,0.9966805608683079
354150.390625,1.770751953125,105.322265625,0.189208984375,0.20795898437500002,53561.7995262146,2019.53125,0.21713858407998485,0.9994257587916441,8.510989507152189e-5,408.44031530479805,0.29955916430124213,0.9994263401037264,0.0001287225068689623,294.54961538416086,0.39238017595095026,0.9994048646938158,0.00018865252890766358,224.0352190983268,0.39238017595095026,0.9994048646938158,0.9982579759687649
354223.6328125,0.7347412109375,218.9599609375,0.30031738281250003,0.3022216796875,128340.50834178925,2642.578125,0.20372153929236306,0.9995241406551795,4.151094694771437e-5,424.6258894334555,0.2701098939729771,0.999470285309784,5.848167361777622e-5,320.2117010000484,0.34231654738987066,0.9995745790371816,8.151406797622162e-5,248.49033283804383,0.34231654738987066,0.9995745790371816,0.998569684756869
354443.359375,1.107177734375,85.732421875,0.140869140625,0.311376953125,41021.06428146362,5355.46875,0.19036625530910295,1.000086033635553,7.979496536517921e-5,318.1990094590483,0.2365591388928833,0.9998241496086949,0.00010463551901918763,257.62139794966424,0.28779500685389986,0.9999969387046364,0.00013523734285557923,213.40006064694384,0.28779500685389986,0.9999969387046364,0.9999071070948378
354516.6015625,1.3865966796875,154.2138671875,0.32990722656250004,0.18063964843750002,138578.17351818085,5978.515625,0.21082783170075306,0.9998602469268382,6.427648881232039e-5,376.71677946313014,0.28522122592661936,0.99980226994145,9.378200963830497e-5,273.37628053599974,0.3690048287425045,0.9998901926659486,0.00013347803067166353,206.62101829705853,0.3690048287425045,0.9998901926659486,0.9995527742227088
354736.328125,1.480712890625,250.751953125,0.10893554687500001,0.28237304687500003,18442.018032073975,2847.65625,0.2895715606969847,0.9989190436742639,5.5062561433635716e-5,368.39662116898404,0.46564084330867533,0.9993269773563357,0.00011396774337757674,211.248600025581,0.6350967526622662,0.9993456714743505,0.00020594912939244395,146.38308396834225,0.6350967526622662,0.9993456714743505,0.9975935672154779
354809.5703125,1.0130615234375,349.7802734375,0.36418457031250007,0.22546386718750003,159595.33393383026,2470.703125,0.23469409650993195,0.9992969316651059,3.917830193384031e-5,506.4184781964152,0.342983377444919,0.9994631881591269,6.388139633728551e-5,329.1748353688547,0.4637820499078266,0.9992428264365856,9.933599211424325e-5,229.9313491092811,0.4637820499078266,0.9992428264365856,0.9980042621949475
355029.296875,1.854248046875,224.521484375,0.393408203125,0.37993164062500007,99714.5266532898,6371.09375,0.25337194276379843,0.999693170694417,6.531005020189393e-5,439.25078837417766,0.3885512300581306,0.9996185465729897,0.00011550902238973648,264.2454233352841,0.5345220458722649,0.9996611822504463,0.00019095020690898998,175.63216005436442,0.5345220458722649,0.9996611822504463,0.998973249721694
355102.5390625,0.6395263671875,121.6748046875,0.13361816406250002,0.1355224609375,87400.83396434784,6994.140625,0.18363028036042522,0.999933035337835,5.6031455958171196e-5,295.7724246787251,0.22250018325613866,0.9997985434909205,7.053520615369572e-5,246.85089584319647,0.26317888068682765,1.000117294555507,8.830674215716959e-5,208.9513401339801,0.26317888068682765,1.000117294555507,0.9998488553919699
355322.265625,0.733642578125,366.962890625,0.3614746093750001,0.32631835937500003,120226.41897201538,9863.28125,0.22730827754008914,1.0000397769153873,3.194287769660027e-5,361.7946318261225,0.32429955862684134,1.0003840834667936,5.055560337961214e-5,242.8655024867865,0.4324361448414219,1.000033257592521,7.67627483707848e-5,173.53993774549593,0.4324361448414219,1.000033257592521,1.0004571473494415
355395.5078125,1.7601318359375,297.3193359375,0.1678955078125,0.1580810546875,69567.70408153534,9486.328125,0.3046000430635163,0.9996130621178895,5.775528001624241e-5,326.1780219175707,0.5067768813945676,0.9997820027403689,0.00012522885307741948,172.38545644309568,0.6939967506039847,0.9997754528060593,0.00023470169468926813,111.73751147448823,0.6939967506039847,0.9997754528060593,0.9991707378332634
355615.234375,0.796630859375,177.373046875,0.12329101562500001,0.19770507812500002,161989.64643478394,8199.21875,0.21214821561798253,0.9999849923297166,4.75713432711649e-5,295.5527461176247,0.2832199768947817,0.9998613956107371,7.042612466792646e-5,216.92050615059986,0.3622466731682854,0.999956033808464,9.939863991405386e-5,168.865553455161,0.3622466731682854,0.999956033808464,0.9998024305826924
355688.4765625,1.6385498046875,78.5107421875,0.3873291015625,0.2919677734375,26549.147486686707,8572.265625,0.1900901807833699,1.0002692604476606,9.403756296272024e-5,340.9705374155797,0.23647483994873725,1.0002703059521696,0.000122732697479952,272.4502538126913,0.2882943441626289,1.000179405129653,0.00015829804211334408,221.98958056666032,0.2882943441626289,1.000179405129653,1.0007191411262224
355908.203125,1.920166015625,321.142578125,0.16401367187500002,0.24604492187500002,143286.35549545288,7691.40625,0.33102415324761,0.9991177250804446,5.987294549497838e-5,344.6716851434873,0.5662502741187386,0.999409702911008,0.00014197525613781898,170.66187744369282,0.7649525274155361,0.9993766100482836,0.0002781146660194149,109.67706030840138,0.7649525274155361,0.9993766100482836,0.9979054765059819
355981.4453125,0.5150146484375,252.8271484375,0.34426269531250003,0.2641357421875,45080.525279045105,7064.453125,0.19184416824689163,1.000331872264422,3.345479369692178e-5,347.58569090233163,0.24589252200556658,0.9998999146770521,4.413583851731253e-5,274.5820373598735,0.3011314769672396,1.0001575997078855,5.9040280586527066e-5,218.67385939811138,0.3011314769672396,1.0001575997078855,1.0003893899581364
356201.171875,1.543701171875,124.912109375,0.33833007812500004,0.111572265625,62392.48991012573,3214.84375,0.20402566437068922,0.9996011419804138,7.453057592810771e-5,424.3458639442564,0.2679526013266847,0.9995510293167301,0.00010494894086680693,318.0311454904237,0.34010032883506824,0.9996042454928319,0.0001441507487223356,247.4082089971786,0.34010032883506824,0.9996042454928319,0.998756931326694
356274.4140625,0.8914794921875,194.7216796875,0.15354003906250002,0.39216308593750004,116559.14008617401,3587.890625,0.2192545394886615,0.9997338771128966,4.7768790443917264e-5,360.04768267350374,0.30441599286324744,0.9997486779211293,7.317291636184965e-5,257.7861837927887,0.39932928124114875,0.9997935108247921,0.00010832532283657622,195.3489650802525,0.39932928124114875,0.9997935108247921,0.999276239574349
356494.140625,1.173095703125,288.603515625,0.3790527343750001,0.144677734375,84274.46126937866,4707.03125,0.22500221183779645,0.9996450505806322,4.5808231776729366e-5,437.65753440965227,0.31968710396261024,1.0000068069134953,7.134396772705555e-5,295.9864115233672,0.42669788969439815,0.9996707473255196,0.00010694274616442423,212.15546454053046,0.42669788969439815,0.9996707473255196,0.9993227170311839
356567.3828125,1.2620849609375,391.6162109375,0.1104736328125,0.3514404296875,95562.4932050705,4080.078125,0.3213562257083726,0.9993386289991635,4.307453714322123e-5,356.42846587377943,0.5442921593923465,0.9991827334495255,9.958786607976135e-5,186.6690155814181,0.7331832084656054,0.9992863717305362,0.0001947932446951451,124.52372397299514,0.7331832084656054,0.9992863717305362,0.9978093295074507
356787.109375,1.704833984375,269.013671875,0.25102539062500007,0.34184570312500007,11500.159740447998,3917.96875,0.28071802964558223,0.9992587749747686,5.8755393530814376e-5,426.7495985264952,0.4528878420984732,0.9992692305520905,0.00011647311658889805,239.38651905816053,0.6244533625611777,0.9993331426572896,0.00020772538801302036,157.29371079002524,0.6244533625611777,0.9993331426572896,0.997862671097861
356860.3515625,0.8592529296875,326.8701171875,0.21975097656250003,0.17360839843750003,173085.35277843475,3291.015625,0.23794471215178145,0.9993843218374141,3.681129239066667e-5,399.3432219047193,0.35168432790719484,0.9994920026477003,6.13019389801941e-5,262.8529299700971,0.47552781536604233,0.9995478898042431,9.764412037460742e-5,186.92368309025824,0.47552781536604233,0.9995478898042431,0.9984250349359878
357080.078125,0.578369140625,62.158203125,0.29409179687500003,0.3644042968750001,32213.120937347412,4410.15625,0.16364317469012568,1.0001445454246751,8.68054106716715e-5,331.45976978475585,0.1779735909633714,1.0002318917589315,9.579531050727987e-5,306.83177104152276,0.19308983340052455,1.0000391351219773,0.00010544982597012231,285.208168924185,0.19308983340052455,1.0000391351219773,1.0004156205577035
357153.3203125,1.9857177734375,171.8115234375,0.17902832031250002,0.1199951171875,154094.52521800995,4783.203125,0.25784073052589124,0.9995403414678072,7.447049521494206e-5,362.0270267705742,0.39790573518618483,0.9995632884425036,0.00013523264172197994,222.7744218149165,0.5447439694144353,0.999610361544447,0.0002278490557948481,154.01606998222135,0.5447439694144353,0.999610361544447,0.9987145413749935
357373.046875,0.951904296875,386.552734375,0.20356445312500002,0.27446289062500007,129368.65568161011,8933.59375,0.27130562072528847,0.9997303331963706,3.626499115958877e-5,336.0104529596751,0.4288945629562853,0.999964522413961,6.963682294939694e-5,195.28465157431035,0.5851786080902295,0.9999231704294246,0.00012161352630697276,130.50969898520742,0.5851786080902295,0.9999231704294246,0.9996180590502608
357446.2890625,1.6121826171875,273.0810546875,0.3234619140625,0.21755371093750003,55362.56492137909,8306.640625,0.2552893341213861,0.999744889397612,5.6357487850454684e-5,383.43794836852817,0.39274943020500414,0.9997809321950764,0.00010041481788450668,231.29526390448578,0.5409840386749079,0.999782593539813,0.00016639609276533236,154.95483102984966,0.5409840386749079,0.999782593539813,0.9993085740963199
357666.015625,1.331298828125,199.619140625,0.24663085937500004,0.31928710937500004,108110.78786849976,7425.78125,0.237353691002167,1.0000039257112658,5.6596907353129566e-5,352.52653428134033,0.3487890714915649,0.9999042164925283,9.411111221783194e-5,230.42963421973565,0.4704701402446576,0.9998841350859432,0.00014897822725789907,162.89311242418938,0.4704701402446576,0.9998841350859432,0.9997922875568581
357739.2578125,1.2327880859375,140.6005859375,0.28273925781250003,0.18854980468750002,75583.96232128143,7798.828125,0.20532782798711335,1.0001322452795738,6.391859607966296e-5,337.38966844895623,0.27186758874076333,1.000111097673801,9.076178146957904e-5,251.89855674940463,0.34674257242706014,1.0000883649102084,0.00012624265314249816,194.72562548415323,0.34674257242706014,1.0000883649102084,1.0003317440600026
357958.984375,0.995849609375,243.779296875,0.331884765625,0.387548828125,51894.690990448,7636.71875,0.22607215021187235,1.0000926598142086,4.494484353824607e-5,373.46301826289675,0.32129371839123083,0.99995500991089,7.083164969500529e-5,253.22182710108657,0.4280492769007269,0.9999477922197514,0.0001073238694290091,182.48502163670923,0.4280492769007269,0.9999477922197514,0.9999954552875638
358032.2265625,1.4627685546875,357.4169921875,0.1412353515625,0.1068115234375,126062.0106458664,7009.765625,0.309427979478068,0.9993055408421586,4.865918112726953e-5,334.12236905501675,0.5171999277635545,0.999509242990034,0.00010750844516054906,176.58272179600266,0.7043692985562148,0.9995990840612031,0.00020345720929073328,115.89626539960038,0.7043692985562148,0.9995990840612031,0.9984146837395117
358251.953125,1.369384765625,90.048828125,0.36323242187500004,0.356201171875,73505.22756576538,8128.90625,0.1915483780613334,1.0001259801295896,8.315636720859411e-5,341.64065950274727,0.23927818004257473,1.0002202643561469,0.00010955580651586859,271.4617133085372,0.2925948135510141,1.000207766748187,0.00014214725860472216,220.7081349079958,0.2925948135510141,1.000207766748187,1.0005541109267118
358544.921875,1.742919921875,361.318359375,0.134423828125,0.30610351562500004,176970.3402519226,4652.34375,0.3470804574867241,0.9984792990001349,5.44134296983973e-5,365.2858806829851,0.5958900349114599,0.9990859492212635,0.0001367122694684816,177.73963491409194,0.8022923551117833,0.9987680125765374,0.0002718640726312621,117.41021329633683,0.8022923551117833,0.9987680125765374,0.9963376486669794
358618.1640625,0.7156982421875,303.6279296875,0.39494628906250007,0.21169433593750003,14766.65198802948,4025.390625,0.20602159175813317,0.9996803032817632,3.4866871069343434e-5,434.31618199476543,0.27372119137275,0.9995860836253397,4.9564902260417795e-5,320.494388614225,0.35887905763131106,0.9993096814297614,6.88999171113495e-5,244.80825373908434,0.35887905763131106,0.9993096814297614,0.998576706999964
358837.890625,0.622314453125,227.509765625,0.165771484375,0.25014648437500003,156954.28609848022,3144.53125,0.2045073294003314,0.9997846936010663,3.8476208932992e-5,364.80463456662005,0.2698191404655608,0.9998555271770901,5.45084816757859e-5,277.72560763577206,0.3432932022937884,0.9998888302357686,7.559394548364016e-5,219.4449919920219,0.3432932022937884,0.9998888302357686,0.9995291221129615
358911.1328125,1.8363037109375,118.0224609375,0.36125488281250007,0.23190917968750002,34057.59513378143,3517.578125,0.20971775796233777,0.9996118895146285,8.283643898988805e-5,436.9345373526388,0.28242958668901297,0.9997624184375222,0.00012015001840105521,317.8574482173596,0.3646048607005977,0.9996451837156225,0.00016997846809527567,240.7106963552056,0.3646048607005977,0.9996451837156225,0.9990198058486796
359130.859375,1.505615234375,165.419921875,0.20180664062500003,0.22231445312500003,114677.98566818237,4480.46875,0.23381288076717494,0.9996346716018888,6.542345792031881e-5,368.71373143134434,0.34067215963335534,0.9995608951418893,0.00010710684569989195,246.84715442191552,0.45718216173205695,0.9996899787665705,0.00016783112630050647,177.9409014439168,0.45718216173205695,0.9996899787665705,0.9988859552694804
359204.1015625,1.0350341796875,95.7763671875,0.30646972656250004,0.27907714843750003,60955.64544200897,4853.515625,0.18411229537323812,0.9999655039846196,7.441751438383291e-5,357.590019317788,0.22284884854916392,1.000039001773098,9.385267576490011e-5,296.2543089850403,0.2657158832623278,1.000013439278724,0.00011732445989759757,249.20586821598167,0.2657158832623278,1.000013439278724,1.000017943751572
359423.828125,1.129150390625,341.064453125,0.23549804687500003,0.18393554687500002,93815.91939926147,3972.65625,0.25818026859544274,0.9994325870260454,4.23070739926655e-5,404.7698679759645,0.4065152976427015,0.9992155763568537,7.66520643668516e-5,246.02611056669028,0.5555296457299185,0.9994539163193296,0.00013195429928672593,165.2177413623889,0.5555296457299185,0.9994539163193296,0.9981032627672388
359497.0703125,1.4114990234375,238.2177734375,0.2751220703125,0.31452636718750004,81857.02216625214,3345.703125,0.2488897586669989,0.9994426386784461,5.489088147471791e-5,435.8656929332951,0.37651929802266476,0.9994546129521706,9.579347416497655e-5,272.0620113740688,0.5142238230852965,0.9994262934397985,0.00015680455527258643,187.62768658907288,0.5142238230852965,0.9994262934397985,0.9983244815276408
359716.796875,0.752685546875,112.958984375,0.266845703125,0.15961914062500002,28788.89799118042,7496.09375,0.17964278937265488,1.0002266544057439,6.167741469711015e-5,313.6189878645096,0.21286099334658354,1.000265168879651,7.570124680315414e-5,265.7130236827996,0.249651509300269,1.000067897554112,9.232832864499914e-5,227.77357202297068,0.249651509300269,1.000067897554112,1.0005598143388803
359790.0390625,1.7879638671875,211.9873046875,0.22268066406250003,0.32770996093750004,166917.48130321503,7869.140625,0.2681980923323009,0.9997771521449413,6.529491381715399e-5,355.0104039716306,0.42271349768509686,0.999840201464173,0.00012359842225676885,207.92187720522486,0.5817136193388828,0.999779718776546,0.00021425057421483448,138.9725706088298,0.5817136193388828,0.999779718776546,0.999397192278392
360009.765625,1.882080078125,308.525390625,0.300537109375,0.13413085937500002,49320.809841156006,8988.28125,0.27204461316440404,0.9996609271715297,6.0234210107350544e-5,377.5954909726595,0.43462716086791414,0.9996419345927731,0.0001144656464009317,215.0458209599789,0.6039142717035217,0.9997145894648003,0.00019807267396418298,139.71132513694704,0.6039142717035217,0.9997145894648003,0.9990177715752986
360083.0078125,0.6585693359375,377.0068359375,0.1913330078125,0.3783935546875,147474.24399852753,8361.328125,0.24211881468302138,1.0001703994103424,3.0120680175593718e-5,329.44788280453116,0.3589651486180156,1.0002986904917677,5.1317751810228266e-5,212.90425364613264,0.48650099711163225,0.9999599927215442,8.242549685969954e-5,150.50567554670263,0.48650099711163225,0.9999599927215442,1.0004291147512914
360302.734375,1.991943359375,65.810546875,0.221728515625,0.26801757812500004,92023.24628829956,9074.21875,0.19858744549365628,1.0002554319599248,0.0001100074954016919,309.2724956726195,0.2559448816187628,1.0001611080788522,0.0001508741135430469,238.95996851852604,0.3202617417707314,1.0002337690352847,0.00020341862339393903,190.07842699295867,0.3202617417707314,1.0002337690352847,1.000650447609997
360375.9765625,0.5838623046875,168.8232421875,0.25139160156250007,0.24978027343750003,105057.18886852264,9697.265625,0.18746500918083145,1.000249769515066,4.4714504462050535e-5,301.0318898963714,0.22897301105233603,1.000668158166583,5.753206999728224e-5,245.30545588249245,0.2749278861696714,1.0004515135562542,7.27172278157218e-5,204.570112760231,0.2749278861696714,1.0004515135562542,1.0013700226555875
360595.703125,0.865478515625,262.705078125,0.17807617187500002,0.28823242187500003,71630.868434906,6566.40625,0.23352299794679363,0.9996318220338815,4.07823146989063e-5,336.0007084648228,0.33717571541352015,1.000039796717485,6.684957002441994e-5,225.2198090323763,0.451516305579493,0.9999489878154706,0.0001038567203536818,163.4733066406276,0.451516305579493,0.9999489878154706,0.9996206086667548
360668.9453125,1.7103271484375,332.5146484375,0.2927001953125,0.19382324218750002,123830.87623119354,6189.453125,0.2772399768114106,0.9993236563142068,5.5429541643486045e-5,409.6154370330505,0.4465258569390482,0.9993821705646782,0.00010769586059923523,229.83721459160856,0.6194501286359306,0.9995169506192474,0.0001891669768082291,148.88627547106606,0.6194501286359306,0.9995169506192474,0.9982238203108451
360888.671875,1.239013671875,204.599609375,0.32426757812500007,0.35063476562500007,137684.54313278198,2089.84375,0.22679642600951738,0.999349490741223,5.458488410167132e-5,487.243134464949,0.32225125335578386,0.9994107597622076,8.630746493430682e-5,329.8925850459333,0.42877013282047016,0.9994601847221264,0.00013064941062148342,238.79118444248368,0.42877013282047016,0.9994601847221264,0.9982214875605918
360961.9140625,1.3367919921875,136.2841796875,0.20510253906250003,0.1437255859375,37216.214060783386,2712.890625,0.21374731269219904,0.999474209296727,6.791116672206814e-5,392.67563588718804,0.29067280522306704,0.9996341914546362,0.00010091429787800575,286.26791983267174,0.3756965641834891,0.9996506437744438,0.0001453002481894669,219.39154983420298,0.3756965641834891,0.9996506437744438,0.9987595482830929
361181.640625,1.618408203125,378.916015625,0.280615234375,0.39311523437500007,159654.71029281616,5582.03125,0.3073959234838404,0.9989810954796213,5.138807667331861e-5,427.8955625026625,0.5150627895994218,0.9991618009102514,0.00011208953444043043,218.73234033947438,0.7060009300433456,0.9993294598957789,0.00021054858815714895,137.79979581855963,0.7060009300433456,0.9993294598957789,0.9974744550202701
361254.8828125,0.9573974609375,280.0537109375,0.24641113281250002,0.1123779296875,17839.25712108612,5205.078125,0.22860200689281432,0.9996869098828988,4.1753870098294994e-5,372.2826917525611,0.3278520168728503,0.9996808972199179,6.654645202078632e-5,252.32708805933362,0.43813506053482176,0.9997705570099369,0.00010172430359335521,182.87450291278378,0.43813506053482176,0.9997705570099369,0.9991386090499859
361474.609375,0.509521484375,316.826171875,0.386962890625,0.12153320312500002,113399.97053146362,2792.96875,0.19167300430767908,1.0000053912172797,2.9736903549046704e-5,442.89545295295255,0.24898399677456282,0.999319674284663,3.908360070237653e-5,350.4694133059309,0.31298559502928613,0.9995304760604234,5.29602129594351e-5,274.8625644940089,0.31298559502928613,0.9995304760604234,0.998855854794209
361547.8515625,1.9139404296875,257.8076171875,0.12131347656250001,0.36579589843750004,77791.39220714569,2416.015625,0.3182504454187184,0.9988266127015325,6.424360884863854e-5,395.5612066412139,0.5340564764291422,0.9989450403653591,0.00014711504591561445,209.5855668031052,0.7228446082532336,0.9990573052411446,0.0002829610286363314,141.68773476093924,0.7228446082532336,0.9990573052411446,0.9968322956683072
361767.578125,1.633056640625,184.345703125,0.34565429687500004,0.17221679687500002,134840.59286117554,5285.15625,0.2246014988237802,0.9997410157248963,6.553800121247674e-5,411.36219887753094,0.31836520932283874,0.9997391470626468,0.00010208833171961834,279.9601655975525,0.42419055554891866,0.9997122284240304,0.00015322488322903985,201.902852697954,0.42419055554891866,0.9997122284240304,0.9991926083433154
361840.8203125,0.7904052734375,70.8740234375,0.1649658203125,0.3403076171875,60556.790232658386,5908.203125,0.17318507795206148,1.0001848332657317,8.417448949383945e-5,309.4669394543134,0.19858207333971273,0.9999847275194397,9.913750023753427e-5,272.3776103427805,0.22632911134055755,0.9998891658500746,0.0001163501028091778,241.3942547100343,0.22632911134055755,0.9998891658500746,1.0000587050195708
362060.546875,1.256591796875,285.615234375,0.152001953125,0.18540039062500002,32298.160076141357,9808.59375,0.2695957272095365,1.0000425120990843,4.786517387844584e-5,314.14810360027593,0.42611451593187394,0.9999571823821918,9.12549367901583e-5,184.87214945910065,0.5848740184544867,0.9999619698175701,0.0001595161861651074,124.36775736403085,0.5848740184544867,0.9999619698175701,0.9999616624902676
362133.7890625,1.1668701171875,395.2685546875,0.3375244140625,0.31599121093750004,150687.11936473846,9431.640625,0.26289563240766595,0.99986172172934,4.0993672484196495e-5,386.7918683378056,0.4116222333684421,0.9998524436498907,7.542625714361256e-5,225.93149254694896,0.5688748144025029,0.9998157840000904,0.00012808439635245725,148.36489878881923,0.5688748144025029,0.9998157840000904,0.9995300224347098
362353.515625,0.885986328125,130.556640625,0.11069335937500001,0.22084960937500003,7923.165798187256,6300.78125,0.19795690045161543,0.9999432694129837,5.9634996613784234e-5,307.55997508993374,0.2550339217523202,0.9999235586717448,8.165959838475376e-5,240.35416736226074,0.3183748394181642,0.9998811987349848,0.00011025275380970365,193.16850834526892,0.3183748394181642,0.9998811987349848,0.9997480469767516
362426.7578125,1.5374755859375,188.4130859375,0.38117675781250004,0.27761230468750003,171298.95865917206,6923.828125,0.22445762732156246,0.9998785044955291,6.286500346015651e-5,401.80148449407926,0.31791502439065444,0.9998398213433711,9.793638006487659e-5,272.5763394959281,0.4230984520078013,0.9999003164309481,0.00014702711599877527,195.70136808001268,0.4230984520078013,0.9999003164309481,0.9996186898071807
362646.484375,0.878662109375,334.091796875,0.16782226562500002,0.17661132812500002,180011.7564201355,2261.71875,0.2475790983071782,0.9991721375471858,3.721995520138159e-5,407.0192981150534,0.3819647985413948,0.999123192989536,6.47915487371907e-5,261.73070444537103,0.517010973268663,0.9993041723736166,0.00010931254766526438,182.6793078970117,0.517010973268663,0.9993041723736166,0.9976014144369628
362719.7265625,1.5330810546875,267.1044921875,0.3615478515625,0.30837402343750003,12078.673243522644,2884.765625,0.2488128116123025,0.9993018282316196,5.556478058139366e-5,505.7731407466113,0.3773154415594877,0.9992917955985323,9.642183979488313e-5,310.5877817283388,0.5173676201023608,0.9992406377270755,0.00015710607796165052,209.57331543619006,0.5173676201023608,0.9992406377270755,0.9978358235790864
362939.453125,1.252197265625,169.736328125,0.133544921875,0.22963867187500003,158046.67043685913,5753.90625,0.23047440799479957,1.0001500662519849,5.950988645777361e-5,329.0924708181219,0.3312312752595983,0.9999318166958433,9.618341942895118e-5,224.863663614402,0.4423535401719705,0.9998315602568075,0.00014850805531295313,165.25416936032954,0.4423535401719705,0.9998315602568075,0.9999134191820037
363232.421875,1.625732421875,281.630859375,0.364111328125,0.13266601562500002,52782.80973434448,9277.34375,0.2420730129591489,1.0000161563196703,5.642920691032764e-5,385.6073802159236,0.3619077612562064,0.9998247430431539,9.465391111599094e-5,243.0977364742291,0.49657415277803724,0.9998112901653765,0.00015047506931472343,165.8990717396788,0.49657415277803724,0.9998112901653765,0.9996522167210826
363305.6640625,0.7860107421875,383.3154296875,0.1090087890625,0.3757568359375001,130454.16724681854,9900.390625,0.26626101547800085,1.0001856848560415,3.280702186557423e-5,303.15493389907573,0.4188333551943948,0.9999280217597892,6.211168866378876e-5,181.40855597771193,0.5721723055770216,0.9998955908836955,0.00010841538304837612,123.43060117357773,0.5721723055770216,0.9998955908836955,1.0000092722636453
363525.390625,0.505126953125,137.197265625,0.329833984375,0.16108398437500002,74699.0065574646,6769.53125,0.17289687092475936,1.0004049571396523,4.99325857507193e-5,323.7009098609945,0.19743571008881008,1.0002687659978555,5.887288252387037e-5,283.2063174839377,0.22437382359969266,1.0001489629377187,6.843980651013743e-5,250.8238214662576,0.22437382359969266,1.0001489629377187,1.000822895289927
363598.6328125,1.9066162109375,208.3349609375,0.14094238281250002,0.33034667968750003,105358.6357831955,6392.578125,0.28637397948855475,0.9996381047696815,6.855118132497805e-5,342.3529991124183,0.46418330770683636,0.9996268772122068,0.00013982583398143398,192.99613805538618,0.636558303221683,0.9997029370375735,0.00025410689997678026,129.1515026079409,0.636558303221683,0.9997029370375735,0.9989682723573361
363818.359375,1.622802734375,75.107421875,0.30024414062500004,0.358251953125,29208.381175994873,9605.46875,0.19311755137750153,1.0003787307399195,9.707282627522835e-5,320.18223719143583,0.24335062206102379,1.0002430342386366,0.0001290610854377905,252.9444386376697,0.29953216789116116,1.0002792426403833,0.00016931981786863496,204.37982918451036,0.29953216789116116,1.0002792426403833,1.0009012733124734
363891.6015625,0.9647216796875,186.0888671875,0.18928222656250002,0.1525146484375,169928.11858654022,9228.515625,0.21351183102626503,1.0002460519262888,5.0691819965267085e-5,309.08291616373697,0.2910141616487511,1.0001593405783642,7.528694591868393e-5,223.60872458858103,0.3779686427643249,1.0001390135238697,0.00010861185725091094,169.60708894469198,0.3779686427643249,1.0001390135238697,1.0005445015950696
364111.328125,1.246337890625,261.376953125,0.268310546875,0.385498046875,49313.905239105225,6097.65625,0.2510575004757324,0.9997184255589371,4.9566192084022766e-5,387.1783973614596,0.381460161484888,0.9996384432989527,8.74640322215128e-5,239.50103977995678,0.5212803191107458,0.9997227482805517,0.00014438054475668876,164.01667605143993,0.5212803191107458,0.9997227482805517,0.9990798972245568
364184.5703125,1.3411865234375,317.9052734375,0.2235595703125,0.1035888671875,147797.20771312714,6720.703125,0.2655161063269328,0.999568017544774,4.822772509325483e-5,362.9389014264943,0.41493385619160456,0.9996272270169778,8.997331357487814e-5,214.72202400906025,0.5713771302432619,0.9996319467301323,0.0001532443666996105,144.85755073873327,0.5713771302432619,0.9996319467301323,0.9988276484568749
364404.296875,0.869873046875,192.646484375,0.23403320312500003,0.258056640625,117402.1487236023,2621.09375,0.20750188174361234,0.9996130077236409,4.828625316373399e-5,405.99665752763815,0.27687625220462214,0.9997003812361309,6.949031757831682e-5,302.77264746082744,0.35475144403915004,0.9995905824779379,9.768181139390464e-5,235.11899471034434,0.35475144403915004,0.9995905824779379,0.9989043684509759
364477.5390625,1.7176513671875,132.2998046875,0.27424316406250004,0.23864746093750003,58975.84617137909,2244.140625,0.21955009567712433,0.9994288153882057,7.729661516967876e-5,447.8694032780902,0.30563186885368354,0.9993708765880845,0.00011802177769144954,315.170930846093,0.4022343126678884,0.9994368240845366,0.0001742953990848969,234.23537434605217,0.4022343126678884,0.9994368240845366,0.998237551188634
364697.265625,1.999267578125,398.837890625,0.20209960937500002,0.298193359375,93990.57912826538,5113.28125,0.3512141045922517,0.9965921049035752,5.868972084702448e-5,403.43966900397845,0.6121425492391113,0.9980976706746622,0.0001472313089768083,188.1197453104107,0.8171466429127061,0.9985284907431776,0.0002954020847911127,119.13812304369668,0.8171466429127061,0.9985284907431776,0.9932325537648825
364770.5078125,0.5882568359375,286.6943359375,0.30852050781250007,0.20495605468750003,85392.22800731659,5736.328125,0.2023468483205573,1.000013991718129,3.3286906513586106e-5,367.00984233870275,0.2641696884013404,0.9999915899156767,4.652995904186007e-5,276.98577839560727,0.334768809203134,0.9999312725950997,6.352652347158567e-5,217.65716782231692,0.334768809203134,0.9999312725950997,0.9999368537276307
364990.234375,1.874755859375,145.498046875,0.28266601562500004,0.16958007812500003,138195.33491134644,4949.21875,0.22662697313346208,0.9996095425872088,7.744894892927654e-5,392.1979398747349,0.32280292491098195,0.9995934078665323,0.00012216516352737765,266.8021241293421,0.43110141493526943,0.9996326040378363,0.00018511878107753846,193.3099675715741,0.43110141493526943,0.9996326040378363,0.9988360060229482
365063.4765625,0.6541748046875,89.1357421875,0.24670410156250003,0.3388427734375,39955.45852184296,4322.265625,0.17214599316573523,0.9999448217880944,7.083192644424089e-5,341.57958707027507,0.19697193667169427,0.9997604971230942,8.297183373949398e-5,301.64749400401445,0.2236850934423394,0.999928374727047,9.679120990520617e-5,268.27600865274394,0.2236850934423394,0.999928374727047,0.999633727959243
365283.203125,0.748291015625,353.017578125,0.32338867187500003,0.124169921875,162954.08010482788,3441.40625,0.2175240317083809,0.9995098912130502,3.352305912862451e-5,433.586109049155,0.30249271150832546,0.9994899211598662,5.0525355773764434e-5,305.20415480099194,0.40372084678993164,0.9994990402636366,7.420325320825782e-5,224.90762497714525,0.40372084678993164,0.9994990402636366,0.9984996035591677
365356.4453125,1.7806396484375,242.2021484375,0.20363769531250003,0.36726074218750004,15648.457407951355,3814.453125,0.28348692299849143,0.9992118994691557,6.290917801632108e-5,407.38348195415074,0.458403741668287,0.9992624172856878,0.0001265049021618414,229.17977947249858,0.6304512621752973,0.9993591552076654,0.00022773264308595682,152.33408907476573,0.6304512621752973,0.9993591552076654,0.9978350306054836
365576.171875,1.121826171875,114.287109375,0.178955078125,0.21469726562500002,94437.47282028198,7964.84375,0.19852918677709797,1.0001916073787833,6.949403115752756e-5,309.92920001183387,0.2557044462698944,1.000077354676393,9.541465726358608e-5,240.0735145760829,0.3197661372143765,1.0002079694970047,0.00012868228300697888,191.62863163146315,0.3197661372143765,1.0002079694970047,1.0004770023128937
365649.4140625,1.4071044921875,226.5966796875,0.2941650390625,0.27028808593750003,104464.01679515839,7337.890625,0.24203097938342308,0.9995805031292071,5.600282944702287e-5,375.7500911335894,0.35745689661694563,0.9998253729488377,9.485579545514072e-5,239.49117720265872,0.4839868054945191,0.9998425077456412,0.00015057231226569984,167.23024951763523,0.4839868054945191,0.9998425077456412,0.9992485506375662
365869.140625,1.501220703125,299.228515625,0.21967773437500002,0.19155273437500003,72097.03207015991,8457.03125,0.27431698965804846,0.9997572427229502,5.27251315806268e-5,351.7365927962628,0.43800912562833605,0.9997302252763534,0.00010189612473654815,201.60527089770272,0.604394801634184,0.9998266693726733,0.00017901684813217012,133.20332406442915,0.604394801634184,0.9998266693726733,0.999314291687896
365942.3828125,1.0277099609375,359.7412109375,0.2510986328125,0.32331542968750004,127489.22049999237,8830.078125,0.2600812104728119,1.0000090091708946,3.93427058212509e-5,357.0814994128104,0.40342418814907244,0.9998888273676868,7.20035358384362e-5,213.67298019020086,0.5541601187084768,0.9998610987897192,0.0001220334147490004,143.52089899619156,0.5541601187084768,0.9998610987897192,0.9997589485174949
366162.109375,0.626708984375,237.138671875,0.11040039062500001,0.29497070312500007,31304.481029510498,7167.96875,0.21093220120818323,1.000211454662872,3.786118353142837e-5,306.65201872688016,0.2865352454341878,1.000201844039049,5.5618436547932225e-5,226.32649641478588,0.37261381592987863,1.0002033181099745,8.01803540063279e-5,173.80434366145926,0.37261381592987863,1.0002033181099745,1.0006167435325475
366235.3515625,1.8436279296875,337.4951171875,0.3791259765625,0.20173339843750002,150325.648188591,7541.015625,0.26280334885297196,0.9994624346777281,5.8391184571867586e-5,431.9839528560617,0.41324977366349386,0.9994798283144543,0.00010655326372390267,250.92122834739934,0.574651507655255,0.9995120652174937,0.00017967387708044626,162.7855857123715,0.574651507655255,0.9995120652174937,0.9984551238061733
366455.078125,1.750244140625,94.033203125,0.153466796875,0.26127929687500007,9256.822109222412,8660.15625,0.2135745746224567,1.000174166942957,9.003121732821054e-5,307.00603594581764,0.2906251723519529,1.0000138988216545,0.00013395542142046943,222.82122875393077,0.37682134888568,1.0001903781049697,0.00019341853558987442,169.7545517585974,0.37682134888568,1.0001903781049697,1.000378482094361
366528.3203125,0.7200927734375,161.1865234375,0.33840332031250003,0.24187011718750004,175007.4280500412,8033.203125,0.1869134966599965,1.000273792530429,4.972493029391236e-5,334.2824778991759,0.22905002038561187,1.000045130907654,6.37395459237803e-5,272.05907428335144,0.2758539701142839,1.0001709120084512,8.078398896172277e-5,225.43442641728595,0.2758539701142839,1.0001709120084512,1.0004899023129967
366748.046875,1.373779296875,375.927734375,0.34418945312500004,0.396337890625,114515.20109176636,4183.59375,0.2763378417737045,0.9994865070468438,4.659150152278287e-5,479.59575468834703,0.4436536786606392,0.9992083427614262,9.042149601413391e-5,266.9276949232201,0.6138336244437596,0.9993019535494094,0.00015910881307610938,171.22896264051823,0.6138336244437596,0.9993019535494094,0.9979981206397885
366821.2890625,1.0965576171875,304.9560546875,0.16408691406250003,0.11442871093750001,81888.29123973846,4556.640625,0.2566286156908284,0.9995838346709843,4.369865558194308e-5,362.07904301452743,0.3938896949135129,0.9996135052991746,7.90337018917622e-5,224.295175021044,0.5395745025418668,0.9995849155067911,0.00013241616451310922,156.14204748355425,0.5395745025418668,0.9995849155067911,0.9987827494276115
367041.015625,1.003173828125,210.244140625,0.38725585937500007,0.34741210937500006,137417.733669281,3675.78125,0.2102906190821602,0.9996411432799798,4.916992757563507e-5,446.9331262883802,0.2836813698465353,0.9996074666264271,7.158896779106252e-5,323.58666419585126,0.36657342404657345,0.9996957000707233,0.00010162301310513445,243.95889060575735,0.36657342404657345,0.9996957000707233,0.9989446794454567
367114.2578125,1.4671630859375,108.7255859375,0.12336425781250002,0.14167480468750002,57650.82633495331,3048.828125,0.21117931418797223,0.9996131194292016,7.933905876310761e-5,357.19870587633255,0.28553318110659964,0.9996668061096684,0.00011659585965978366,265.24358989009403,0.3706019076024834,0.9997700515456341,0.00016695909624619065,206.08845301646173,0.3706019076024834,0.9997700515456341,0.9990502715411141
367333.984375,1.323974609375,254.404296875,0.19125976562500002,0.284423828125,78122.04694747925,3386.71875,0.2582877337360734,0.9995101291710208,5.213582247370777e-5,398.8252164553908,0.3983947711429288,0.9994305142392857,9.497423447120552e-5,244.7995566614191,0.5471383927600847,0.9993693184415089,0.00016015800469818673,169.32281033292006,0.5471383927600847,0.9993693184415089,0.998310908766998
367407.2265625,1.2283935546875,325.5419921875,0.30061035156250004,0.2286865234375,111436.12563610077,3759.765625,0.25251762767458064,0.9992825242581833,4.563276088170809e-5,444.3621930900926,0.3834519167229414,0.9994121397448462,8.061199429603425e-5,272.06163581800905,0.5248955124237507,0.9994176199837814,0.00013200753349888194,185.62364059143607,0.5248955124237507,0.9994176199837814,0.9981134657182491
367626.953125,0.947509765625,79.423828125,0.22260742187500004,0.309326171875,56514.81008529663,4878.90625,0.17856889487601244,0.9999973835258873,8.255352043201635e-5,336.91493593135556,0.2104143333202738,1.0000128547458416,0.00010074806211535646,287.8830480601536,0.2460319704282633,0.999933628217141,0.00012205829122713964,248.93508535788618,0.2460319704282633,0.999933628217141,0.9999438657757056
367700.1953125,1.6048583984375,181.1083984375,0.26691894531250004,0.1774169921875,135398.93805980682,4251.953125,0.2322339357630806,0.9995856254571376,6.592009389036008e-5,402.80828987394307,0.33631351892936123,0.9996272967221232,0.00010677378726385711,268.42084275141406,0.4519476466046771,0.9996563217435366,0.00016526456842337882,192.14573779034038,0.4519476466046771,0.9996563217435366,0.9988696688100036
367919.921875,0.571044921875,393.193359375,0.27504882812500003,0.334228515625,154214.6029472351,8402.34375,0.22278014031441168,1.0001902722953915,2.7878569360707926e-5,348.91013817584223,0.3135751977631446,1.0002178765140424,4.321872745037169e-5,241.26813529649132,0.4151306023102191,1.0006862903264213,6.502783530508698e-5,175.64404446181052,0.4151306023102191,1.0006862903264213,1.0010947607287501
367993.1640625,1.9813232421875,293.0029296875,0.23557128906250002,0.16481933593750003,35939.80872631073,8775.390625,0.29111123094166197,0.9996173798994692,6.357161836644532e-5,362.3425939565419,0.4804132695890827,0.9995287686133445,0.00013046926472109647,196.21840906784675,0.6646651160667714,0.9996218557054616,0.0002383073925272499,125.80369882149175,0.6646651160667714,0.9996218557054616,0.9987685073317637
368212.890625,1.700439453125,195.634765625,0.306396484375,0.37202148437500004,178169.61812973022,7894.53125,0.2467170390403588,0.9998737997084928,6.586617306183808e-5,381.6404119554312,0.37136123552359346,0.9999127023555464,0.00011391280256759702,238.1229110764967,0.5066681789911212,0.9998573672480854,0.0001852402235254918,163.01819128212304,0.5066681789911212,0.9998573672480854,0.9996439107793396
368286.1328125,0.8519287109375,128.6474609375,0.20187988281250002,0.1287841796875,10333.535075187683,7267.578125,0.190046789724726,1.0001337252130373,6.002472661775349e-5,314.47226823593365,0.23566750951081517,1.0001159087058402,7.848056238467206e-5,253.5522419686321,0.28634733401894547,1.0000931429632,0.00010098894832051099,209.25966636772097,0.28634733401894547,1.0000931429632,1.0003428156350807
368505.859375,1.177490234375,176.044921875,0.361181640625,0.10043945312500001,102748.11506271362,8730.46875,0.2020962661535345,1.00041042801205,5.720411616456765e-5,352.6263700744762,0.26447681137471635,1.000037213685141,7.962865509564184e-5,265.48400587934634,0.33587504684534986,1.0000862237084367,0.00010876396947326911,205.98488933958032,0.33587504684534986,1.0000862237084367,1.0005339192778107
368579.1015625,1.2694091796875,63.9013671875,0.16584472656250002,0.3822021484375,92196.21551036835,8103.515625,0.18322362528796357,1.0001446689347535,9.968574762024079e-5,300.5334492268633,0.22129726421361484,1.000013411718377,0.00012530226592591954,250.53369310600962,0.2627630594551094,1.0002971964550285,0.00015646173690423966,211.78746201586497,0.2627630594551094,1.0002971964550285,1.0004553260300044
368798.828125,1.551025390625,330.439453125,0.394873046875,0.155810546875,125484.68160629272,7222.65625,0.24368170020873506,0.9995861229550748,5.251345464398637e-5,429.09321214261763,0.3653829132929803,0.9995880317082608,8.855248535792421e-5,267.6523705712673,0.5026594275898241,0.9995127913875964,0.00014083499988369998,181.39813327726463,0.5026594275898241,0.9995127913875964,0.9986875188310406
368872.0703125,0.8958740234375,270.0927734375,0.13449707031250002,0.36140136718750004,69722.95844554901,7595.703125,0.24181188500094875,0.9999545859876982,4.135698919347119e-5,321.67539170775143,0.36021109793865363,0.9997536446407143,7.039295658546911e-5,209.77267560946075,0.4861881923573253,1.0000324308305855,0.00011422951226645397,148.72066106411137,0.4861881923573253,1.0000324308305855,0.999740663185023
369091.796875,1.924560546875,144.833984375,0.10747070312500001,0.20649414062500002,43031.20756149292,3746.09375,0.2534262104295921,0.9994285650947421,7.910145296674296e-5,351.593221197133,0.38490348986938994,0.9995807998180639,0.00014185455230645165,223.35284855008777,0.5239943193105934,0.9995043093017839,0.00023592813667325498,159.06010048318848,0.5239943193105934,0.9995043093017839,0.9985144046900637
369165.0390625,0.5223388671875,201.3623046875,0.3633056640625001,0.29958496093750003,142539.36851024628,3119.140625,0.18384969029998027,0.9998341538164479,3.9848835038183086e-5,407.7235876515125,0.22148238544969806,0.9998441192394936,5.0262437852479304e-5,338.374728809939,0.26369174783426247,0.9999835547301116,6.235561525322349e-5,285.7737536479426,0.26369174783426247,0.9999835547301116,0.9996618589287436
369384.765625,0.803955078125,276.650390625,0.141162109375,0.23725585937500002,18600.594997406006,4238.28125,0.23140545605725774,0.9997427387197145,3.9067504891505087e-5,352.61778766891337,0.3334512140327152,0.999719166946049,6.343309842659095e-5,240.37501885897717,0.4513691480022883,0.9997770923370395,9.829165303374158e-5,176.59169911483932,0.4513691480022883,0.9997770923370395,0.99923919017952
369458.0078125,1.6429443359375,387.6318359375,0.33195800781250007,0.25651855468750007,167447.20542430878,4611.328125,0.2806357477371344,0.9989179913262934,5.2106775992577825e-5,468.20738967821535,0.45531178700300357,0.9990540597147455,0.00010236818210801368,257.29598332744774,0.6324348109340091,0.9991776692371476,0.00018111184879347734,164.02820622838152,0.6324348109340091,0.9991776692371476,0.997152410596926
369677.734375,0.726318359375,97.685546875,0.381103515625,0.37114257812500007,64650.80976486206,5824.21875,0.17528055713343613,1.000236033050003,6.875513170238922e-5,347.2581273347998,0.20277999673771616,1.000126714007161,8.204312236507586e-5,301.02811120891465,0.23132950428065066,1.0002182922487017,9.73335894418429e-5,263.55725803322355,0.23132950428065066,1.0002182922487017,1.000581148405959
369750.9765625,1.7557373046875,158.1982421875,0.11076660156250001,0.12790527343750002,122627.5624036789,5447.265625,0.25083205031597544,0.9995613212643424,7.28796324410197e-5,330.82479112778464,0.3795218062558119,0.9996801944440388,0.0001290477805505394,210.72503048417255,0.5164680542492553,0.9996937566229491,0.00021333743499882791,149.34097702978997,0.5164680542492553,0.9996937566229491,0.9989356448610547
369970.703125,1.849853515625,230.830078125,0.33745117187500007,0.33510742187500003,87853.280544281,2316.40625,0.2561935471699576,0.9991371041835984,6.582992154116217e-5,523.941794330482,0.39529315127867554,0.9998266619310959,0.00011803889017145183,313.6229797362248,0.5439547302208737,0.999186272753518,0.00019696987372711154,209.22746143903166,0.5439547302208737,0.999186272753518,0.9981510315309415
370043.9453125,0.6322021484375,343.1396484375,0.15207519531250002,0.1656982421875,97492.55836009979,2939.453125,0.23273173032890768,0.9996142439724259,3.1580189605062254e-5,375.9663843512213,0.3314973104430645,0.9994678997604807,5.163007407079127e-5,256.07436581033664,0.44867316178398536,0.9994657005211421,7.889242280500749e-5,190.6626623810508,0.44867316178398536,0.9994657005211421,0.9985485398153777
370263.671875,1.473388671875,215.224609375,0.16489257812500002,0.322509765625,170245.15104293823,6839.84375,0.25884679339560074,0.9999397240908933,5.89351602812176e-5,343.1769642595265,0.3995453687050686,0.9998426276951706,0.00010776879031089923,209.87331287767444,0.5468462078992979,0.9998168669314704,0.00018260758160075282,144.36720934485757,0.5468462078992979,0.9998168669314704,0.9995992680601412
370336.9140625,1.0086669921875,104.4091796875,0.34572753906250003,0.1906005859375,24394.52826976776,6462.890625,0.18196752633130325,1.0000498063093808,7.164925044609667e-5,346.60100330811196,0.2183896285946675,1.0003301717563604,8.911672545772967e-5,289.43378615549955,0.25912943396633303,0.9999087740371094,0.00011018675563470527,244.68117551909086,0.25912943396633303,0.9999087740371094,1.000288733882122
370556.640625,1.102783203125,368.291015625,0.121240234375,0.271240234375,147735.0935935974,9332.03125,0.289853283686421,0.9997958901422718,4.0833709085151266e-5,316.4597034505423,0.47448406828818024,0.9998887612154732,8.432229954444284e-5,175.79182776767686,0.6489719704326967,0.9997655126854494,0.00015576438968358574,116.02325172576282,0.6489719704326967,0.9997655126854494,0.9994502606880592
370629.8828125,1.3792724609375,311.9287109375,0.38703613281250004,0.2155029296875,49984.734416007996,9955.078125,0.24021767043342482,0.999940122071683,4.960620872860095e-5,390.68813200947784,0.3570062613157039,0.999928214782464,8.266608006931696e-5,247.37168628316127,0.4881650974608482,0.9998077837875853,0.00013076430321843548,169.06768399648695,0.4881650974608482,0.9998077837875853,0.9996761502470474
370849.609375,1.775146484375,348.701171875,0.24633789062500003,0.24340820312500003,134360.54182052612,6042.96875,0.29989034216455646,0.9994498458625329,5.6452453946919e-5,401.953274989096,0.4982148094376252,0.9992751529946966,0.00011979221470139941,211.8963947306729,0.6863381281294031,0.9993330791815282,0.00022116120078327251,135.49455657243556,0.6863381281294031,0.9993330791815282,0.9980593268751894
370922.8515625,0.7420654296875,247.1826171875,0.28068847656250007,0.2626708984375,54289.50011730194,6666.015625,0.20847457539305775,1.0000806320357596,3.990260677673995e-5,357.04057158592786,0.2791786062911503,1.0000583082867776,5.7666542187867e-5,262.746219620527,0.35953011906384985,0.9999675090826594,8.136133071282154e-5,201.13531133156403,0.35953011906384985,0.9999675090826594,1.0001064495922611
371142.578125,0.648681640625,152.470703125,0.20502929687500002,0.20034179687500003,111907.73153305054,9535.15625,0.18866796785748835,1.0004541810977052,5.010272353684368e-5,298.14560731362104,0.23083466421804102,0.9999000379723788,6.490054606460256e-5,241.87657123102397,0.27753502318650586,1.0004882790127891,8.253612188873718e-5,201.20639383857855,0.27753502318650586,1.0004882790127891,1.0008426256175793
371215.8203125,1.8685302734375,81.4990234375,0.3243408203125,0.2934326171875,80797.81806468964,9158.203125,0.1983823471407732,1.0002762140743626,9.93911541132592e-5,336.80058186398514,0.25557425229284525,1.000249389788954,0.00013600540295162833,258.85707206150033,0.3198316225303557,1.0001744901163394,0.00018304558235399422,204.4984465581469,0.3198316225303557,1.0001744901163394,1.0007002545893247
371435.546875,1.022216796875,296.240234375,0.29262695312500003,0.13852539062500002,11850.955486297607,5058.59375,0.2288263434812442,0.9996120789612245,4.276978798190873e-5,398.81418871473306,0.3283954598630022,0.9997009789468865,6.805618361511286e-5,268.3396874212731,0.44224943814526774,0.9997127991664415,0.00010397797287630017,192.53274677458882,0.44224943814526774,0.9997127991664415,0.9990261703281371
371508.7890625,1.4949951171875,363.3935546875,0.1781494140625,0.34411621093750006,182017.53318309784,5681.640625,0.3116267439332335,0.9992459427136867,4.977775173064755e-5,376.65007076544623,0.5226073757519442,0.9993409736713014,0.00011081492750170039,195.71702726715577,0.7142572388045986,0.9992934169685879,0.000209578362690893,127.02259230771408,0.7142572388045986,0.9992934169685879,0.9978818284069534
371728.515625,1.401611328125,119.931640625,0.251318359375,0.11772460937500001,32894.174098968506,2550.78125,0.20224262272518317,0.9995262455723549,7.494384246380354e-5,411.8267957371087,0.2646118553485501,0.9995811911029867,0.00010471687113621757,313.8393767434526,0.33476201225987817,0.9996679787363754,0.0001435003158834597,247.31247984335062,0.33476201225987817,0.9996679787363754,0.9987759101084119
371801.7578125,1.1156005859375,220.2880859375,0.22180175781250003,0.39948730468750004,158225.19767284393,2173.828125,0.2417232409669865,0.9986530996963748,5.09291724369009e-5,437.3859049747624,0.3486988890898991,0.9993013547646463,8.67977904890576e-5,284.8001921204912,0.4651281501131557,0.9994164090913588,0.0001350479365114458,207.23514910905516,0.4651281501131557,0.9994164090913588,0.997372997770477
372021.484375,1.675537109375,110.966796875,0.32719726562500007,0.317236328125,123519.87409591675,8011.71875,0.21558495319734897,1.0000018937249604,8.279827616067548e-5,356.1504711392971,0.28638744869234606,1.0002036182689682,0.00012450281955294728,253.70607941509294,0.3654921034270687,0.9998825617412413,0.0001741111178856703,195.05506800604235,0.3654921034270687,0.9998825617412413,1.0000880499857507
372094.7265625,0.8299560546875,213.9794921875,0.1459228515625,0.18649902343750002,67671.23305797577,8634.765625,0.21611412325050638,1.0000854800540926,4.4974891176212896e-5,307.63897529982444,0.29712807815379055,1.0003063829456633,6.774647068399899e-5,220.96351792281916,0.3875927051160324,1.000234019004426,9.9042210635542e-5,166.92548391212577,0.3875927051160324,1.000234019004426,1.0006259999033307
372314.453125,0.549072265625,307.861328125,0.367919921875,0.27651367187500003,100930.52053451538,7503.90625,0.19911590600033374,1.0001384551336936,3.1449711553601295e-5,364.8314231956694,0.2585169622779588,1.0003077874849622,4.311977474542853e-5,279.06910658030495,0.32464452023996093,1.0000621809188899,5.857072061025424e-5,217.55304080325135,0.32464452023996093,1.0000621809188899,1.000508493902729
372607.421875,0.922607421875,164.755859375,0.12973632812500002,0.367041015625,20656.955242156982,3027.34375,0.21013478129376384,0.9995754602552414,5.43352418997207e-5,364.5706195086429,0.2827493585623568,0.9997759153224894,7.951666774885135e-5,271.5664097945043,0.3639887608278755,0.9997649380518123,0.0001133135782926678,211.60206635742273,0.3639887608278755,0.9997649380518123,0.9991165612069531
372680.6640625,1.5828857421875,96.4404296875,0.3996337890625,0.12263183593750002,171844.67017650604,3650.390625,0.18820005947101065,0.9997178241947512,8.727727947910194e-5,420.9745399782153,0.23220421178354908,0.9997588365137281,0.00011248168544724262,339.533347806505,0.28145092644857356,0.9997632609281765,0.00014340328513282838,278.90236747585317,0.28145092644857356,0.9997632609281765,0.9992401135659046
372900.390625,1.302001953125,339.072265625,0.170458984375,0.339208984375,46715.3639793396,4519.53125,0.29077087951014974,0.9991677214235659,4.6787890730790813e-5,382.3631324315599,0.4726595905900261,0.9992970703067058,9.684185284008321e-5,211.8996609592326,0.6498530061627709,0.999338168922714,0.0001764695100739042,141.29934845022476,0.6498530061627709,0.999338168922714,0.9978045613476599
372973.6328125,1.2034912109375,240.2099609375,0.3565673828125,0.17097167968750002,146910.6377363205,4142.578125,0.22075127607130998,0.9995271013510979,5.097913646015331e-5,438.1395111317409,0.3081226543516106,0.9996366692697255,7.799778120291593e-5,302.89331002337934,0.406001839977566,0.999696290221773,0.00011498466985607971,221.3163582099785,0.406001839977566,0.999696290221773,0.9988604865800641
373193.359375,0.825927734375,361.982421875,0.19711914062500002,0.142626953125,53199.16486740112,3855.46875,0.24368177848188136,0.9994191305538209,3.522320683346758e-5,385.1906539408319,0.3609244703836903,0.9994676316653145,6.0269160876806805e-5,248.57145385081674,0.4883537519573631,0.9995189848427409,9.638868530758294e-5,176.93574237050223,0.4883537519573631,0.9995189848427409,0.9984065916338749
373266.6015625,1.6678466796875,302.9638671875,0.3111572265625,0.34938964843750003,133824.26726818085,3478.515625,0.27457874207029037,0.9991022866990282,5.674656620235998e-5,479.5908176931648,0.4393927453781749,0.9990635720947043,0.00010948617063675959,270.2940374472549,0.6075584213848672,0.9991372197126586,0.00019209229091933343,175.31804419972823,0.6075584213848672,0.9991372197126586,0.9973055008857632
373486.328125,1.949462890625,229.501953125,0.24018554687500002,0.11362304687500001,77644.28853988647,4347.65625,0.26209262928212507,0.9993832927404549,6.825212007443164e-5,408.18427650576194,0.4100875585745636,0.9993261854197365,0.00012538319829186848,243.93876574159185,0.5652598442459197,0.9994042794472093,0.00021335460247451452,164.19148662298227,0.5652598442459197,0.9994042794472093,0.9981149416965782
373559.5703125,0.5443115234375,116.0302734375,0.27043457031250007,0.39421386718750007,111455.07514476776,4970.703125,0.17349785192338246,0.9999850397519128,5.8365149520121146e-5,341.1084589307486,0.1995625876072473,1.0001601079935005,6.89023561791811e-5,299.00607509940954,0.2277891755580259,0.9998389906648506,8.088829544326595e-5,263.3591221315136,0.2277891755580259,0.9998389906648506,0.9999841126452522
373779.296875,1.572998046875,245.771484375,0.26215820312500004,0.24868164062500003,183847.3391532898,8871.09375,0.2557578276618767,0.9998996435076533,5.8417912861173655e-5,361.69608969933586,0.39345667356207426,0.999851893220269,0.00010481760735720923,219.24832182067865,0.5404969832943454,0.9998664922391863,0.0001750307266318884,147.98540185136653,0.5404969832943454,0.9998664922391863,0.9996180770003762
373852.5390625,0.9207763671875,355.4248046875,0.22736816406250002,0.26677246093750007,14549.33249950409,8494.140625,0.2507157285952412,1.000198778039024,3.749846456328223e-5,348.6934500245257,0.38013922444987874,0.9999083323876837,6.609299525422633e-5,216.58896733316084,0.5179155058972629,0.9998910868956553,0.00010889146572180942,148.98845720050687,0.5179155058972629,0.9998910868956553,0.9999981674371103
374072.265625,1.202392578125,90.712890625,0.30522460937500007,0.195068359375,159225.44240951538,7363.28125,0.18521279475181257,1.00022228754154,8.204464420450283e-5,333.2445885026385,0.2251012169854526,1.000069259257267,0.00010404647917962369,274.1868352342306,0.2689646312491305,1.0001829698826015,0.00013074147302184077,229.19219646104548,0.2689646312491305,1.0001829698826015,1.0004745854239792
374145.5078125,1.2913818359375,148.5693359375,0.1866455078125,0.28933105468750003,38373.30710887909,7986.328125,0.21872576161805635,1.000162765835845,6.509977928936926e-5,326.3510942904853,0.30411392926703307,0.9997487443752484,9.930382868038013e-5,231.2323477188372,0.398739167684754,1.000066015162973,0.0001470785781913217,172.48386166223025,0.398739167684754,1.000066015162973,0.9999774786338671
374365.234375,1.077880859375,283.623046875,0.21704101562500003,0.328955078125,113949.36323165894,6699.21875,0.24801963584448788,0.9998748346501496,4.4869564916660475e-5,361.83370171800624,0.3739108960469427,0.9997821038054542,7.826312931026404e-5,227.88112046035204,0.5094457351493439,0.9996974085727365,0.00012811078250496647,158.32586729847552,0.5094457351493439,0.9996974085727365,0.9993544781006234
374438.4765625,1.3572998046875,397.2607421875,0.2560791015625,0.16071777343750002,81918.71535778046,6072.265625,0.2763987802623285,0.9996694585759588,4.572352031442512e-5,397.5384291714577,0.4439515147048851,0.9994143911132672,8.871645870943301e-5,225.0599813659412,0.6146467976274054,0.9994728726179738,0.00015598379286599207,147.24149476319215,0.6146467976274054,0.9994728726179738,0.998557398701075
374658.203125,1.451416015625,129.892578125,0.18276367187500003,0.377294921875,139924.29494857788,9191.40625,0.22005556632395729,1.0000892289313825,7.276362155824801e-5,319.10923270294154,0.3063985164080519,1.0001346439587226,0.00011185827888516209,224.53087455613976,0.40336543055268104,1.0000713422642376,0.00016608047581001667,167.06135434665603,0.40336543055268104,1.0000713422642376,1.0002952431409353
374731.4453125,0.9837646484375,189.0771484375,0.28801269531250007,0.13288574218750002,60222.187876701355,9564.453125,0.2046166172512194,1.0002780197751755,5.157286919455527e-5,330.06902226235155,0.2702359535922357,1.000188121766385,7.293141376733193e-5,246.5513159599021,0.34581589009077635,1.000187765099817,0.00010098203869991163,190.58581362856958,0.34581589009077635,1.000187765099817,1.0006540464778824
374951.171875,1.824951171875,316.162109375,0.319580078125,0.28032226562500007,33138.70573043823,5714.84375,0.27758248577443034,0.9992094319278545,5.941059035979e-5,439.2352834940638,0.44718043500656823,0.9993099548326089,0.00011567295857026043,244.54903525230836,0.6200122809854983,0.9994413837082823,0.00020366509578599728,157.07611429096772,0.6200122809854983,0.9994413837082823,0.9979621427863601
375024.4140625,0.6102294921875,258.4716796875,0.20979003906250002,0.22341308593750003,157360.5316877365,5087.890625,0.20478792612927535,0.9997538143923308,3.63956082624646e-5,352.87479947982575,0.27056922886789325,0.9999703330234684,5.165118688384236e-5,265.9336451462793,0.34452787871883755,1.0000216304730072,7.154231101464538e-5,208.34066152402855,0.34452787871883755,1.0000216304730072,0.999745779225725
375244.140625,0.704345703125,182.353515625,0.28530273437500003,0.31342773437500004,6100.022792816162,2207.03125,0.19281940958314647,0.9997100464129907,4.707855043722832e-5,427.31687954058344,0.2427056527704764,0.9997163355260321,6.248799553560629e-5,339.9025018664592,0.29893847045907634,0.9996713521236034,8.181953607083446e-5,276.84702331808404,0.29893847045907634,0.9996713521236034,0.9990980048034843
375317.3828125,1.7308349609375,72.8662109375,0.24172363281250003,0.18269042968750002,180745.3545331955,2580.078125,0.19202940920014966,0.9996770015901825,0.0001038988000322061,398.7793732047723,0.24087331163594716,0.9996569761106943,0.00013724154774727757,319.2625094912066,0.2954035511588812,0.999672097273234,0.00017904528841349338,261.3399557601998,0.2954035511588812,0.999672097273234,0.9990064041244792
375537.109375,1.423583984375,205.263671875,0.38227539062500004,0.21059570312500003,93120.765209198,5417.96875,0.21896223382171076,0.9998809720684442,5.9443819470570686e-5,425.43589990364046,0.3047350115667058,0.99982337881701,9.011685952436133e-5,295.3786300881142,0.4018285416022135,0.999736726637322,0.0001322430768815509,215.6734540609976,0.4018285416022135,0.999736726637322,0.9994411763766321
375610.3515625,1.1405029296875,135.6201171875,0.1260009765625,0.30485839843750007,102619.349360466,5791.015625,0.21073975907517778,0.9999230653794865,6.518162848534365e-5,326.44603974592167,0.28403587736867797,0.9999965436256164,9.566390277467076e-5,241.17826184108557,0.3662553555552867,0.9998437736674268,0.00013655843078625365,186.47675032787882,0.3662553555552867,0.9998437736674268,0.9997633954975933
375830.078125,1.047119140625,380.908203125,0.350341796875,0.23315429687500003,67137.92562484741,2910.15625,0.24321172699650895,0.9991887175711399,3.9602903153548765e-5,495.8294734954697,0.36101739276132094,0.9993894023086197,6.71191450717089e-5,311.58440171321485,0.4908660025750464,0.9992435653460958,0.00010650559939051628,214.74416134445454,0.4908660025750464,0.9992435653460958,0.9978232557777174
375903.3203125,1.5169677734375,278.0615234375,0.1602783203125,0.25124511718750003,126983.8684797287,2283.203125,0.28053742844717183,0.9990331360602493,5.519651651688073e-5,420.5708650818742,0.4516165526008755,0.9990529026168059,0.00010985417999073469,242.56040335800603,0.6207167221307189,0.9992051082871019,0.00019677408126359398,164.5858946539454,0.6207167221307189,0.9992051082871019,0.9972935833425651
376123.046875,0.670654296875,67.802734375,0.14731445312500002,0.105712890625,146645.3890800476,6433.59375,0.16755663077721789,1.0003895998929804,8.697028679524211e-5,301.13952538709816,0.18685696991721745,1.000254275674822,9.867715498006253e-5,272.7686331042426,0.20696998046960624,1.0001950047149988,0.00011207164922579575,247.66657799465213,0.20696998046960624,1.0001950047149988,1.000839104926667
376196.2890625,1.8934326171875,166.8310546875,0.34221191406250007,0.38630371093750004,45534.68406200409,6806.640625,0.2382681571179569,0.9998183603439433,7.48628217123289e-5,406.1051965968581,0.35101299816277604,0.9998383333424562,0.00012464435548901768,260.7987865574692,0.4753703429823383,0.9997523000243876,0.0001970800355067675,181.26540307710223,0.4753703429823383,0.9997523000243876,0.9994091081055549
376416.015625,1.800048828125,263.369140625,0.115380859375,0.150537109375,170362.37478256226,9925.78125,0.30621630099612507,0.9996603947027862,6.18538569806278e-5,313.9128742604788,0.5064603021669051,0.9996748340008009,0.0001357300465511645,166.28469636526046,0.6891889885931772,0.9997620084298967,0.0002550413609988338,109.12238269596922,0.6891889885931772,0.9997620084298967,0.9990975057452632
376489.2578125,0.7640380859375,331.8505859375,0.3764892578125001,0.3572998046875,24283.791422843933,9298.828125,0.22050201940783618,1.00017898261512,3.5139223045315775e-5,375.9049746019529,0.3083001067184934,1.0000504953647311,5.3777636206515e-5,259.8156713801409,0.40718474952230416,1.0004366390761155,7.979627394316563e-5,188.51945949478028,0.40718474952230416,1.0004366390761155,1.0006662262967585
376708.984375,0.527099609375,222.529296875,0.31313476562500003,0.218798828125,44227.698802948,9136.71875,0.18994955855612405,1.0000372023075432,3.771099381334316e-5,323.5127720869507,0.2364713532761569,1.0000428938048929,4.923464281604174e-5,259.54709906663146,0.2876997450312448,1.000168721312526,6.362195435076449e-5,212.02732481495644,0.2876997450312448,1.000168721312526,1.000248832534901
376782.2265625,1.9315185546875,123.6669921875,0.19748535156250002,0.27556152343750007,144500.54824352264,9509.765625,0.2309791502092972,1.0001688418457022,8.469903803654545e-5,325.27057936548675,0.33276475040563297,1.0000756338903636,0.00013697110826758397,218.4689872447088,0.44539719554623897,1.0001553339469191,0.00021174356177162224,157.46020684603113,0.44539719554623897,1.0001553339469191,1.000399860430515
377001.953125,1.650634765625,366.298828125,0.26948242187500004,0.18745117187500002,19327.98147201538,6628.90625,0.2845393701917842,0.9992952651573502,5.334581565220113e-5,402.7674818415873,0.4635440155609101,0.9993663979371137,0.00010672284110005835,221.21109287467735,0.6425793485402982,0.9994660709026121,0.00019066425536486958,142.43755276324055,0.6425793485402982,0.9994660709026121,0.9981288948571312
377294.921875,1.274169921875,85.068359375,0.22817382812500003,0.174853515625,104597.17130661011,2152.34375,0.18693854456744788,0.9994948462480702,8.772389377462198e-5,402.530171932888,0.22929073058885469,0.9996549753054923,0.00011245887558830885,330.8991705588351,0.2765287169500051,0.9997578981656075,0.00014298114035235095,276.59466554064767,0.2765287169500051,0.9997578981656075,0.9989080997972543
377368.1640625,1.1844482421875,154.8779296875,0.26369628906250003,0.34294433593750007,95377.49183177948,2525.390625,0.21043884861452714,0.999474826727264,6.23396864564732e-5,429.2814814557546,0.28378158252710406,0.9995140553255556,9.107662977726416e-5,314.79434768873404,0.3662590984315286,0.9996250798893903,0.0001296343706173489,241.20813123050044,0.3662590984315286,0.9996250798893903,0.9986145961401359
377587.890625,0.903564453125,248.759765625,0.18452148437500002,0.118896484375,131112.61129379272,5644.53125,0.223534490742961,0.9997713097969002,4.381861064615437e-5,348.24076675830827,0.3148519239049552,0.9998170802427712,6.835934663334554e-5,242.5865025147246,0.41706223299116435,0.9998119650769293,0.0001027033375376947,179.59634310187147,0.41706223299116435,0.9998119650769293,0.9994004743377385
377661.1328125,1.5550537109375,351.7724609375,0.30500488281250004,0.3631591796875,71389.50431346893,5017.578125,0.2834512468224028,0.9991466032814145,5.194272179197316e-5,448.03135439043643,0.46026509870708204,0.9991830117550966,0.00010375990604723715,245.101391699171,0.6362163528657967,0.9993509054908206,0.00018587800188501355,156.89797454074687,0.6362163528657967,0.9993509054908206,0.9976823015275685
377880.859375,1.974365234375,314.169921875,0.145556640625,0.39106445312500004,154890.14387130737,2980.46875,0.34027825588430943,0.9981874369745871,6.247549374396368e-5,409.8839684178456,0.5807803149462788,0.9987973727461902,0.00015420629533514622,202.09323442160633,0.7770338908864635,0.998910913661395,0.00030490121880977943,133.51096254130496,0.7770338908864635,0.998910913661395,0.9959011846483757
377954.1015625,0.5662841796875,372.0263671875,0.32521972656250003,0.11032714843750001,27276.141047477722,2353.515625,0.20463751327986052,0.9993604386928149,2.9220142223010537e-5,457.6317380202834,0.270870974643277,0.9994208038719661,4.125848604191465e-5,340.9280354917616,0.35013603517790415,0.9993558229347963,5.7192556671559364e-5,263.1876528354273,0.35013603517790415,0.9993558229347963,0.9981382207879744
378173.828125,0.847900390625,107.314453125,0.104248046875,0.3526855468750001,179673.09713363647,5472.65625,0.18782252997899496,0.9997551553005156,6.830523778767589e-5,317.4973853636693,0.23140593353086683,0.9999065136579833,8.817161213612741e-5,260.27748649178295,0.2792434675009693,0.9999444849394988,0.00011292397752711727,217.17752361712027,0.2792434675009693,0.9999444849394988,0.9996061955688306
378247.0703125,1.6927490234375,216.9677734375,0.3688720703125,0.1457763671875,7232.815623283386,5845.703125,0.2279783162355087,0.9997844830338543,6.420154542641392e-5,424.3930217231483,0.3332843548107046,0.9994688691516191,0.00010133969572795966,283.41822398492167,0.44528482104297806,0.9996211473399449,0.0001572933781511199,197.70371536501128,0.44528482104297806,0.9996211473399449,0.9988748968192717
378466.796875,1.221435546875,346.708984375,0.3980957031250001,0.290869140625,88149.85990524292,9996.09375,0.242684345515467,1.0001980992489496,4.4781970529696394e-5,400.3804841110999,0.3626832201732011,0.9999152107975017,7.556868172943162e-5,250.49791472634251,0.49556257799098397,0.9998552543353162,0.00012060953336458805,169.9845725355982,0.49556257799098397,0.9998552543353162,0.9999685311863835
378540.0390625,1.3192138671875,233.2373046875,0.1289306640625,0.1964599609375,119479.37095165253,9369.140625,0.2582280344629733,0.9997389778968987,5.413477116874295e-5,313.9240750358092,0.3962048725109468,1.000032739285545,9.896311719730359e-5,192.22098048977807,0.5407104278114013,0.9999345646163086,0.00016673796365414007,132.71922975044694,0.5407104278114013,0.9999345646163086,0.999706288191408
378759.765625,1.600830078125,159.775390625,0.356787109375,0.265380859375,61052.133083343506,6488.28125,0.21756443723536176,0.999866838020761,7.009075640397056e-5,397.74325003532454,0.30117652593978284,0.9998538947679173,0.00010575649998370542,278.80918764967925,0.3955050567321492,0.9998215291012108,0.00015470378185837677,205.12243750092657,0.3955050567321492,0.9998215291012108,0.999542331183149
378833.0078125,0.9398193359375,100.7568359375,0.17258300781250002,0.24714355468750002,143376.58774852753,6861.328125,0.18659138685385035,1.0001602770014781,7.274627149284329e-5,315.59790290101733,0.22772326984136396,1.0000884429476384,9.325913809491247e-5,259.09590362974006,0.27385985512840155,0.9996968933591158,0.00011792455728334702,217.05890523969728,0.27385985512840155,0.9996968933591158,0.9999455520906378
379052.734375,1.523193359375,384.560546875,0.127978515625,0.136767578125,16192.06953048706,7574.21875,0.3252363007332804,0.999172564590324,4.9703757925482e-5,336.9919469657047,0.5491742510941472,0.9994241670951652,0.00011614922529348026,170.48454715395314,0.7408102406045878,0.9995380438473019,0.0002254636398071854,111.06936578384922,0.7408102406045878,0.9995380438473019,0.9981359000256527
379125.9765625,1.0526123046875,275.0732421875,0.38264160156250004,0.38103027343750007,188984.19082164764,7197.265625,0.22798151487018592,0.9997282992544768,4.51272950122348e-5,409.43837138954683,0.32629108580874316,0.9998304480519338,7.159863380355917e-5,273.38217254411296,0.4372625274418347,0.9997474403840696,0.00010919863728302166,193.97948169157243,0.4372625274418347,0.9997474403840696,0.999306345188847
379345.703125,1.146728515625,198.955078125,0.159326171875,0.156982421875,42028.939723968506,8066.40625,0.2523337228988886,0.9996309949730218,5.4173581323047145e-5,320.5756372070947,0.35440709531037295,1.0000590224708246,9.737780344962467e-5,201.20891283549645,0.4645038139705139,0.9999839302849401,0.0001475141697031382,149.58691840629456,0.4645038139705139,0.9999839302849401,0.9996739309308793
379418.9453125,1.4290771484375,141.2646484375,0.34895019531250004,0.3250732421875,164916.44752025604,8689.453125,0.2093127020454908,1.0001301216048628,7.012179596350354e-5,362.5445225255402,0.28130742235552086,1.0001026650970661,0.00010167571151916877,263.98596278180884,0.36256926785186006,1.00009598894491,0.00014380202067360435,200.0120749293763,0.36256926785186006,1.00009598894491,1.0003288113520183
379638.671875,0.770263671875,268.349609375,0.343017578125,0.181884765625,133834.44547653198,4589.84375,0.20491713880842868,0.9997057732203719,3.9488270105398895e-5,407.5355382770012,0.27136096606543675,0.9997225934807813,5.5892924467369626e-5,303.29852403298634,0.34605611254528185,0.9997704552658094,7.752006351007063e-5,233.6634870973159,0.34605611254528185,0.9997704552658094,0.9991990347840675
379711.9140625,1.8055419921875,327.5341796875,0.1488525390625,0.3124755859375,51847.378611564636,4212.890625,0.32596057901067554,0.9988540579538997,5.843552054395554e-5,386.377516661414,0.5526515097038179,0.9990648800330265,0.00013699189093249625,195.98745531230477,0.7548217819221731,0.9989636714671422,0.00026724266370912,128.71040926787222,0.7548217819221731,0.9989636714671422,0.9968858366007768
379931.640625,1.899658203125,60.166015625,0.374365234375,0.22436523437500003,109207.93294906616,3082.03125,0.1827454235273307,0.9998134804796717,0.00011835200220168174,416.13629816551924,0.21981643058229994,1.0000098337403385,0.00014788108165008984,346.1253619282643,0.2607925349998782,0.9998487108094346,0.000183303271555062,292.06401711054633,0.2607925349998782,0.9998487108094346,0.9996720499261863
380004.8828125,0.6761474609375,173.8037109375,0.11516113281250001,0.2811279296875,75340.41678905487,3705.078125,0.19661991844307405,0.9998958492698277,4.8047112730259544e-5,345.2621964330995,0.25399019044628773,0.9995310334975294,6.525179169262814e-5,272.19909058504885,0.31519980665958797,0.9999230979396652,8.857016141921782e-5,218.9529556237674,0.31519980665958797,0.9999230979396652,0.9993500736203658
380224.609375,0.978271484375,125.576171875,0.255712890625,0.252783203125,177863.47150802612,4292.96875,0.192650907253593,0.9998370807777065,6.528582259183919e-5,368.54675796680874,0.24167535173780014,0.9997436659609734,8.660922998433553e-5,293.39340945353587,0.2952297015969708,0.9999348969096484,0.00011305670285504766,239.59417478640296,0.2952297015969708,0.9999348969096484,0.9995157127020348
380297.8515625,1.4451904296875,194.0576171875,0.21506347656250002,0.23454589843750004,25311.53380870819,4916.015625,0.23691854059637327,0.999599687458888,6.168251591247356e-5,378.2691065016838,0.34724755025946774,0.9997610567700518,0.00010234731908854236,249.06697721300185,0.46933612970212085,0.9996163494195653,0.00016140513464945163,177.7118434326478,0.46933612970212085,0.9996163494195653,0.9989774345146274
380517.578125,1.351806640625,290.595703125,0.289404296875,0.303466796875,153018.69344711304,3785.15625,0.2535548659159205,0.999440824022987,5.0974181581391847e-5,445.73648478387344,0.3882313214556957,0.9993975700831643,9.057881131047666e-5,272.045298824769,0.5326660549788653,0.9993385552737402,0.00015028945230289797,184.41706390954593,0.5326660549788653,0.9993385552737402,0.9981780543595041
380590.8203125,1.0716552734375,389.6240234375,0.1837158203125,0.20905761718750002,50084.378123283386,3408.203125,0.2736982222055253,0.9991730677307219,3.9989976130846244e-5,404.1684212483763,0.43315998772346187,0.999243746174331,7.74364439442239e-5,235.58675524222383,0.5971949328249176,0.9992459531635588,0.00013512438726414456,159.9470562492235,0.5971949328249176,0.9992459531635588,0.9976645857642115
380810.546875,1.725341796875,179.365234375,0.20825195312500003,0.3541503906250001,65688.54093551636,7308.59375,0.2507526227135989,0.9997579932370813,6.963400139966393e-5,357.1381931321043,0.37952257302509623,0.9998550271311102,0.00012303598261852384,222.58026741850173,0.5173375433496994,0.9997836061987627,0.0002027625013361061,154.02781453696088,0.5173375433496994,0.9997836061987627,0.9993967453837703
380883.7890625,0.6981201171875,76.5185546875,0.31877441406250007,0.1472412109375,123916.55051708221,7931.640625,0.16764987964927228,1.000034235841047,8.12063122067092e-5,309.0074303644112,0.18573341772568783,1.0003141727132547,9.254727577055146e-5,278.3949693942465,0.20556689673486445,1.0004380392175345,0.00010422836007439966,253.51720372860277,0.20556689673486445,1.0004380392175345,1.0007866111491253
381103.515625,0.604736328125,321.806640625,0.24194335937500003,0.38959960937500004,90002.99978256226,8800.78125,0.22569633315369034,1.000174745151455,3.2303200043239574e-5,337.65172593466934,0.31020466217731213,1.0001505359181149,5.11181433876323e-5,231.65757780799618,0.40357266875746955,1.0004750780486946,7.459671944659812e-5,173.8651476041496,0.40357266875746955,1.0004750780486946,1.0008005399700795
381176.7578125,1.8187255859375,252.1630859375,0.28742675781250004,0.10886230468750001,100529.00016307831,8423.828125,0.25274787862546705,0.9998132647771083,6.376929164482626e-5,376.1525566931698,0.3873126187573704,0.9997507805977767,0.00011237551341012524,229.61999879112838,0.5334785131902138,0.9997164275191073,0.0001852244697696088,154.93004146566003,0.5334785131902138,0.9997164275191073,0.9992806430435706
381396.484375,1.534912109375,185.341796875,0.22407226562500004,0.38286132812500007,37443.1529045105,3761.71875,0.24218004558438821,0.9994694043079146,6.49776734074196e-5,406.6308969282224,0.3595090673490746,0.999494391535453,0.00011054801737078034,262.4605778801725,0.48717631538246026,0.9995473112872469,0.00017755080946577813,185.35562724137824,0.48717631538246026,0.9995473112872469,0.9985118443607691
381469.7265625,0.8768310546875,75.8544921875,0.2677978515625,0.1021240234375,165257.8114271164,3384.765625,0.17172239948052367,0.9995036746712047,8.623619114014246e-5,363.5752830565495,0.19693120409158846,0.9997964845176601,0.00010068377528708885,321.42686862356885,0.22262756636596048,0.9998350383513503,0.00011809410003175314,284.91047075622737,0.22262756636596048,0.9998350383513503,0.9991354139803351
381689.453125,1.158447265625,318.486328125,0.18979492187500002,0.36088867187500007,14366.98293685913,4253.90625,0.2668479324185753,0.9993156066404132,4.509386166938217e-5,392.87031970625975,0.41862812468335264,0.9994838137505153,8.514305642402286e-5,233.4617689353512,0.5749041012797192,0.9994971617325707,0.0001472274550151901,158.6137466456558,0.5749041012797192,0.9994971617325707,0.9982975389176714
381982.421875,0.781982421875,132.880859375,0.307861328125,0.30141601562500003,111717.50211715698,8777.34375,0.1850546526023278,0.9999657078365047,5.881324400040177e-5,325.3735411340658,0.22450515769445925,1.0001292597155875,7.462733708269673e-5,267.5466249359501,0.2685948948021553,1.0003326979332565,9.359224947261797e-5,223.84064416442536,0.2685948948021553,1.0003326979332565,1.000427692646787
382055.6640625,1.6297607421875,192.0654296875,0.2027587890625,0.20700683593750002,79516.30103588104,8400.390625,0.24587169554622873,1.0000706593987498,6.5825803227498e-5,342.344942487915,0.3692129851106239,0.9999936738052791,0.00011369880046381135,216.96553442200815,0.5024772766430754,0.9999303710676657,0.00018476533227443102,151.09993944412034,0.5024772766430754,0.9999303710676657,0.9999946993452683
382275.390625,1.911376953125,285.947265625,0.27358398437500003,0.25483398437500004,136102.9372215271,7269.53125,0.2799526306348674,0.9994481068447659,6.335535100598587e-5,398.45222207571544,0.4521756391242068,0.9995111833252434,0.00012484818050414112,221.62674860891963,0.6261431481730662,0.9995430168393936,0.0002213246424923368,143.3431640162761,0.6261431481730662,0.9995430168393936,0.9985030522475649
382348.6328125,0.5003662109375,399.5849609375,0.23469238281250002,0.23659667968750003,54026.238322257996,7892.578125,0.21459252677507012,1.000395894827631,2.6637904059082583e-5,340.5820778786896,0.2939011176241248,1.0002900400230985,3.9759838820588635e-5,244.41740114447128,0.3825426737330463,1.0001009574952877,5.766624250220364e-5,183.85462783341038,0.3825426737330463,1.0001009574952877,1.0007870764332192
382568.359375,0.966552734375,266.357421875,0.39399414062500004,0.22700195312500002,154880.98859786987,8105.46875,0.21252653000563979,0.9999105807264944,4.400261275494914e-5,387.85358474118976,0.28902546001432655,0.9998793557330121,6.46653033191401e-5,277.0990634750559,0.37529597359330286,0.9998660551570587,9.242321462309197e-5,206.52911739964046,0.37529597359330286,0.9998660551570587,0.9996560305399709
382641.6015625,1.6209716796875,334.8388671875,0.13303222656250002,0.28376464843750004,53083.81927013397,8728.515625,0.3187955783841124,0.9996438049913918,5.4020275841679984e-5,335.5640039480485,0.5366861019725092,0.9996641826376325,0.00012383856061659755,171.50372034915375,0.7270330025815863,0.9996943142824439,0.0002389059086880671,111.0125249530592,0.7270330025815863,0.9996943142824439,0.9990026330296696
382861.328125,1.340087890625,70.126953125,0.362060546875,0.179248046875,179133.24117660522,7597.65625,0.17732485202663678,1.000223152364836,9.899715733747867e-5,335.8370852556785,0.21334332963321098,1.0000121026516349,0.00011964233854334294,286.5054734472965,0.24706502840289613,1.0000847215771422,0.00014838365778605634,242.00688290610617,0.24706502840289613,1.0000847215771422,1.0003199992257532
382934.5703125,1.2474365234375,169.1552734375,0.16730957031250002,0.30983886718750003,28767.117381095886,7220.703125,0.22512015141270228,0.999953935309162,6.11656385422265e-5,333.8595178372595,0.3185268586486441,0.9999903317163833,9.63586845317935e-5,230.88488209112035,0.422273511063296,1.0000296288476755,0.00014594330959735816,170.11279908660646,0.422273511063296,1.0000296288476755,0.9999738946672967
383154.296875,1.713623046875,383.896484375,0.140283203125,0.164306640625,88239.1848564148,3121.09375,0.3331760185577862,0.9981818691616621,5.3966639067953644e-5,400.13131023357846,0.5669185588079282,0.9987804161251902,0.00012974782109973634,201.01223644911718,0.7644418279518683,0.9989097104628931,0.0002529450058684688,132.9830204138757,0.7644418279518683,0.9989097104628931,0.9958775226837988
383227.5390625,0.8739013671875,281.0498046875,0.33049316406250007,0.3323974609375,98183.48777294159,3744.140625,0.21982149497327771,0.9995238980986147,4.112932016410926e-5,438.39807987980845,0.30777502191558,0.9995144241243598,6.287243154341719e-5,305.20408155608567,0.4051640003205299,0.999662378523819,9.344411818874655e-5,223.3265678427621,0.4051640003205299,0.999662378523819,0.9987012565354093
383447.265625,0.593017578125,207.587890625,0.108349609375,0.129443359375,63359.35354232788,4613.28125,0.19756780511928676,1.0000009201468687,4.158323146429833e-5,330.97158399018997,0.2547341448044079,0.999704612624308,5.672788727393802e-5,259.676576007685,0.31812705694772636,0.9999372382217429,7.669954994956526e-5,208.88436562304994,0.31812705694772636,0.9999372382217429,0.9996427892024237
383520.5078125,1.9945068359375,137.9443359375,0.3647705078125001,0.37370605468750007,123956.80320262909,4236.328125,0.22524326473706066,0.9995690467824242,8.363944788775812e-5,449.31742214176506,0.31955595444719187,0.999684922450039,0.00013110167876531395,304.21084956769005,0.4252548106636732,0.9996709312075186,0.0001978414978801167,218.60135829664137,0.4252548106636732,0.9996709312075186,0.9989252816744274
383740.234375,0.656005859375,336.748046875,0.33891601562500007,0.26333007812500003,17191.550731658936,5449.21875,0.2110278443118495,0.9998698483381813,3.295137089058711e-5,400.29198907109196,0.2858318411957499,1.000638735542809,4.819934531778628e-5,289.1116831018774,0.3729427643637017,0.9995906991486329,6.875146265031902e-5,218.1382774035688,0.3729427643637017,0.9995906991486329,1.0000989917673415
383813.4765625,1.8729248046875,237.8857421875,0.1529541015625,0.24509277343750002,170963.14895153046,5822.265625,0.28964847303074664,0.999211610638932,6.628540165670812e-5,360.75785512378405,0.4699753541107592,0.9994532979299908,0.00013682389929921214,200.48850270076758,0.6432820894409933,0.9995676306993782,0.00024862577107144675,133.6320011785943,0.6432820894409933,0.9995676306993782,0.9982335473485877
384033.203125,1.779541015625,161.767578125,0.379638671875,0.29291992187500004,41254.98342514038,2941.40625,0.22160227760701595,0.9995920708279704,7.43127110647793e-5,490.03804134603627,0.31098626852109706,0.9995201737803758,0.00011423634875638085,336.3731774843545,0.4117334275168562,0.9994900476450294,0.00016967046050632474,243.66490194779186,0.4117334275168562,0.9994900476450294,0.9986029406016251
384106.4453125,0.7493896484375,93.4521484375,0.1098876953125,0.19851074218750003,145313.37440013885,2314.453125,0.1785389941818521,0.999464542656061,7.377206619181063e-5,363.30483137156523,0.20935461927650684,0.9996819603507043,8.999168929593042e-5,312.7729069817766,0.24303434443022426,0.9998509337755082,0.0001084900330885359,273.3580643643878,0.24303434443022426,0.9998509337755082,0.9989977342811283
384326.171875,1.403076171875,305.537109375,0.122705078125,0.34594726562500006,133134.98258590698,6464.84375,0.29374356189191836,0.9994812244830016,5.1225408899113304e-5,345.14205009150027,0.4800525180480945,0.9995701408716229,0.00010753129564345051,190.5328643662051,0.6565965413863575,0.9996014277936658,0.00019842767668130934,126.94311115134738,0.6565965413863575,0.9996014277936658,0.9986533941592037
384399.4140625,1.1258544921875,375.3466796875,0.3879150390625,0.1390380859375,74674.16083812714,6837.890625,0.23090302453280165,0.9999013527601,4.1843523181092754e-5,424.8014050440468,0.3342726571396535,0.9997509625946511,6.682168318584408e-5,279.4107403876901,0.4517599348793224,0.9996639961925544,0.0001022241373864414,195.87429615194168,0.4517599348793224,0.9996639961925544,0.9993164529292682
384619.140625,1.032470703125,107.978515625,0.16342773437500002,0.397802734375,110660.50863265991,9957.03125,0.19361399885196115,1.000258523226153,7.215840175829202e-5,300.6477410410606,0.2450928332405397,1.0000940005343366,9.633212560869613e-5,238.0258828768919,0.30194368575228187,1.0003847145123241,0.00012729725232371342,192.59374370770334,0.30194368575228187,1.0003847145123241,1.0007373982044907
384692.3828125,1.4964599609375,210.9912109375,0.34484863281250006,0.1170654296875,99721.09305858612,9330.078125,0.2223995636221675,0.9998532771327183,6.079055170645007e-5,369.21608642305415,0.3146221232816116,0.999799918392499,9.368590830317327e-5,252.95905925787113,0.4170435641225817,0.9999301394709621,0.0001401733419251523,182.16545462709794,0.4170435641225817,0.9999301394709621,0.9995833885786198
384912.109375,1.845458984375,88.388671875,0.204150390625,0.126220703125,183112.220287323,6667.96875,0.20380410427528445,0.9999970703605491,9.77662480666346e-5,336.0665150898641,0.26836752977911504,0.9999743205886451,0.00013798132316409102,253.76499114856185,0.341028361526379,0.999910517931808,0.00019086619838532063,198.4155853246903,0.341028361526379,0.999910517931808,0.9998819115162239
384985.3515625,0.6248779296875,146.2451171875,0.3228759765625,0.3704833984375,6177.576899528503,6041.015625,0.18069309503896314,1.0000901409483882,5.27726255261334e-5,350.8127273144215,0.21603467412917754,1.0004046496745977,6.514611740956572e-5,295.4222197504623,0.25557387354567707,0.9998385883631339,8.016961896550031e-5,251.19766532156206,0.25557387354567707,0.9998385883631339,1.0003333355907733
385205.078125,0.718994140625,242.783203125,0.24721679687500003,0.167529296875,158834.0926170349,9160.15625,0.2052447990105091,1.0001507957424094,4.0542167541752e-5,327.5156805223705,0.27131068074607484,1.0004644738476238,5.750075598959699e-5,244.83400360346712,0.3453476878620403,1.0002562575664578,8.004509917692244e-5,189.32593961029988,0.3453476878620403,1.0002562575664578,1.0008717548826058
385278.3203125,1.7513427734375,352.4365234375,0.28215332031250007,0.33562011718750007,35237.7747297287,9533.203125,0.29674314447644207,0.999504225702748,5.627560503319898e-5,390.71228819884567,0.4916115536972513,0.9995549422902145,0.00011804221911207479,204.982885047661,0.6800589420500944,0.999637596586789,0.0002161771855227266,129.10329511131908,0.6800589420500944,0.999637596586789,0.9986973261086917
385498.046875,1.092529296875,227.177734375,0.25043945312500004,0.19008789062500003,62406.07023239136,5683.59375,0.22301222267321213,0.9998861065237277,5.050572835265422e-5,374.5161338663594,0.3136794208435368,0.9998506342054758,7.842818903684788e-5,259.41086948429495,0.415112278530646,0.9997618534448612,0.0001173882796144798,190.4640453696935,0.415112278530646,0.9997618534448612,0.9994986738760914
385571.2890625,1.3778076171875,113.7060546875,0.22033691406250003,0.3206787109375,144890.9157514572,5056.640625,0.20434672949363916,0.9999044467103471,7.791674156529656e-5,361.47654459559794,0.26918721596927614,0.9999077196382855,0.00011035561655543543,272.64835616183024,0.34200039855146536,0.9999090828403294,0.0001528732015887541,213.29063236719315,0.34200039855146536,0.9999090828403294,0.9997212750831546
385791.015625,1.471923828125,358.994140625,0.29350585937500007,0.21616210937500002,84405.038356781,2175.78125,0.2674983345874793,0.9988472511178019,5.032239714069744e-5,517.1332837105851,0.4228502754141658,0.9988978849646679,9.427619974612963e-5,299.19322660421693,0.585229828366897,0.9989744793581651,0.00016205641400561993,196.85016476042293,0.585229828366897,0.9989744793581651,0.996723197009117
385864.2578125,0.9984130859375,299.9755859375,0.1796142578125,0.2729248046875,119632.69889354706,2548.828125,0.2460377525083571,0.999304628601215,4.286667852836731e-5,415.0846774171153,0.37427254794508674,0.9992799992184476,7.419863261423527e-5,266.6985568913839,0.5071188906838326,0.9993161089831933,0.00012306415123568875,186.799774095851,0.5071188906838326,0.9993161089831933,0.9979022050887237
386083.984375,1.230224609375,63.154296875,0.135009765625,0.15317382812500002,141139.25886154175,2886.71875,0.1794171879589555,0.999710145375155,0.00010437168569406737,356.75970962517346,0.21235054955240654,0.9997535467107502,0.00012797878289783074,305.06034746937684,0.24848146187696693,0.9997709813595587,0.00015586516454852228,264.1107648015519,0.24848146187696693,0.9997709813595587,0.9992348676892389
386157.2265625,1.3221435546875,176.7919921875,0.39436035156250004,0.35993652343750004,56812.71255016327,2259.765625,0.21270806263279932,0.9996272524782012,6.21822827616868e-5,510.16468678262095,0.2895239079098079,0.9994847196594961,9.163768446299446e-5,364.3958702330398,0.3762923234369565,0.9995751766130249,0.0001314204995078381,271.7709355591071,0.3762923234369565,0.9995751766130249,0.9986877179936008
386376.953125,1.603759765625,270.673828125,0.16635742187500002,0.10307617187500001,118266.39699935913,5378.90625,0.2738250805011111,0.9993868159915458,5.802820591968885e-5,366.65205165113133,0.4359170061912148,0.9994545740496099,0.00011233483410734083,213.43426430203738,0.6040013648658215,0.9994596313946037,0.00019735978000964065,143.84470027734122,0.6040013648658215,0.9994596313946037,0.9983019817779533
386450.1953125,0.9486083984375,329.8583984375,0.36066894531250004,0.3836669921875,84064.09919261932,5751.953125,0.2336120916279313,0.9996767167800248,3.999498622557836e-5,428.89303598606415,0.3429717503563744,0.9993844941681926,6.516275068755881e-5,280.1027365109617,0.4609653020191502,0.9997213343471326,0.00010260250496856217,194.76479390995956,0.4609653020191502,0.9997213343471326,0.9987830058308717
386669.921875,1.977294921875,201.943359375,0.331298828125,0.24047851562500003,13216.311931610107,9902.34375,0.2441375762491348,0.9999076225935513,7.240119364532955e-5,379.2286991759396,0.36617999825861763,0.9998918931948738,0.0001232427803401929,237.55804402235307,0.5002654714256349,0.9998488850054881,0.00019819299415352917,162.02977309821853,0.5002654714256349,0.9998488850054881,0.9996484410752009
386743.1640625,0.5750732421875,144.2529296875,0.14182128906250002,0.25856933593750003,187393.84925365448,9275.390625,0.1831890479313203,1.0004237725533154,5.194828909929871e-5,293.68106809341185,0.22234102961912264,0.9996844484042199,6.500124908526807e-5,245.19814449123461,0.26485686894902366,0.9996813818015844,8.142190624148605e-5,205.98409473306748,0.26485686894902366,0.9996813818015844,0.9997894345984539
386962.890625,0.856689453125,386.884765625,0.362646484375,0.20327148437500003,35170.106410980225,6394.53125,0.22586187839743282,0.999734858552389,3.543418351730361e-5,413.91412470616586,0.32404970040704467,0.9995667732958108,5.551653039128868e-5,278.9600966567303,0.4356198669981155,0.9995200734767264,8.45134450478005e-5,198.11180355948477,0.4356198669981155,0.9995200734767264,0.9988221553015534
387036.1328125,1.6956787109375,277.3974609375,0.10812988281250001,0.29753417968750007,161739.47989940643,6767.578125,0.3050378038794904,0.9994273329780496,5.9461610292531455e-5,339.0164518336239,0.5063338012027307,0.9995599688470529,0.00013000920571850158,181.80717143344978,0.6897978575183042,0.999540328352615,0.0002458499477206072,120.26272586571079,0.6897978575183042,0.999540328352615,0.9985283475618525
387255.859375,1.271240234375,324.794921875,0.267431640625,0.30668945312500007,73427.43635177612,9230.46875,0.26094294334468887,0.9998862613870078,4.7345186339285536e-5,370.6723904569895,0.40617077811107355,0.9998193159381055,8.683548336547986e-5,219.92159204738823,0.5591511940823257,0.9999037664307109,0.00014740484628764309,146.48974633883068,0.5591511940823257,0.9999037664307109,0.9996093926379459
387329.1015625,1.1756591796875,255.1513671875,0.2220947265625,0.1759521484375,131966.35711193085,9603.515625,0.23869163467857635,0.9999781364206809,4.96897882700047e-5,338.14646423707205,0.35233560837710676,1.000059449568193,8.307125418432943e-5,219.34743377741592,0.47568801161928603,1.000049419067938,0.00013207604152145697,154.0924400115814,0.47568801161928603,1.000049419067938,1.0000870056144318
387548.828125,0.894775390625,181.689453125,0.301123046875,0.28706054687500004,96503.84664535522,6722.65625,0.20029109664577002,1.000229357624478,5.195203236064989e-5,361.9132049978456,0.260374186951303,0.9999408290503111,7.191551959973674e-5,275.9160988899896,0.3275061586552337,1.0001028375315697,9.788216201319874e-5,216.66787260823645,0.3275061586552337,1.0001028375315697,1.0002730281352323
387622.0703125,1.5521240234375,78.8427734375,0.19074707031250002,0.2301513671875,107240.17035961151,6095.703125,0.193446663638289,0.9999579458712823,9.804862072899577e-5,334.15093896627644,0.24405526196680288,1.0000937469878148,0.00013071594473287813,265.2567801681467,0.30080783770416053,0.9999921893769924,0.00017179131997708714,215.77117444867625,0.30080783770416053,0.9999921893769924,1.000043877889919
387841.796875,0.518310546875,293.583984375,0.201220703125,0.375244140625,175670.61185836792,2246.09375,0.204278499621859,0.9996783729310144,3.264181104857985e-5,411.49304836070036,0.26904545085627773,0.9997115601360401,4.6273068929859103e-5,312.0988875475392,0.34341378253270044,0.9995635930389568,6.411990895280545e-5,245.3440595918006,0.34341378253270044,0.9995635930389568,0.99895388507305
387915.0390625,1.9285888671875,392.6123046875,0.30705566406250007,0.13083496093750002,18081.299662590027,2619.140625,0.28404687266935336,0.9982011972447185,5.874912976811466e-5,523.868505768048,0.46419851809973595,0.9984653236239872,0.00011671468740924341,285.60665071600823,0.6466417244226332,0.9986902029400904,0.00020736707413529704,181.9100810843633,0.6466417244226332,0.9986902029400904,0.9953638469542554
388134.765625,1.647705078125,127.900390625,0.23491210937500004,0.33100585937500004,150203.622341156,5738.28125,0.21884557416616898,0.9998504175373454,7.934584471674529e-5,368.7665800646435,0.30380355607094894,0.9998396378464904,0.00012094174855767886,260.48438285983366,0.3988811311849292,0.9998279011181918,0.0001785926433506563,193.90637510422556,0.3988811311849292,0.9998279011181918,0.9995180338263872
388208.0078125,0.7991943359375,196.3818359375,0.27570800781250004,0.1627685546875,46038.20884227753,5111.328125,0.19858031116976424,0.9997439848524393,4.79146600992226e-5,370.10995059778634,0.2559376416391335,0.9998924368019496,6.569976976332602e-5,285.3750538783043,0.31883558589354827,0.9999028657431108,8.847136039933456e-5,226.75070809513312,0.31883558589354827,0.9999028657431108,0.9995393502485453
388427.734375,1.757568359375,246.435546875,0.32485351562500003,0.202392578125,102328.78828048706,4324.21875,0.24652097752896177,0.9994579630001822,6.357223162203121e-5,452.2042824090452,0.37239411070677886,0.9993916499995997,0.0001091597379722643,281.48933169652867,0.5098909493776546,0.9993464863442151,0.00017695110663837115,191.4379399529308,0.5098909493776546,0.9993464863442151,0.9981971806703251
388500.9765625,0.7244873046875,349.4482421875,0.2045166015625,0.29665527343750003,93082.33535289764,4947.265625,0.23217219181386195,0.9998329606570907,3.4128298284960204e-5,375.161905843381,0.3395521945727409,0.9997991975618116,5.552239676557788e-5,251.70813483515548,0.4533298180941166,0.9997705080998259,8.751206911797068e-5,180.12327333589383,0.4533298180941166,0.9997705080998259,0.9994027842696472
388720.703125,0.631103515625,82.080078125,0.28120117187500004,0.24135742187500003,128767.831325531,3816.40625,0.1672548789728443,0.9999366285865086,7.85144681817192e-5,354.3434694542326,0.1858027155685721,0.9999916827467678,8.884243077640691e-5,321.5781126605785,0.2055617336748186,1.0000590273466914,0.00010028257403501096,293.0849957405692,0.2055617336748186,1.0000590273466914,0.9999873349754831
388793.9453125,1.8509521484375,151.8896484375,0.24582519531250002,0.25944824218750007,66796.69654369354,3439.453125,0.23263318487104476,0.9994947195873874,7.813841562466689e-5,419.5296660548309,0.3370389643943875,0.9994726923686562,0.00012705150569864576,279.8940551119203,0.45268400026837563,0.9995469654244711,0.00019730552709471629,200.86712561215367,0.45268400026837563,0.9995469654244711,0.9985151114961127
389013.671875,1.004638671875,363.974609375,0.22114257812500002,0.11625976562500001,50201.81608200073,7339.84375,0.2486799780771272,0.9998240828553863,3.9730200255201765e-5,360.4353943233761,0.376468316420181,0.9998669343915442,6.923556835600016e-5,225.6931330544574,0.5145490109619404,0.9997103909170201,0.00011336378045282757,155.67490290153006,0.5145490109619404,0.9997103909170201,0.9994015210499049
389086.9140625,1.4774169921875,295.6591796875,0.25197753906250003,0.3968505859375,154958.85932445526,7962.890625,0.2736750059659939,1.0000482062405516,5.36801525611581e-5,383.68885605226825,0.4359723774874822,0.9997043751606027,0.00010374835564304612,218.52629362300183,0.6024234880823145,0.9996331294771286,0.00018230892478354692,143.4124243274315,0.6024234880823145,0.9996331294771286,0.9993857874031398
389306.640625,1.384033203125,219.541015625,0.177490234375,0.13999023437500002,27250.840663909912,8832.03125,0.24379941723243131,0.9999347036716438,5.77375096603237e-5,332.07978600012825,0.3637318473957016,0.9999998443420887,9.888586753607236e-5,212.5708208764825,0.49389349427405876,0.9999410599727798,0.00015966681799259752,149.03421987546864,0.49389349427405876,0.9999410599727798,0.9998756118544174
389379.8828125,1.0980224609375,120.6787109375,0.29328613281250004,0.34675292968750004,179003.6553144455,8455.078125,0.19388268965613745,1.0000889272634268,6.991332356573568e-5,338.23419756912017,0.24494248524493395,1.0001244246319274,9.333806038981131e-5,266.27618113354987,0.3020540366735147,1.0001151055719764,0.00012288773376644362,214.5366415455096,0.3020540366735147,1.0001151055719764,1.000328493091338
389599.609375,0.743896484375,157.451171875,0.152587890625,0.337158203125,82976.02033615112,7542.96875,0.1947108314819952,1.000251013396873,5.31123917365976e-5,316.33864971832867,0.24768594794172963,0.9999475305791192,7.136631459387353e-5,249.7011658782385,0.3060275776575721,1.0003534318260114,9.499788028709101e-5,201.49114308378077,0.3060275776575721,1.0003534318260114,1.000552032798581
389672.8515625,1.7733154296875,98.4326171875,0.33693847656250003,0.16892089843750002,115800.42541027069,7166.015625,0.19730799337332583,0.9999435746693582,9.225671097798278e-5,364.1784195702465,0.253181325113714,1.000009387653803,0.00012536847672803606,280.9577732638467,0.31620734553652435,0.9999525309304135,0.00016760830404995055,222.68688350142804,0.31620734553652435,0.9999525309304135,0.9999054949567331
389892.578125,1.867431640625,343.720703125,0.111279296875,0.36909179687500004,58322.28231430054,8035.15625,0.3549458580126442,0.9984856493561282,5.8799009087807205e-5,340.7191942244953,0.6104687553923706,0.9992521133845825,0.000152348152627469,160.40007784016342,0.8089383326336842,0.9991120504234985,0.0003071879462486952,103.80164638005992,0.8089383326336842,0.9991120504234985,0.9968529534737447
389965.8203125,0.6497802734375,230.2490234375,0.3805908203125,0.12468261718750001,142533.5968732834,8658.203125,0.18785009734916328,1.0002441087046334,4.058394659577166e-5,348.96480067135315,0.23148114618095794,1.000083066484494,5.219154378866958e-5,281.9169165845046,0.28233681024804136,0.9999798465241998,6.648659810640938e-5,231.4098191720388,0.28233681024804136,0.9999798465241998,1.0003070353964532
390185.546875,1.490966796875,104.990234375,0.3863769531250001,0.269775390625,166531.2533378601,4558.59375,0.19323539936642603,0.9999127294784964,8.418214386499067e-5,409.6414129524453,0.243190601273565,0.9997499955544477,0.00011184512841947213,322.20757993949604,0.29917754574917366,0.9997978435040585,0.00014618561969764445,259.84814027043745,0.29917754574917366,0.9997978435040585,0.9994606585329359
390258.7890625,1.0262451171875,214.6435546875,0.12189941406250002,0.21286621093750002,36021.80564403534,4181.640625,0.22902585297409553,0.9996255231094733,5.081482362102269e-5,353.47981809369725,0.32730599575906627,0.9997123178491272,8.159337670990187e-5,243.5007694653865,0.43602822935143076,0.9998204288838161,0.000125172277915484,180.27210253457991,0.43602822935143076,0.9998204288838161,0.9991584964580268
390478.515625,1.120361328125,311.181640625,0.345068359375,0.323974609375,191016.366481781,3050.78125,0.23936082531580402,0.9992348338107548,4.5143677661736504e-5,487.56790187028014,0.3513979864181556,0.9992987718004683,7.544792080273237e-5,311.62110137320155,0.47497975146043875,0.9993194338037555,0.00011863291710323278,217.23300865119626,0.47497975146043875,0.9993194338037555,0.9978545735843773
390551.7578125,1.3968505859375,369.0380859375,0.16555175781250003,0.1932373046875,10737.282633781433,3673.828125,0.2938620481360209,0.999252155057525,4.833281557724222e-5,400.2329784070189,0.4824868283598737,0.9990996407588643,0.00010098859757843212,220.0489459931084,0.6628903784769645,0.9992602628715505,0.00018552095263593636,145.96677867746925,0.6628903784769645,0.9992602628715505,0.9976139507567879
390771.484375,0.831787109375,302.216796875,0.27094726562500004,0.110986328125,95278.78522872925,9511.71875,0.21919680322569984,1.0000027667292115,3.896670404010938e-5,342.4670943958878,0.30535526212616226,1.0000176169734794,5.9335597336866135e-5,239.63450854062359,0.4006852141133928,1.0000815905855716,8.757539706964279e-5,176.39532423099993,0.4006852141133928,1.0000815905855716,1.0001019760001262
390844.7265625,1.6737060546875,362.7294921875,0.23967285156250004,0.39274902343750007,106053.43520641327,9134.765625,0.3095590160196735,0.9994273333752113,5.433650661206814e-5,382.9990821879157,0.519769070494133,0.9995049061753231,0.00011968626675139602,194.93892263770758,0.7130885281897869,0.9995680025564152,0.00022570483877021465,122.59957930092469,0.7130885281897869,0.9995680025564152,0.9985009867779621
391064.453125,1.955322265625,116.611328125,0.31166992187500003,0.145263671875,69581.03322982788,6003.90625,0.2098057735781833,0.9998924950832612,8.944408880429551e-5,383.8699147403058,0.28258785646268725,0.9998432307849308,0.00012983378420766014,279.76010388445087,0.36481462815173854,0.9997461603171217,0.00018380670510063696,212.2582806965084,0.36481462815173854,0.9997461603171217,0.9994819701177587
391357.421875,1.578857421875,356.005859375,0.18598632812500002,0.198291015625,153898.41032028198,2527.34375,0.2972842878128715,0.9987161589686859,5.29126163136579e-5,441.63907897820644,0.4908602822346091,0.9988146504046435,0.00011179597848913143,239.5521149838346,0.6781172289177005,0.9989620879907191,0.0002068031280963371,157.83391122018597,0.6781172289177005,0.9989620879907191,0.9964969803876051
391430.6640625,0.9266357421875,245.1904296875,0.3058837890625,0.2913818359375,47280.88843822479,2150.390625,0.21482285709545937,0.9994433158327549,4.570209291323993e-5,473.0452984854712,0.2959723904794229,0.9993610092420416,6.816669893112158e-5,337.78979599266967,0.38699785234974915,0.9996388204744825,9.940662390089781e-5,251.90379189454964,0.38699785234974915,0.9996388204744825,0.9984439329901418
391650.390625,1.208251953125,147.822265625,0.22670898437500003,0.24545898437500002,180452.6686668396,5019.53125,0.20783752265000857,0.9998168916516929,6.553021994391625e-5,367.8996343045362,0.27924377754451235,0.9997790702919758,9.447144070938536e-5,272.78419818591624,0.3578911093414582,0.9998808241471002,0.00013393701179343023,209.55405082085534,0.3578911093414582,0.9998808241471002,0.9994768746916016
391723.6328125,1.2972412109375,91.4599609375,0.2628173828125,0.26472167968750004,23800.713419914246,5642.578125,0.18914243409070589,0.9999649734032594,8.651207019219376e-5,353.8391046839455,0.23399796164677192,0.9998328633048423,0.00011243752633392879,285.92924830446003,0.2841731366855353,0.9998932142654156,0.00014429220347219793,235.84924517754857,0.2841731366855353,0.9998932142654156,0.9996910784152774
391943.359375,1.669677734375,213.232421875,0.10336914062500001,0.27387695312500004,115140.69318771362,2355.46875,0.27157959604878124,0.9991500625025811,6.520805624518898e-5,389.4377222738208,0.43242765302487807,0.9991002473151557,0.00012588693793633997,234.58536242800287,0.5917493397014165,0.9992879940860286,0.0002233077781436985,162.68512176090687,0.5917493397014165,0.9992879940860286,0.9975403138825732
392016.6015625,0.8240966796875,111.7138671875,0.3674072265625,0.21813964843750003,80030.19988536835,2978.515625,0.1764159464603508,0.9998921408388588,6.831239440917473e-5,407.85350195015593,0.20651152987799518,0.9997602271891387,8.215717220622937e-5,350.8462356373004,0.23853041158379348,0.9998355052155614,9.859125865821807e-5,304.1548760414681,0.23853041158379348,0.9998355052155614,0.9994879562846454
392236.328125,0.543212890625,378.251953125,0.14643554687500002,0.31987304687500007,141768.43404769897,5847.65625,0.22448860373525004,1.000031302820696,2.8845662294250145e-5,341.53331489172075,0.31762290713688723,1.0000078896234839,4.533944609528595e-5,239.08831372239507,0.45520641964447084,0.9997897189295671,6.874974365056297e-5,176.79594840513346,0.45520641964447084,0.9997897189295671,0.9998289033792335
392309.5703125,1.9505615234375,307.2802734375,0.32668457031250003,0.18796386718750002,57564.32807445526,5470.703125,0.2667070013241311,0.9995183848037387,6.355712307390011e-5,449.0340619277677,0.42165611260778874,0.9993001891274028,0.00011833157278645098,258.9061182136716,0.5852475497886452,0.9993663648949256,0.00020227811765874778,168.59598323593707,0.5852475497886452,0.9993663648949256,0.998186024245089
392529.296875,0.916748046875,97.021484375,0.35590820312500004,0.34243164062500003,41219.653606414795,9371.09375,0.17830131132953062,1.0002459113865396,7.574106280034405e-5,325.7495391686726,0.20999517602034812,1.000505533464953,9.205522774995194e-5,277.24543766661117,0.24476376852342355,1.0001767888445132,0.00011153586039477772,237.94370904725088,0.24476376852342355,1.0001767888445132,1.0009284908814862
392602.5390625,1.5770263671875,164.1748046875,0.17111816406250002,0.1730224609375,167691.11716747284,9994.140625,0.23415974202147527,1.0001313414073367,6.974157206344437e-5,321.14567391453835,0.34083259564066914,1.0000334747843975,0.00011444515163614806,213.15126319205123,0.4598502667868161,1.0000625900904447,0.00017939815342488425,152.31576018030083,0.4598502667868161,1.0000625900904447,1.0002274209949398
392822.265625,1.296142578125,239.462890625,0.39897460937500007,0.36381835937500007,13064.30959701538,6863.28125,0.22730293701688045,0.9998600292807996,5.421464962767312e-5,426.23024500450714,0.32472922703313517,0.9998443648413795,8.570097089437969e-5,284.4873722195412,0.4340430666231381,0.9997576733569811,0.00013016198250086883,201.85572376588635,0.4340430666231381,0.9997576733569811,0.9994621608914264
392895.5078125,1.1976318359375,339.8193359375,0.1303955078125,0.12058105468750001,193062.21091747284,6486.328125,0.2795383386573832,0.9996083138618824,4.5299793354141545e-5,343.7171754803253,0.4444474551253717,0.9996478382139155,9.004632210270121e-5,197.40796667256888,0.6086411256670582,0.999685086320857,0.0001591522848156216,133.69235421814142,0.6086411256670582,0.999685086320857,0.9989416105379931
393115.234375,1.359130859375,134.873046875,0.160791015625,0.23520507812500002,60548.728466033936,7199.21875,0.21416504081229013,0.9997876693533415,7.178176584189412e-5,330.42846378305836,0.29345615145134796,0.9997969722011721,0.00010697779367233773,239.14781402115676,0.381283780379615,1.0000767698248165,0.00015577284912473148,180.99044755449142,0.381283780379615,1.0000767698248165,0.9996614226046684
393188.4765625,1.0760498046875,206.0107421875,0.3498291015625,0.25446777343750004,145785.3535413742,7572.265625,0.20905851966254216,0.9999602402719394,5.295033518658571e-5,379.05825252992065,0.28182230408332304,0.9998799982881005,7.659235926306492e-5,276.13296266341916,0.3630331188782956,0.9999291749518173,0.0001085885840298747,208.56235500846122,0.3630331188782956,0.9999291749518173,0.9997694295978664
393408.203125,0.982666015625,278.642578125,0.126513671875,0.208544921875,87917.45901107788,8691.40625,0.2444192266190208,1.0000310215876442,4.402134720243561e-5,320.545952987694,0.36501911146970506,1.00009056932726,7.5764103510462e-5,206.1802365981088,0.4956141935094753,0.9999368025718262,0.00012311195074709623,145.39520068967693,0.4956141935094753,0.9999368025718262,1.0000583886119239
393481.4453125,1.4525146484375,380.3271484375,0.38176269531250007,0.3016357421875,120781.9412946701,8064.453125,0.26066924051459833,0.9995322092515578,4.9165668081282794e-5,436.8273747944207,0.40722836391803274,0.9996115543566111,8.934570340355232e-5,255.0137007709616,0.5639893766467517,0.9995739292042426,0.00015058013698127735,165.92189644229717,0.5639893766467517,0.9995739292042426,0.9987182392635887
393701.171875,0.606201171875,167.412109375,0.375830078125,0.149072265625,189796.05436325073,4214.84375,0.17747235759496724,0.9998460251387526,4.8802002573400956e-5,386.4959912720172,0.20793948589322886,0.9999321074148743,5.8974267508033453e-5,331.13900703162386,0.24112214543793462,1.000020651203915,7.107650843582973e-5,285.52414792436804,0.24112214543793462,1.000020651203915,0.9997987896296793
393774.4140625,1.8289794921875,67.2216796875,0.1160400390625,0.35466308593750007,8860.165476799011,4587.890625,0.19769571604518657,0.999770164964346,0.00011320999984380071,339.25149642555806,0.2539966794619783,0.9997580724870219,0.00015476572645239212,265.7349965299765,0.3167480742365087,0.9997476540506335,0.00020827450507046217,214.2254935962643,0.3167480742365087,0.9997476540506335,0.9992760661387569
393994.140625,1.735595703125,331.103515625,0.341552734375,0.107177734375,164813.52376937866,3707.03125,0.2524831885266891,0.9991309265700512,5.780273716391068e-5,488.4387206923401,0.38826639783527367,0.9992114699676092,0.00010132867294039036,295.8464770572166,0.5365919193010367,0.9990868828003125,0.00016656207622606887,197.15149210779043,0.5365919193010367,0.9990868828003125,0.9974314775889541
394067.3828125,0.6995849609375,264.1162109375,0.1479736328125,0.3889404296875001,32201.531291007996,3080.078125,0.2173091441025346,0.9997330802983965,3.91774437483707e-5,380.6493867985626,0.2998156532311972,0.9997486583954321,5.9442914264557654e-5,274.2666214005632,0.3919837983917102,0.9997966065414579,8.730138360976019e-5,208.67419415115475,0.3919837983917102,0.9997966065414579,0.9992785177206268
394287.109375,1.142333984375,396.513671875,0.28852539062500004,0.37934570312500004,133412.513256073,4917.96875,0.26766902970503176,0.9997688506969282,4.183538128869373e-5,438.2103080380063,0.4220792624617193,0.9994496586119954,7.879239569270102e-5,253.5803475681601,0.5821775718096488,0.9994635454640844,0.00013612815219019717,167.17529419821687,0.5821775718096488,0.9994635454640844,0.9986826011500194
394360.3515625,1.4217529296875,284.3701171875,0.1822509765625,0.1361083984375,70737.94066905975,4291.015625,0.26332459217559,0.9994606376261023,5.363095703705399e-5,389.3456613412691,0.411288603225005,0.9994080884019622,9.946449605768062e-5,234.2000054734046,0.56891381790483,0.9994397595271797,0.0001703316958992219,159.60604505377262,0.56891381790483,0.9994397595271797,0.9983094384166942
394580.078125,1.515869140625,189.658203125,0.256591796875,0.326904296875,107071.51937484741,3410.15625,0.2346208105369186,0.9993908399882305,6.50403728708292e-5,429.629014962337,0.3418062470118577,0.9995084801155042,0.00010677652739561745,283.7179216855894,0.460164479373003,0.9994774209490508,0.00016704794834925522,202.2106787921811,0.460164479373003,0.9994774209490508,0.9983776155028321
394653.3203125,1.0482177734375,129.3115234375,0.21652832031250002,0.1574951171875,97483.56330394745,3783.203125,0.19447187441407415,0.9997076269809737,6.734025411910329e-5,373.12439461476566,0.24653745256358625,0.9997985016229002,9.02775421745819e-5,294.8796512318257,0.3044137026235624,0.9999129188610651,0.0001193071914873067,239.05954285805953,0.3044137026235624,0.9999129188610651,0.9994191493793814
394873.046875,1.889404296875,259.052734375,0.24106445312500002,0.31196289062500004,23941.409587860107,7933.59375,0.2789814903583064,0.9996206318932075,6.549674288152134e-5,383.1533314690247,0.4490127816752297,0.9996513000886961,0.00012906981862860853,214.62122475385317,0.622623697412419,0.9995292430749602,0.0002293221993325319,139.96474479975268,0.622623697412419,0.9995292430749602,0.998801650023276
394946.2890625,0.6746826171875,315.5810546875,0.28596191406250004,0.1800537109375,178670.0600385666,7306.640625,0.20979179432326509,1.0000746082321335,3.4976829587797395e-5,361.86910043608606,0.28474724891823966,0.9998767722259181,5.083032550590247e-5,263.9969095847181,0.36915057293297987,0.9998263479943177,7.260486434744076e-5,199.58537549685147,0.36915057293297987,0.9998263479943177,0.9997777277030403
395166.015625,0.768798828125,72.119140625,0.20913085937500003,0.28178710937500007,48603.219509124756,8425.78125,0.1704193066482084,0.9998922554779027,8.850791876983839e-5,302.13602162208133,0.19434870249823052,0.99987424050543,0.00010243567790365104,268.59668371858805,0.21795537767368225,1.000440891352715,0.0001194293396978479,238.69481845189202,0.21795537767368225,1.000440891352715,1.0002072979420165
395239.2578125,1.7952880859375,183.1005859375,0.32023925781250007,0.22604980468750002,154425.02677440643,8798.828125,0.23147229365102612,0.9999413254588424,7.172880264776718e-5,378.5153913945513,0.33483981451971345,0.9998535557956845,0.00011555868655061266,250.1344161305152,0.4503122835722598,0.9999030692206435,0.0001782061650417381,176.7340730237949,0.4503122835722598,0.9999030692206435,0.9996979789492039
395458.984375,1.933349609375,371.279296875,0.369384765625,0.35004882812500004,175662.513256073,8636.71875,0.28963831972624765,0.9989587491992148,5.973357879033841e-5,444.9249809133054,0.47713295687852314,0.9992153578301015,0.00012140479682819825,234.6737640155132,0.6637489461338023,0.9990444527124783,0.0002186295090373145,145.64920256463057,0.6637489461338023,0.9990444527124783,0.9972211206974668
395532.2265625,0.5252685546875,314.9169921875,0.10373535156250001,0.1443115234375,20749.754786491394,8009.765625,0.21280443047658928,1.0003193985158016,3.160938183609152e-5,308.87500402741534,0.34035825597478875,0.9996741718938144,4.6572247912343304e-5,223.937488177413,0.4296789454561055,1.000073562586058,8.316210581626455e-5,150.28373167336073,0.4296789454561055,1.000073562586058,1.0000670284460276
395751.953125,0.806884765625,217.548828125,0.32573242187500007,0.3937011718750001,151586.28225326538,7128.90625,0.2043575853339009,1.0000558844486007,4.5889411319165936e-5,372.7917578419836,0.26953516197221106,1.000193928117474,6.494438797681515e-5,278.2516179650625,0.344049931717532,0.9999478689856541,8.987505016862726e-5,215.289398821062,0.344049931717532,0.9999478689856541,1.0001976793657474
396044.921875,1.180419921875,233.818359375,0.171923828125,0.26860351562500007,73978.64103317261,3652.34375,0.239128111378139,0.9995510939237814,5.2587886753808054e-5,388.19989451108177,0.35411500945684093,0.9995572995772848,8.829671640180704e-5,255.46766665059968,0.48074857706588914,0.9994738790147262,0.00014153557577517453,182.31540535770662,0.48074857706588914,0.9994738790147262,0.9985829402350352
396118.1640625,1.2781982421875,346.1279296875,0.3574462890625001,0.24919433593750004,136872.97523021698,3025.390625,0.24438277260860589,0.9992268024755161,4.712106475230691e-5,509.472215890654,0.36742096425575954,0.9991648887496454,8.014778720436908e-5,317.77639000548425,0.5023623882721763,0.9992031638765909,0.0001290121405071666,215.63857121297744,0.5023623882721763,0.9992031638765909,0.9975967818517114
396337.890625,1.559814453125,100.009765625,0.12827148437500002,0.28764648437500007,100683.04586410522,4144.53125,0.2077310903178804,0.9996661091116689,8.855250543424811e-5,352.2382975865261,0.277063567328831,0.9997308438879857,0.0001278256212568705,264.0514484621171,0.35477249039987024,0.9997434185975036,0.00017996354719617438,206.40810714641748,0.35477249039987024,0.9997434185975036,0.999140616173518
396411.1328125,0.8988037109375,160.5224609375,0.39875488281250004,0.19440917968750002,110771.70646190643,4517.578125,0.18706633271086615,0.9999535639869707,5.67737536338229e-5,406.6824892623369,0.22978109285294107,0.9998200849257877,7.274218988781191e-5,329.92196017363415,0.2767562455549777,0.9997795533951599,9.2342720410642e-5,272.11777722185326,0.2767562455549777,0.9997795533951599,0.9995532605589439
396630.859375,0.568115234375,122.919921875,0.23930664062500004,0.184814453125,4336.677074432373,3480.46875,0.17511280658795444,0.9999114724650917,5.939902616859668e-5,364.1481076810288,0.20069616740017732,0.999848653992072,7.10664020739152e-5,316.7463298510915,0.22899258433972952,0.9999512088643608,8.323274358400976e-5,280.0582774300345,0.22899258433972952,0.9999512088643608,0.9997113604228625
396704.1015625,1.9725341796875,223.2763671875,0.26896972656250007,0.31657714843750007,187857.86712169647,3853.515625,0.2638266441790077,1.0000149753725245,7.098053766495795e-5,446.9745935158927,0.412793594188053,0.9992822722912462,0.00013156992378220213,263.473644684745,0.568910338500712,0.9993541539911396,0.00022480877548887256,175.86250544983378,0.568910338500712,0.9993541539911396,0.9986518447834037
396923.828125,1.691650390625,298.564453125,0.197998046875,0.22143554687500003,31331.788539886475,4972.65625,0.28421577082801036,0.999250804289344,5.864155146416756e-5,397.3317641593936,0.4608305185278401,0.9993382088178646,0.00011804236604881534,221.93067243861736,0.6354963948659887,0.9994021325014784,0.00021221148553332732,146.31302780648804,0.6354963948659887,0.9994021325014784,0.9979924847065768
396997.0703125,0.8489990234375,365.7177734375,0.3126220703125,0.27702636718750007,163564.29755687714,4345.703125,0.23148097876278703,0.9994952365486389,3.660968193029069e-5,433.50208600537553,0.33411118879169466,0.9995433449837449,5.9102568141660614e-5,287.28276911132775,0.4514782073091582,0.9994070092381571,9.106940750289329e-5,204.35595820632028,0.4514782073091582,0.9994070092381571,0.9984463912488865
397216.796875,1.315185546875,155.458984375,0.30434570312500003,0.12211914062500001,150801.83744430542,8496.09375,0.20503436852156437,0.999952638768062,6.642118726398768e-5,352.0720836065041,0.270511408494543,1.0001475807463152,9.409829852398532e-5,262.08981483636234,0.34439710157602327,1.0001964993695287,0.00013004062676958016,202.54051847396804,0.34439710157602327,1.0001964993695287,1.0002967315859976
397290.0390625,1.2254638671875,84.4873046875,0.1851806640625,0.3652099609375,65718.50669384003,8869.140625,0.18832013970110703,1.0003480253809613,8.928056893331889e-5,312.36381742823676,0.23234581050507594,1.0003379429155626,0.00011559753103636363,253.55925893985642,0.28127306242902905,1.000306019584441,0.00014803751494538576,209.77744961998874,0.28127306242902905,1.000306019584441,1.0009923154494018
397509.765625,0.944580078125,351.025390625,0.263037109375,0.171630859375,124516.122341156,7988.28125,0.23659214790601948,0.9999956764059024,3.930882662631753e-5,368.28711495388313,0.3471449028745224,0.9998547577320436,6.492629121485809e-5,239.94029345306433,0.4691405015176632,0.9997817881797217,0.0001021289268723346,168.68233155141775,0.4691405015176632,0.9997817881797217,0.9996322555825382
397583.0078125,1.5960693359375,249.5068359375,0.22883300781250002,0.34089355468750004,90691.40708446503,7361.328125,0.2637690835947194,1.0010535538785876,6.016201270928165e-5,377.7996493823124,0.41223702344180696,0.9996915590246718,0.00011189706373609034,223.79703708306235,0.5671262465489533,0.9997435130781789,0.00019181075090923577,149.81463474677668,0.5671262465489533,0.9997435130781789,1.0004881099938854
397802.734375,1.054443359375,193.310546875,0.18422851562500003,0.305517578125,171879.20331954956,6074.21875,0.22013441917628282,0.9996937919480897,5.458033476052699e-5,352.37764819291124,0.30527981187235725,0.9998357387996364,8.390993001607857e-5,248.54387220367278,0.40037317364045266,1.0000055999868547,0.00012388984868247214,186.13714314114287,0.40037317364045266,1.0000055999868547,0.9995351783983429
397875.9765625,1.5213623046875,126.3232421875,0.28889160156250004,0.21228027343750003,42132.262110710144,6697.265625,0.2061004926472433,0.9998313548895684,7.817286442955357e-5,366.72246763521895,0.2727571984821889,0.9999529044569845,0.00011154085048417475,272.3387935090095,0.34787348064962303,0.999944829609911,0.0001549390534114815,210.44204569106142,0.34787348064962303,0.999944829609911,0.9997291088009548
398095.703125,1.427978515625,390.205078125,0.21557617187500003,0.250732421875,198955.331325531,9566.40625,0.2933402997466618,0.9995212269568932,4.8262244957883174e-5,364.329319647415,0.481796637915939,0.9996227966072417,0.00010034842066733463,195.55535877099413,0.6640557282641609,0.9997348153396725,0.0001837801636485494,125.60010026045666,0.6640557282641609,0.9997348153396725,0.998879246442553
398168.9453125,1.1478271484375,290.0146484375,0.25520019531250004,0.23132324218750003,18786.198496818542,9189.453125,0.2409994508979197,1.0000873839197044,4.715622367636984e-5,359.5334794170884,0.35934601351166967,0.9998227549021079,7.958100366097149e-5,230.00442482512747,0.4870671456165835,0.9998860767683287,0.0001278902214474798,159.3980363039047,0.4870671456165835,0.9998860767683287,0.99979621034081
398388.671875,1.801513671875,77.099609375,0.28676757812500003,0.38813476562500004,79869.35758590698,5089.84375,0.19545331317732706,0.9998097202988186,0.00010610072698226233,377.56370597010323,0.24873554805229278,0.9999830547075148,0.00014303793506162784,295.3796550675308,0.3084263869100002,0.9999075168828901,0.00018994321032293068,237.12048778779223,0.3084263869100002,0.9999075168828901,0.999700314278084
398461.9140625,0.7742919921875,178.7841796875,0.24260253906250004,0.1062255859375,115842.43476390839,5712.890625,0.19254831069730574,0.999998504779334,5.083026201022123e-5,352.10437436121646,0.2418179296749202,0.9998739441612955,6.734307553646032e-5,279.8850201837368,0.2970886725485071,0.9999603827859037,8.784604042324106e-5,227.83705751790635,0.2970886725485071,0.9999603827859037,0.9998328369682248
398681.640625,0.680908203125,251.416015625,0.318115234375,0.3556152343750001,52828.53841781616,2582.03125,0.20157039202030788,0.9995428935888107,4.0150483058493034e-5,447.6667998805369,0.26393175679753994,0.9995779786581287,5.5936504438932575e-5,339.73083802462656,0.3344987723681522,0.9994802941853336,7.678075002636777e-5,265.5901659476538,0.3344987723681522,0.9994802941853336,0.9986018161284833
398754.8828125,1.8948974609375,322.5537109375,0.2089111328125,0.14987792968750002,139638.45145702362,2205.078125,0.2945801180104546,0.9985600271717698,6.173142709616767e-5,470.99698686596537,0.48522455606059056,0.9986718697675466,0.0001288608504410849,255.45846143723566,0.6683818098409726,0.998872522054712,0.00023621331294110379,166.97654932308444,0.6683818098409726,0.998872522054712,0.9961094502843574
398974.609375,1.447021484375,274.326171875,0.349462890625,0.15903320312500002,53554.51154708862,5792.96875,0.2330774473041939,0.9996599894982993,5.513381720220169e-5,429.98249446767613,0.3392642185191341,0.9997181527970843,8.918021707658105e-5,281.3160270232197,0.4587503509793922,0.9995466730951588,0.00013783550800301888,197.15737135625852,0.4587503509793922,0.9995466730951588,0.9989251930829369
399047.8515625,0.9764404296875,385.3076171875,0.1588134765625,0.32829589843750007,160237.9254102707,5416.015625,0.268186208333139,0.9996098143226465,3.871535919681863e-5,370.52376647361024,0.4218320192268459,0.9995989584985884,7.356980095602205e-5,219.57497460236073,0.5794518664797281,0.9996476959169054,0.00012789629115117105,149.07482515032777,0.5794518664797281,0.9996476959169054,0.9988569039162272
399267.578125,1.070556640625,141.845703125,0.383154296875,0.13471679687500002,24544.694423675537,2285.15625,0.18730045852489208,0.9994737624859104,6.507005415767213e-5,463.0938045466549,0.2300449807184192,0.9996121446751566,8.346706437143423e-5,375.5646334295274,0.2776142282972391,0.999600144335239,0.00010589014054931357,310.0761767291133,0.2776142282972391,0.999600144335239,0.9986866210239156
399340.8203125,1.3529052734375,198.3740234375,0.1274658203125,0.3778076171875,187324.7345685959,2908.203125,0.24614896255511834,0.9993836395487978,6.0704980910853906e-5,387.0283983076954,0.3661124754715598,0.9994213963138542,0.00010548465370339386,251.12476946869697,0.4972895919632666,0.9994573757904395,0.00017086370258002066,180.7039748399211,0.4972895919632666,0.9994573757904395,0.9982634165044758
399560.546875,0.694091796875,328.115234375,0.114501953125,0.22290039062500003,104519.35148239136,6808.59375,0.23476103587716873,0.9996044246140635,3.489333653158163e-5,328.72957880516685,0.33673355293490137,1.000072678647103,5.770464094975115e-5,220.25863531652874,0.4484972930128121,1.0001656738277607,8.920555874561631e-5,161.39526957091653,0.4484972930128121,1.0001656738277607,0.9998426948387416
399633.7890625,1.7293701171875,267.7685546875,0.3750244140625001,0.27849121093750007,93067.85666942596,6431.640625,0.24693425643922165,0.9996654433099321,6.180657118130722e-5,446.28298794312184,0.37322726371755405,0.9995633335622043,0.00010623228688389938,274.9790055758253,0.5120341543971474,0.9995312024653773,0.00017201232250766674,185.09440646415652,0.5120341543971474,0.9995312024653773,0.9987604869062063
399853.515625,1.823486328125,173.056640625,0.148193359375,0.183349609375,130210.51931381226,9300.78125,0.2511618134263028,1.0000041800763073,7.419739188855495e-5,327.7290171170955,0.38434532793526593,0.9997769096733672,0.00013104569025997794,204.88130948870716,0.5226995376021105,0.9998143442485806,0.00021975241531677574,140.83606861332476,0.5226995376021105,0.9998143442485806,0.9995954737078406
399926.7578125,0.5999755859375,60.9130859375,0.34367675781250007,0.31511230468750007,70378.30436229706,9923.828125,0.16195701730131648,1.0007702016954791,9.628075617635727e-5,295.235083313712,0.17429745108086317,1.000685568111927,0.00010523818678805435,275.05031286336055,0.18743886553719472,1.0006768641287633,0.00011458861490303423,256.9838824786744,0.18743886553719472,1.0006768641287633,1.002134147677656
