P0,ndot,tads,alpha,beta,PI,Pl,purity_s1,recovery_s1,productivity_s1,energy_s1,purity_s2,recovery_s2,productivity_s2,energy_s2,final_purity,final_recovery,overall_recovery
100146.484375,1.441162109375,376.591796875,0.20532226562500003,0.28911132812500007,12299.598217010498,7261.71875,0.24165925958328796,1.0051814041707452,7.010294286363224e-5,280.04735511764204,0.36215547289906885,1.0051689687886356,0.00011680317875973267,185.8311663107522,0.36215547289906885,1.0051689687886356,1.0103771554758207
100219.7265625,0.9705810546875,309.6044921875,0.32404785156250004,0.19587402343750002,47006.895899772644,7884.765625,0.19247911530881426,1.0051265343267695,6.913994770373114e-5,327.1768384751543,0.24134857362187223,1.0050909277348807,9.23606825755469e-5,258.7796581571885,0.24134857362187223,1.0050909277348807,1.0102435608774383
100439.453125,1.064697265625,212.236328125,0.24604492187500002,0.26713867187500007,18776.16262435913,8753.90625,0.18857159941184884,1.0058152851858546,8.819937751276402e-5,309.4826912597824,0.2320504499019536,1.0057175870194774,0.00011604695610763614,250.3881998599747,0.2320504499019536,1.0057175870194774,1.0115661216044252
100732.421875,0.688232421875,239.130859375,0.25161132812500003,0.3951660156250001,33195.40739059448,4277.34375,0.1746244224087294,1.005159514303616,8.782589580791059e-5,456.5654150090977,0.20108000684610663,1.0052953071636035,0.00010742026147662086,396.5119793177884,0.20108000684610663,1.0052953071636035,1.0104821426802721
100805.6640625,1.7235107421875,340.8154296875,0.22150878906250002,0.11325683593750001,19775.334239006042,4900.390625,0.23245129757188562,1.0050701682904193,8.397582621470831e-5,338.68300471780395,0.3385279303067392,1.0050946343683034,0.0001350672807772618,231.37635644750333,0.3385279303067392,1.0050946343683034,1.010190633312348
101025.390625,1.817626953125,94.697265625,0.292333984375,0.34858398437500004,27757.3561668396,3769.53125,0.17346494372089052,1.0051822210451153,0.0002108950226799394,487.496464459377,0.19870815076187273,1.0051752764293662,0.0002545594589200571,425.6858140909246,0.19870815076187273,1.0051752764293662,1.0103843169009081
101098.6328125,0.5941162109375,165.8349609375,0.17844238281250002,0.1428466796875,24104.241251945496,3392.578125,0.16306489166088636,1.0049885872886468,0.0001224862015538889,515.5022559376674,0.17666905974017985,1.0049845139826867,0.00013688490494909373,476.6761248743911,0.17666905974017985,1.0049845139826867,1.0099979669544277
101318.359375,1.060302734375,117.607421875,0.337744140625,0.17075195312500002,50141.97492599487,4605.46875,0.16398507711165075,1.0050499032784415,0.00017376322375068764,466.5253020108295,0.17858460677701773,1.005010880761206,0.00019582857038386036,428.7815598682006,0.17858460677701773,1.005010880761206,1.0100860885028313
101391.6015625,1.5272216796875,228.5888671875,0.1517822265625,0.34001464843750007,6803.728938102722,4228.515625,0.21190506906223958,1.0051407115696764,9.880780767937278e-5,381.00045149203135,0.2858736602376288,1.0051289844646514,0.00014747820210008226,279.798131014872,0.2858736602376288,1.0051289844646514,1.010296062664106
101611.328125,1.433837890625,303.876953125,0.38081054687500004,0.12299804687500002,44632.508754730225,3097.65625,0.1913481720081414,1.0050967144524963,9.50930420247958e-5,501.3605882628365,0.23839310834358166,1.0050834677950118,0.0001272062683787925,398.2265453317768,0.23839310834358166,1.0050834677950118,1.0102060912312878
101684.5703125,1.1536865234375,360.4052734375,0.11105957031250001,0.3660888671875,12176.358103752136,3720.703125,0.226867431099885,1.0051185807128329,6.830537731355698e-5,371.51416147126804,0.32156841059899877,1.0051133623664623,0.00010962110268653282,260.004792183883,0.32156841059899877,1.0051133623664623,1.010258116237282
101904.296875,1.807373046875,150.146484375,0.12153320312500002,0.22055664062500002,19067.431926727295,7621.09375,0.20460474973982823,1.0047145018443573,0.00012249032813233549,296.36959531889767,0.26925593364703454,1.004630114821719,0.00017487156416732313,224.32279113605017,0.26925593364703454,1.004630114821719,1.0093664453509428
101977.5390625,0.7801513671875,89.7998046875,0.3867431640625001,0.27614746093750003,37436.05124950409,7244.140625,0.15783728776440295,1.0058717091165221,0.000215596984166471,397.8469151087936,0.16589555208931397,1.0056385002103219,0.00022980724506456925,378.5901960727672,0.16589555208931397,1.0056385002103219,1.0115433169599324
102197.265625,0.686767578125,356.337890625,0.164599609375,0.18569335937500003,24295.75490951538,8113.28125,0.19461342607956425,1.0052020241996404,5.493645284385004e-5,302.8714579804728,0.24583788160832276,1.0051324588830115,7.466102057266003e-5,238.65700964347224,0.24583788160832276,1.0051324588830115,1.010361182257965
102270.5078125,1.9007568359375,244.1943359375,0.34602050781250004,0.31745605468750004,33155.04539012909,8736.328125,0.2172435254163176,1.005319843539689,9.929008696094479e-5,298.8956988868462,0.30152336480751374,1.005257637860954,0.00014850218833574694,212.95833145871237,0.30152336480751374,1.005257637860954,1.0106054512114515
102490.234375,0.562255859375,187.998046875,0.3951660156250001,0.3570800781250001,15131.370067596436,9949.21875,0.16353322310964835,1.0081466093195384,0.00010692994008873557,332.8044672507954,0.17772577753251256,1.0075640020968086,0.00011866660413863088,306.00004515618065,0.17772577753251256,1.0075640020968086,1.0157722323863219
102563.4765625,1.9666748046875,131.6357421875,0.1342041015625,0.15134277343750002,43936.78176403046,9322.265625,0.2014529300752041,1.0062670044405737,0.0001348538714975681,272.87880504779304,0.2619614178125632,1.0058375973882512,0.00018905152755395089,209.15687098692095,0.2619614178125632,1.0058375973882512,1.0121411860775793
102783.203125,1.685791015625,395.517578125,0.36088867187500007,0.38666992187500004,7121.804714202881,6441.40625,0.23652315017705441,1.0054764873044655,7.841919290732755e-5,340.05220809737267,0.3514195117262141,1.004828326709134,0.00012650482983642635,226.639027076373,0.3514195117262141,1.004828326709134,1.0103312562835238
102856.4453125,0.8431396484375,284.7021484375,0.1661376953125,0.1047607421875,48803.242564201355,6814.453125,0.19078887285923857,1.004886815325626,7.003919761471504e-5,332.8717622894925,0.23703366608237836,1.0048577404804304,9.332005851140732e-5,267.10630428476145,0.23703366608237836,1.0048577404804304,1.0097682946866842
103076.171875,1.309326171875,71.787109375,0.14145507812500002,0.252197265625,33062.22867965698,2964.84375,0.16345332677474467,1.0050120018330027,0.0002559587908669051,540.9359530238154,0.1775215398844408,1.0049746891378653,0.000286956774871789,499.3215107772873,0.1775215398844408,1.0049746891378653,1.0100116241219455
103149.4140625,1.2196044921875,184.0966796875,0.3316650390625,0.23278808593750003,23434.231638908386,2337.890625,0.1760580537643682,1.0052007213477496,0.00012877652361861165,576.2002222375553,0.2043583703068526,1.0051706868031371,0.00015768233448687743,495.9078115514354,0.2043583703068526,1.0051706868031371,1.0103982994521263
103369.140625,0.938720703125,256.728515625,0.107177734375,0.304052734375,39653.67269515991,5457.03125,0.19554071035468992,1.0047530689819917,7.788962969318155e-5,356.9904753020257,0.24767711216782437,1.0048348718703042,0.00010692808753491702,281.0749856182887,0.24767711216782437,1.0048348718703042,1.0096109213318145
103442.3828125,1.5902099609375,317.2412109375,0.36359863281250004,0.21081542968750003,19890.95389842987,5830.078125,0.20790260901273502,1.004770372591742,8.761681448923324e-5,369.04299699421296,0.2789195766380183,1.0051281554856453,0.00012524719492008,271.77415173364056,0.2789195766380183,1.0051281554856453,1.0099229912897623
103662.109375,1.939208984375,279.638671875,0.22290039062500003,0.18247070312500002,40021.5220451355,2167.96875,0.2222486844088567,1.0018191812990809,0.00010359749079021393,487.4323959978629,0.31213299752101537,1.0022816125492038,0.00016049628583617517,341.38038118211153,0.31213299752101537,1.0022816125492038,1.004104944515166
103735.3515625,0.5311279296875,379.9951171875,0.26662597656250003,0.31423339843750003,11825.892329216003,2541.015625,0.17690680559776453,1.0053008619467403,6.279315544622719e-5,548.6765512502802,0.20626142951442938,1.005243942772343,7.71930167350773e-5,469.9140880594473,0.20626142951442938,1.005243942772343,1.0105726021357762
103955.078125,0.812744140625,136.533203125,0.190966796875,0.22377929687500003,46346.17757797241,5660.15625,0.16536828615852442,1.0049797581320978,0.00014467148795462763,417.028592962806,0.18145198937111562,1.004968782699238,0.00016487040484127526,380.59757136833315,0.18145198937111562,1.004968782699238,1.009973284167389
104028.3203125,1.6575927734375,203.6865234375,0.3009033203125,0.27937011718750004,8692.120432853699,5033.203125,0.19564835449919601,1.0051758269785687,0.0001162958721201451,398.95242890151286,0.2485788825930584,1.0051979596342764,0.00015839292580804566,310.9045283242551,0.2485788825930584,1.0051979596342764,1.0104006903525538
104248.046875,1.186279296875,333.427734375,0.30668945312500007,0.133837890625,30255.435466766357,9183.59375,0.20464955268771984,1.005084548914078,6.976531037093504e-5,288.42873717754645,0.27050210849750955,1.0050315785558273,9.856438973248768e-5,216.36271366557872,0.27050210849750955,1.0050315785558273,1.0101417107771875
104321.2890625,1.2840576171875,262.4560546875,0.2015869140625,0.3769287109375,33302.964091300964,9556.640625,0.21372336788766613,1.0051187866396163,7.937824105699671e-5,269.4240028090386,0.291921507319675,1.0050394842877455,0.00011760137930830613,195.59035687095502,0.291921507319675,1.0050394842877455,1.0101840669722044
104541.015625,1.565673828125,167.744140625,0.274755859375,0.159912109375,23484.384059906006,6675.78125,0.18677723821188266,1.0050023121303517,0.00012412569715602756,355.2174116826334,0.22817964932042653,1.00500547208048,0.00016119934653093887,289.47863478256653,0.22817964932042653,1.00500547208048,1.0100328231445381
104614.2578125,0.9046630859375,66.2255859375,0.23586425781250003,0.32917480468750004,37388.37516307831,6048.828125,0.1576405195188036,1.0049921262225334,0.0002792430382081699,427.64611089406446,0.16549296659065696,1.004881567913164,0.00029852748563012914,407.65698631205834,0.16549296659065696,1.004881567913164,1.0098980635388837
104833.984375,1.136474609375,296.904296875,0.15375976562500002,0.24692382812500002,31222.388744354248,6386.71875,0.2102897932172772,1.0050419084940347,7.424697481464183e-5,318.93130272536393,0.28271490417551604,1.0049248017446626,0.00010916198393573856,235.3309650351363,0.28271490417551604,1.0049248017446626,1.0099915406384452
104907.2265625,1.4158935546875,368.0419921875,0.3381103515625,0.26618652343750004,28390.71547985077,6759.765625,0.2165102992556719,1.0052235780072005,7.513807287659675e-5,335.82171035112447,0.29983871390969197,1.0051979276124914,0.00011201754639686038,239.87159968068784,0.29983871390969197,1.0051979276124914,1.0104486574000515
105126.953125,1.510009765625,121.923828125,0.110107421875,0.196826171875,38203.28664779663,9878.90625,0.1846825730538141,1.0082352759025885,0.0001436998745761831,286.5604611382999,0.22321085631896287,1.0074360277252783,0.00018475318188894332,236.93350557946,0.22321085631896287,1.0074360277252783,1.0157325413678038
105200.1953125,1.0423583984375,223.6083984375,0.3794189453125001,0.2899169921875,24650.280833244324,9251.953125,0.18200734892015344,1.0051224823972023,9.026401654918646e-5,321.49048708561685,0.2175983640406359,1.0052642077118568,0.0001138948891700545,267.30046713234407,0.2175983640406359,1.0052642077118568,1.0104136559203982
105419.921875,1.883544921875,350.693359375,0.387548828125,0.146728515625,15127.200603485107,5402.34375,0.2147016088284729,1.0028446842992844,9.012383497956748e-5,377.868702472839,0.296147515256428,1.0030593221013966,0.0001324410335163191,271.3141777590121,0.296147515256428,1.0030593221013966,1.0059127092062292
105493.1640625,0.6688232421875,250.5029296875,0.1230712890625,0.3523193359375001,42414.29603099823,5775.390625,0.17913816332031055,1.004877776282858,7.845294457016721e-5,379.1679853599648,0.2108516193149839,1.0048678883295759,9.83841695207728e-5,322.2206202682293,0.2108516193149839,1.0048678883295759,1.0097694090826754
105712.890625,0.762939453125,153.134765625,0.34389648437500003,0.109521484375,7456.483364105225,2894.53125,0.1618262907880951,1.0049641706091097,0.00014354945733362502,555.375818028495,0.17400193246125706,1.0041494448768251,0.00015839660779924018,517.0094924959866,0.17400193246125706,1.0041494448768251,1.0091342140382364
105786.1328125,1.7894287109375,86.1474609375,0.16437988281250002,0.39128417968750007,47442.42179393768,2267.578125,0.17346766693350385,1.0052801922810455,0.0002305969839290027,568.4902287201488,0.19878791626265216,1.0052107665990426,0.00027787181022302334,497.49137439498577,0.19878791626265216,1.0052107665990426,1.0105184727296628
106005.859375,1.364990234375,218.544921875,0.32368164062500004,0.3629394531250001,25142.646312713623,5730.46875,0.1914694333203972,1.005293334448295,0.00010529017475329342,387.9892886540735,0.23891056162291088,1.0052278261812573,0.0001404540811804552,308.0037580679847,0.23891056162291088,1.0052278261812573,1.0105488332619672
106079.1015625,1.0819091796875,106.4013671875,0.20334472656250002,0.11970214843750002,33975.14617443085,5103.515625,0.16440820210410168,1.0049615570636927,0.00018879146593359772,436.72830066229926,0.179443662906807,1.0049521365878356,0.0002130582300690123,400.63217057908236,0.179443662906807,1.0049521365878356,1.009938263959796
106298.828125,0.988525390625,372.939453125,0.28237304687500003,0.34331054687500007,17117.738246917725,2222.65625,0.19639860670933304,1.0054721189394555,7.53163018787122e-5,547.9964604680995,0.24969933544986475,1.0054036018255617,0.00010425844880855295,426.00834228179616,0.24969933544986475,1.0054036018255617,1.0109052899169082
106372.0703125,1.4583740234375,312.5927734375,0.24699707031250004,0.17390136718750002,39340.39008617401,2595.703125,0.2051026321513278,1.0051337548918395,9.308143636194718e-5,487.3372563926908,0.27059479982340806,1.0045749380555764,0.00013303040934367898,364.71292802388723,0.27059479982340806,1.0045749380555764,1.0097321795580385
106591.796875,0.612060546875,102.333984375,0.21997070312500003,0.31899414062500003,45954.30326461792,6746.09375,0.1580171795355314,1.005529663561792,0.00019541289055467696,405.0108315551689,0.16627087191008547,1.0054246604094044,0.00020866937424807852,385.12431131404963,0.16627087191008547,1.0054246604094044,1.0109843205181974
106665.0390625,1.8348388671875,158.8623046875,0.25080566406250004,0.18708496093750002,12885.315775871277,6119.140625,0.19202214391006875,1.0049838677295972,0.0001351975060208148,360.6199831157739,0.23996677297470428,1.0049473165034577,0.00018124091334523171,286.8485529486916,0.23996677297470428,1.0049473165034577,1.0099558410041247
106884.765625,1.741455078125,234.150390625,0.17866210937500002,0.274755859375,51435.067653656006,9238.28125,0.22354104966935012,1.005114425790318,9.656974296337838e-5,261.3410698592179,0.3167152849119402,1.0049443448726745,0.00014885897835701466,183.41828757233054,0.3167152849119402,1.0049443448726745,1.0100840581479256
106958.0078125,0.7054443359375,345.1318359375,0.29445800781250003,0.21901855468750003,10885.804057121277,9611.328125,0.1859707326201223,1.0057192228400216,5.9809825271305594e-5,301.4366441153401,0.2264549282008164,1.0054200622872158,7.717330935110046e-5,246.036074866971,0.2264549282008164,1.0054200622872158,1.0111702836712648
107177.734375,1.663818359375,140.185546875,0.26860351562500007,0.108642578125,40321.21992111206,8824.21875,0.18352401140663324,1.0051970867021278,0.00013745402616073015,313.6464550696176,0.22079366091825303,1.0052237800575572,0.00017551102726040966,259.87439160368723,0.22079366091825303,1.0052237800575572,1.010448015197557
107250.9765625,0.8182373046875,200.6982421875,0.22326660156250003,0.3904052734375001,21010.252833366394,8447.265625,0.17636059152827965,1.0063583749718472,9.761121675451788e-5,332.3807004883367,0.20503397209051813,1.0059858730277134,0.00011920197066422287,285.33816696952846,0.20503397209051813,1.0059858730277134,1.0123823084248047
107470.703125,0.537353515625,273.330078125,0.29995117187500003,0.147607421875,34854.989528656006,7316.40625,0.16796574408642007,1.0052953219237757,7.726861352844526e-5,368.84008769240006,0.18709483859766765,1.0050375730682999,8.874080729296401e-5,330.82995222037823,0.18709483859766765,1.0050375730682999,1.0103595705631867
107543.9453125,1.9447021484375,385.6396484375,0.1895751953125,0.35319824218750007,26010.624766349792,7939.453125,0.2702804191792156,1.005364544276268,8.331957671916254e-5,254.2988746453583,0.43735401518579087,1.0052571117343962,0.00015331892470036025,154.77791344804666,0.43735401518579087,1.0052571117343962,1.0106498580193286
107763.671875,0.910888671875,172.724609375,0.202392578125,0.210009765625,5916.781902313232,3839.84375,0.17097551680265977,1.0050347105371127,0.00012646946790351884,472.959861747346,0.19333703497193072,1.0050382870109313,0.0001499173983500716,418.7142419254275,0.19333703497193072,1.0050382870109313,1.010098363864747
107836.9140625,1.5711669921875,61.9091796875,0.3082275390625,0.3031005859375,52674.31342601776,3462.890625,0.16170013349043108,1.0051002063357926,0.0003096677559277258,523.9614405335146,0.17390169616305975,1.005089035225225,0.0003418067635481092,487.85090476538016,0.17390169616305975,1.005089035225225,1.0102151966907165
108056.640625,1.290283203125,325.791015625,0.23374023437500002,0.23374023437500002,12363.999843597412,4332.03125,0.20786835383875563,1.0051461469920968,8.183445996261818e-5,394.9399269445839,0.27756446963448245,1.0051181414970098,0.00011830588297356224,292.19927250283223,0.27756446963448245,1.0051181414970098,1.0102906271975767
108129.8828125,1.1917724609375,269.4287109375,0.2745361328125,0.25300292968750004,46859.124064445496,4955.078125,0.19286097664368948,1.0051818191194173,9.062074718270377e-5,399.7033770645055,0.24215635141506614,1.005096089286996,0.00012155332065304087,315.58163370716693,0.24215635141506614,1.005096089286996,1.010304315419315
108349.609375,0.837646484375,391.201171875,0.133837890625,0.28090820312500003,20444.770336151123,3042.96875,0.20156798012059593,1.0051662041052833,6.411688702678124e-5,443.32923424510426,0.26124125732651277,1.0051190745933871,9.139299839699413e-5,339.6958436527365,0.26124125732651277,1.0051190745933871,1.0103117248828501
108422.8515625,1.6795654296875,289.6826171875,0.3931884765625,0.22517089843750002,36083.68957042694,3666.015625,0.19798433794313872,1.0040553475240668,0.00010367035058517278,469.7301687521643,0.2551543188254309,1.0036929933281218,0.0001406271319349476,359.14273353655193,0.2551543188254309,1.0036929933281218,1.007763317223538
108642.578125,1.961181640625,194.970703125,0.167529296875,0.312841796875,27264.665126800537,4535.15625,0.2125142483188731,1.0051077717784958,0.00012259135869422373,372.4161055209522,0.28823758093449187,1.0050969170707653,0.00018197938408232793,271.8166052661451,0.28823758093449187,1.0050969170707653,1.0102307227384324
108715.8203125,0.5560302734375,123.9990234375,0.3618408203125001,0.18093261718750003,30814.541697502136,4158.203125,0.1569228553284321,1.0050382503916646,0.00017357033149241504,497.0351557736156,0.16402762072696075,1.0050161481365287,0.00018407173300004167,475.83979169048007,0.16402762072696075,1.0050161481365287,1.010079671138507
108935.546875,1.584716796875,253.740234375,0.33012695312500007,0.326025390625,50411.50236129761,8058.59375,0.20681286255727252,1.0052434323618402,9.5124616340771e-5,318.97993398597146,0.2758252628597792,1.0052214589558421,0.00013576141200328726,236.3155748041009,0.2758252628597792,1.0052214589558421,1.0104922696845475
109008.7890625,0.9324951171875,320.8935546875,0.1406494140625,0.1566162109375,13458.57322216034,8681.640625,0.2042629405469591,1.0047603336654751,6.538307349217332e-5,280.7295640194598,0.26883192638404657,1.0047080394183494,9.281952133568475e-5,212.03866900746647,0.26883192638404657,1.0047080394183494,1.009490784922366
109228.515625,1.214111328125,77.431640625,0.36381835937500007,0.380224609375,44755.746364593506,7550.78125,0.1612802703069144,1.0054356733639467,0.00025212531497937295,384.1141580307983,0.1730188184953662,1.0051069841098967,0.0002763019820649981,358.0774268410321,0.1730188184953662,1.0051069841098967,1.0105704173713397
109301.7578125,1.3031005859375,177.7880859375,0.10930175781250001,0.1369873046875,17826.027750968933,7173.828125,0.19224982531898321,1.004671568004244,0.00010821562018360492,319.71199634259335,0.24046620707957614,1.0046265508004653,0.00014512167339743098,255.02662042364165,0.24046620707957614,1.0046265508004653,1.0093197320513987
109521.484375,0.738037109375,68.466796875,0.28969726562500003,0.20473632812500003,18639.258861541748,5011.71875,0.15534844010018978,1.005026819341021,0.00028822239533781693,465.2615701142524,0.1608127516626391,1.0049859980343823,0.0003016983942806199,449.7228154552478,0.1608127516626391,1.0049859980343823,1.0100378810867567
109594.7265625,1.7674560546875,171.4794921875,0.18342285156250002,0.29899902343750007,40430.26626110077,5634.765625,0.1993960369861327,1.005048223825705,0.00012718400761096228,358.3307608450772,0.25711601062455186,1.0050494720039633,0.00017693238906500946,275.8824691493513,0.25711601062455186,1.0050494720039633,1.010123186694546
109814.453125,1.861572265625,265.361328125,0.25541992187500007,0.23901367187500003,23357.76662826538,2503.90625,0.21082040385317882,1.0028077302043081,0.00011067949980339892,491.05295153973873,0.28559548492332326,1.002648271199838,0.00016058212380624077,356.79145351617876,0.28559548492332326,1.002648271199838,1.005463437035183
110107.421875,1.485107421875,207.255859375,0.24223632812500004,0.10454101562500001,53641.33024215698,6027.34375,0.19168749009842348,1.0050125824715872,0.00011055710998249401,360.21563096873194,0.23933772372258255,1.0049900715178381,0.0001474937276159411,286.7481331549025,0.23933772372258255,1.0049900715178381,1.0100276671344477
110180.6640625,1.0203857421875,138.9404296875,0.28713378906250003,0.3851318359375,8861.882090568542,6650.390625,0.16925110069942073,1.0050423660274228,0.00014831278496313605,388.55574865705705,0.18973452274607547,1.0050311787144528,0.00017321163581536972,346.4222049427709,0.18973452274607547,1.0050311787144528,1.0100989137865033
110400.390625,1.114501953125,381.572265625,0.20795898437500002,0.15170898437500002,48664.8268699646,9519.53125,0.21725957189615402,1.0050255570067348,6.371927623207282e-5,264.028843004149,0.3015046370299411,1.004996174219424,9.532893196551372e-5,189.18875583089556,0.3015046370299411,1.004996174219424,1.0100468397845141
110473.6328125,1.3909912109375,282.7099609375,0.3190673828125,0.35847167968750004,16423.577189445496,9142.578125,0.20853209367040887,1.0052816305898566,8.403353566019698e-5,298.6420853346669,0.28001959990389796,1.0052668146593309,0.00012093737486763362,219.88988008479606,0.28001959990389796,1.0052668146593309,1.0105762626186034
110693.359375,1.763427734375,319.482421875,0.15961914062500002,0.33012695312500007,38133.24689865112,6855.46875,0.24433994098290776,1.0051682082445692,8.754963783059387e-5,283.32620107755156,0.36970593847123406,1.005107508711125,0.00014711297220024674,186.4764076472566,0.36970593847123406,1.005107508711125,1.0103021136243242
110766.6015625,0.7303466796875,260.4638671875,0.34865722656250003,0.1618896484375,22943.285822868347,6478.515625,0.17111263607136779,1.0050538921611563,8.767911833921431e-5,389.08391014761867,0.19374234939788149,1.0050363460404126,0.00010339882031597391,342.9981188476871,0.19374234939788149,1.0050363460404126,1.0101156913513434
110986.328125,0.636962890625,187.001953125,0.127685546875,0.3761230468750001,33659.669399261475,9347.65625,0.1688403642442333,1.007696089006298,0.00010778967760612912,323.7767568099861,0.1888666266806131,1.005540167645599,0.00012471313773878726,288.92528049268174,0.1888666266806131,1.005540167645599,1.0132788942752073
111059.5703125,1.8568115234375,73.5302734375,0.3829345703125,0.1317138671875,30959.46967601776,9970.703125,0.16393382408567866,1.0066347052808258,0.0002666010255525133,330.14611436543294,0.17853986501409505,1.0063248100340103,0.00029734061423985364,302.9696679537983,0.17853986501409505,1.0063248100340103,1.013001478565369
111279.296875,1.010498046875,288.271484375,0.3746582031250001,0.28618164062500007,11241.626262664795,5871.09375,0.18396921995738846,1.0052220400788863,8.593866258140785e-5,397.0833733929229,0.22209008762162136,1.0051216701505716,0.0001094985337851113,326.3204291152736,0.22209008762162136,1.0051216701505716,1.010370455796255
111352.5390625,1.4832763671875,397.9248046875,0.1148681640625,0.22927246093750003,51106.46140575409,5494.140625,0.24891215441935535,1.0050850748866296,7.363565795924129e-5,294.9532217651763,0.3805392021459627,1.0050069646677484,0.00012654931428442097,192.9947182750883,0.3805392021459627,1.0050069646677484,1.0101175003446683
111572.265625,1.389892578125,133.212890625,0.34272460937500004,0.30756835937500004,14127.78615951538,2363.28125,0.17126642380524507,1.005248492898626,0.0001765490808616463,582.8285928011954,0.19409635368731037,1.0052071510109366,0.00020915492240746827,514.2128068532282,0.19409635368731037,1.0052071510109366,1.0104829736046657
111645.5078125,1.1038818359375,191.0693359375,0.14914550781250002,0.17683105468750002,44974.25925731659,2986.328125,0.1794100862231076,1.0050339441324754,0.0001211898939683076,491.23231177597575,0.21139454197940072,1.0050014171394996,0.00015251870997882395,417.35317743132185,0.21139454197940072,1.0050014171394996,1.0100605381264385
111865.234375,1.265380859375,241.123046875,0.10454101562500001,0.14145507812500002,28209.128856658936,3699.21875,0.1992684133634831,1.0048570982770346,9.733438937313847e-5,407.2813620567441,0.25580372324287215,1.004943610718513,0.00013701310366164623,316.07145334155894,0.25580372324287215,1.004943610718513,1.0098247205986508
111938.4765625,1.1697998046875,354.7607421875,0.36857910156250007,0.34821777343750004,31832.411646842957,3072.265625,0.19515666824665828,1.0052673209014276,8.473138935839204e-5,507.0762656074665,0.24736943070083683,1.0053115968256525,0.00011568595020895383,394.00910791750164,0.24736943070083683,1.0053115968256525,1.0106068956120597
112158.203125,0.888916015625,87.392578125,0.145263671875,0.11479492187500001,22813.21096420288,4191.40625,0.15917092635142627,1.0049562473008333,0.0002359411970254588,482.2703143987076,0.168628144369976,1.0049398407822658,0.00025511480645649563,455.7862794891769,0.168628144369976,1.0049398407822658,1.0099205711556427
112231.4453125,1.5462646484375,146.5771484375,0.32551269531250004,0.3953857421875,38583.760142326355,4564.453125,0.17881987444026506,1.0052677163839794,0.000158541742566844,446.0386397205293,0.21054395741218046,1.0052123299805118,0.0001967323899637764,377.40215779156307,0.21054395741218046,1.0052123299805118,1.0105075034405282
112451.171875,0.512451171875,358.662109375,0.3570800781250001,0.24282226562500003,45577.42643356323,8714.84375,0.17255571720008464,1.005454675730866,6.09955197682076e-5,338.5420193966267,0.1968988798992514,1.005338233331522,7.244836735767254e-5,295.73035783381476,0.1968988798992514,1.005338233331522,1.010822027394187
112524.4140625,1.9227294921875,300.9716796875,0.1722900390625,0.26091308593750007,18190.85395336151,8087.890625,0.24347578005733653,1.0051073449620958,9.347070611627763e-5,264.7774932910525,0.3684830603945801,1.0050869918907983,0.00015557008806119316,174.1519711030687,0.3684830603945801,1.0050869918907983,1.0102203178752998
112744.140625,1.641845703125,224.853515625,0.397802734375,0.200927734375,51258.71419906616,7207.03125,0.1898205719856454,1.0050657075851495,0.00011242879743498603,357.99144621631467,0.23579557525872682,1.0051510514221718,0.00014693911514915314,285.41308595770465,0.23579557525872682,1.0051510514221718,1.010242852727582
112817.3828125,0.7933349609375,115.3662109375,0.12922363281250002,0.29519042968750003,11859.734416007996,7580.078125,0.16267873859048682,1.0060350531401026,0.0001774024113424824,370.7645155305629,0.17591848095331886,1.0057893704062701,0.00019646126564390118,343.027187456424,0.17591848095331886,1.0057893704062701,1.0118593627044223
113037.109375,1.236083984375,162.763671875,0.269775390625,0.323095703125,37564.857006073,8417.96875,0.17976361578176053,1.0050863702021247,0.0001233572356377986,331.5510866287671,0.21237207454166185,1.0049426154837173,0.0001545666360077777,279.6486406964473,0.21237207454166185,1.0049426154837173,1.010054125657959
113110.3515625,1.3280029296875,93.1201171875,0.23850097656250002,0.19235839843750002,28230.189204216003,8791.015625,0.16550494697096113,1.0060859375606859,0.0002144463556566328,343.5871227395316,0.18182489391804374,1.0060063290594414,0.0002424851759073289,312.7546392912841,0.18182489391804374,1.0060063290594414,1.012128820763752
113330.078125,1.609619140625,338.408203125,0.312841796875,0.27065429687500003,43119.37093734741,7910.15625,0.22041866619880776,1.0052055989638793,8.394759907460851e-5,309.0511025030007,0.3099466258629774,1.0051907743809374,0.00012708242921360112,217.95342151771143,0.3099466258629774,1.0051907743809374,1.0104233944345558
113403.3203125,0.9544677734375,235.5615234375,0.19777832031250003,0.21374511718750003,21942.2425031662,7283.203125,0.18436442836008318,1.0049553703352163,8.956050532628168e-5,338.968521129456,0.22261420499023016,1.004930329213365,0.00011516687140595095,279.78252202095143,0.22261420499023016,1.004930329213365,1.009910131155708
113623.046875,1.983154296875,110.302734375,0.184814453125,0.36821289062500007,11278.689861297607,3433.59375,0.18121558167640117,1.0051823243113054,0.00020131446301051506,473.6433367513555,0.21549999853152144,1.005174011599749,0.00025595353797816403,398.1418098464958,0.21549999853152144,1.005174011599749,1.0103831493171547
113696.2890625,0.5809326171875,209.3310546875,0.30471191406250003,0.1238037109375,48288.46824169159,3806.640625,0.1624478616553123,1.0050306289722886,0.00011315122848752678,496.2758975443765,0.1754180405669656,1.004939115243204,0.00012560517387017484,459.8948046097508,0.1754180405669656,1.004939115243204,1.0099945910717323
113916.015625,0.862548828125,305.869140625,0.22788085937500002,0.33803710937500003,6221.505641937256,4925.78125,0.18744369078871287,1.0051846913516256,7.851093270671295e-5,403.92798495182114,0.22955180949136045,1.0050654279736757,0.00010282963666598889,327.828842113373,0.22955180949136045,1.0050654279736757,1.0102763820059086
113989.2578125,1.7015380859375,374.3505859375,0.26398925781250004,0.1697998046875,54820.41251659393,4298.828125,0.22478122258761327,1.0034486031700873,8.63718280806097e-5,382.5627975450505,0.3205973278588316,1.0036743422873744,0.0001336539406919673,266.3565043801528,0.3205973278588316,1.0036743422873744,1.007135616805922
114208.984375,1.839599609375,180.029296875,0.35063476562500007,0.25629882812500004,47612.708568573,4136.71875,0.186021959594618,1.0050952134411233,0.0001465027396892819,454.369571326901,0.2265277681315491,1.0052038240642303,0.00018989767946920642,370.2131059162776,0.2265277681315491,1.0052038240642303,1.0103255520996708
114282.2265625,0.6190185546875,81.1669921875,0.15998535156250002,0.23806152343750003,11332.823634147644,4509.765625,0.15596066329078787,1.0050009717184232,0.00025480770212318437,479.59409320867496,0.16206476071667542,1.0050154273228056,0.00026812977450549384,461.8412325896967,0.16206476071667542,1.0050154273228056,1.010041481051426
114501.953125,0.713134765625,323.798828125,0.3819824218750001,0.29995117187500003,54292.33694076538,3628.90625,0.17452915394785903,1.0051534368814423,8.155367789879833e-5,497.56153077991456,0.20117803402706658,1.0052206442371754,9.85045843532558e-5,430.0909886416161,0.20117803402706658,1.0052206442371754,1.0104009853791744
114794.921875,1.086669921875,127.568359375,0.115673828125,0.36235351562500007,28472.171306610107,7152.34375,0.17182438466386782,1.0055554987971131,0.00015505881581279142,360.2218860731372,0.1952002362421027,1.005143728569369,0.00018409960765990616,317.22719093609436,0.1952002362421027,1.005143728569369,1.0107278033443619
114868.1640625,1.3719482421875,197.3779296875,0.3761962890625,0.1554443359375,38657.39905834198,7525.390625,0.17916589495033033,1.0050638500307056,0.00011908461345742486,357.46686328746483,0.21147071581933732,1.0049674852030943,0.00014693370884976605,301.30973894892674,0.21147071581933732,1.0049674852030943,1.0100564898338982
115087.890625,1.466064453125,291.259765625,0.147021484375,0.38139648437500007,23806.214809417725,8644.53125,0.22615113046657825,1.0045324307919015,8.427081913044052e-5,269.24344605630677,0.32346054046127337,1.004950314006589,0.00013130564842613512,187.3902567755269,0.32346054046127337,1.004950314006589,1.0095051817541234
115161.1328125,0.9925537109375,394.2724609375,0.3425048828125,0.1006591796875,44500.10001659393,8017.578125,0.19336437433324738,1.0050688848593639,6.611799123218015e-5,326.4971617531253,0.24413466067288064,1.0050134997649967,8.782864168996185e-5,256.3195293521043,0.24413466067288064,1.0050134997649967,1.0101077974774118
115380.859375,0.661865234375,271.669921875,0.18305664062500002,0.128564453125,17519.538402557373,7980.46875,0.17593227431545108,1.005452524398248,7.807843733452095e-5,335.1853874261186,0.20409740499517337,1.0052918809299347,9.503887635203816e-5,288.4933046988518,0.20409740499517337,1.0052918809299347,1.0107732594380658
115454.1015625,1.8787841796875,329.5263671875,0.2877197265625,0.3728271484375001,45564.10491466522,7353.515625,0.23452366768210683,1.0053941443532273,9.241302177423778e-5,311.45640222111723,0.34605421821924015,1.0053555010223956,0.00014831470031467087,209.31354834481434,0.34605421821924015,1.0053555010223956,1.0107785337212214
115673.828125,1.785400390625,64.814453125,0.21674804687500002,0.16518554687500003,12112.306118011475,8472.65625,0.16408204275740498,1.006088115405665,0.0002971355644376554,351.8408313300769,0.17882885746467592,1.0057230971786058,0.00033257755249043364,322.92575008422705,0.17882885746467592,1.0057230971786058,1.0118460554603719
115747.0703125,0.7552490234375,174.4677734375,0.25637207031250003,0.33327636718750003,52116.116404533386,8845.703125,0.1675365296993455,1.0063271912806366,0.00012224393531727907,340.96750491850446,0.18613565610762697,1.006019196442538,0.00014021177183913512,306.6366854769024,0.18613565610762697,1.006019196442538,1.0123844723304223
115966.796875,1.408935546875,389.208984375,0.28559570312500004,0.17836914062500003,34723.83451461792,4996.09375,0.21275938041210096,1.005090584777231,7.947960376671481e-5,376.6554021503575,0.29058540291892654,1.0051489596418948,0.00011661216789462103,273.3485664654226,0.29058540291892654,1.0051489596418948,1.0102657556346972
116040.0390625,1.1317138671875,275.7373046875,0.24143066406250002,0.3089599609375,30500.367045402527,4369.140625,0.19147404723060515,1.005182178998592,9.304600609349576e-5,420.5008707877805,0.23863809717992523,1.0051746288032337,0.00012486362364204741,334.66131723556583,0.23863809717992523,1.0051746288032337,1.0103836236545354
116259.765625,1.038330078125,202.275390625,0.31928710937500004,0.22788085937500002,40280.648708343506,3488.28125,0.17267005840769936,1.0051293386522229,0.0001253605786569167,498.56354500665327,0.19710370914889813,1.0050784240257353,0.00014960656981993068,436.12118171817474,0.19710370914889813,1.0050784240257353,1.0102338116346057
116333.0078125,1.5023193359375,143.2568359375,0.21008300781250003,0.2846435546875,24106.446146965027,3861.328125,0.17829910720857126,1.005108128351281,0.00016294775602304463,459.0646445050632,0.20921598674705755,1.005061064518324,0.00020235193058012452,390.74796226770366,0.20921598674705755,1.005061064518324,1.0101950454367588
116552.734375,0.960693359375,342.060546875,0.24047851562500003,0.399267578125,53951.83515548706,2574.21875,0.1925441767659593,1.0054136687137434,8.20507694128446e-5,516.6265211281861,0.24091875570911203,1.0053938956879558,0.00011134583886914895,409.2085615402233,0.24091875570911203,1.0053938956879558,1.0108367651660302
116625.9765625,1.6151123046875,232.5732421875,0.2701416015625,0.1185302734375,9033.629298210144,2197.265625,0.18938368969436173,1.0050243186684398,0.0001250045841273377,545.0559272598935,0.23370201467339388,1.005127238985114,0.00016617702225499515,438.9103026459923,0.23370201467339388,1.005127238985114,1.0101773185361043
116845.703125,1.334228515625,156.455078125,0.196826171875,0.34448242187500006,48392.465114593506,5066.40625,0.1798107368631128,1.0050612223881628,0.00014249499701837623,408.74749043854405,0.21239599918576135,1.0049069396379982,0.00017940306690929312,345.4793488228411,0.21239599918576135,1.0049069396379982,1.009992997138914
116918.9453125,1.2415771484375,98.7646484375,0.31145019531250007,0.1375732421875,18250.676035881042,5689.453125,0.16236511479162954,1.004955889110292,0.0002245907726576831,426.2475267896466,0.17521943507141502,1.0049326168603796,0.00024939197156190434,395.18016774916197,0.17521943507141502,1.0049326168603796,1.0099129514728553
117138.671875,1.707763671875,310.849609375,0.305517578125,0.29438476562500004,25398.166179656982,9589.84375,0.22135621591988727,1.0052651678767388,8.93040876724308e-5,283.21819326013826,0.31274846975579274,1.005185181090512,0.00013525331991719305,198.8856681499245,0.31274846975579274,1.005185181090512,1.0104776498161636
117211.9140625,0.8680419921875,370.0341796875,0.18635253906250002,0.19997558593750003,40409.146189689636,9212.890625,0.20152893503156447,1.0049360840608776,6.170904814235748e-5,284.25481438158715,0.2627512700333922,1.0049334903249887,8.619292782413864e-5,216.42440081216628,0.2627512700333922,1.0049334903249887,1.009893926508824
117431.640625,0.587158203125,102.666015625,0.26186523437500003,0.26186523437500003,29392.014980316162,6082.03125,0.15659560038826043,1.005020917047516,0.00021349939709844844,425.50619852521277,0.1633579871453125,1.0050013102222066,0.00022611512123813597,408.1307627202019,0.1633579871453125,1.0050013102222066,1.0100473384334772
117504.8828125,1.9886474609375,216.3037109375,0.22766113281250003,0.24362792968750002,33224.32792186737,6705.078125,0.2118963897862096,1.0048632380932854,0.00011790367716842833,326.46632609574016,0.2877718385395007,1.005114285039253,0.00017325110943269665,238.2270529280937,0.2877718385395007,1.005114285039253,1.0100023951183612
117724.609375,1.540771484375,83.076171875,0.36821289062500007,0.21528320312500002,12221.625804901123,9292.96875,0.16334402474534607,1.0058220777973121,0.0002504430485700759,344.16296233743793,0.17732332931513745,1.0055944507424506,0.00027838984766463,316.86618709561486,0.17732332931513745,1.0055944507424506,1.0114490998672185
117797.8515625,0.8826904296875,151.5576171875,0.1025634765625,0.27204589843750004,58169.44396495819,9916.015625,0.17069238817883348,1.0077296404047318,0.00013476558196129625,310.8055772122462,0.1928493005788167,1.0069596111886812,0.00015780490899093078,275.01646315815157,0.1928493005788167,1.0069596111886812,1.0147430468852583
118017.578125,1.164306640625,248.095703125,0.326904296875,0.190966796875,15939.591884613037,6785.15625,0.1834352909306786,1.0050999244821734,9.896930923121261e-5,365.9354981106635,0.2209555616367749,1.0050560574130036,0.0001254583653959429,301.83106676667194,0.2209555616367749,1.0050560574130036,1.0101817674061608
118090.8203125,1.2591552734375,347.1240234375,0.14621582031250002,0.32155761718750003,52452.908396720886,6408.203125,0.22149953043052453,1.0051317593050315,7.554212943981985e-5,311.90933610677484,0.3110726938903954,1.004995012307486,0.00011625749145279482,220.67658615265026,0.3110726938903954,1.004995012307486,1.0101524048134052
118310.546875,0.787841796875,221.865234375,0.17075195312500002,0.16665039062500003,41751.52921676636,2308.59375,0.1718084658414328,1.0051174517751322,0.00011064988100198698,556.1783858217146,0.19516829950137002,1.0050752898617175,0.00013153544187610567,490.26314438603714,0.19516829950137002,1.0050752898617175,1.010218714187962
118383.7890625,1.6356201171875,119.0185546875,0.35627441406250004,0.33474121093750003,17587.326884269714,2931.640625,0.17129275881617448,1.0052861252808905,0.0002054301607520249,541.8788990689304,0.19416876580645426,1.0052718352466454,0.0002432775819764704,477.5775844574162,0.19416876580645426,1.0052718352466454,1.0105858281091098
118603.515625,1.917236328125,364.306640625,0.129443359375,0.127099609375,36391.427516937256,5800.78125,0.2540380996651453,1.0050745343414227,8.967506002331371e-5,288.2590898744373,0.39555904961352006,1.0050200482523093,0.0001557617365456451,184.9426693289336,0.39555904961352006,1.0050200482523093,1.0101200570009838
118676.7578125,0.5062255859375,294.6630859375,0.3999267578125001,0.3713623046875001,25944.527506828308,5423.828125,0.1664019394458927,1.0045391930405205,8.353228475104323e-5,435.58640905309414,0.18390337636622178,1.0051261099477917,9.523628552601025e-5,393.4806893498748,0.18390337636622178,1.0051261099477917,1.0096885713909123
118896.484375,0.972412109375,227.841796875,0.111572265625,0.120361328125,49183.6314201355,6761.71875,0.18561836211111493,1.0047247940721504,9.379137452657345e-5,340.27584372280774,0.22546751329985348,1.004768845862419,0.00012118173442710269,279.47153423810266,0.22546751329985348,1.004768845862419,1.0095161717492314
118969.7265625,1.4393310546875,118.3544921875,0.38029785156250007,0.3646240234375,19076.414942741394,6384.765625,0.16935905167168164,1.0051284569563952,0.0001909348432303627,403.5029122013671,0.18996117582790709,1.0051150245281204,0.00022367394452299383,359.1780973344565,0.18996117582790709,1.0051150245281204,1.010269713667639
119189.453125,1.345947265625,360.986328125,0.15229492187500002,0.173388671875,56030.55715560913,9253.90625,0.2282044781973215,1.0049963026437365,7.37419376070507e-5,257.57037579440544,0.3294603937511811,1.0048918224954426,0.00011536414837528873,177.69737289273144,0.3294603937511811,1.0048918224954426,1.0099125661648458
119482.421875,1.719482421875,90.380859375,0.34536132812500003,0.18891601562500002,29518.283367156982,5777.34375,0.1656371931477152,1.0050157398910846,0.0002485199424316236,421.0439860820404,0.1820698040178866,1.0050266159394232,0.0002828596526292053,382.99127315993286,0.1820698040178866,1.0050266159394232,1.0100675680285924
119555.6640625,0.6922607421875,149.5654296875,0.16525878906250002,0.31950683593750007,33372.38013744354,5400.390625,0.16338411988216806,1.0049635166828057,0.00015052265612271976,428.0966590214177,0.17736671811675525,1.0049890753321975,0.00016876095436529204,394.8012417553616,0.17736671811675525,1.0049890753321975,1.0099773553736464
119775.390625,0.598876953125,243.447265625,0.386083984375,0.217333984375,21034.8219871521,2269.53125,0.16421784061085698,1.0051550177832866,0.00010476885287121976,599.1574840717944,0.17917760336269295,1.005166665005643,0.0001176269906268404,549.3404257125843,0.17917760336269295,1.005166665005643,1.010348317038914
119848.6328125,1.8128662109375,357.0849609375,0.12219238281250001,0.27409667968750007,38634.880900382996,2892.578125,0.2439842015138381,1.005200090017071,9.313513649155314e-5,391.6486177347566,0.36757352476009414,1.0047566576068614,0.00015780781596649976,260.91542222231107,0.36757352476009414,1.0047566576068614,1.0099814826716684
120068.359375,1.529052734375,308.857421875,0.281494140625,0.264501953125,14787.726879119873,5105.46875,0.2070084664860817,1.005233124163561,9.487822455924646e-5,383.7511453369562,0.27648100414329196,1.005153934866789,0.00013555198986818826,284.22495345655324,0.27648100414329196,1.005153934866789,1.0104140302114388
120141.6015625,1.0584716796875,377.3388671875,0.24553222656250004,0.24626464843750004,52893.26751232147,5728.515625,0.20212737810841758,1.0049312812184543,7.231795402542575e-5,362.8961632182959,0.2644890373216374,1.0051115893372056,0.00010111612862338061,274.40582167276506,0.2644890373216374,1.0051115893372056,1.010068077240155
120361.328125,1.152587890625,112.626953125,0.324560546875,0.291748046875,5943.543910980225,2597.65625,0.16428354782538582,1.0052110485023467,0.00020804515521333033,570.4106948385978,0.17931278960312816,1.0050767332368435,0.0002340457928231979,522.99400806373,0.17931278960312816,1.0050767332368435,1.0103142368423208
120434.5703125,1.4349365234375,211.6552734375,0.20480957031250002,0.19733886718750002,59750.027537345886,2220.703125,0.1864448843720433,1.0052019960038974,0.00012912376346291008,538.4923453266616,0.22713457949026836,1.005113700247726,0.00016888597411715916,440.6280812093305,0.22713457949026836,1.005113700247726,1.010342297699877
120654.296875,0.776123046875,341.396484375,0.177783203125,0.351806640625,37379.565715789795,6121.09375,0.19006895724228481,1.0051130377140447,6.973488003013185e-5,359.91040111969147,0.23567669536944028,1.0045644335799473,9.22812693378283e-5,288.2135775414296,0.23567669536944028,1.0045644335799473,1.0097008094150295
120727.5390625,1.8114013671875,238.5498046875,0.29299316406250003,0.1448974609375,26995.49949169159,6744.140625,0.2007701347017432,1.0051189197797579,0.00011323909446345013,344.1499654925566,0.26164579201182625,1.0050284988113198,0.00015630651505439078,261.74253420609006,0.26164579201182625,1.0050284988113198,1.0101731590731056
120947.265625,1.905517578125,165.087890625,0.22084960937500003,0.391943359375,44654.27541732788,9613.28125,0.20156381103980983,1.0051086669178058,0.00013144938850968022,289.3305264503767,0.2629668353440836,1.00496311881247,0.00018339899162873007,219.81800850294465,0.2629668353440836,1.00496311881247,1.010097140651162
121020.5078125,0.6820068359375,95.4443359375,0.25227050781250004,0.1112060546875,22743.30222606659,9236.328125,0.1564951227036885,1.0049690792235608,0.0002309938931755985,351.7950355419708,0.16314668080082959,1.0061185139808966,0.00024327916563636872,337.72614031727636,0.16314668080082959,1.0061185139808966,1.0111179965851589
121240.234375,1.968505859375,379.248046875,0.30141601562500003,0.22583007812500003,57384.910106658936,8449.21875,0.236163311476624,1.005283119633255,9.006188694599265e-5,291.8167582409642,0.35159439617725113,1.00521270869597,0.00014416399902196327,194.3464222341284,0.35159439617725113,1.00521270869597,1.010523367692879
121313.4765625,0.5604248046875,280.3857421875,0.19045410156250003,0.2825927734375,9467.665553092957,8822.265625,0.17217402940052717,1.0061277084100564,7.863977965667709e-5,329.77999998962315,0.19620428244737825,1.0059178679668601,9.263362162710086e-5,288.8655519017255,0.19620428244737825,1.0059178679668601,1.0120818393462265
121533.203125,0.842041015625,204.267578125,0.26713867187500007,0.180419921875,51661.47756576538,7941.40625,0.17094928648308028,1.0048392293078918,0.00010941735659906561,351.655558270723,0.19305784005275353,1.00479158040744,0.00013078254225596961,311.213988803827,0.19305784005275353,1.00479158040744,1.0096539972716707
121606.4453125,1.6868896484375,135.9521484375,0.22238769531250002,0.3110107421875,14196.431040763855,7314.453125,0.1830104683860022,1.0049953570070753,0.00015770467305986248,347.4240901207047,0.21966844392664805,1.0049897069567117,0.00020105346708923486,288.2741787401832,0.21966844392664805,1.0049897069567117,1.0100099893313965
121826.171875,1.215576171875,263.037109375,0.23520507812500002,0.158447265625,21108.859539031982,3464.84375,0.18678480201716965,1.005016605296751,0.00010500800871725905,461.9924023752014,0.22795430107344605,1.0051138671641369,0.00013743818680731965,376.447421173484,0.22795430107344605,1.0051138671641369,1.0101561267139905
121899.4140625,1.3133544921875,332.8466796875,0.27541503906250003,0.3265380859375,46155.850291252136,3837.890625,0.2018584497732866,1.005279202544312,9.067139175702738e-5,438.1725307813652,0.2636677280027115,1.0052276862810796,0.00012704692692327914,331.2058594436171,0.2636677280027115,1.0052276862810796,1.0105344868401076
122119.140625,1.594970703125,65.478515625,0.200927734375,0.135302734375,28926.621913909912,4957.03125,0.1613377471186627,1.004948538798945,0.000323906577817331,448.5389646577098,0.17309316205602132,1.0049586361305278,0.0003571437400381569,418.52536786732657,0.17309316205602132,1.0049586361305278,1.0099317129327545
122192.3828125,0.9339599609375,168.4912109375,0.3073486328125,0.37956542968750007,39462.42606639862,4330.078125,0.16842641645886483,1.0051928192574124,0.00014563163045557163,468.1230947515456,0.18802014698508507,1.0051385629122078,0.00016963590232799939,419.254145279367,0.18802014698508507,1.0051385629122078,1.0103580657980662
122412.109375,0.532958984375,130.888671875,0.16665039062500003,0.38872070312500007,7966.468334197998,3667.96875,0.1590804914492721,1.0050825309249098,0.00017557905882737744,508.7770527426888,0.1684882868763296,1.0049970070907763,0.0001893955144825418,480.97872295920735,0.1684882868763296,1.0049970070907763,1.010104935458757
122485.3515625,1.9373779296875,188.7451171875,0.3603759765625001,0.1079833984375,54010.0964307785,3041.015625,0.1815441847297389,1.005084849185297,0.00015785447714207327,513.5182747330637,0.21645861448777762,1.0050867433566684,0.00019937570542269002,428.1655404279425,0.21645861448777762,1.0050867433566684,1.0101974578647783
122705.078125,1.656494140625,285.283203125,0.13471679687500002,0.35502929687500007,15079.209804534912,4160.15625,0.2222819727457507,1.0051201265201273,9.962158646207443e-5,371.44701411671133,0.31251944656262254,1.0051464747520307,0.00015469274051428574,262.58337598397054,0.31251944656262254,1.0051464747520307,1.010292951874021
122778.3203125,0.8138427734375,394.9365234375,0.3946533203125,0.1481201171875,48049.6643781662,4533.203125,0.1781379518819166,1.005082349044047,7.44924228984849e-5,449.21116150871075,0.20913013680580517,1.0050374076567612,9.17274898255904e-5,380.1905930246773,0.20913013680580517,1.0050374076567612,1.010145358564797
122998.046875,1.280029296875,184.677734375,0.3629394531250001,0.302587890625,44504.21476364136,8683.59375,0.17821888832430688,1.005145678511982,0.00012469632179990027,339.7088631774171,0.20931133775830427,1.0051182090597286,0.0001534926838859655,287.71723306592617,0.20931133775830427,1.0051182090597286,1.010290224230089
123071.2890625,1.1903076171875,71.2060546875,0.10783691406250001,0.2081787109375,27837.082743644714,8056.640625,0.16049609152984445,1.005714603208325,0.00029055566594368514,365.7586366799727,0.17136936448892864,1.005487731507252,0.00031634264111372824,342.71599856368573,0.17136936448892864,1.005487731507252,1.0112336949236547
123291.015625,0.909423828125,316.494140625,0.33100585937500004,0.253662109375,37469.247341156006,7175.78125,0.18356359610252285,1.0050645751543532,8.021251402995423e-5,360.03400003579793,0.22125429181726897,1.005110525728189,0.00010179673616198933,296.4579857306567,0.22125429181726897,1.005110525728189,1.0102009835241708
123364.2578125,1.5609130859375,257.4755859375,0.1421142578125,0.23542480468750002,34073.61686229706,7548.828125,0.21442983861318446,1.0050148205545155,9.763442403308147e-5,297.1852672213573,0.2941034420360608,1.0048835488170753,0.00014485578421449802,215.38772669301107,0.2941034420360608,1.0048835488170753,1.0099228594925778
123583.984375,1.417724609375,105.654296875,0.24750976562500002,0.340673828125,26864.112377166748,7886.71875,0.16934912144184944,1.004990445775504,0.0001998720703156287,358.2319890350738,0.18989650492153465,1.0049964138929464,0.00023422345465483926,319.328742155638,0.18989650492153465,1.0049964138929464,1.010011794001055
123657.2265625,1.1346435546875,219.2919921875,0.2818603515625,0.17243652343750002,43323.69887828827,7259.765625,0.17965048473859502,1.005043617904053,0.00010953366833100552,356.0588044207028,0.21238905838434485,1.005017439157146,0.0001361473156862776,299.8609467489207,0.21238905838434485,1.005017439157146,1.0100863631071644
123876.953125,1.041259765625,313.173828125,0.20385742187500003,0.365576171875,33877.23684310913,8378.90625,0.200630237289007,1.005146580767843,7.664770938338163e-5,307.30130300089223,0.2607460879202918,1.0050478159154024,0.000106495009625029,234.32848713699673,0.2607460879202918,1.0050478159154024,1.0102203756755552
123950.1953125,1.5111083984375,372.3583984375,0.32316894531250007,0.12116699218750002,37637.463450431824,8751.953125,0.21068570139130233,1.0051172753924764,8.134245779515478e-5,302.76856947439586,0.2864201957946644,1.0049827147131363,0.0001171657858557956,221.4818991928327,0.2864201957946644,1.0049827147131363,1.010125488029002
124169.921875,0.664794921875,159.443359375,0.293798828125,0.27797851562500003,55970.21818161011,4902.34375,0.1614266209041227,1.0050445472700031,0.00015237774772651464,454.73621589904565,0.17332160008844558,1.0050270468134992,0.00016791194463507098,423.7775062360361,0.17332160008844558,1.0050270468134992,1.0100969532587816
124243.1640625,1.8875732421875,101.7529296875,0.1793212890625,0.22106933593750003,9627.85804271698,4275.390625,0.17412420553027524,1.0049872147502972,0.00022542230470893741,445.19006989150506,0.19995943126131802,1.0049783823571166,0.00027447961806424497,387.8828714808701,0.19995943126131802,1.0049783823571166,1.0099904253693377
124462.890625,1.794189453125,344.384765625,0.25014648437500003,0.315771484375,49217.225551605225,3394.53125,0.22433170401184513,1.0024485916582715,9.709009120824132e-5,428.715432499648,0.3190515338683599,1.0028741520879403,0.00015095043194700923,298.8481083285256,0.3190515338683599,1.0028741520879403,1.005329781371039
124536.1328125,0.7581787109375,234.8974609375,0.2206298828125,0.18503417968750002,15750.466227531433,3767.578125,0.17035728025390487,1.0050775918216017,0.00010873713376654766,476.02503662348903,0.1918890866292112,1.0051381849934717,0.00012970830727627682,422.79909595636116,0.1918890866292112,1.0051381849934717,1.010241866421174
124755.859375,1.083740234375,367.294921875,0.37993164062500007,0.19418945312500002,46279.48713302612,4230.46875,0.1859660150661449,1.005153492734967,8.497907036156765e-5,453.7854265445984,0.22686197110492465,1.0051486017344344,0.00010901440652456238,368.3208378511978,0.22686197110492465,1.0051486017344344,1.010328627751035
124829.1015625,1.3631591796875,297.6513671875,0.10959472656250001,0.2884521484375,21356.860041618347,4603.515625,0.21353308150881,1.0050312796424605,9.018797435046437e-5,360.8192541013905,0.2908091757681895,1.0049438805124247,0.00013473482781807685,263.1791475410344,0.2908091757681895,1.0049438805124247,1.0100000342002622
125048.828125,1.457275390625,224.189453125,0.338623046875,0.24956054687500004,39296.571254730225,3722.65625,0.18287772861534396,1.0050912729205326,0.00012888083711351937,476.3151057321813,0.21950995413216148,1.0051382454015534,0.000164117408331,394.0940973599452,0.21950995413216148,1.0051382454015534,1.010255678531758
125122.0703125,0.9896240234375,121.3427734375,0.1532470703125,0.26765136718750004,27703.54926586151,3095.703125,0.1648747555450174,1.0050178062211703,0.00019394802500168924,521.7182551287302,0.18051163147402385,1.0050256187725615,0.00021945683993351286,477.27249546197123,0.18051163147402385,1.0050256187725615,1.010068642574874
125341.796875,1.830810546875,251.083984375,0.16372070312500003,0.112744140625,8896.93021774292,7246.09375,0.21678206807896946,1.0050088434788815,0.00010699657726918974,301.32745198183113,0.30034493139178864,1.0048949755829926,0.00015996007062553125,216.48103745168999,0.30034493139178864,1.0048949755829926,1.0099283372284023
125415.0390625,0.6160888671875,350.1123046875,0.34455566406250004,0.3933349609375001,60273.19419384003,7619.140625,0.17653845127931206,1.005139790325234,6.998680408698834e-5,362.0149219600915,0.20572322176582705,1.005087894304055,8.498033961543997e-5,309.03166965787364,0.20572322176582705,1.005087894304055,1.0102538353392088
125634.765625,0.710205078125,85.400390625,0.12241210937500001,0.14350585937500002,16422.372341156006,8738.28125,0.15668481297155545,1.0060294807230246,0.0002593678390196733,360.37479079072455,0.1635286492985582,1.0058017669087542,0.000273613221905438,345.35995910883116,0.1635286492985582,1.0058017669087542,1.0118662292735146
125708.0078125,1.7366943359375,153.8818359375,0.3882080078125001,0.35026855468750007,54180.17661571503,8111.328125,0.18098492070478012,1.0052262627863482,0.00015515522305187742,353.57024075156744,0.21554111090874226,1.0051484984995551,0.00019380399665050647,294.7839191961552,0.21554111090874226,1.0051484984995551,1.0104016686920172
125927.734375,0.820068359375,288.935546875,0.36235351562500007,0.31489257812500004,30303.39765548706,9324.21875,0.17847431045388948,1.005134625393706,8.214356715569838e-5,328.65141534298357,0.2097754287369233,1.0051196574414059,0.00010165311280016057,277.8991538693018,0.2097754287369233,1.0051196574414059,1.0102805703582174
126000.9765625,1.6619873046875,391.9482421875,0.16701660156250003,0.18415527343750002,41279.234766960144,9947.265625,0.2453565592889939,1.0050492386752568,8.00901857683087e-5,245.06811762972887,0.3744825227695594,1.004998040405364,0.00013342155266730084,158.97571230337346,0.3744825227695594,1.004998040405364,1.010072515379536
126220.703125,1.943603515625,124.580078125,0.3937011718750001,0.27885742187500007,22621.591091156006,6816.40625,0.17494829028147613,1.005047515746759,0.00019541383502310805,387.2912952797297,0.20203627212482314,1.0051194897161708,0.0002368299528737469,333.9492522379328,0.20203627212482314,1.0051194897161708,1.0101928461678877
126293.9453125,0.5384521484375,194.3896484375,0.1333251953125,0.22194824218750003,46519.59693431854,6439.453125,0.16302690976413384,1.0049419495240521,0.00012057396037442514,395.63255269817074,0.17660881023296052,1.0049250188030472,0.0001346818417223602,365.515658580212,0.17660881023296052,1.0049250188030472,1.009891307521429
126513.671875,1.567138671875,321.474609375,0.108642578125,0.378759765625,54363.19303512573,2339.84375,0.2227746845643982,1.005201741970959,9.729355977799282e-5,451.704454928892,0.3128408576657573,1.0052931513357688,0.0001529420230912995,320.7613197438756,0.3128408576657573,1.0052931513357688,1.0105224269141897
126586.9140625,0.9149169921875,253.1591796875,0.3644775390625,0.13435058593750002,12787.228465080261,2962.890625,0.17014512956251254,1.004998046650472,0.00011267483542786796,534.4639172591922,0.19167859669164666,1.0050978001755682,0.00013221806415160512,473.58714557697175,0.19167859669164666,1.0050978001755682,1.0101213258691324
126806.640625,1.196533203125,177.041015625,0.13999023437500002,0.327490234375,61913.43832015991,5832.03125,0.1809422414210019,1.0049484426575876,0.0001294789808552074,378.7377633504634,0.21487601085785396,1.0049527762871941,0.00016407171615527818,318.3501962165686,0.21487601085785396,1.0049527762871941,1.0099257274742348
126879.8828125,1.2855224609375,78.1787109375,0.3307861328125,0.15925292968750002,7819.207072257996,5455.078125,0.159168463217681,1.0050044310821316,0.00029521244688753765,441.51251790051253,0.1686172066402201,1.0049449018184367,0.0003195483393542368,417.02001919298857,0.1686172066402201,1.0049449018184367,1.0099740793209264
127099.609375,1.681396484375,199.951171875,0.19008789062500003,0.149658203125,34744.33088302612,2542.96875,0.1891361626786106,1.0050183713324505,0.00014208163335308803,504.29097357487524,0.23306609621182092,1.005053677324109,0.00018907878121560752,407.4389880165033,0.23306609621182092,1.005053677324109,1.0100974098859663
127172.8515625,0.8358154296875,140.9326171875,0.2994384765625,0.3564208984375,30042.12462902069,2166.015625,0.16364698223954702,1.0052233126792143,0.00017393313018112296,603.5303609781478,0.17804969403556195,1.0052405619973828,0.00019486722795014876,555.0688440739067,0.17804969403556195,1.0052405619973828,1.0104912477705241
127392.578125,0.554931640625,386.220703125,0.22377929687500003,0.106591796875,42815.44637680054,5035.15625,0.17423166731378978,1.0048857989316624,6.791363814431941e-5,415.83984662623067,0.2004611585333546,1.0050167875379001,8.168043254308087e-5,360.64964903217447,0.2004611585333546,1.0050167875379001,1.0099270974847556
127465.8203125,1.9622802734375,272.7490234375,0.26809082031250003,0.3871826171875,25607.205271720886,5658.203125,0.21843968175423428,1.0053125225243507,0.00011240549870696433,363.50520626873583,0.30494280021252423,1.0052781167870224,0.00016925686334453031,258.3304121503318,0.30494280021252423,1.0052781167870224,1.0106186794256902
127685.546875,0.928466796875,62.490234375,0.27387695312500004,0.23227539062500002,21777.835369110107,9558.59375,0.15580603266501175,1.0058558761684122,0.0003438409116527345,350.78136927274545,0.16172513739190866,1.0058515149004514,0.0003600374512882759,337.913408719775,0.16172513739190866,1.0058515149004514,1.0117416568155184
127758.7890625,1.5887451171875,172.1435546875,0.23439941406250003,0.2503662109375,52488.48044872284,9181.640625,0.18872238847309675,1.0050029629266677,0.00013005680295702127,308.8604194512329,0.2330636754016449,1.0049171146475837,0.00016942648696799333,248.45414645073384,0.2330636754016449,1.0049171146475837,1.0099446777165395
127978.515625,1.307861328125,268.681640625,0.30756835937500004,0.211474609375,12020.028591156006,6050.78125,0.18874663333583316,1.0051550017468667,0.00010281599243727714,380.22993907836155,0.23326740876435575,1.0051023455346257,0.00013371990453373594,304.9747392373318,0.23326740876435575,1.0051023455346257,1.0102836498816365
128051.7578125,1.2093505859375,326.5380859375,0.2030517578125,0.30573730468750004,58971.16935253143,6673.828125,0.20566791097380516,1.0051053259914644,8.239006631177804e-5,335.0103780881622,0.2728761207878635,1.0051218657778038,0.00011742308273727557,250.29068336025486,0.2728761207878635,1.0051218657778038,1.0102533405637484
128271.484375,1.769287109375,259.716796875,0.3834472656250001,0.37348632812500004,39476.78327560425,4511.71875,0.19707297851866104,1.005371346234829,0.00012187385704121941,442.3132264662805,0.2535890025423017,1.004722862930461,0.00016355587924707515,339.7670411083568,0.2535890025423017,1.004722862930461,1.0101195772973093
128344.7265625,0.7362060546875,320.2294921875,0.12717285156250002,0.1302490234375,27865.44692516327,4134.765625,0.18111182747691262,1.0049376206923124,8.04081211467046e-5,426.9238410425709,0.21520543542690515,1.0049536016146725,0.00010195321678527791,358.6767115407717,0.21520543542690515,1.0049536016146725,1.009915681312819
128564.453125,0.642822265625,74.111328125,0.34916992187500007,0.332763671875,46539.04104232788,3003.90625,0.15533736253407318,1.0050710447941804,0.0002979951583987977,557.6576996108923,0.1608111128226509,1.005087447956601,0.0003116986662969299,539.0927840960836,0.1608111128226509,1.005087447956601,1.0101842914272574
128857.421875,1.016357421875,398.505859375,0.148486328125,0.310791015625,16557.101726531982,7527.34375,0.2123744906892688,1.0050034585437926,6.70880306196404e-5,304.07993784376873,0.28926519157368313,1.004933458657093,9.861105938288462e-5,221.83586344822032,0.28926519157368313,1.004933458657093,1.0099616015567539
128930.6640625,1.4891357421875,287.6904296875,0.3433837890625,0.1788818359375,56335.45386791229,7150.390625,0.19443852203803633,1.0051301118528841,0.0001001402677960586,353.0466748594438,0.2468554585174808,1.0050752300092596,0.00013374428089929518,275.6913826550976,0.2468554585174808,1.0050752300092596,1.0102313783597703
129150.390625,1.395751953125,190.322265625,0.114208984375,0.282958984375,10532.5026512146,8019.53125,0.19336695280018742,1.0047411045707735,0.00011692296014006725,311.42490781980223,0.2435101270468235,1.0046457142579979,0.00015675563390759697,245.94417358767012,0.2435101270468235,1.0046457142579979,1.0094088446458744
129223.6328125,1.1097412109375,133.9599609375,0.37531738281250004,0.2272216796875,62958.428263664246,8642.578125,0.16466536213111918,1.005016839932357,0.0001761074968698706,356.77842134899095,0.18003967157756828,1.0050145543760696,0.00019895524955226184,326.0516804121659,0.18003967157756828,1.0050145543760696,1.0100565515250632
129443.359375,0.732177734375,170.732421875,0.215869140625,0.23637695312500004,33601.63068771362,7355.46875,0.16453889294721197,1.004954080646496,0.0001388290283991662,375.22583161946955,0.17974320863238094,1.0049183837811413,0.00015714849340865009,343.6465501890552,0.17974320863238094,1.0049183837811413,1.0098968304975395
129516.6015625,1.7615966796875,69.2138671875,0.25490722656250003,0.25563964843750003,37740.77117443085,7978.515625,0.1635184275805699,1.0048851738742517,0.0003085204888077142,367.3635429163527,0.17765332661979913,1.0049790457547574,0.00034550989861031124,338.2628823419699,0.17765332661979913,1.0049790457547574,1.009888543133249
129736.328125,1.855712890625,335.751953125,0.18393554687500002,0.20737304687500002,27858.521938323975,8847.65625,0.23639157453392665,1.0051452118891853,9.347241715632011e-5,269.9095569589002,0.35170213027188746,1.0050836419818747,0.00015021144273402848,180.24635288819806,0.35170213027188746,1.0050836419818747,1.0102550102862256
129809.5703125,0.6380615234375,264.7802734375,0.2891845703125,0.30046386718750007,45050.90034008026,8470.703125,0.17008387532536523,1.0043934534378414,9.065114525241777e-5,347.6115124304153,0.19167642690649267,1.0049744719086486,0.00010543268462243851,307.98161964413316,0.19167642690649267,1.0049744719086486,1.0093897804571985
130029.296875,1.479248046875,139.521484375,0.31840820312500007,0.154931640625,52607.593059539795,4371.09375,0.16955855180680926,1.0050718528176563,0.00018885638933421154,461.5906520781082,0.19038737209461778,1.005053204948001,0.0002210742024953434,410.7147424453675,0.19038737209461778,1.005053204948001,1.010150686877411
130102.5390625,1.0145263671875,206.6748046875,0.20861816406250003,0.36052246093750007,18292.92380809784,4994.140625,0.1766975609265524,1.0050664135223928,0.00012219441711453898,419.64516130626373,0.20574535213854764,1.0050902385136147,0.00015037298910398816,359.63393147830465,0.20574535213854764,1.0050902385136147,1.010182441289245
130322.265625,1.108642578125,281.962890625,0.286474609375,0.101318359375,59504.25100326538,3863.28125,0.18021017385746912,1.0050332481011552,0.00010444608543027702,460.09721628489996,0.21361271113151922,1.0050637017474449,0.00013045618425542658,386.2600886341646,0.21361271113151922,1.0050637017474449,1.0101224367158053
130395.5078125,1.3851318359375,382.3193359375,0.24289550781250002,0.3830810546875001,10100.41892528534,3486.328125,0.21371077779764525,1.0042424467379019,8.656479184474893e-5,438.11183668267313,0.2928770642744651,1.0040636392831446,0.0001280362367953584,316.73905147239475,0.2928770642744651,1.0040636392831446,1.0083233257942672
130615.234375,1.171630859375,92.373046875,0.198291015625,0.272705078125,43644.919872283936,2199.21875,0.1626685781064695,1.005124975800506,0.0002521369435661526,591.5766096631685,0.17595140887849345,1.005085308714314,0.0002799082352577792,547.80933909355,0.17595140887849345,1.005085308714314,1.010236346598919
130688.4765625,1.2635498046875,163.5107421875,0.31232910156250004,0.2169677734375,24931.715846061707,2572.265625,0.1702679924049887,1.0051676693938012,0.0001673045860622798,557.3471733377551,0.19195508184382903,1.0051770735044698,0.00019658058899431303,493.9927148540729,0.19195508184382903,1.0051770735044698,1.0103714963025696
130908.203125,1.545166015625,236.142578125,0.23901367187500003,0.321044921875,38344.94924545288,5691.40625,0.1967365395947587,1.0051614886404374,0.0001153792653640308,375.54404985603986,0.25178210911171495,1.0051423593420463,0.00015682113546626822,290.58919978861474,0.25178210911171495,1.0051423593420463,1.0103303902118128
130981.4453125,0.8900146484375,337.8271484375,0.2692626953125,0.1891357421875,33610.554575920105,5064.453125,0.18300240025871145,1.005054682264559,8.288223927255026e-5,410.13182595599653,0.21984647397442758,1.0050486363662887,0.00010532183195006189,339.24094967106635,0.21984647397442758,1.0050486363662887,1.0101288378835485
131201.171875,1.918701171875,209.912109375,0.26333007812500003,0.33657226562500003,14198.153972625732,9214.84375,0.20530516718958822,1.0051668216023353,0.000122980884186298,302.121463080232,0.2726683484036434,1.0051292356581494,0.00017380722088657436,225.63949633907765,0.2726683484036434,1.0051292356581494,1.0103225591060867
131274.4140625,0.5164794921875,109.7216796875,0.22854003906250003,0.1671630859375,59876.27875804901,9587.890625,0.1555819012162542,1.0061723847938588,0.00021689328276073815,349.25533055269807,0.1612833455685238,1.0059064039627814,0.00022663686653863152,336.8956025347178,0.1612833455685238,1.0059064039627814,1.0121152453546465
131494.140625,0.798095703125,373.603515625,0.304052734375,0.36967773437500007,19016.648769378662,6707.03125,0.18614669041653722,1.005218661040217,7.22109488529086e-5,370.5535825827506,0.22730983509878272,1.0051677892132744,9.265065971263341e-5,300.7836375264252,0.22730983509878272,1.0051677892132744,1.0104134191937229
131567.3828125,1.6370849609375,306.6162109375,0.1854736328125,0.12644042968750002,52359.124064445496,6080.078125,0.21499722606767074,1.0049183461811013,9.702869643633462e-5,332.6151572804735,0.29602305618398705,1.0049449221095106,0.00014401593411084745,240.45330345691812,0.29602305618398705,1.0049449221095106,1.009887589129385
131787.109375,1.329833984375,354.013671875,0.326025390625,0.116845703125,26344.398021697998,9917.96875,0.2003580517119688,1.0050958820407796,8.123491012180854e-5,296.9349349222421,0.2612454290826161,1.00507424549865,0.00011142936267937706,226.40525281306233,0.2612454290826161,1.00507424549865,1.0101959852959368
131860.3515625,1.2342529296875,241.8701171875,0.14475097656250002,0.39860839843750007,50041.89574718475,9291.015625,0.19860349290103768,1.0048243412206888,9.639515307257258e-5,292.2435723669167,0.25604251822089885,1.0048238677395445,0.00013253146082072768,225.1204454365499,0.25604251822089885,1.0048238677395445,1.0096714809442122
132080.078125,0.953369140625,147.158203125,0.36909179687500004,0.139404296875,30838.609218597412,6410.15625,0.16210597089733025,1.00502058593214,0.0001749176044878008,409.6442151458699,0.17469609070197523,1.00499255334018,0.00019373563809085237,380.0672121614083,0.17469609070197523,1.00499255334018,1.010038204815385
132153.3203125,1.6107177734375,86.8115234375,0.1040283203125,0.34499511718750003,42900.67756175995,6783.203125,0.16916797356531588,1.004869391212429,0.0002465981134121574,376.39566305184616,0.18943916311395936,1.004857960569498,0.00028972001266620276,336.52292461163756,0.18943916311395936,1.004857960569498,1.0097510070924345
132373.046875,0.576904296875,301.552734375,0.128564453125,0.199462890625,63623.05021286011,2933.59375,0.17322863500260283,1.0040928392326218,8.784269117740935e-5,504.4502732988782,0.1961529121277964,1.005032337673689,0.00010612643205960774,443.5792970262197,0.1961529121277964,1.005032337673689,1.0091457734553735
132446.2890625,1.9871826171875,358.0810546875,0.3984619140625001,0.29255371093750004,3976.3344526290894,2306.640625,0.21331991465493738,1.0013573455379337,0.00010479239219177283,556.1343964865976,0.2919725228709397,1.0015002061378495,0.00015473168437055984,399.1305080203743,0.2919725228709397,1.0015002061378495,1.0028595879738904
132666.015625,1.706298828125,114.619140625,0.171630859375,0.24428710937500003,56429.635524749756,5425.78125,0.17448417959114956,1.0049818624817968,0.00020652386793244885,405.37963618846703,0.20083450435558495,1.0049543133565821,0.00025117857046575814,352.0444292032069,0.20083450435558495,1.0049543133565821,1.0099608575462131
132739.2578125,0.8577880859375,225.6005859375,0.35773925781250004,0.2635498046875,14656.716227531433,5798.828125,0.16908239525347923,1.0051201816966715,0.00011870287815555896,418.17813207705916,0.18943787939109635,1.0051154825876079,0.00013823058898544365,372.5038121722187,0.18943787939109635,1.0051154825876079,1.010261856484594
132958.984375,0.620849609375,328.779296875,0.25688476562500007,0.16254882812500002,6141.761302947998,5636.71875,0.17197146423008272,1.005046424396571,8.098734743165669e-5,406.6796028889254,0.19767879177114125,1.0049751323519707,9.523138129668847e-5,354.43624278727964,0.19767879177114125,1.0049751323519707,1.010046663377819
133032.2265625,1.8377685546875,272.4169921875,0.2162353515625,0.33181152343750003,62957.274317741394,5009.765625,0.21395615714412108,1.0052030311284998,0.00011276067026933816,374.60380505361866,0.2933606923876196,1.0052477948629215,0.00016707893520626736,271.30618769326213,0.2933606923876196,1.0052477948629215,1.0104781304314492
133251.953125,1.744384765625,175.048828125,0.28823242187500003,0.13120117187500002,10663.43069076538,2128.90625,0.17859326803388845,1.0050936595019648,0.00016953623891955398,572.1334949469934,0.20990904592071252,1.0051027226054874,0.00021052170136076043,485.2957657208506,0.20990904592071252,1.0051027226054874,1.0102223736389375
133544.921875,1.367919921875,276.318359375,0.20942382812500002,0.23110351562500003,50949.83243942261,6652.34375,0.19941859386682026,1.0051173541912028,9.842274778810565e-5,343.1863597155175,0.2581589405724718,1.0050624887662645,0.0001355847664748877,262.990780238594,0.2581589405724718,1.0050624887662645,1.0102057495055732
133618.1640625,1.0906982421875,388.6279296875,0.3199462890625,0.28669433593750004,24946.09534740448,6025.390625,0.19605017870514588,1.0051239704169324,7.819991496352915e-5,379.9170768622768,0.25054508433731876,1.0052225419759455,0.00010567385655685426,294.4377487755837,0.25054508433731876,1.0052225419759455,1.0103732725434638
133837.890625,0.997314453125,142.509765625,0.24077148437500004,0.17514648437500002,45112.489223480225,9144.53125,0.16580130835969764,1.005398005036916,0.0001656054674853561,340.28167342115,0.1824854501936406,1.0051603603129973,0.00018750461399424074,308.9669410694351,0.1824854501936406,1.0051603603129973,1.0105862210008751
133911.1328125,1.4613037109375,203.0224609375,0.2862548828125,0.30690917968750003,33847.39005565643,9517.578125,0.18843890380103076,1.0050910234524713,0.00011935958556992783,313.42881944989114,0.23263330434116267,1.0050844350831276,0.00015484520257965569,251.93839364774485,0.23263330434116267,1.0050844350831276,1.0102013435138497
134130.859375,1.880615234375,80.419921875,0.12680664062500002,0.29731445312500004,59758.55207443237,6480.46875,0.16977748568553871,1.0048923232826568,0.00027060584133451143,383.93285886874247,0.19073383649636957,1.0048987193828751,0.0003191595793531337,342.0352254621643,0.19073383649636957,1.0048987193828751,1.009815008784424
134204.1015625,0.6600341796875,180.7763671875,0.3814697265625,0.20407714843750002,11133.868098258972,6853.515625,0.16056054213710513,1.0049873704006205,0.00014412870175988952,401.4999369749707,0.17151656507969118,1.0049842479411129,0.00015768490700707974,375.8509376781748,0.17151656507969118,1.0049842479411129,1.0099964766323841
134423.828125,0.754150390625,256.064453125,0.16049804687500002,0.25893554687500003,53544.923305511475,9972.65625,0.17864801500874505,1.003194450712474,9.004123550141125e-5,305.82281916299945,0.20880198485757467,1.0057125580398596,0.00011087789003964985,259.48689797828825,0.20880198485757467,1.0057125580398596,1.008925257237434
134497.0703125,1.7864990234375,323.2177734375,0.3501220703125001,0.23952636718750003,20640.713572502136,9345.703125,0.21112078037218024,1.005145139738821,9.787152789304122e-5,308.9354741586268,0.28805253840549855,1.005221756594728,0.00014082679487989436,225.15590450433643,0.28805253840549855,1.005221756594728,1.0103937630009108
134716.796875,1.127685546875,197.958984375,0.34184570312500007,0.384619140625,28603.83939743042,5496.09375,0.1742618943272388,1.0051866248938035,0.0001355841182879909,423.0996284003892,0.20052965723805358,1.0051959850028287,0.00016419051076538437,366.3078132103531,0.20052965723805358,1.0051959850028287,1.0104095595217957
134790.0390625,1.4129638671875,126.9873046875,0.14768066406250002,0.10270996093750001,47372.07114696503,5869.140625,0.1715806348052163,1.0048803772822936,0.00018924075874041346,394.528789881409,0.19462097815285848,1.0048794704115327,0.0002247779221081501,347.76859471117695,0.19462097815285848,1.0048794704115327,1.0097836613503723
135009.765625,1.507080078125,393.525390625,0.37553710937500007,0.359130859375,34333.016872406006,2988.28125,0.20766218560491964,1.001535103082201,9.026320690383987e-5,507.1463713174141,0.2783221411045882,1.0018750242455634,0.00012977261047547082,372.67988065855894,0.2783221411045882,1.0018750242455634,1.003413005683263
135083.0078125,1.0335693359375,292.0068359375,0.1163330078125,0.15339355468750002,38881.95884227753,2361.328125,0.18789306476457016,1.0049251823104417,9.90885253433663e-5,505.10530651884045,0.2300395755999108,1.005074505710725,0.00013058777039119893,411.0705106210885,0.2300395755999108,1.005074505710725,1.0100246808869275
135302.734375,1.616943359375,150.810546875,0.146728515625,0.19301757812500003,18241.01972579956,3074.21875,0.17932078462422066,1.0050439488980922,0.0001768786551164782,486.15299212499843,0.21131184706848197,1.0049698115297905,0.00022208588168991524,412.32877758493356,0.21131184706848197,1.0049698115297905,1.0100388279032722
135375.9765625,0.9588623046875,83.8232421875,0.3263916015625,0.32478027343750004,55486.632227897644,3697.265625,0.1582384604598585,1.0049942547066602,0.0002890599385840102,514.2293663025771,0.16676592599314544,1.0051066997822016,0.0003098771287949591,488.2878181633523,0.16676592599314544,1.0051066997822016,1.0101264586482845
135595.703125,1.240478515625,347.705078125,0.10307617187500001,0.21323242187500002,12439.462184906006,4566.40625,0.21214024805086243,1.0050084804361716,8.364025110619018e-5,364.08816739126644,0.2879923089452667,1.0049726110853605,0.00012373186259810088,266.9401190968589,0.2879923089452667,1.0049726110853605,1.01000599674687
135668.9453125,1.3353271484375,247.5146484375,0.3677001953125001,0.26882324218750003,63095.28052806854,4189.453125,0.1805980847431965,1.0052369697770784,0.0001243027019262968,464.84853680113235,0.21462144207337588,1.0052230512844464,0.0001554661436512093,388.3930651521432,0.21462144207337588,1.0052230512844464,1.0104873740232456
135888.671875,0.864013671875,119.599609375,0.399267578125,0.125634765625,38630.83219528198,8089.84375,0.158151158337149,1.0049656617785365,0.00021228267357073906,377.8199960329773,0.16655273323684952,1.0049708907567199,0.00022692583987602818,358.7662461513284,0.16655273323684952,1.0049708907567199,1.0099612362974923
135961.9140625,1.7117919921875,221.2841796875,0.13010253906250002,0.36872558593750004,35033.352732658386,8712.890625,0.2099382468088761,1.0049348680257288,0.00011505124778989081,290.2886900921661,0.28379717585482733,1.0048264764675459,0.00016639735128960918,213.5427802868454,0.28379717585482733,1.0048264764675459,1.0097851625176713
136181.640625,1.993408203125,293.916015625,0.3556152343750001,0.16811523437500003,45725.02279281616,7582.03125,0.2052982646415804,1.0051556883942154,0.00011217652751809979,341.85263061535693,0.2736231957374392,1.0051450545032912,0.0001571492571355177,255.3308696815244,0.2736231957374392,1.0051450545032912,1.010327269195297
136254.8828125,0.5823974609375,365.0537109375,0.17141113281250003,0.3373779296875,26823.38798046112,7205.078125,0.1786725353509611,1.0050501950942434,6.883356381251687e-5,354.09226165814374,0.21047959666806199,1.0049096702632823,8.441713172455996e-5,299.3791041112349,0.21047959666806199,1.0049096702632823,1.0099846601502036
136474.609375,0.884521484375,231.826171875,0.31196289062500004,0.346533203125,60603.58381271362,8792.96875,0.17416536164435062,1.0049942581658882,0.00010649196465900214,342.356810727092,0.20032084604901784,1.005063771560453,0.000128473420700672,296.5197918650946,0.20032084604901784,1.005063771560453,1.010083319508807
136547.8515625,1.5389404296875,342.8076171875,0.19631347656250003,0.1407958984375,18747.93517589569,8416.015625,0.21798555095685773,1.005065961638014,8.823278100397981e-5,292.37088507928945,0.304540155996904,1.0049978223469072,0.0001315832526888697,208.4403201415298,0.304540155996904,1.0049978223469072,1.0100891027612042
136767.578125,1.258056640625,99.345703125,0.27065429687500003,0.397216796875,67637.95614242554,7285.15625,0.1640426822418061,1.0050380575104234,0.00024036249563674406,385.4716223150592,0.17878463732258737,1.0049836663440899,0.00027003230322161705,353.70275664327085,0.17878463732258737,1.0049836663440899,1.0100468318521676
136840.8203125,1.1654052734375,155.8740234375,0.23996582031250002,0.1153076171875,11675.442576408386,7908.203125,0.1697751569957495,1.0049329469411092,0.0001571142147899405,356.5589034722041,0.19077123107391208,1.004905521068197,0.00018451920312517907,317.0068799705411,0.19077123107391208,1.004905521068197,1.0098626666844541
137060.546875,1.631591796875,370.615234375,0.22700195312500002,0.26040039062500003,28490.054607391357,3808.59375,0.21810172960741492,1.0038266175028243,9.457190422604776e-5,412.5020993421513,0.3044355445949049,1.003798905339148,0.00014200513458915905,294.3782429708177,0.3044355445949049,1.003798905339148,1.0076400597996347
137133.7890625,0.7918701171875,310.2685546875,0.26252441406250004,0.24099121093750003,40754.013895988464,3431.640625,0.1753797837297348,1.0050486540208134,9.502495366396704e-5,489.72584808552295,0.20298949376286293,1.0050970273392235,0.00011552616289424442,421.91919439234886,0.20298949376286293,1.0050970273392235,1.0101714144876073
137353.515625,0.510986328125,215.556640625,0.18569335937500003,0.29584960937500004,20992.013454437256,4300.78125,0.1624008033285163,1.004998204273163,0.00012272632479650632,469.8279407133763,0.17535657756136772,1.005031190022719,0.0001365366880780607,435.5478592865572,0.17535657756136772,1.005031190022719,1.0100545412113526
137426.7578125,1.9124755859375,103.4130859375,0.30617675781250003,0.20261230468750002,49137.33756542206,4923.828125,0.16897849669684992,1.0050593217371353,0.00025144822605539655,443.3075384355334,0.1891171857915711,1.0049604688229332,0.000293826692413246,395.8135440812224,0.1891171857915711,1.0049604688229332,1.0100448871678107
137646.484375,0.503662109375,249.091796875,0.24282226562500003,0.25161132812500003,53239.2954826355,8261.71875,0.16366366602471893,1.0050155275259705,0.00010312266181493133,360.40247332932813,0.1781308498916282,1.0049567242246953,0.00011327184771085708,330.8462642310011,0.1781308498916282,1.0049567242246953,1.0099971123374534
137719.7265625,1.9080810546875,352.1044921875,0.28654785156250007,0.23337402343750002,26968.077540397644,8884.765625,0.22491148880741854,1.005249757666368,9.707207198907045e-5,299.77441590435075,0.3231152949400575,1.0052026192614354,0.0001480786602985221,207.3301900147012,0.3231152949400575,1.0052026192614354,1.0104796894181562
137939.453125,1.627197265625,84.736328125,0.208544921875,0.30463867187500004,45505.65481185913,7753.90625,0.16600093912320707,1.0049574095481655,0.00026911598854067456,368.01008172653314,0.18280440799379621,1.0048934696008038,0.00030833794606266,334.3302772656368,0.18280440799379621,1.0048934696008038,1.009875138081892
138232.421875,1.250732421875,366.630859375,0.28911132812500007,0.357666015625,3438.0831718444824,3277.34375,0.19774809724726464,1.0053305966116668,9.328038853325566e-5,478.4216904519122,0.25466173858009467,1.0047254785208648,0.00012678562015287754,367.6402539106758,0.25466173858009467,1.0047254785208648,1.0100812647523234
138305.6640625,1.1610107421875,298.3154296875,0.1840087890625,0.1507568359375,66014.46998119354,3900.390625,0.18973658798511778,1.005060369318699,9.991840676787993e-5,431.82338568389144,0.23519957342087333,1.0050203956102572,0.0001314766584100416,346.04792873603026,0.23519957342087333,1.0050203956102572,1.0101061699848701
138525.390625,0.880126953125,222.197265625,0.25483398437500004,0.386083984375,13681.4284324646,4769.53125,0.17234621781203524,1.0050683887027236,0.00012248423792911084,441.1044952443084,0.19631025983077996,1.005017481142752,0.00014721500174557555,386.60257647758436,0.19631025983077996,1.005017481142752,1.0101113003902156
138598.6328125,1.5316162109375,123.3349609375,0.21594238281250003,0.1053466796875,57240.227580070496,4392.578125,0.16913492873284736,1.005006084121747,0.00021373255912286832,452.8062823004236,0.189442652847456,1.0049640631121153,0.0002496700174014991,404.2642046522884,0.189442652847456,1.0049640631121153,1.0099949977513871
138818.359375,1.997802734375,160.107421875,0.375244140625,0.13325195312500002,27542.853832244873,3605.46875,0.1751797661085619,1.0050312468472133,0.00019399909910945844,496.08846928389784,0.2027826723715172,1.0049618207724917,0.00023333991074058426,426.7273118597236,0.2027826723715172,1.0049618207724917,1.010018031764823
138891.6015625,0.5897216796875,101.0888671875,0.1142822265625,0.37751464843750004,48284.07561779022,3228.515625,0.15739484275052876,1.005032693397467,0.00024142206588151236,532.7348296572725,0.1650397083761084,1.0050532980372273,0.00025688660968697507,508.61120537843834,0.1650397083761084,1.0050532980372273,1.0101114231343615
139111.328125,0.871337890625,346.376953125,0.34331054687500007,0.16049804687500002,36539.002895355225,4097.65625,0.17616085389258537,1.005090858247021,9.076107235191364e-5,466.2434358109905,0.20481154790345946,1.0050259051073303,0.0001103308753749637,398.97040272725485,0.20481154790345946,1.0050259051073303,1.0101423495248156
139184.5703125,1.7161865234375,232.9052734375,0.1485595703125,0.3285888671875,40688.320994377136,4720.703125,0.20432085875484593,1.0050846419912098,0.0001229281567281044,382.2421269111889,0.2694205768938195,1.0049257990324982,0.00017464011560356044,287.76385544971293,0.2694205768938195,1.0049257990324982,1.010035486948309
139404.296875,1.244873046875,107.646484375,0.15903320312500002,0.18305664062500002,62931.933879852295,8621.09375,0.16571476873785562,1.0051757580072278,0.00021651626429072387,348.30845735528396,0.18228325501247075,1.0050017080269815,0.0002452875337246512,316.5956498927231,0.18228325501247075,1.0050017080269815,1.0102033536645798
139477.5390625,1.3426513671875,217.2998046875,0.34924316406250006,0.31364746093750007,12252.70164012909,8244.140625,0.18192228589800785,1.0051335331335658,0.00012240912598816066,350.16906459543577,0.21778619777236016,1.0051520817010091,0.0001533810800185855,290.41967841496626,0.21778619777236016,1.0051520817010091,1.010312063216694
139697.265625,1.624267578125,313.837890625,0.127099609375,0.223193359375,54256.69240951538,7113.28125,0.22269604007080163,1.0050381919395617,9.605453468176616e-5,302.9190888217001,0.3160676862830783,1.004929187944835,0.0001466748450141692,212.8586558121836,0.3160676862830783,1.004929187944835,1.009992214079369
139770.5078125,0.9632568359375,371.6943359375,0.3835205078125,0.27995605468750007,20223.77097606659,7736.328125,0.18564746400187146,1.005002860316787,7.902626164056802e-5,360.277401686288,0.2264274277865922,1.0051617341865762,0.00010090504094039223,292.94036791503277,0.2264274277865922,1.0051617341865762,1.010190417938491
139990.234375,1.499755859375,60.498046875,0.357666015625,0.39458007812500007,38502.952098846436,6949.21875,0.159002961989748,1.0050529774756694,0.00038603746131114054,406.14575385527564,0.1683482186637599,1.0050386486347518,0.0004170854052998266,383.79171716778916,0.1683482186637599,1.0050386486347518,1.0101170862884803
140063.4765625,1.0291748046875,174.1357421875,0.17170410156250002,0.1138427734375,34988.41750621796,6322.265625,0.17100805671500724,1.003934219690693,0.00014688512461081329,386.8546189236956,0.19269578931830322,1.0048427363858203,0.00017369593137449643,342.24567050343086,0.19269578931830322,1.0048427363858203,1.0087960084653593
140283.203125,1.123291015625,268.017578125,0.39838867187500004,0.34916992187500007,48297.83010482788,9441.40625,0.18237558531622308,1.0052171907922498,0.0001001726503559723,335.37052101832364,0.21895529104840783,1.0051918728365934,0.00012556333907323065,277.20581876956635,0.21895529104840783,1.0051918728365934,1.0104361506200008
140356.4453125,1.4056396484375,327.2021484375,0.12863769531250002,0.1422607421875,28899.189829826355,9814.453125,0.21723403469118693,1.0048981248195812,8.636470558884401e-5,267.86191131939995,0.30272662656743865,1.004695244466926,0.0001281292767881028,191.46538628095757,0.30272662656743865,1.004695244466926,1.0096163671799645
140576.171875,0.746826171875,199.287109375,0.103955078125,0.28969726562500003,21700.168132781982,5964.84375,0.16919248782070287,1.004536453500879,0.0001278882999186336,397.42505138225465,0.18921263010616063,1.004913078816956,0.0001485867795485303,354.6947380303605,0.18921263010616063,1.004913078816956,1.0094718202714343
140649.4140625,1.7821044921875,141.5966796875,0.3691650390625001,0.19528808593750002,57552.639842033386,5337.890625,0.17205952297114616,1.0050939284129943,0.0001991599618208008,431.5433190993097,0.19582584447825638,1.0050236081394681,0.00023639058354143678,378.03218137185115,0.19582584447825638,1.0050236081394681,1.0101431264526999
140869.140625,1.876220703125,384.228515625,0.144677734375,0.26655273437500004,10257.188320159912,2457.03125,0.23679438414722265,1.003434886827912,9.98119458670789e-5,436.7142660849914,0.3515131470912847,1.0030915782202936,0.00016292004335859787,296.0837693317233,0.3515131470912847,1.0030915782202936,1.0065370842695118
140942.3828125,0.6527099609375,274.7412109375,0.32609863281250007,0.24831542968750003,65830.77323436737,2830.078125,0.16676356124875918,1.0051752801371339,0.00010755472078634299,545.5163009267711,0.18456736882308536,1.005165294452768,0.00012315219814166607,492.5915485487895,0.18456736882308536,1.005165294452768,1.0103673064356857
141162.109375,1.001708984375,322.138671875,0.18540039062500002,0.21997070312500003,30496.375560760498,5167.96875,0.1890674895850657,1.005079628416204,8.887760433476964e-5,391.5170687359995,0.23374589581698882,1.0050640302719709,0.00011643375211055685,314.4878329645674,0.23374589581698882,1.0050640302719709,1.0101693820802449
141235.3515625,1.4686279296875,252.4951171875,0.30412597656250007,0.2767333984375,42194.300532341,5541.015625,0.18865779039844507,1.0051758930117167,0.0001195664618872164,400.8960956805365,0.23341438567804085,1.0050885371442675,0.00015468932086755275,321.3735426691505,0.23341438567804085,1.0050885371442675,1.0102907678798292
141455.078125,1.375244140625,179.033203125,0.22846679687500002,0.186279296875,19909.654140472412,2660.15625,0.1749551296717354,1.0050814219091704,0.0001634815873588949,530.763552173125,0.20202373067496904,1.0050867751367971,0.00019830168629017688,459.0452319968,0.20202373067496904,1.0050867751367971,1.0101940450965947
141528.3203125,1.0950927734375,76.1865234375,0.2634033203125,0.3168701171875,50342.8772687912,2033.203125,0.15920119381711212,1.0051523421521835,0.0003098893904614922,616.0652688113169,0.1687393442455608,1.0051452935434662,0.00033416475118476383,581.9085403167736,0.1687393442455608,1.0051452935434662,1.010324146008459
141748.046875,1.748779296875,290.927734375,0.26918945312500003,0.17133789062500002,62187.56437301636,6183.59375,0.20375375633867812,1.0051134772154664,0.000110497293858646,361.0370074856391,0.2693934702163129,1.0051169390340002,0.00015442914172632833,271.626894154634,0.2693934702163129,1.0051169390340002,1.01025658160063
141821.2890625,0.7215576171875,389.9560546875,0.23908691406250002,0.33942871093750004,18293.076395988464,6556.640625,0.18397482052569303,1.0051181514986556,7.137220154888509e-5,370.850386763659,0.22234923719509914,1.0050721355156762,9.055649176247203e-5,304.69823799459067,0.22234923719509914,1.0050721355156762,1.0102162469723228
142041.015625,0.628173828125,125.244140625,0.312255859375,0.12241210937500001,70631.112575531,9675.78125,0.15667721373402632,1.0054157050348516,0.00020578961183115532,349.7484732600168,0.1635191423466339,1.0055126494447804,0.00021701814723665402,335.11910341986413,0.1635191423466339,1.0055126494447804,1.0109582093629854
142114.2578125,1.8421630859375,193.7255859375,0.1983642578125,0.3666748046875,12303.658366203308,9048.828125,0.2003613776304788,1.005055206325341,0.00013301344632089484,305.78942796433705,0.2607498254679597,1.0049947591290886,0.0001835023745828817,233.369756339231,0.2607498254679597,1.0049947591290886,1.0100752149923726
142333.984375,1.698974609375,339.404296875,0.11625976562500001,0.20942382812500002,19552.711009979248,9386.71875,0.23422799500368385,1.0049569729424623,9.238305639171661e-5,262.1577343018765,0.34641886292327195,1.0047760752169141,0.00014681956457196586,176.0520412319477,0.34641886292327195,1.0047760752169141,1.009756723034998
142407.2265625,0.8533935546875,240.5419921875,0.3756103515625,0.3036865234375,61888.02993297577,9759.765625,0.17120109125407937,1.0050787762433464,0.0001073269133735995,335.4546217594482,0.1940304180935386,1.0049995970779297,0.00012645478145061387,294.92888131340686,0.1940304180935386,1.0049995970779297,1.0101037651561418
142626.953125,0.572509765625,164.423828125,0.147607421875,0.23432617187500002,9364.41946029663,6878.90625,0.1601995861292867,1.0049405131881102,0.00015862826251826967,395.2938452694458,0.17077022563416738,1.0049584416512474,0.00017292537932765863,371.05970280216746,0.17077022563416738,1.0049584416512474,1.009923452085728
142700.1953125,1.9798583984375,96.1083984375,0.3419189453125,0.2524169921875,70062.75641918182,6251.953125,0.16780995639706503,1.0050627315916942,0.00026951541625188497,409.5943454246282,0.18668434924986352,1.0050726179298433,0.00031207431277423215,367.77714979795695,0.18668434924986352,1.0050726179298433,1.0101610308245834
142919.921875,0.946044921875,308.193359375,0.35004882812500004,0.10922851562500001,42494.87638473511,2402.34375,0.17296829522547358,1.0050632325856672,0.00010599439111542637,566.3415784976223,0.19777779792873162,1.0050987236010702,0.00012663639724056952,493.7703903788861,0.19777779792873162,1.0050987236010702,1.0101877722102197
142993.1640625,1.6063232421875,378.0029296875,0.1605712890625,0.38981933593750007,30609.48646068573,2775.390625,0.22436035709513524,1.0042694034152881,9.591420059004715e-5,443.70083359233274,0.3196719877695388,1.0038406162333673,0.0001488482065137897,311.63423584589276,0.3196719877695388,1.0038406162333673,1.008126416788719
143212.890625,1.325439453125,110.634765625,0.38139648437500007,0.147021484375,52964.540004730225,5894.53125,0.16158505328892855,1.0050153354757025,0.0002455654375525602,428.4777493111783,0.17362624267790203,1.0048380439042581,0.00027104562325496113,398.69080158177763,0.17362624267790203,1.0048380439042581,1.0098776437931867
143286.1328125,1.2269287109375,213.6474609375,0.1268798828125,0.3537841796875001,23012.001872062683,5267.578125,0.18533277752113048,1.005008178150234,0.00012361142030870522,390.2194672676743,0.22490885694026821,1.0049777047785675,0.00015992952368328744,320.24337896698916,0.22490885694026821,1.0049777047785675,1.0100108121611118
143505.859375,0.802490234375,91.044921875,0.28618164062500007,0.325439453125,56957.58771896362,2730.46875,0.15771060702162312,1.00511393593488,0.00027486287350777405,566.4685919683365,0.16568291517002756,1.0051138474383057,0.00029311945534887736,539.6912220831048,0.16568291517002756,1.0051138474383057,1.010253935261366
143579.1015625,1.6444091796875,148.9013671875,0.24084472656250003,0.15720214843750002,17942.797541618347,2103.515625,0.17377633722031963,1.005112681350868,0.00019598934178950253,575.4276230181482,0.1994811440693746,1.0049850007338124,0.0002357102040213995,500.8703059849623,0.1994811440693746,1.0049850007338124,1.010123168804966
143798.828125,1.926025390625,245.439453125,0.31987304687500007,0.38081054687500004,66397.27926254272,5222.65625,0.20009422949535977,1.00521820786435,0.00013259153357540661,408.05205010238217,0.26041931958733716,1.0052337249265846,0.00018279431250233053,311.13340282939816,0.26041931958733716,1.0052337249265846,1.0104792434555063
143872.0703125,0.5208740234375,355.0927734375,0.20949707031250003,0.1364013671875,12317.196726799011,5595.703125,0.16978255430785147,1.00490471326486,7.907755641403497e-5,409.7898388307038,0.19129445350083654,1.004633890232846,9.397893846698223e-5,364.3439620933,0.19129445350083654,1.004633890232846,1.0095613314005991
144091.796875,1.549560546875,229.833984375,0.18247070312500002,0.281494140625,38857.86771774292,9746.09375,0.19973822355286158,1.0049516279707291,0.00011327812245175607,293.714045714752,0.2593850333104848,1.0048558174491673,0.00015550921655433189,224.82929627332584,0.2593850333104848,1.0048558174491673,1.0098314896213985
144165.0390625,0.8973388671875,116.3623046875,0.2883056640625,0.22458496093750002,41753.72397899628,9119.140625,0.1599096711820425,1.0049720514158935,0.00021841817989831736,355.7277679623358,0.1701766649156996,1.0049652401769713,0.00023728609161646175,334.30438237708063,0.1701766649156996,1.0049652401769713,1.0099619790223169
144384.765625,1.178955078125,361.650390625,0.21616210937500002,0.312255859375,27976.083278656006,6238.28125,0.2022677180404712,1.0051437683832825,8.41986460090191e-5,357.25875419297574,0.26514316723739406,1.0051274332567441,0.00011784522219090373,270.6631310089174,0.26514316723739406,1.0051274332567441,1.0102975759691
144458.0078125,1.2679443359375,302.6318359375,0.2569580078125,0.1815185546875,49528.74839305878,6611.328125,0.19179018017538702,1.005082301635195,9.838647690572977e-5,361.6295640657194,0.2404391270741725,1.0050868412533032,0.00013019100106594756,286.46134439037394,0.2404391270741725,1.0050868412533032,1.010194995750118
144677.734375,1.101318359375,182.685546875,0.30610351562500004,0.146142578125,12895.92695236206,7824.21875,0.16925317147579919,1.0049570471981129,0.00014628800890503394,366.01224339345976,0.19052914549432934,1.0038954570878011,0.00017211914142652756,325.68018338081816,0.19052914549432934,1.0038954570878011,1.0088718142505564
144750.9765625,1.3807373046875,73.1982421875,0.18576660156250002,0.3529052734375,66082.3963880539,7447.265625,0.1610463710703471,1.0049677352905209,0.0003268853430898015,385.61682485282586,0.17253492654461192,1.0049818278626046,0.00036003400787960345,360.3058999400099,0.17253492654461192,1.0049818278626046,1.0099743115552098
144970.703125,1.474853515625,315.830078125,0.262451171875,0.110107421875,22322.030544281006,8316.40625,0.20041737156052017,1.0050057021659626,9.630530506683793e-5,320.2136506425569,0.26133640124116325,1.0049467815070428,0.00013236381510294925,244.3551537356551,0.26133640124116325,1.0049467815070428,1.0099772457879097
145043.9453125,1.0072021484375,258.1396484375,0.22707519531250003,0.39069824218750004,57852.66578197479,8939.453125,0.18414550077927405,1.00505225511915,9.884142833610961e-5,326.29029216867264,0.2227259009291473,1.005022419684573,0.00012563544580756334,268.07408015593734,0.2227259009291473,1.005022419684573,1.0101000493492849
145263.671875,1.848388671875,130.224609375,0.23989257812500003,0.24750976562500002,50023.47135543823,4839.84375,0.1753499847302538,1.0050677204904124,0.00021091188644636687,432.17641414450446,0.2028487319210531,1.0050619890838444,0.0002570744655597843,372.7594440942233,0.2028487319210531,1.0050619890838444,1.0101553623200592
145336.9140625,0.6336669921875,189.4091796875,0.2707275390625,0.2656005859375,28358.15131664276,4462.890625,0.16168327746391792,1.005067422248165,0.00014874063539215983,470.47004083487667,0.1738679354643738,1.0050204932195281,0.00016408114531201644,437.6514005694036,0.1738679354643738,1.0050204932195281,1.0101133564267306
145556.640625,0.727783203125,283.291015625,0.19624023437500002,0.19624023437500002,40598.37484359741,3332.03125,0.171537135073716,1.0050640400173625,0.0001042973893832237,493.3503916753156,0.19466710826715009,1.0050459320035146,0.00012359835305595913,434.3413671840831,0.19466710826715009,1.0050459320035146,1.0101355248224677
145629.8828125,1.7542724609375,396.9287109375,0.31203613281250003,0.2905029296875,36888.787150382996,3955.078125,0.2168598134283379,1.0021329045930658,9.671080341944912e-5,434.4507772190093,0.30234321549623744,1.0021962529225472,0.0001435207755746898,310.65214373279986,0.30234321549623744,1.0021962529225472,1.004333841913559
145849.609375,1.400146484375,263.701171875,0.17133789062500002,0.31840820312500007,70536.81135177612,4042.96875,0.19473442845219877,1.0051632023152237,0.00011534688390614675,423.72450775272097,0.24676982879006928,1.0051586633538916,0.000156363218360298,331.96528727342246,0.24676982879006928,1.0051586633538916,1.0103485008916875
145922.8515625,1.1170654296875,332.1826171875,0.3556884765625,0.1876708984375,5783.152461051941,4666.015625,0.18138602267335613,1.0051479572527484,9.997631513105026e-5,442.7981628169719,0.2168006975367114,1.0051191687520498,0.00012422868162142883,367.8407970822594,0.2168006975367114,1.0051191687520498,1.0102934792667033
146142.578125,1.023681640625,67.470703125,0.130029296875,0.27534179687500004,61357.43856430054,3535.15625,0.15752290547905246,1.0050318640161948,0.0003583919269797097,516.0164633804922,0.16528212594467723,1.0050303585322233,0.0003817077094057414,492.20720445439974,0.16528212594467723,1.0050303585322233,1.010087534628505
146215.8203125,1.4935302734375,166.4990234375,0.39934082031250007,0.2184326171875,14070.767283439636,3158.203125,0.16974714859403817,1.005130013473527,0.00018673579123626782,532.1830302003585,0.1908917116735117,1.005152431326625,0.00021848449127499377,472.14349628727206,0.1908917116735117,1.005152431326625,1.010308876842279
146435.546875,0.647216796875,381.240234375,0.36762695312500004,0.363525390625,26085.818767547607,7058.59375,0.17498223150068026,1.0050071931806162,7.6119648103339e-5,384.6843685868048,0.2026539486385429,1.0050306960882962,9.273625699299165e-5,331.0560375704721,0.2026539486385429,1.0050306960882962,1.0100630789360594
146508.7890625,1.8699951171875,278.3935546875,0.1031494140625,0.11911621093750001,55500.44333934784,7681.640625,0.22320896095989276,1.0049138234414488,0.00011009140793868243,291.6025887658287,0.31801959519762135,1.0047748073953446,0.0001675892534045707,204.22875837383003,0.31801959519762135,1.0047748073953446,1.009712093397301
146728.515625,1.776611328125,204.931640625,0.32631835937500003,0.34272460937500004,35482.553005218506,8550.78125,0.19089811594955738,1.0051721392644488,0.00013677459912110978,339.6236222328621,0.2386588306984542,1.0051919630737554,0.00017942969707902863,269.62848276610765,0.2386588306984542,1.0051919630737554,1.0103909558942774
146801.7578125,0.7406005859375,135.2880859375,0.14680175781250002,0.1744873046875,47268.65470409393,8173.828125,0.16061286116019433,1.0044040344844052,0.0001950067810451553,368.11507259293023,0.17150734614192112,1.0048653130493368,0.00020937433001930555,344.541839537057,0.17150734614192112,1.0048653130493368,1.0092907745401887
147021.484375,1.300537109375,195.966796875,0.252197265625,0.24223632812500004,66284.03425216675,2011.71875,0.17510666553910606,1.005191875444139,0.0001565154922337041,585.9076826200655,0.20244793086293011,1.0052267797118277,0.0001897571581316134,505.8880896428023,0.20244793086293011,1.0052267797118277,1.0104457919452043
147094.7265625,1.2049560546875,128.9794921875,0.22092285156250002,0.26149902343750003,8503.752589225769,2634.765625,0.16598362459898092,1.0051221013943785,0.00021480317505501794,551.3267044913568,0.182888178861958,1.0050884893434724,0.00024460112157073134,500.68397207710825,0.182888178861958,1.0050884893434724,1.0102366544962125
147314.453125,0.924072265625,392.861328125,0.29291992187500004,0.20151367187500002,58182.96194076538,5503.90625,0.18542042513757037,1.0050962000136863,8.074764072185475e-5,402.3324790307904,0.22579689162753444,1.0050785380178537,0.00010305280521393074,327.9896417610552,0.22579689162753444,1.0050785380178537,1.010200619277056
147607.421875,0.547607421875,79.755859375,0.20473632812500003,0.14204101562500002,31452.365398406982,9027.34375,0.15368840138208528,1.004962419050798,0.00031820900292894546,367.15289503720396,0.1574270097908422,1.0049365045459417,0.0003276926777492371,358.47230468499737,0.1574270097908422,1.0049365045459417,1.0099234206009429
147680.6640625,1.9578857421875,181.4404296875,0.32463378906250007,0.3476318359375,52699.65064525604,9650.390625,0.19108204367433498,1.0051355939448117,0.00014899690669999312,322.2816540183271,0.23902898074083465,1.0051437240198113,0.00019593547221831773,255.7813359263782,0.23902898074083465,1.0051437240198113,1.010305734042553
147900.390625,1.677001953125,254.072265625,0.24545898437500002,0.114208984375,39016.6335105896,6519.53125,0.1950181945777198,1.0049885183666063,0.00012040848221276285,358.70823099148475,0.24829930219047067,1.0050063197546788,0.00016132314801605146,280.14441795394737,0.24829930219047067,1.0050063197546788,1.0100198122393305
147973.6328125,0.8284912109375,325.2099609375,0.28156738281250004,0.3959716796875,42300.774455070496,6142.578125,0.17965823262479474,1.0055985374740721,9.095862854158478e-5,395.33395665921086,0.21291723227457687,1.0048818992411754,0.00011177917987820569,331.3136716026365,0.21291723227457687,1.0048818992411754,1.010507768211094
148193.359375,1.200927734375,276.982421875,0.12211914062500001,0.36762695312500004,11141.547679901123,9855.46875,0.19982016442545378,1.0048169728185665,9.401427746310989e-5,288.5330033967267,0.2595731592161492,1.0047295935131553,0.00012927203724205551,220.9710749778347,0.2595731592161492,1.0047295935131553,1.0095693486551176
148266.6015625,1.2928466796875,387.9638671875,0.38615722656250007,0.12438964843750001,71655.07781505585,9478.515625,0.1926291066592541,1.0051057333053832,8.420005838343178e-5,325.79453616242273,0.24323053348652682,1.0050811989942758,0.00011065737906528543,256.92641892955294,0.24323053348652682,1.0050811989942758,1.0102128755465953
148486.328125,1.574462890625,144.501953125,0.16518554687500003,0.338623046875,16657.960414886475,6347.65625,0.17831395699695038,1.004995530004868,0.00017836025346472972,378.9838747536164,0.20926685261087855,1.004974835470035,0.0002217849201469257,322.0742872815786,0.20926685261087855,1.004974835470035,1.0099952174147628
148559.5703125,0.9193115234375,201.0302734375,0.3454345703125,0.16921386718750003,63220.45600414276,6970.703125,0.16596276845381414,1.0050384087478275,0.00014189735865193127,393.0164489590453,0.18267489894713174,1.0050577157125078,0.00016370778200599476,356.78080428117335,0.18267489894713174,1.0050577157125078,1.0101216072994252
148779.296875,1.947998046875,330.771484375,0.337158203125,0.32368164062500004,55287.768840789795,2871.09375,0.20986554705654806,1.0015076450176545,0.00011449823817814484,503.72537290567766,0.2839536453008139,1.0016486097436355,0.00016617050751350246,368.8997513141969,0.2839536453008139,1.0016486097436355,1.003158740279556
148852.5390625,0.5457763671875,270.4248046875,0.1523681640625,0.1917724609375,22918.22898387909,2494.140625,0.1657193626549552,1.0050326595555332,0.00010714085275929237,550.7889314378883,0.18232199430651766,1.0050352865033927,0.00012167561367052007,500.99930338647283,0.18232199430651766,1.0050352865033927,1.0100932869416621
149072.265625,0.827392578125,175.712890625,0.380224609375,0.27006835937500007,46535.98928451538,5363.28125,0.16243423583155053,1.0044808635927636,0.00016576349944617336,445.2011886679405,0.17546359730749578,1.0050486952487336,0.00018392119995608216,412.2711608253782,0.17546359730749578,1.0050486952487336,1.0095521813562283
149145.5078125,1.6663818359375,63.5693359375,0.1116455078125,0.21433105468750002,34770.52390575409,5986.328125,0.16126301806514529,1.0049252003849458,0.00038064965560168155,417.9709347061755,0.1729722289772089,1.004930764659047,0.0004194216055379391,390.0898346675095,0.1729722289772089,1.004930764659047,1.0098802500479898
149365.234375,0.702880859375,368.623046875,0.14204101562500002,0.103955078125,63781.882762908936,4699.21875,0.18013532451861586,1.0045674059415517,8.02715407044378e-5,414.6963948502254,0.21269453961274384,1.0049841057477649,9.944665779822272e-5,348.7957920842385,0.21269453961274384,1.0049841057477649,1.0095742761235222
149438.4765625,1.7322998046875,312.2607421875,0.33107910156250003,0.3857177734375,15990.492701530457,4072.265625,0.2034570737760012,1.0031089745108919,0.00011425404279524195,450.556995358985,0.26886084876204625,1.0034348387428804,0.00015989432430851472,338.5683527275963,0.26886084876204625,1.0034348387428804,1.006554492079873
149658.203125,1.826416015625,214.892578125,0.10776367187500001,0.15229492187500002,73674.78322982788,3191.40625,0.1980782526214435,1.0050504826194373,0.000143252860719836,439.39333371370105,0.2542285268752503,1.0050181215917031,0.00019840073614769524,340.80436571497995,0.2542285268752503,1.0050181215917031,1.0100939481470215
149731.4453125,0.6087646484375,104.0771484375,0.3630126953125,0.3578857421875,6053.730845451355,3564.453125,0.15630004009202592,1.0050341067634132,0.00025720588152030216,524.227681225961,0.16279433309469804,1.004961762953821,0.0002711015339308091,503.60301665523417,0.16279433309469804,1.004961762953821,1.0100208477616786
149951.171875,1.449951171875,231.162109375,0.39458007812500007,0.20532226562500003,34678.25651168823,7714.84375,0.17898619578527722,1.0051284275561665,0.00013051875385120752,370.1903157697984,0.2114175987123067,1.0051260158556912,0.00016005070164675457,311.6143181371484,0.2114175987123067,1.0051260158556912,1.0102807318128253
150024.4140625,0.9852294921875,343.4716796875,0.1347900390625,0.29841308593750004,46804.37934398651,7087.890625,0.19576420032033437,1.0049719654895042,8.18291080290858e-5,336.1715450691462,0.24959062365347037,1.0048764609797123,0.00011073548460209248,262.080890820341,0.24959062365347037,1.0048764609797123,1.0098726720649185
150244.140625,1.079345703125,97.353515625,0.36030273437500004,0.23842773437500003,26340.745449066162,8207.03125,0.15886855463764407,1.004958506725405,0.0002732880162071454,379.06037597087004,0.16803871591281735,1.0049350947421762,0.0002945858711869032,358.43106905693656,0.16803871591281735,1.0049350947421762,1.0099180721680507
150317.3828125,1.3558349609375,157.8662109375,0.16672363281250002,0.2576904296875,56027.092814445496,8580.078125,0.17712673974224377,1.0048650422387317,0.0001560866023105496,335.2107937639936,0.20675092177370283,1.004926509174992,0.0001919422414305869,286.33992936332805,0.20675092177370283,1.004926509174992,1.0098155190889495
150537.109375,1.798583984375,120.263671875,0.30727539062500003,0.28559570312500004,23088.538646697998,7417.96875,0.17163958487599695,1.0050599663499766,0.00022187593649923787,376.92129994496906,0.1949578900147576,1.0050211769076214,0.0002623524348179767,331.00280954530155,0.1949578900147576,1.0050211769076214,1.0101065502437878
150610.3515625,0.7655029296875,220.6201171875,0.20100097656250002,0.22985839843750003,60585.902094841,7791.015625,0.1685498805822949,1.0049145329579183,0.00012146632727755791,363.7502517257123,0.1877769456410154,1.004686919559241,0.00014610383936601798,326.73019412094914,0.1877769456410154,1.004686919559241,1.0096244865378043
150830.078125,0.672119140625,295.908203125,0.27534179687500004,0.30815429687500007,15372.300624847412,8910.15625,0.17175441928894566,1.0050411021573722,9.134260648494941e-5,344.44840649466704,0.19533749378618223,1.0050130215434412,0.00010744231223928791,301.9342319565338,0.19533749378618223,1.0050130215434412,1.010079394854531
150903.3203125,1.8919677734375,363.0615234375,0.23527832031250004,0.17624511718750002,70187.7259016037,8283.203125,0.2246920251075842,1.0050750620972013,9.971972089430173e-5,306.30750771216793,0.3228331837533274,1.0051104609672226,0.00015183185513681675,212.0475683843369,0.3228331837533274,1.0051104609672226,1.010211458971178
151123.046875,1.045654296875,152.802734375,0.22231445312500003,0.33071289062500003,41560.42814254761,4433.59375,0.1666409596996727,1.0049964240024267,0.00018578637552420436,462.3408236707399,0.18424575420014236,1.0050855327405435,0.00021369790114760545,418.33356191443625,0.18424575420014236,1.0050855327405435,1.0101073662208202
151196.2890625,1.5184326171875,81.8310546875,0.2672119140625,0.1613037109375,37627.21335887909,4806.640625,0.16082943413334594,1.004993987340533,0.0003266733631025251,460.4608848921901,0.17209001925374826,1.004991127439049,0.000358341875964959,430.59456761302,0.17209001925374826,1.004991127439049,1.0100100404068275
151416.015625,1.425048828125,348.369140625,0.19038085937500002,0.37553710937500007,50577.218532562256,3925.78125,0.20761482478552076,1.0051836574984505,9.895673075939591e-5,419.7917154819534,0.27803961300821306,1.0052834069361687,0.00014271145739785105,312.318754764748,0.27803961300821306,1.0052834069361687,1.0104944518066012
151489.2578125,1.1390380859375,246.8505859375,0.3014892578125,0.13229980468750002,27476.906657218933,3298.828125,0.17352157052390155,1.005049505524461,0.00013219213639674231,504.1277752000938,0.1989315110145071,1.0049790291921978,0.00015887941239797632,438.50223646769956,0.1989315110145071,1.0049790291921978,1.0100536763520713
151708.984375,0.902099609375,137.529296875,0.38813476562500004,0.293798828125,35554.358959198,3136.71875,0.16078113250763193,1.0051813947457526,0.00021056316176494962,542.3349836435777,0.17202681239961512,1.005104364447323,0.00023013366712595811,507.0304958061656,0.17202681239961512,1.005104364447323,1.0103122069202033
151782.2265625,1.5565185546875,208.6669921875,0.12248535156250001,0.2005615234375,40036.192774772644,3509.765625,0.18845121520396,1.0050507393308652,0.00014407853388437043,445.61726127126036,0.23199746578158983,1.0050025340193565,0.00018953523783833928,360.44556617214795,0.23199746578158983,1.0050025340193565,1.0100785398455472
152001.953125,1.275634765625,281.298828125,0.34448242187500006,0.262451171875,27455.42287826538,4628.90625,0.181710115783387,1.0051661355885388,0.00011842586157179724,446.60089862972694,0.21740231177833896,1.0052087395523934,0.00014819077600424828,370.74243485181216,0.21740231177833896,1.0052087395523934,1.0104017841957054
152294.921875,1.649169921875,170.068359375,0.15317382812500002,0.39985351562500004,62501.95646286011,8152.34375,0.18855546585939734,1.0049402244965921,0.00014991624088619678,330.511071689567,0.23280410058830492,1.0049065612043278,0.00019521889498237853,266.1385596402501,0.23280410058830492,1.0049065612043278,1.0098710252147756
152368.1640625,0.8094482421875,69.8779296875,0.33869628906250004,0.1179443359375,25357.47230052948,8525.390625,0.1542710360097519,1.003784001477454,0.0003702485915474511,377.6525028445305,0.15874083909004452,1.0049050999526303,0.00038327290964990525,367.87836779332724,0.15874083909004452,1.0049050999526303,1.008707662335552
152587.890625,0.528564453125,333.759765625,0.109521484375,0.34389648437500003,71835.75582504272,7644.53125,0.17272385983736915,1.0048402660900821,7.889298417722452e-5,354.62124960983954,0.19722816675102947,1.0048213927850438,9.421473487993729e-5,310.0608523961787,0.19722816675102947,1.0048213927850438,1.0096849956991303
152661.1328125,1.9300537109375,266.7724609375,0.3800048828125,0.13815917968750002,14717.141032218933,7017.578125,0.19119093390980682,1.0050695271826884,0.0001292893278972817,374.246757562061,0.2398066506892942,1.0050767609725513,0.00016882618003910126,297.1653540642473,0.2398066506892942,1.0050767609725513,1.01017202493299
152880.859375,1.599365234375,399.169921875,0.22055664062500002,0.166064453125,47223.15168380737,8980.46875,0.2215698764838751,1.0050464188142512,8.802020883964106e-5,296.38468152185493,0.31478369593416683,1.005066473416507,0.00013222357548571144,207.49810249576873,0.31478369593416683,1.005066473416507,1.010138459777529
152954.1015625,0.9412841796875,287.0263671875,0.2502197265625,0.3353271484375,34481.95159435272,8353.515625,0.18135624817315454,1.0050204497817035,9.679372637472613e-5,343.5880960427305,0.21654655795812272,1.0050394402101435,0.0001209294394726621,286.1739182595775,0.21654655795812272,1.0050394402101435,1.0100851902483499
153173.828125,1.222900390625,192.314453125,0.179248046875,0.127685546875,55764.894008636475,7472.65625,0.17736461773547565,1.0045532332643634,0.0001427918330447153,356.5609420207322,0.2065987242431388,1.004908907896507,0.00017167848720970499,303.6857770992968,0.2065987242431388,1.004908907896507,1.0094844925635964
153247.0703125,1.3177490234375,131.9677734375,0.29387207031250007,0.37077636718750007,25560.696482658386,7845.703125,0.1679992925305587,1.0050377590246193,0.00020294072618611404,373.4305842860677,0.1871092802368645,1.004926619559409,0.00023520760119190927,334.9033922622171,0.1871092802368645,1.004926619559409,1.0099891977061748
153466.796875,0.846435546875,261.708984375,0.323095703125,0.215869140625,17527.78959274292,3996.09375,0.1690144792418061,1.0050956639177582,0.00012141269866951114,481.9527085620102,0.189326565233223,1.005045651624361,0.00014141334577501822,429.5728370007823,0.189326565233223,1.005045651624361,1.010167026487043
153540.0390625,1.6942138671875,318.2373046875,0.20393066406250002,0.2714599609375,66645.14243602753,3369.140625,0.20711632003096564,1.004511511585982,0.00011357995877782439,443.95673856372724,0.2775238547490007,1.0041615020221115,0.0001617610633420478,330.35080126348504,0.2775238547490007,1.0041615020221115,1.0086917882726814
153759.765625,1.975830078125,74.775390625,0.28178710937500007,0.19038085937500002,7987.679958343506,4488.28125,0.16286074768637626,1.0050387318265266,0.0003598756948480803,470.1475843044786,0.17633262024952331,1.0050401415750307,0.0004004801002324238,434.44266939820255,0.17633262024952331,1.0050401415750307,1.0101042693233215
153833.0078125,0.5648193359375,185.7568359375,0.24758300781250003,0.3221435546875,76758.17954540253,4861.328125,0.1603255382424081,1.0044937896348678,0.00015658431393913088,459.0372796813327,0.17108805490173928,1.0050190221506916,0.0001705300888553135,430.5348877892653,0.17108805490173928,1.0050190221506916,1.0095353662152773
154052.734375,1.898193359375,299.560546875,0.20297851562500002,0.36176757812500004,26821.46406173706,5574.21875,0.21699715433553005,1.0052694662867938,0.00011569322471059616,364.5668004478628,0.30223179953399787,1.0052443541347906,0.00017239157034919418,261.1668861898042,0.30223179953399787,1.0052443541347906,1.0105414553688938
154125.9765625,0.6776123046875,360.0732421875,0.30764160156250003,0.1560302734375,58868.468165397644,5197.265625,0.17123742487575788,1.0050008194233162,9.025163224832225e-5,431.6749107377866,0.19408398461372475,1.0050485108407696,0.00010316255096462883,378.83851067728864,0.19408398461372475,1.0050485108407696,1.0100745769551571
154345.703125,0.771728515625,113.955078125,0.23432617187500002,0.3819824218750001,34888.803005218506,2066.40625,0.15979233478815583,1.005209659361429,0.00023529329210407565,609.389297395741,0.1699918211305879,1.0051305339562768,0.000254895918896991,573.4812378140484,0.1699918211305879,1.0051305339562768,1.0103669216519604
154418.9453125,1.8040771484375,226.2646484375,0.27395019531250003,0.10007324218750001,48372.99048900604,2689.453125,0.18393868004504665,1.005024917257749,0.0001563103718319797,519.9857440152945,0.22198496414872007,1.0050537475657788,0.0001997099002243304,428.47149279380085,0.22198496414872007,1.0050537475657788,1.0101040594868873
154638.671875,1.145263671875,353.349609375,0.26801757812500004,0.25688476562500007,73623.99625778198,6589.84375,0.19237022747842894,1.0051315774732856,9.034977319298141e-5,369.33477217921865,0.24212532864952047,1.0051427805361113,0.00011948783986775304,291.68244023096753,0.24212532864952047,1.0051427805361113,1.0103007485861462
154711.9140625,1.4305419921875,242.5341796875,0.22385253906250002,0.23747558593750004,6681.851267814636,6212.890625,0.18824318128728773,1.0050848305604776,0.0001236377337259111,375.9393600048514,0.23223203322505875,1.0050330072549927,0.00016050414687360308,302.8397529519493,0.23223203322505875,1.0050330072549927,1.0101434298045715
154931.640625,1.524658203125,145.166015625,0.29936523437500007,0.29936523437500007,65011.15560531616,9082.03125,0.1731699340497771,1.0049983749584597,0.00018223036878187396,344.78180022363233,0.1983167459020935,1.0049816760578125,0.00021727536308247672,300.0713554773646,0.1983167459020935,1.0049816760578125,1.0100049513011307
155004.8828125,1.0511474609375,88.8037109375,0.19016113281250002,0.20612792968750002,18825.28007030487,9705.078125,0.1590246090346697,1.0049552823452155,0.00029011682184751055,348.68135462633103,0.1683562316696817,1.004859798846455,0.00031234704102402856,329.41933706884777,0.1683562316696817,1.004859798846455,1.0098391628670955
155224.609375,0.603271484375,210.576171875,0.33071289062500003,0.177783203125,55081.24494552612,6292.96875,0.1604204218227373,1.0049898544681763,0.00014212555624109092,417.87626924144786,0.17125286810324125,1.0049828976097381,0.00015411995619562518,391.409405764033,0.17125286810324125,1.0049828976097381,1.009997616011817
155297.8515625,1.8201904296875,109.0576171875,0.1400634765625,0.3095458984375,32387.46154308319,6916.015625,0.17402665600122408,1.0048070559442248,0.0002313679181957903,372.46489344748903,0.19986125411685418,1.0048888100074955,0.00028357414849589844,324.48774139031275,0.19986125411685418,1.0048888100074955,1.0097193667349271
155517.578125,1.726806640625,375.595703125,0.3644042968750001,0.22846679687500002,47190.56844711304,9785.15625,0.20870850782538558,1.0052404540092978,9.655816645896389e-5,319.23977628921887,0.2827472990053211,1.0051774806341633,0.00013659847258710553,234.5620258726699,0.2827472990053211,1.0051774806341633,1.0104450669926086
155590.8203125,0.6966552734375,304.6240234375,0.1087158203125,0.2840576171875,43585.110545158386,9408.203125,0.17792723268785568,1.004996071325252,8.662763285557183e-5,318.8806873775453,0.2096816415676302,1.004475796828808,0.00010514695991360107,270.4171907931413,0.2096816415676302,1.004475796828808,1.009494229554254
155810.546875,1.350341796875,94.365234375,0.13325195312500002,0.129150390625,10306.704998016357,5308.59375,0.16261112042556702,1.0049495967376187,0.000287210313172226,434.7527402480447,0.17574981114160157,1.0049478436155517,0.00031966319037394586,402.6136973244366,0.17574981114160157,1.0049478436155517,1.0099219301837883
155883.7890625,1.0731201171875,161.5185546875,0.3937744140625,0.37224121093750007,69696.57981395721,5931.640625,0.16541305476775173,1.0053389879881518,0.00018536784550990157,430.03632085596,0.1817700584942543,1.0051408357419955,0.00020917965281415992,390.8313816254381,0.1817700584942543,1.0051408357419955,1.010507270590423
156103.515625,0.979736328125,236.806640625,0.16694335937500002,0.164599609375,17608.468532562256,2800.78125,0.17348859580994894,1.0050673427832213,0.0001316205104412475,516.1306861506424,0.20002439712322184,1.0049931088236708,0.00015763859747409332,448.4737295565457,0.20002439712322184,1.0049931088236708,1.0100857534008556
156176.7578125,1.4437255859375,337.1630859375,0.3624267578125,0.3338623046875,59597.11539745331,2423.828125,0.19024476194944517,1.0053915988205626,0.00011571808466057878,561.3267344380357,0.23662890240687232,1.0053492919657352,0.00015352338086605189,447.7146690696982,0.23662890240687232,1.0053492919657352,1.010769732022551
156396.484375,1.909912109375,100.341796875,0.149072265625,0.157861328125,39201.4536857605,9761.71875,0.17315427049273632,1.005163076035611,0.00023672972417401747,322.8403875211981,0.19828935146962423,1.0049224352961057,0.0002813640793124267,281.3777085369033,0.19828935146962423,1.0049224352961057,1.0101109262394308
156469.7265625,0.5018310546875,160.8544921875,0.34279785156250003,0.3271240234375,51659.666895866394,9384.765625,0.15725403614450706,1.0051220978366942,0.0001757527952171004,360.15035362127935,0.1647074522881101,1.0050003438779407,0.0001853957503554009,343.82918398854525,0.1647074522881101,1.0050003438779407,1.0101480539651948
156689.453125,0.783447265625,233.486328125,0.11479492187500001,0.135888671875,28183.87746810913,6253.90625,0.17099652597668324,1.004660300507182,0.00012257153489765932,389.7747934617222,0.19324107105046573,1.0048209665802417,0.00014292337958483902,343.7958358986301,0.19324107105046573,1.0048209665802417,1.0095037342404225
156982.421875,1.156982421875,217.880859375,0.38286132812500007,0.22641601562500002,64479.70914840698,2777.34375,0.16959625315665572,1.005203036987918,0.00015325304192242888,554.0920366366021,0.19061287981009004,1.0051150540832445,0.00017866846188059057,491.88461282108517,0.19061287981009004,1.0051150540832445,1.0103447048867527
157055.6640625,1.2547607421875,107.0654296875,0.12775878906250002,0.28200683593750003,13012.883067131042,2400.390625,0.1646284163717297,1.0050108624269787,0.00025727602292286686,562.7922151510925,0.18006354572236455,1.005082437607816,0.0002896734349757334,515.1998871212911,0.18006354572236455,1.005082437607816,1.0101187674304413
157275.390625,1.536376953125,370.947265625,0.34858398437500004,0.17983398437500003,75019.4411277771,5269.53125,0.19609310966348528,1.0046510299053102,0.0001020826940685362,412.976909037755,0.2518550223099892,1.0042031475071964,0.00013587894344643675,320.68217227808276,0.2518550223099892,1.0042031475071964,1.008873726377259
157348.6328125,0.8753662109375,314.5849609375,0.1596923828125,0.31159667968750004,6016.960978507996,5892.578125,0.18267107107350256,1.0050122900451683,9.344880056012135e-5,384.4676825784843,0.21928547242880528,1.0049796507061668,0.00011822510217787354,318.7155779727522,0.21928547242880528,1.0049796507061668,1.0100169002049981
157568.359375,0.591552734375,351.357421875,0.31899414062500003,0.302001953125,44376.10578536987,2105.46875,0.16890608809418703,1.004796627246923,9.3270448887537e-5,596.1213106021037,0.18914245505295704,1.0050291572622265,0.00010822228803261051,531.829493979764,0.18914245505295704,1.0050291572622265,1.0098499075019027
157641.6015625,1.9959716796875,249.8388671875,0.20803222656250003,0.20876464843750003,40235.91887950897,2728.515625,0.1985302429797566,1.0051939060329032,0.00014655650745159314,488.5078441912949,0.2572347043686845,1.003967364699572,0.00019781668880405442,375.09840925589054,0.2572347043686845,1.003967364699572,1.009181876851923
157861.328125,1.715087890625,155.126953125,0.28706054687500004,0.254248046875,55691.834926605225,5597.65625,0.17517857511325513,1.0051181328371164,0.00019328010555700424,417.24268989774254,0.20264975295550647,1.0050995866540904,0.0002340122385707236,359.40419791422113,0.20264975295550647,1.0050995866540904,1.0102438198531167
157934.5703125,0.8724365234375,84.1552734375,0.24230957031250003,0.23483886718750002,32281.521677970886,5220.703125,0.15657166415335663,1.0049665283190425,0.00032598571296087707,455.6672245033898,0.16333432879591986,1.0050009727399916,0.0003444621491228178,436.974303265264,0.16333432879591986,1.0050009727399916,1.00999233853177
158154.296875,1.338623046875,298.896484375,0.21528320312500002,0.3893066406250001,23228.442668914795,9121.09375,0.20018260965646748,1.0051383695909089,9.949858436326932e-5,315.6454848417326,0.2608592497019541,1.005035562295794,0.000136730203995187,240.97617293893313,0.2608592497019541,1.005035562295794,1.0101998064668767
158227.5390625,1.2489013671875,366.0498046875,0.2554931640625,0.10739746093750001,61957.65769481659,9744.140625,0.19770826142033943,1.0049371172342787,8.627618977353617e-5,307.02691496509556,0.25524773370308385,1.0050242928071516,0.00011644875972798665,236.9477552298094,0.25524773370308385,1.0050242928071516,1.0099862155640384
158447.265625,0.968017578125,122.587890625,0.183349609375,0.35444335937500004,11257.79104232788,6613.28125,0.1623034039895163,1.0049983456526446,0.00022744028922568578,405.1247148715877,0.17517311397096247,1.0049263609383274,0.00025203654107925445,375.5751264202156,0.17517311397096247,1.0049263609383274,1.0099493302457514
158520.5078125,1.6195068359375,222.9443359375,0.2897705078125,0.1487060546875,71112.80906200409,6236.328125,0.18313048197388382,1.0050430885773658,0.00014218313030103766,388.81454130930507,0.22068486725911504,1.0050605842755622,0.0001789411907833764,320.97553696684133,0.22068486725911504,1.0050605842755622,1.0101291938276828
158740.234375,1.031005859375,251.748046875,0.263916015625,0.18833007812500002,29959.617137908936,7449.21875,0.1756347324890849,1.0046091069067538,0.00011720884908532605,367.7967712769135,0.20383529529250405,1.005001479341954,0.000141268783829692,315.7389707034801,0.20383529529250405,1.005001479341954,1.0096336386016866
158813.4765625,1.4979248046875,322.8857421875,0.2279541015625,0.32009277343750003,53453.87160778046,7822.265625,0.20593857276032665,1.0051191246125193,0.00010063446819515358,332.5940649151596,0.27500634469704,1.0051679057686536,0.00014212536595925658,248.11362418754274,0.27500634469704,1.0051679057686536,1.0103134855347884
159033.203125,1.404541015625,76.767578125,0.30463867187500004,0.21791992187500003,40886.33108139038,8941.40625,0.15914339373855016,1.0048895241698221,0.0003443425318560462,366.13941160580794,0.16860754369693906,1.0049641371168054,0.00037285661490685424,345.7275614876711,0.16860754369693906,1.0049641371168054,1.0098779335550425
159106.4453125,1.1243896484375,178.4521484375,0.18488769531250002,0.27351074218750004,44194.722056388855,8314.453125,0.17288775337827839,1.004906581886984,0.00015024090736918787,350.4993113838858,0.19772184953834002,1.0046891246380376,0.0001852898924943581,307.2017570870806,0.19772184953834002,1.0046891246380376,1.0096187140990365
159326.171875,1.778076171875,390.537109375,0.19770507812500002,0.12094726562500001,74559.29899215698,4464.84375,0.21925899292578285,1.0050048752665004,0.0001015020006075025,385.5548647892578,0.3088651839881834,1.0042795614770992,0.0001512546173420816,274.3830332345236,0.3088651839881834,1.0042795614770992,1.0093058554149879
159399.4140625,0.7508544921875,290.3466796875,0.31291503906250007,0.3640380859375001,13519.375681877136,4837.890625,0.1706799104414966,1.005176349423011,0.00010939024503631388,450.4113275364691,0.1929727321471432,1.0051153471089682,0.00012846132928488328,397.38175908403684,0.1929727321471432,1.0051153471089682,1.0103181753560353
159619.140625,0.657470703125,192.978515625,0.23842773437500003,0.17280273437500002,64809.43441390991,3957.03125,0.16121247662913085,1.0049395384761406,0.00015784981148919908,489.91933570356105,0.17289731481196005,1.0049869748183748,0.0001734373856335116,457.0171233034919,0.17289731481196005,1.0049869748183748,1.0099511466485103
159692.3828125,1.8714599609375,125.9912109375,0.26984863281250004,0.34206542968750003,21992.08915233612,3330.078125,0.17257825686323397,1.0051389417258727,0.00024333875593367176,507.9529239607696,0.19697800510040867,1.0051878158193879,0.00029104457721551455,444.38248313405137,0.19697800510040867,1.0051878158193879,1.010353417428441
159912.109375,1.470458984375,173.388671875,0.129150390625,0.3512207031250001,57347.571849823,4667.96875,0.18008951318760458,1.0050391050049956,0.00016749464479755781,422.5137266903069,0.21344097537983742,1.0050326050989986,0.00020921455059734492,355.4945203584182,0.21344097537983742,1.0050326050989986,1.0100970699295369
159985.3515625,0.9998779296875,61.2451171875,0.39787597656250007,0.14548339843750002,23084.559321403503,4041.015625,0.15434873104131305,1.0049699353980235,0.0004283467971649903,504.66807497335617,0.15879674072635774,1.0050137375736559,0.0004440934710327343,490.6989913578389,0.15879674072635774,1.0050137375736559,1.010008590923523
160205.078125,1.093994140625,327.783203125,0.17221679687500002,0.39252929687500004,46703.23324203491,3160.15625,0.1896947337668062,1.0052530302223857,0.00010306028915123395,475.2731235558718,0.23526223918025085,1.005250359153025,0.00013611956139294342,381.19325583714476,0.23526223918025085,1.005250359153025,1.0105309696707199
160278.3203125,1.3763427734375,267.4365234375,0.3571533203125,0.1106201171875,33438.7024641037,3533.203125,0.17623156741128132,1.0050358213919004,0.0001359063277844392,498.1502861157043,0.20504523373666086,1.0050719249678222,0.0001652177542403563,426.25993877418864,0.20504523373666086,1.0050719249678222,1.0101332876679736
160498.046875,0.717529296875,142.177734375,0.325439453125,0.26508789062500004,11545.718669891357,7683.59375,0.15868187613478352,1.0049388619452277,0.00020473961657137344,391.2295468586972,0.16767722491779294,1.0050072565500878,0.00022011077500276173,370.3467286224222,0.16767722491779294,1.0050072565500878,1.0099708486441408
160571.2890625,1.7528076171875,198.7060546875,0.14533691406250002,0.24567871093750002,79910.20286083221,7056.640625,0.1935739449691185,1.004854310403244,0.00014391230257285908,344.7300447440458,0.2446146509777808,1.004933145655243,0.00019235247795714152,271.49253709811984,0.2446146509777808,1.004933145655243,1.009811403078762
160791.015625,1.846923828125,273.994140625,0.368505859375,0.29116210937500003,21258.553981781006,8175.78125,0.19639768088157994,1.0051452943314616,0.00012452823232847696,355.41650691065297,0.2523485771583704,1.0052263353448347,0.00016700128876042793,275.67797403215906,0.2523485771583704,1.0052263353448347,1.0103985207099204
160864.2578125,0.6234130859375,384.9755859375,0.1046142578125,0.1979248046875,70727.18131542206,8548.828125,0.18140458630151596,1.0038203776941936,7.214428372685734e-5,328.5558886272745,0.2162603704312562,1.00450092708046,8.991444822491773e-5,274.0866795944477,0.2162603704312562,1.00450092708046,1.008338500016075
161083.984375,0.855224609375,148.154296875,0.210009765625,0.378173828125,78897.55964279175,8886.71875,0.16326452715677794,1.004361860746073,0.00018616933466319838,358.2925775897638,0.1771616521878467,1.0049337316743523,0.00020849879906098247,330.4765663953767,0.1771616521878467,1.0049337316743523,1.0093171126709473
161157.2265625,1.6971435546875,91.7919921875,0.31936035156250003,0.1349365234375,10855.193018913269,8259.765625,0.1625592012862887,1.004982426706401,0.0003017730171598648,374.04956770319285,0.1756544867103483,1.0049246439974822,0.00033539789944458687,346.1524365230587,0.1756544867103483,1.0049246439974822,1.0099316073816555
161376.953125,1.978759765625,355.673828125,0.24135742187500003,0.32807617187500004,69770.79153060913,7378.90625,0.2259192349700091,1.0052513178347413,0.0001077270463335887,333.20384141208245,0.3263894045365409,1.005237703191305,0.00016479543226764268,229.3237997066577,0.3263894045365409,1.005237703191305,1.0105165258702278
161450.1953125,0.5736083984375,244.8583984375,0.28566894531250003,0.15866699218750002,19991.345286369324,7751.953125,0.16206519093099875,1.0049683429027987,0.00012201161432588397,381.0108462770421,0.17465161554354222,1.0046478069422604,0.00013526149761532502,353.50245536404753,0.17465161554354222,1.0046478069422604,1.0096392417436943
161669.921875,1.602294921875,116.943359375,0.25629882812500004,0.31547851562500007,24525.393962860107,3902.34375,0.16771882237788616,1.0051031977213383,0.0002556872404275182,486.8837938498511,0.1865790130284649,1.0051345940336756,0.00029513913573167246,437.5536202767943,0.1865790130284649,1.0051345940336756,1.0102639946035865
161743.1640625,0.9500732421875,229.2529296875,0.21682128906250003,0.18356933593750002,58952.93128490448,3275.390625,0.17015619412447863,1.0050705473175232,0.00014018214655624612,503.52531450486106,0.19174949973293817,1.00504001653342,0.00016440080887823757,446.4877762493342,0.19174949973293817,1.00504001653342,1.010136119493257
161962.890625,1.231689453125,301.884765625,0.28764648437500007,0.27827148437500004,35320.985317230225,4394.53125,0.18421514011606324,1.0051743523328558,0.00011451066072629876,446.84889918336114,0.22306578317967457,1.0052029384825487,0.00014571633341747904,366.9178027201291,0.22306578317967457,1.0052029384825487,1.0104042126522794
162036.1328125,1.3206787109375,362.3974609375,0.18312988281250003,0.22253417968750003,48980.20255565643,4767.578125,0.20162131582290838,1.0049763882877134,9.613950524541713e-5,395.25754152492544,0.263937316803409,1.0051165729266958,0.00013400042958096843,301.2209830968517,0.263937316803409,1.0051165729266958,1.0101184232679947
162255.859375,1.646240234375,239.794921875,0.34243164062500003,0.23168945312500003,10875.678539276123,3230.46875,0.18119110357537083,1.0052124446568678,0.00015271652897833307,510.893517051544,0.2159994467818577,1.005245168103411,0.00019213818702402494,426.1672264927395,0.2159994467818577,1.005245168103411,1.0104849529087336
162329.1015625,0.8006591796875,340.1513671875,0.1470947265625,0.2509521484375,74555.95672130585,3603.515625,0.17929937696916906,1.0051014077523963,9.456396758553841e-5,463.13198034224666,0.21158614622519908,1.005120191908233,0.00011791331495882682,391.32549413921174,0.21158614622519908,1.005120191908233,1.0102477198473239
162548.828125,0.519775390625,96.689453125,0.3761230468750001,0.21206054687500003,22328.065395355225,4722.65625,0.15396156275437595,1.0050396938402033,0.0002954762838792944,478.620599988713,0.15800491779650444,1.0050825267896406,0.00030520073184355043,466.389530510139,0.15800491779650444,1.0050825267896406,1.0101478350087982
162622.0703125,1.9271240234375,163.8427734375,0.1157470703125,0.3051513671875,65004.57465648651,4095.703125,0.18735168579319111,1.0050227209995706,0.0001835146928368109,428.22722276771674,0.22972846490040097,1.0050091920575206,0.0002393369894723679,347.8986033838072,0.22972846490040097,1.0050091920575206,1.0100570728312293
162841.796875,0.893310546875,378.583984375,0.126220703125,0.15024414062500002,56159.86967086792,8246.09375,0.19336323830822702,1.0033711141136834,7.800402886928983e-5,321.84498427434846,0.2435148348507014,1.0045745604260277,0.0001038858260562218,253.891127820584,0.2435148348507014,1.0045745604260277,1.0079610959049272
162915.0390625,1.5535888671875,307.6123046875,0.3820556640625,0.3558349609375,32714.844584465027,8619.140625,0.1951937883467013,1.005236579882508,0.00010995021552896078,353.09965252389634,0.24945566129668187,1.0052798542505021,0.00014669825889903829,275.25100479251006,0.24945566129668187,1.0052798542505021,1.010544082511561
163134.765625,1.272705078125,212.900390625,0.159912109375,0.10600585937500001,45914.559841156006,7738.28125,0.1807758471027059,1.0048643223157268,0.00013233372420812386,347.28003960489184,0.21521070575407697,1.0048642909304861,0.00016463409051603584,290.56990192122566,0.21521070575407697,1.0048642909304861,1.0097522747251362
163208.0078125,1.1741943359375,111.3818359375,0.3507080078125,0.38776855468750004,41866.08970165253,7111.328125,0.16180031950503165,1.0050741518220738,0.0002595403432581469,403.9171823879779,0.17415018224126713,1.0050651722794057,0.0002865330273306313,375.3231779953969,0.17415018224126713,1.0050651722794057,1.0101650255546302
163427.734375,1.382568359375,331.435546875,0.39985351562500004,0.27739257812500007,64081.22968673706,6324.21875,0.18716545964179132,1.0051518729203757,0.00010849837461674214,404.9559865845199,0.2304562026002912,1.0051202088176237,0.0001389394759971481,327.5648730199732,0.2304562026002912,1.0051202088176237,1.0102984604031535
163500.9765625,1.0994873046875,264.4482421875,0.1295166015625,0.22165527343750002,23073.058009147644,6947.265625,0.18531645170640115,1.004843895901496,0.00010936773614654144,355.1441133045282,0.22572587706932715,1.0048701574355465,0.00013891786769691154,290.17424086086976,0.22572587706932715,1.0048701574355465,1.0097376438726842
163720.703125,1.006103515625,167.080078125,0.356201171875,0.31635742187500004,75071.053981781,9816.40625,0.16499142648212123,1.0052950159022496,0.00017647084481378603,348.8664391117477,0.18112467328408965,1.0049819970917153,0.0001922203264857833,317.2196524232834,0.18112467328408965,1.0049819970917153,1.0103033927477905
163793.9453125,1.4759521484375,66.8896484375,0.1708251953125,0.1844482421875,15365.544199943542,9439.453125,0.15919696100738717,1.0049321425153015,0.00038689534284547326,355.6634842811373,0.1687108198062554,1.0048362091899008,0.000417095328638144,335.6718838228964,0.1687108198062554,1.0048362091899008,1.0097922045781607
164013.671875,0.629638671875,278.974609375,0.146142578125,0.34125976562500004,42063.63248825073,5339.84375,0.16903570163568185,1.0049863209323133,0.00010881108783401564,422.8220190886172,0.19092440002661212,1.0042012440448882,0.00012804909713961054,376.6251475249079,0.19092440002661212,1.0042012440448882,1.0092085137283242
164086.9140625,1.8524169921875,380.6591796875,0.32697753906250004,0.17185058593750002,46882.19916820526,5962.890625,0.20750301150624728,1.004662335739403,0.00010676061057193947,385.58612220590635,0.2802371510453275,1.0037430868069637,0.00014934397305603833,285.69254330661556,0.2802371510453275,1.0037430868069637,1.0084228740737624
164306.640625,1.759033203125,134.541015625,0.102490234375,0.364990234375,30524.766445159912,2832.03125,0.17692446157744837,1.0050588666627822,0.00022276990626259865,505.62318847516156,0.20635276570717054,1.0050953722489782,0.0002745783728993863,433.5797428923143,0.20635276570717054,1.0050953722489782,1.0101800157205651
164379.8828125,0.7230224609375,205.6787109375,0.3682861328125,0.12175292968750001,55540.276408195496,2455.078125,0.16072011939272732,1.00504147965879,0.00015566459528951415,579.877112532435,0.1719678212030383,1.0049671093622128,0.00016994225955001982,542.1163876821263,0.1719678212030383,1.0049671093622128,1.0100336306018154
164599.609375,1.118896484375,72.451171875,0.227587890625,0.11215820312500001,17273.871898651123,5542.96875,0.15646700323294643,1.0049540147377578,0.00038371420590873516,445.7541426119035,0.16314067488936665,1.0049374649506917,0.000404991085479772,427.68600778153814,0.16314067488936665,1.0049374649506917,1.0099159399625823
164672.8515625,1.3983154296875,183.4326171875,0.2619384765625,0.3939208984375,69129.28283214569,5166.015625,0.1757868743781162,1.005160563182467,0.00017021802543140378,431.33635510441667,0.20412202694248405,1.0051820377278111,0.00020618475243701156,370.146146618275,0.20412202694248405,1.0051820377278111,1.0103693431433864
164892.578125,1.492431640625,258.720703125,0.186279296875,0.144091796875,3566.422939300537,2035.15625,0.18609572473699088,1.0050842740422605,0.00013869898770451958,549.2612889850199,0.22675998139959577,1.0050640571156773,0.00017997774254858642,448.84712333115857,0.22675998139959577,1.0050640571156773,1.0101740782120796
164965.8203125,1.0247802734375,315.2490234375,0.30559082031250007,0.34968261718750004,79968.89960765839,2658.203125,0.17871754513172866,1.0053497773650428,0.00011455813017859919,544.4521401596081,0.2105580696930236,1.005242271183538,0.000141684505241108,459.79219472623424,0.2105580696930236,1.005242271183538,1.0106200935323
165185.546875,1.865966796875,189.990234375,0.311376953125,0.19477539062500002,52186.52677536011,6558.59375,0.18139262418118154,1.0049743680596885,0.00016900444113237704,389.6057170460784,0.21689991283474014,1.0050741348289856,0.00021006166839446745,324.3194517672481,0.21689991283474014,1.0050741348289856,1.010073743502898
165258.7890625,0.6512451171875,129.6435546875,0.1968994140625,0.28786621093750003,38041.09275341034,6181.640625,0.15791959174592513,1.0049845855779118,0.00022819972137567727,425.44979266990504,0.16610620387085676,1.0049936815715803,0.00024388377083108347,404.7493308616918,0.16610620387085676,1.0049936815715803,1.0100031585826346
165478.515625,0.745361328125,396.181640625,0.27006835937500007,0.24897460937500002,62698.007106781006,9050.78125,0.18042472821726266,1.0050586384679963,7.628877191731198e-5,338.158940220552,0.21466412646606536,1.005037250636629,9.437604060813966e-5,282.8724570647814,0.21466412646606536,1.005037250636629,1.0101213707344685
165551.7578125,1.7718505859375,284.0380859375,0.24055175781250002,0.26823730468750007,30644.265055656433,9673.828125,0.20587028233117388,1.0051568636201187,0.00011534426115598289,309.67698573731354,0.27548433218187307,1.005129816716216,0.00016158362792990211,230.56289771638833,0.27548433218187307,1.005129816716216,1.0103131341015363
165771.484375,1.206787109375,387.216796875,0.34594726562500006,0.33598632812500007,20293.433666229248,3511.71875,0.188742930264861,1.0052787625252089,0.00010135033879826699,494.0015380550738,0.23407001154987098,1.0047104605900743,0.0001307808140142841,396.5183126562146,0.23407001154987098,1.0047104605900743,1.0100140885181226
165844.7265625,1.2987060546875,277.7294921875,0.1646728515625,0.16774902343750003,64592.25356578827,3134.765625,0.18605686678163974,1.005067206099703,0.00012402781693548313,475.82774646603,0.2269129920818218,1.005044651582346,0.0001602394074704624,388.6017652939382,0.2269129920818218,1.005044651582346,1.0101374199713178
166064.453125,1.580322265625,201.611328125,0.38666992187500004,0.3702636718750001,10756.81447982788,4003.90625,0.1764583575517819,1.005211301974158,0.00017356522425336274,490.16012366112096,0.20564555425371156,1.0053085945298497,0.00021158579795600588,418.65859469920264,0.20564555425371156,1.0053085945298497,1.0105475611931611
166357.421875,1.953857421875,271.005859375,0.110986328125,0.273291015625,48368.13688278198,8527.34375,0.21895200943442553,1.0049186452819618,0.00012166793736491777,298.0321600075974,0.30825856299331994,1.0047912741385634,0.0001805948542501567,210.94759840001186,0.30825856299331994,1.0047912741385634,1.0097334859984615
166430.6640625,0.5516357421875,330.1904296875,0.3808837890625001,0.21638183593750002,44418.33961009979,8150.390625,0.1644643898660082,1.0051647265400598,9.539201466169903e-5,377.1374626484164,0.17980196119763672,1.0050442966004385,0.00010645120172021016,344.3767925090445,0.17980196119763672,1.0050442966004385,1.0102350755530265
166650.390625,0.833251953125,62.822265625,0.15170898437500002,0.32045898437500003,58101.1061668396,7019.53125,0.15504077415987325,1.0049994174905614,0.0004284754066914008,412.05111346770553,0.16024150211904617,1.0040157834861805,0.00044599938688566823,398.18802022596515,0.16024150211904617,1.0040157834861805,1.009035277554941
166723.6328125,1.6722412109375,176.4599609375,0.33781738281250007,0.18972167968750003,33800.469279289246,7642.578125,0.17509337813286524,1.005080589966162,0.00017600042686603787,375.4801498981734,0.20281945222131537,1.005020732148036,0.00021049190719570776,322.9801390056786,0.20281945222131537,1.005020732148036,1.010126830395572
166943.359375,1.294677734375,128.232421875,0.17836914062500003,0.19887695312500003,70891.18146896362,8355.46875,0.16679974762376018,1.0048893046722405,0.0002168330256299979,361.2667395492242,0.1842935450986543,1.0049040869514425,0.0002541726862836666,327.3052079131726,0.1842935450986543,1.0049040869514425,1.0098173691989278
167016.6015625,1.1990966796875,196.7138671875,0.29240722656250007,0.29313964843750007,20096.117854118347,8978.515625,0.17329726672025875,1.0050217126964722,0.0001475861686664929,350.38931105081434,0.19862653127358487,1.0049976420120614,0.0001762644055014742,304.7419120309234,0.19862653127358487,1.0049976420120614,1.010044451430878
167236.328125,0.918212890625,293.251953125,0.22143554687500003,0.24487304687500003,80917.35982894897,7847.65625,0.17823800390766903,1.0048269200289206,0.00010278116176549505,357.41397744290583,0.20961039574846863,1.005068178263051,0.000126243516728506,302.78536105993317,0.20961039574846863,1.005068178263051,1.0099195619831398
167309.5703125,1.5755615234375,392.2802734375,0.2516845703125,0.26296386718750003,9237.667918205261,7470.703125,0.21261491320314185,1.0051365899736862,9.539644241840071e-5,341.63730398206815,0.29226132040621927,1.0051677337224896,0.0001380849993760509,247.84532108010794,0.29226132040621927,1.0051677337224896,1.0103308682254013
167529.296875,0.541748046875,182.021484375,0.28090820312500003,0.117431640625,37169.360637664795,3371.09375,0.15765838854084105,1.0050240062387592,0.00017183998009813307,524.5211814572457,0.16554227071648545,1.0050033816686812,0.0001831328588522069,499.7541698123285,0.16554227071648545,1.0050033816686812,1.0100525249281587
167602.5390625,1.9520263671875,79.1748046875,0.24611816406250003,0.39802246093750004,51593.94919872284,3994.140625,0.16497180281696872,1.005124868055854,0.0003622216074373127,489.7241970450582,0.18080690432283475,1.0050068835208512,0.0004094335487407731,447.00933302334977,0.18080690432283475,1.0050068835208512,1.0101574111941205
167822.265625,1.671142578125,324.462890625,0.323974609375,0.138818359375,27211.28225326538,4863.28125,0.19195017791852256,1.0050433590856245,0.00011999325474803487,427.29533524404263,0.24213554175748836,1.0044136920798523,0.0001557667844579835,338.1264940468547,0.24213554175748836,1.0044136920798523,1.0094793109995288
167895.5078125,0.8226318359375,254.8193359375,0.20539550781250002,0.34558105468750006,62666.21482372284,4486.328125,0.17103384632159246,1.0049216990116043,0.000125560359796411,453.47132714615185,0.1937058029269414,1.0051205274470332,0.00014813079156704122,399.91877652481816,0.1937058029269414,1.0051205274470332,1.0100674281535125
168115.234375,1.734130859375,219.873046875,0.23579101562500002,0.31020507812500003,7702.048778533936,5199.21875,0.18856308816761258,1.0051267749470312,0.00015102381903294609,411.0498290966044,0.23316261266588373,1.0050899675595766,0.00019639898711772895,330.8581439881807,0.23316261266588373,1.0050899675595766,1.0102428376247734
168188.4765625,0.7010498046875,121.0107421875,0.27482910156250007,0.17946777343750003,82618.1172132492,5572.265625,0.15678906556199837,1.0049686463773568,0.0002507830955385511,445.83344588958516,0.1637580140025103,1.0049821309911613,0.0002651466825558722,426.9956265715775,0.1637580140025103,1.0049821309911613,1.009975531815619
168408.203125,0.607666015625,363.642578125,0.20151367187500002,0.283544921875,16661.59963607788,2691.40625,0.1712936393552856,1.0051174188538003,9.299720274367324e-5,533.8742028939085,0.1943252656824312,1.0050919745320432,0.00010946730907882859,469.8543973774844,0.1943252656824312,1.0050919745320432,1.0102354511523168
168481.4453125,1.8275146484375,295.3271484375,0.3067626953125,0.22663574218750002,71701.6190290451,2064.453125,0.19209784310367573,1.0052623815225281,0.00013988803789225684,571.7303964982211,0.24102333483146404,1.0049177848590858,0.00018673371259675845,453.76445666914464,0.24102333483146404,1.0049177848590858,1.010206045641788
168701.171875,0.981201171875,82.412109375,0.30083007812500007,0.37407226562500007,61955.23405075073,6214.84375,0.15734056563343518,1.005061127494524,0.0003490552301271216,431.362690355817,0.16492537183761158,1.005025990067298,0.0003708785617510808,411.67652479980524,0.16492537183761158,1.005025990067298,1.0101125547383387
168774.4140625,1.4539794921875,152.2216796875,0.1910400390625,0.1296630859375,27766.17133617401,6587.890625,0.17169595206036678,1.0047120732680621,0.00019486510409510855,389.4109030286798,0.19475781879892756,1.0049487541752717,0.00023147341869039065,342.62628118961817,0.19475781879892756,1.0049487541752717,1.0096841463355934
168994.140625,1.360595703125,246.103515625,0.26655273437500004,0.33217773437500003,53346.72689437866,9707.03125,0.1865128079148445,1.0050912550780167,0.00012124374567411937,327.58272176505596,0.22879976512919173,1.005094657916991,0.00015457865542851482,265.86328038126044,0.22879976512919173,1.005094657916991,1.0102118511979983
169067.3828125,1.0745849609375,349.1162109375,0.22297363281250004,0.1639404296875,39272.576212882996,9080.078125,0.18981431042831107,1.0049796542195266,8.961658099673048e-5,325.40607378323443,0.23638289557259812,1.0049861837245218,0.00011659666246424324,260.36473257622,0.23638289557259812,1.0049861837245218,1.0099906674148715
169287.109375,0.767333984375,311.513671875,0.363525390625,0.154345703125,78305.579662323,6917.96875,0.1681862161489415,1.0050544298574824,0.00010603369710048371,398.55639763077613,0.18798635629665875,1.0048545662471657,0.00012289636535391774,356.41657369994516,0.18798635629665875,1.0048545662471657,1.009933533169233
169360.3515625,1.7967529296875,369.3701171875,0.1072509765625,0.3611083984375001,13697.413325309753,6291.015625,0.23264270516265034,1.005157669461282,0.0001028020675426844,325.51712143148836,0.3433679366085584,1.0050170470437632,0.0001620785356594276,219.59834235934395,0.3433679366085584,1.0050170470437632,1.0102005927753686
169580.078125,1.890869140625,104.658203125,0.33159179687500007,0.10190429687500001,68558.33578109741,9410.15625,0.16549387208773922,1.0049318723927452,0.0002749404125645189,353.400925242767,0.18189416303776804,1.0049369845926521,0.0003104796264600014,321.2401735803932,0.18189416303776804,1.0049369845926521,1.009893205563413
169653.3203125,0.6732177734375,214.3115234375,0.1415283203125,0.38249511718750007,27353.19221019745,9783.203125,0.16624676969789662,1.0048669067362341,0.0001307984038568122,338.74612355969884,0.1833973735204799,1.004890923679681,0.00014893138865446046,306.7769928621447,0.1833973735204799,1.004890923679681,1.0097816340853183
169873.046875,1.514404296875,344.052734375,0.166064453125,0.23696289062500003,32357.913494110107,5933.59375,0.2076939777682002,1.0051664407873546,0.00010332015049468413,360.35788992710076,0.27957634020945715,1.0050891538281759,0.00014669356074301478,267.666676171577,0.27957634020945715,1.0050891538281759,1.0102818874274415
169946.2890625,1.0496826171875,230.5810546875,0.3609619140625,0.25505371093750007,57179.33738231659,5306.640625,0.16908683011546743,1.0052234107441649,0.0001472698623969523,443.70080349595617,0.18964802630253325,1.0050945302770924,0.00017003571540962934,394.6009747834731,0.18964802630253325,1.0050945302770924,1.010344551845443
170166.015625,1.143798828125,157.119140625,0.13413085937500002,0.20678710937500003,40646.676540374756,2425.78125,0.16781447836265406,1.0050655497873129,0.00019901278411100964,551.5389070599612,0.18679115532761018,1.0050765635598782,0.00022922727457523804,495.84888852337355,0.18679115532761018,1.0050765635598782,1.0101678289326521
170239.2578125,1.4202880859375,98.1005859375,0.3952392578125,0.30104980468750003,45707.74161815643,2798.828125,0.16118582689798705,1.0051774988935724,0.00030959335020225786,563.8057871525431,0.17290481873905195,1.0050998968052984,0.0003392098285384946,525.7345807849359,0.17290481873905195,1.0050998968052984,1.0103038004089377
170458.984375,1.558349609375,286.279296875,0.29438476562500004,0.125048828125,54942.786693573,2636.71875,0.1835240588224593,1.0050246248253674,0.00013734675865458644,531.4969336253635,0.22128816093444392,1.0050658123498888,0.00017488034335201398,439.05523388824645,0.22128816093444392,1.0050658123498888,1.01011589098175
170532.2265625,0.9002685546875,399.9169921875,0.17873535156250003,0.36931152343750007,28413.573145866394,2009.765625,0.18635446302960684,1.0051996892945885,9.213023632282177e-5,557.4119707833752,0.22764131059176118,1.0053443742948962,0.0001196401135439005,454.3746790549514,0.22764131059176118,1.0053443742948962,1.010571852675292
170751.953125,1.181884765625,132.548828125,0.250732421875,0.168701171875,45840.18850326538,5128.90625,0.163050909346646,1.0049582950894258,0.00023539042330086225,448.2577801716359,0.1767093922663394,1.0050072833527135,0.0002625954667546682,413.7409327265656,0.1767093922663394,1.0050072833527135,1.0099904060305984
171044.921875,0.805419921875,318.818359375,0.24692382812500002,0.193603515625,18135.867595672607,9652.34375,0.1758972562516472,1.0049586957028638,9.337019760069024e-5,333.06264119084955,0.20474677942200029,1.0045088785250704,0.0001131511930481437,285.558221063069,0.20474677942200029,1.0045088785250704,1.0094899323845012
171118.1640625,1.6531982421875,261.1279296875,0.2824462890625,0.3241943359375,80682.30140209198,9025.390625,0.19490316968845886,1.0051511973103686,0.00012422169218731556,335.3292607464194,0.2486674759415319,1.0051478324349068,0.0001655365337327532,261.90272888456843,0.2486674759415319,1.0051478324349068,1.0103255472458683
171337.890625,1.934814453125,185.009765625,0.20327148437500003,0.21264648437500003,25831.483364105225,6144.53125,0.18695921492093806,1.0049393491438783,0.0001708275990859853,382.5167263553313,0.2294597466033681,1.0050476300338553,0.00021999445935336946,310.44963619705266,0.2294597466033681,1.0050476300338553,1.01001191118482
171411.1328125,0.5238037109375,75.5224609375,0.32375488281250003,0.2694091796875,69755.83732128143,6517.578125,0.15333372957238708,1.0050107984559689,0.0003799486982781421,428.8487254711871,0.15670827903219284,1.0050299960111864,0.00039038291281011817,419.6663693167365,0.15670827903219284,1.0050299960111864,1.0100659987634015
171630.859375,0.943115234375,207.919921875,0.164306640625,0.25981445312500007,28899.665355682373,9480.46875,0.17182112149609582,1.004854593976658,0.00013437968616567908,336.0566128071573,0.1953176783229497,1.0048774436067134,0.0001595593369028524,295.12285313440225,0.1953176783229497,1.0048774436067134,1.009755715591726
171704.1015625,1.5975341796875,138.2763671875,0.3439697265625,0.24157714843750003,62751.91009044647,9853.515625,0.1692041434240749,1.0050113048210159,0.00021063739763618796,346.00329573856084,0.18987192443398856,1.0049924982918823,0.00024372102843674162,307.6938055094058,0.18987192443398856,1.0049924982918823,1.0100288220436573
171923.828125,1.316650390625,383.564453125,0.12299804687500002,0.29643554687500007,37480.714321136475,6972.65625,0.2113738409874869,1.0050164835733877,9.002888045384925e-5,332.0098425556157,0.28875255985396747,1.0049932787649294,0.0001300522735086318,242.70926571726974,0.28875255985396747,1.0049932787649294,1.0100348110392188
171997.0703125,1.2239990234375,280.7177734375,0.38762207031250007,0.2020263671875,51753.262400627136,6345.703125,0.17570908159012466,1.0050327862167125,0.00012526885878605837,411.2217354862094,0.2042802659745774,1.0051073750050061,0.00015021616057636882,352.35737318571256,0.2042802659745774,1.0051073750050061,1.0101658655482475
172216.796875,1.690185546875,70.458984375,0.37934570312500004,0.34711914062500004,85985.91947555542,2496.09375,0.16026645237308537,1.005218687314663,0.0004015379309124246,583.5126931413959,0.17098210260609134,1.0051467143764798,0.00043656992400891445,547.2321304234111,0.17098210260609134,1.0051467143764798,1.0103922607841715
172290.0390625,0.8504638671875,169.4873046875,0.1101806640625,0.14020996093750002,6996.338725090027,2869.140625,0.1638775636456083,1.0050012323726922,0.0001846421475024906,529.8943874876276,0.17846273206951646,1.0050140504752323,0.000206683862668957,486.99793311027645,0.17846273206951646,1.0050140504752323,1.0100403592794795
172509.765625,0.569580078125,266.025390625,0.33803710937500003,0.3966308593750001,75084.969997406,5988.28125,0.16347753559124054,1.005167885238219,0.00012328423175203128,429.6149649993714,0.17767855349047806,1.0053454856509663,0.00013846617134903016,395.26061013983576,0.17767855349047806,1.0053454856509663,1.010540995745572
172583.0078125,1.9710693359375,334.5068359375,0.1538330078125,0.11589355468750001,20357.910990715027,5361.328125,0.21955209656350197,1.005045972667092,0.00011634682505352311,359.14455642228114,0.30939322872442954,1.0050463624190882,0.00017435316282509304,255.09957347589787,0.30939322872442954,1.0050463624190882,1.010117798893015
172802.734375,0.679443359375,108.310546875,0.10922851562500001,0.230517578125,54282.52363204956,4074.21875,0.15700353781476126,1.0049944495911387,0.00027511215607308294,493.1130374524176,0.16423543170343022,1.0049613232467758,0.00029145261350776574,471.7310540998435,0.16423543170343022,1.0049613232467758,1.009980551916776
172875.9765625,1.8963623046875,211.3232421875,0.3638916015625,0.28728027343750007,40199.400782585144,4697.265625,0.18167454107501496,1.0052174446958355,0.0001733264029642947,455.51297439969045,0.21762407409686316,1.0051942622734755,0.00021613940977213605,378.78391026980887,0.21762407409686316,1.0051942622734755,1.0104388077454585
173095.703125,1.802978515625,305.205078125,0.14057617187500002,0.17573242187500002,65761.971950531,3566.40625,0.20745561334997042,1.0050389316576551,0.00012432630723167404,424.0841880456465,0.2783548007938333,1.0049658661389187,0.0001779265119801065,316.92051430709756,0.2783548007938333,1.0049658661389187,1.010029820456669
173168.9453125,0.7728271484375,375.0146484375,0.3302001953125,0.30632324218750007,28252.751231193542,3189.453125,0.17368543713479434,1.0052479824254956,9.855458298624155e-5,521.1624787790073,0.19956399616756645,1.0052510758109756,0.00011790380725627575,452.01035135886735,0.19956399616756645,1.0052510758109756,1.010526615790042
173388.671875,1.426513671875,162.099609375,0.36176757812500004,0.163134765625,17856.662273406982,7089.84375,0.16731435797202224,1.0049795810349007,0.00019864995616451339,398.70120989872544,0.185711926764645,1.0049893443333904,0.00022837726470784488,358.73432116178196,0.185711926764645,1.0049893443333904,1.0099937702127102
173461.9140625,1.1492919921875,93.7841796875,0.1676025390625,0.33122558593750007,72435.94062328339,7712.890625,0.16033935066989066,1.0048998747688542,0.00030823345607285937,388.80450014231275,0.17110411003198192,1.0049690907777964,0.00033625184570879106,364.5914843237613,0.17110411003198192,1.0049690907777964,1.009893313469177
173681.640625,1.055908203125,336.416015625,0.39311523437500007,0.130615234375,9002.366542816162,8582.03125,0.17609691991284773,1.005002827738101,0.00010170003415689887,363.53223192674244,0.20512758164355263,1.0050336445650667,0.00012246849108421532,311.1942653502161,0.20512758164355263,1.0050336445650667,1.0100616547598216
173754.8828125,1.5198974609375,237.5537109375,0.1339111328125,0.3748779296875,82709.49637889862,8205.078125,0.1951269510257574,1.0049358864295639,0.0001271374854989815,330.06096868645903,0.2487692214820996,1.004864125572965,0.0001703789470596207,258.0082382111012,0.2487692214820996,1.004864125572965,1.0098240207739362
173974.609375,1.822021484375,359.326171875,0.27446289062500007,0.384033203125,47119.45295333862,7792.96875,0.21642440659372114,1.0053002432948341,0.00010817947718429168,346.622543185404,0.302410105477093,1.0052970924452378,0.0001586580755573175,247.03061555841472,0.302410105477093,1.0052970924452378,1.010625411618787
174047.8515625,0.6014404296875,300.3076171875,0.23381347656250004,0.1032958984375,51009.89806652069,7416.015625,0.16657590866722996,1.0048741908705305,0.00010972645044168803,383.50772650329463,0.18317493006364347,1.0049440702347212,0.00012092497653128155,346.0569841821063,0.18317493006364347,1.0049440702347212,1.009842359447253
174267.578125,0.695556640625,226.845703125,0.30815429687500007,0.359716796875,36890.88582992554,8285.15625,0.16422624459460355,1.005157602648197,0.00013988660295553528,376.6947778953484,0.17934913688910992,1.0050351629963636,0.00015404204342673046,344.52358048686796,0.17934913688910992,1.0050351629963636,1.0102187350145648
174340.8203125,1.7279052734375,113.3740234375,0.20246582031250002,0.15280761718750002,62694.363474845886,8908.203125,0.1690437522403769,1.0048540467655769,0.00024659985918694003,351.89026653830854,0.18926437523760664,1.0049133126610479,0.0002885764293878882,314.0772376404412,0.18926437523760664,1.0049133126610479,1.0097912088760554
174560.546875,1.069091796875,243.115234375,0.189501953125,0.29790039062500007,67185.85538864136,4808.59375,0.17583880729902562,1.005101747800705,0.0001352230478643754,434.3529153345549,0.2041716480520018,1.0050618989050193,0.00016424660357593988,373.1521247834672,0.2041716480520018,1.0050618989050193,1.0101894712373303
174633.7890625,1.3543701171875,352.7685546875,0.3000244140625,0.20349121093750003,20842.759013175964,4431.640625,0.18859025069191707,1.0051252448211077,0.00011059848636550865,445.03842655207393,0.23380143317508706,1.0051492142268434,0.00014261251125694642,358.2627580440287,0.23380143317508706,1.0051492142268434,1.0103008500315
174853.515625,1.448486328125,88.056640625,0.223193359375,0.25834960937500007,77691.47634506226,3300.78125,0.16134111297571938,1.0050615677441088,0.0003397416627870448,524.0297060897146,0.17320385327354348,1.005080752543967,0.00037271327775131614,488.51820375513734,0.17320385327354348,1.005080752543967,1.010168036861268
174926.7578125,0.9749755859375,145.9130859375,0.2686767578125,0.24011230468750003,9614.144206047058,3923.828125,0.1618851662851388,1.0049739728635152,0.00022175058638528413,496.3792927599676,0.1743383714617109,1.0050565273708703,0.0002443933006829063,461.18861270391,0.1743383714617109,1.0050565273708703,1.0100556512643117
175146.484375,1.066162109375,121.591796875,0.28032226562500007,0.364111328125,77210.7310295105,9261.71875,0.1618340141132271,1.0049575223280875,0.0002421208494238071,362.62030818781517,0.17421929534964384,1.0049856876408667,0.00026713087124829825,336.8780833703171,0.17421929534964384,1.0049856876408667,1.0099679266267547
175219.7265625,1.3455810546875,224.6044921875,0.24904785156250003,0.1208740234375,23604.308009147644,9884.765625,0.1793801230863267,1.0049569684518391,0.00013417196116034035,328.05733603149764,0.21247463182701268,1.0049438148948358,0.00016428712859873213,276.05950673811725,0.21247463182701268,1.0049438148948358,1.0099252896811404
175439.453125,1.439697265625,297.236328125,0.321044921875,0.342138671875,87047.64699935913,6753.90625,0.18934351098830737,1.0052406863877574,0.00011885962610181808,387.9488080673647,0.23550585616779068,1.0052388278423234,0.00015421648903591977,310.9811890153033,0.23550585616779068,1.0052388278423234,1.010506969283842
175732.421875,1.813232421875,154.130859375,0.17661132812500002,0.320166015625,34582.12614059448,2277.34375,0.1773194461751491,1.0052499778548503,0.0002185114488125446,551.9292961382025,0.20734590766915934,1.0052058759075286,0.00026883470682790656,471.3105055709699,0.20734590766915934,1.0052058759075286,1.0104831844956086
175805.6640625,0.5985107421875,85.8154296875,0.2965087890625,0.18825683593750003,51938.66431713104,2900.390625,0.15416067321209656,1.0050502580604537,0.0003347137055270157,558.306726154837,0.1584104484075882,1.0050242915404386,0.00034628847442760055,543.5803022640952,0.1584104484075882,1.0050242915404386,1.0100999235697425
176025.390625,0.692626953125,349.697265625,0.217333984375,0.27358398437500003,27414.5827293396,5769.53125,0.173282117126561,1.0050752694967127,9.433932093366172e-5,411.6395067849791,0.19863889164481274,1.0050600266960918,0.00011251985487262039,358.18672502575686,0.19863889164481274,1.0050600266960918,1.0101609771919478
176098.6328125,1.7191162109375,250.8349609375,0.25344238281250003,0.21784667968750002,62360.344767570496,5392.578125,0.18927383604323325,1.0051082241006117,0.00014230870414195468,408.0213101341268,0.23513674305603594,1.0050850257472237,0.00018487317255315634,327.5850440144245,0.23513674305603594,1.0050850257472237,1.0102192252989097
176318.359375,1.435302734375,372.607421875,0.112744140625,0.24575195312500003,23033.088207244873,2605.46875,0.2067550447419852,1.005142080440547,0.00010490729213093606,465.5420365325208,0.2760198410453754,1.005201687825344,0.00015110237228197968,350.58995010000854,0.2760198410453754,1.005201687825344,1.0103705157631158
176391.6015625,1.1522216796875,313.5888671875,0.37678222656250004,0.2650146484375,71468.27971935272,2228.515625,0.1763490925342105,1.0049501604727635,0.00012491544638366966,590.4293858692293,0.20539033520590655,1.0052479788847828,0.000152236735178816,504.33770736461867,0.20539033520590655,1.0052479788847828,1.0102241176951836
176611.328125,1.058837890625,218.876953125,0.155810546875,0.197998046875,15132.997035980225,5097.65625,0.17280297397576946,1.0049951436851456,0.00014730542511334752,425.90573493395505,0.19747687447074452,1.0049867363441876,0.00017573196111403318,372.1962334690335,0.19747687447074452,1.0049867363441876,1.0100067894938924
176684.5703125,1.5286865234375,105.4052734375,0.3360595703125,0.29108886718750004,82512.78388500214,5720.703125,0.16290980451765869,1.0050634973155228,0.0002982890222350601,439.91168719985575,0.17646183470034663,1.005065392890571,0.0003320021075822935,406.13578080989805,0.17646183470034663,1.005065392890571,1.0101545388093973
176904.296875,0.682373046875,235.146484375,0.346533203125,0.145556640625,50152.881145477295,9621.09375,0.16214697270947243,1.0049177782240126,0.00013482578412375186,356.0811770683374,0.17485935997090135,1.0047135347773337,0.00014899053213481524,330.0103553842868,0.17485935997090135,1.0047135347773337,1.0096544931200324
176977.5390625,1.9051513671875,344.7998046875,0.1617431640625,0.35114746093750004,44126.48093700409,9244.140625,0.22700855362725603,1.005189463987044,0.0001094442655105755,300.4673145904201,0.329537168751804,1.0051148023403302,0.00016739965377601422,205.0147751363872,0.329537168751804,1.0051148023403302,1.0103308094099201
177197.265625,1.811767578125,101.337890625,0.38959960937500004,0.11069335937500001,57787.45412826538,6113.28125,0.16185568148959512,1.005000369261146,0.00031780415521108317,431.20274513183136,0.17423605247702137,1.004966237765676,0.00035001538316075,400.4789991889604,0.17423605247702137,1.004966237765676,1.0099914400494892
177270.5078125,0.7757568359375,159.1943359375,0.12102050781250001,0.3924560546875,33429.45945262909,6736.328125,0.16265109865009547,1.0049878918494628,0.00019308002895903617,403.87062633105796,0.17591629404214476,1.0049313075315736,0.00021445922459574648,373.6342153743432,0.17591629404214476,1.0049313075315736,1.0099437962096802
177490.234375,1.687255859375,272.998046875,0.170166015625,0.282080078125,78685.08100509644,7949.21875,0.2022907733373474,1.005011089806131,0.00012246391531581726,333.2075140081334,0.2664924821994038,1.004982830928932,0.0001692483456375462,252.41584452056475,0.2664924821994038,1.004982830928932,1.0100188901483367
177563.4765625,0.8416748046875,386.6357421875,0.35920410156250004,0.22634277343750003,13427.748560905457,7322.265625,0.17605521509961386,1.0050805326721532,9.006215775226967e-5,386.96458903422433,0.20513228986370807,1.0050479604176143,0.00010806869098191974,330.9889347832797,0.20513228986370807,1.0050479604176143,1.010154139417597
177783.203125,0.560791015625,140.517578125,0.135888671875,0.31166992187500003,69996.80471420288,8441.40625,0.1574223814519921,1.0049706997656775,0.00021878960931017775,379.5496653098044,0.1651001293729878,1.004850836808563,0.00023301787889467212,361.917577227771,0.1651001293729878,1.004850836808563,1.0098456486276282
177856.4453125,1.9681396484375,199.7021484375,0.3911376953125001,0.17976074218750002,24129.170298576355,8814.453125,0.1799715809694448,1.005083082126727,0.00016921230288144537,361.1853874537619,0.21383580803269023,1.0051150331032317,0.00020878171511221522,303.2139955876842,0.21383580803269023,1.0051150331032317,1.0102241153633034
178076.171875,0.934326171875,326.787109375,0.366455078125,0.32719726562500007,36040.74430465698,4964.84375,0.1743814918812488,1.0051978527935308,0.00011194209182063228,453.53495412898155,0.2012254321256547,1.0052137262403977,0.00013406310826584878,391.7168314819521,0.2012254321256547,1.0052137262403977,1.0104386792154318
178149.4140625,1.5946044921875,269.0966796875,0.10666503906250001,0.15778808593750002,61829.007029533386,4337.890625,0.19745946246182614,1.0049801900089346,0.00012867752927334645,404.66298990974946,0.25400834261226607,1.0048947460474897,0.00017671003345591058,314.8389174640654,0.25400834261226607,1.0048947460474897,1.0098993128217864
178369.140625,1.313720703125,171.728515625,0.33217773437500003,0.3790527343750001,45441.75863265991,3457.03125,0.16908389590323294,1.0051575447543777,0.0002019864314539201,517.109665021328,0.18959806305317287,1.0052018812724495,0.00023491728540793347,460.62065372039257,0.18959806305317287,1.0052018812724495,1.0103862549622968
178442.3828125,1.2152099609375,62.2412109375,0.1385986328125,0.13581542968750002,51341.39335155487,3830.078125,0.15642643236902226,1.004948705583712,0.0004514080853849662,505.55636514919087,0.16301926025617242,1.0049821559344032,0.00047583347363805656,485.2824950439007,0.16301926025617242,1.0049821559344032,1.0099555167410068
178662.109375,0.814208984375,194.638671875,0.29790039062500007,0.10747070312500001,5207.557201385498,4167.96875,0.16150727631660808,1.0047445500749395,0.0001761892379901961,486.3162862183251,0.1734856950944105,1.004947385470152,0.00019274414217356275,452.83779063684665,0.1734856950944105,1.004947385470152,1.0097154086631948
178735.3515625,1.6561279296875,124.9951171875,0.19162597656250002,0.38923339843750004,84128.138422966,4541.015625,0.17028852882691978,1.0051065431585984,0.0002532199133937549,456.8700707076455,0.1920933017693372,1.0050672377660965,0.0002978583537206686,404.9266220818035,0.1920933017693372,1.0050672377660965,1.0101996569930423
178955.078125,1.937744140625,391.533203125,0.265966796875,0.14877929687500002,14680.650234222412,3660.15625,0.2111571301178738,1.0024682657953168,0.00011294829591644494,446.0938693566508,0.2892035648616285,1.0018422504742452,0.0001617074416524689,327.1290734845431,0.2892035648616285,1.0018422504742452,1.004315063433394
179028.3203125,0.5325927734375,288.6865234375,0.22590332031250002,0.3543701171875,74629.1321516037,3033.203125,0.16438718156606544,1.005135518034053,0.00011796366220592555,531.8013525335665,0.17960224827278215,1.005089593888147,0.00013226961468767935,486.8206781252656,0.17960224827278215,1.005089593888147,1.0102512496233986
179248.046875,1.561279296875,78.427734375,0.23168945312500003,0.20883789062500002,68249.08781051636,7183.59375,0.1601343613009339,1.0049820535149199,0.00037864297255686105,403.3088541716083,0.170675647726744,1.0049082934630602,0.0004109627727535316,378.5169772611931,0.170675647726744,1.0049082934630602,1.00991480035868
179321.2890625,0.9090576171875,177.4560546875,0.2765869140625,0.30192871093750007,32793.198466300964,7556.640625,0.16411670879793863,1.005019276407974,0.0001790757337877044,390.7323027663877,0.17894523121045214,1.005013291519829,0.000201651217495631,358.32229130807104,0.17894523121045214,1.005013291519829,1.010057731023655
179541.015625,1.190673828125,252.744140625,0.199755859375,0.23491210937500004,58845.223903656006,8675.78125,0.1816836548352706,1.0049485887848728,0.00012227572150649824,342.9900619805167,0.21761950946905542,1.0048725382892858,0.0001521067192590351,285.37953769844995,0.21761950946905542,1.0048725382892858,1.0098452392624908
179614.2578125,1.2796630859375,321.2255859375,0.31086425781250004,0.25417480468750003,42999.70328807831,8048.828125,0.18677104517268298,1.0051288907210731,0.00010835663807512879,362.14475756827284,0.22958927752969674,1.0051377239825432,0.00013824076753310321,293.88360204764274,0.22958927752969674,1.0051377239825432,1.0102929655284778
179833.984375,1.511474609375,211.904296875,0.378759765625,0.171923828125,31993.873119354248,8386.71875,0.1740951437906364,1.0050688877431386,0.0001586317835839196,371.16621402614805,0.200493014600271,1.0047065375821782,0.00019049415377156035,321.48391172422646,0.200493014600271,1.0047065375821782,1.0097992822359798
179907.2265625,1.0408935546875,113.0419921875,0.1131103515625,0.3411865234375,67494.47524547577,8759.765625,0.16180682888658596,1.0049483176766512,0.0002603473082084834,366.620594263237,0.17414674282207046,1.0048611117280613,0.0002869854344681496,340.82543405693684,0.17414674282207046,1.0048611117280613,1.0098334837298046
180126.953125,1.135009765625,376.923828125,0.33510742187500003,0.12182617187500001,41868.32571029663,7878.90625,0.1833482100433209,1.0050107563016977,9.595385046339373e-5,367.1435812849301,0.22169670300694103,1.0049358869125358,0.0001199481995754314,303.06379384448866,0.22169670300694103,1.0049358869125358,1.009971375740685
180200.1953125,1.4173583984375,308.6083984375,0.1544189453125,0.36491699218750007,57393.689036369324,7251.953125,0.20048168585907614,1.005098493590442,0.00010946816045231242,346.65721604244385,0.2619141370221594,1.005023998625961,0.00015046250179324137,264.85490242991796,0.2619141370221594,1.005023998625961,1.0101481070411957
180419.921875,0.758544921875,95.693359375,0.16254882812500002,0.221728515625,86352.78654098511,3402.34375,0.15650713423278073,1.0050161981299228,0.00031542727286584257,525.6059121625835,0.16319758103264143,1.005033402192007,0.0003327337412248447,504.37073107430695,0.16319758103264143,1.005033402192007,1.0100748488645925
180493.1640625,1.7938232421875,165.5029296875,0.34807128906250007,0.2773193359375,6372.05970287323,3775.390625,0.17262424645308797,1.0051650773895524,0.00021828144840568538,499.28887871535034,0.19721303167052256,1.0051308630256277,0.0002599608343463826,436.0396934586056,0.19721303167052256,1.0051308630256277,1.0103224417197827
180712.890625,1.887939453125,238.134765625,0.118896484375,0.18452148437500002,76794.37398910522,4894.53125,0.1994694929777916,1.0049835551812614,0.0001456215584671878,389.75815945356675,0.2588702467812383,1.0049531447032378,0.00020062299771771828,300.3088215380932,0.2588702467812383,1.0049531447032378,1.0099613841544486
180786.1328125,0.6644287109375,341.1474609375,0.3893798828125,0.3162841796875,16526.162028312683,4267.578125,0.16719035552917166,1.005132173050798,0.0001075868283059043,486.6239807653209,0.18557845730249511,1.0049784454063226,0.00012315843289096814,437.5725702843459,0.18557845730249511,1.0049784454063226,1.01013616870047
181005.859375,0.989990234375,303.544921875,0.24868164062500003,0.287939453125,61056.22053146362,3730.46875,0.17631206744757372,1.0047253049546863,0.0001207363317398991,482.2592987200836,0.20523728400616356,1.0051687816628343,0.00014664442694181225,413.1142615230112,0.20523728400616356,1.0051687816628343,1.0099185106871216
181079.1015625,1.4569091796875,361.4013671875,0.27834472656250003,0.1947021484375,33906.78679943085,3103.515625,0.19080711773728773,1.004794207840551,0.00011648179996595937,497.4428258946437,0.23965542233328752,1.0036013453867687,0.00014962423481405568,395.6480451953618,0.23965542233328752,1.0036013453867687,1.0084128188256094
181298.828125,1.363525390625,117.939453125,0.20737304687500002,0.268310546875,51107.484340667725,4222.65625,0.16420119533727814,1.0050372803863983,0.00027291715721762983,479.0215183527789,0.17916937842184955,1.0050199326906197,0.0003064832652206014,439.26206569974624,0.17916937842184955,1.0050199326906197,1.0100824998855016
181372.0703125,1.0833740234375,227.5927734375,0.3219970703125,0.24890136718750003,45602.10883617401,4595.703125,0.16911286001343853,1.004949535973048,0.00015750863226993261,466.4031649811173,0.1897327473430723,1.005097435632191,0.00018216149161747906,415.00248420200666,0.1897327473430723,1.005097435632191,1.0100722015462709
181591.796875,1.737060546875,357.333984375,0.29497070312500007,0.39399414062500004,16318.07279586792,8746.09375,0.21097361153658284,1.0053472335042366,0.00010837540870503223,342.32664278383453,0.2888880845568542,1.0053150034708356,0.0001546765266932389,248.99876070605853,0.2888880845568542,1.0053150034708356,1.0106906575397065
181665.0390625,0.7098388671875,243.8623046875,0.17580566406250003,0.1120849609375,82007.87436962128,8119.140625,0.1667317376651313,1.0046928580633583,0.00013484164851331363,370.7421962409615,0.18409540546657407,1.0047698133484095,0.0001521798350481249,334.77692415774806,0.18409540546657407,1.0047698133484095,1.0094850554688006
181884.765625,0.616455078125,149.150390625,0.253662109375,0.34975585937500003,24363.290309906006,7238.28125,0.1580757883799942,1.0050795023134926,0.00021636745556331255,406.605889150426,0.1664209155161326,1.0050310182757871,0.00023002869170941909,386.2991463451108,0.1664209155161326,1.0050310182757871,1.010136075658251
181958.0078125,1.8304443359375,90.1318359375,0.21945800781250002,0.14401855468750002,72559.14390087128,7611.328125,0.16381180594033368,1.0049501722932945,0.00033425202734598555,387.7264125921966,0.1783165873693246,1.004932324809689,0.0003742053246692475,356.27236793130044,0.1783165873693246,1.004932324809689,1.009906912960598
182177.734375,0.538818359375,395.185546875,0.193603515625,0.183642578125,45047.78242111206,6824.21875,0.17002164192785882,1.0049822060443934,8.38633825663129e-5,389.6102827143483,0.19144787443235678,1.004982557292846,9.73104404528435e-5,345.0717717257094,0.19144787443235678,1.004982557292846,1.0099895874643003
182250.9765625,1.9432373046875,285.6982421875,0.29826660156250007,0.3154052734375,51163.817286491394,6447.265625,0.1997438171498689,1.0052431459064626,0.00013485697518629566,387.43402059992474,0.260516582125081,1.0052234133807254,0.00018420126626204545,296.98306347178783,0.260516582125081,1.0052234133807254,1.0104939464056728
182470.703125,1.662353515625,188.330078125,0.22495117187500002,0.22260742187500004,37436.044216156006,9316.40625,0.18194483817416826,1.004894692460224,0.00016349942369647545,337.1835407075516,0.2181653631490869,1.0049543591572858,0.00020216479118239001,280.09545711696404,0.2181653631490869,1.0049543591572858,1.0098733016819221
182543.9453125,0.8197021484375,130.6396484375,0.26457519531250007,0.2781982421875,62340.94703197479,9939.453125,0.15900633061954705,1.004964853871019,0.00023688510892564595,356.9683612879914,0.16835923507424108,1.004974791014944,0.0002545039514285252,337.17261326190805,0.16835923507424108,1.004974791014944,1.009964343996391
182763.671875,1.285888671875,257.724609375,0.27739257812500007,0.135009765625,73546.66471481323,5839.84375,0.17683263597787646,1.0050476672112747,0.00013757329204306892,412.3348360941738,0.20663410837898125,1.0050107699189523,0.00016689334582773897,352.0168632755035,0.20663410837898125,1.0050107699189523,1.0100837298292502
182836.9140625,1.1961669921875,316.9091796875,0.23322753906250002,0.37810058593750007,24832.27241039276,5462.890625,0.18713714765161127,1.0051252343410482,0.00011261922777776707,411.0817985480879,0.2301094958310685,1.0051152915931272,0.0001451872676719876,333.4606866327266,0.2301094958310685,1.0051152915931272,1.010266743002313
183056.640625,0.915283203125,70.791015625,0.30874023437500003,0.158740234375,83645.24984359741,2332.03125,0.1549723971772045,1.0050386697175988,0.00040051167706109435,593.1013752268474,0.16005744160222385,1.0050563588379733,0.00041717729513723086,574.6412895850427,0.16005744160222385,1.0050563588379733,1.0101205058777303
183129.8828125,1.5667724609375,184.4287109375,0.19953613281250002,0.3280029296875,12105.950236320496,2955.078125,0.17675869694433233,1.0051991120104777,0.00019217063423168065,514.9271020737515,0.20621220221332148,1.0050990059499978,0.00023520174093496707,440.6592354403282,0.20621220221332148,1.0050990059499978,1.0103246282635516
183349.609375,1.962646484375,136.201171875,0.35883789062500004,0.35590820312500004,56184.51642990112,5042.96875,0.17149076314069459,1.005187904590439,0.00025245706837827113,456.3229718709453,0.19483095416338633,1.0052070545373157,0.00029764316383559006,400.8752387115437,0.19483095416338633,1.0052070545373157,1.0104219728298915
183422.8515625,0.5545654296875,204.6826171875,0.16818847656250002,0.1501708984375,39340.52550792694,5666.015625,0.15982626558929594,1.0050177617556104,0.0001628501716281902,436.2408633525018,0.16978612289793046,1.004965014126394,0.00017611314804695237,410.35012435679204,0.16978612289793046,1.004965014126394,1.0100076891400038
183642.578125,0.836181640625,279.970703125,0.39252929687500004,0.3878417968750001,65619.64559555054,2535.15625,0.16866856058292426,1.0053164191999124,0.00013274915776453723,578.1647432254392,0.18876873221386378,1.0053121740306226,0.00015366669111873071,515.6222955026119,0.18876873221386378,1.0053121740306226,1.0106568349745446
183715.8203125,1.6810302734375,378.9990234375,0.1368408203125,0.10593261718750001,27364.346385002136,2158.203125,0.20974032694052677,1.0040408382609955,0.00011338264590483349,492.13008400233434,0.2842051620037564,1.0032746871675746,0.00016301811569232504,365.8682122584424,0.2842051620037564,1.0032746871675746,1.0073287579097696
183935.546875,1.209716796875,168.740234375,0.105126953125,0.25102539062500007,20027.225017547607,6058.59375,0.17111634627810976,1.0048417491890909,0.0001851032191110931,402.55745329777,0.19387986666123005,1.0049039886551823,0.00021813271675980462,355.0782763361476,0.19387986666123005,1.0049039886551823,1.0097694817273677
184008.7890625,1.3074951171875,65.8935546875,0.36564941406250007,0.23161621093750004,79568.43650341034,6681.640625,0.15617138956027818,1.0049158156047004,0.00045519860746303796,425.8271410230832,0.1625364294442079,1.004995817785254,0.00047868961207248094,409.3722668680942,0.1625364294442079,1.004995817785254,1.0099361919089815
184228.515625,1.589111328125,332.431640625,0.138818359375,0.30522460937500007,12896.859645843506,9550.78125,0.21201933222952954,1.005038270664796,0.00010620808817468944,304.3544455774794,0.2912815131822529,1.004906184942847,0.00015227588907774792,220.57258174864378,0.2912815131822529,1.004906184942847,1.0099691742953165
184301.7578125,0.9281005859375,262.7880859375,0.33430175781250004,0.21198730468750002,90023.78165721893,9173.828125,0.16986740410759546,1.0050375083743663,0.0001248836207378354,359.06789404229914,0.19096712994245035,1.005153777724993,0.0001492749460977168,319.14467871483333,0.19096712994245035,1.005153777724993,1.0102172482978087
184521.484375,1.863037109375,323.466796875,0.21469726562500002,0.12973632812500002,49771.58308029175,3011.71875,0.20084268086515103,1.003186461500455,0.00012939590167433917,474.30244688125737,0.2629816280993563,1.0030473574290144,0.0001780118208420365,363.2556220901664,0.2629816280993563,1.0030473574290144,1.0062435292165952
184594.7265625,0.6424560546875,256.4794921875,0.2584228515625,0.3739990234375,44221.28188610077,3634.765625,0.16469644439018066,1.005150998920693,0.00013654956917646228,506.30139546589504,0.18027304696979476,1.0051309571431886,0.00015363018407220667,462.5240138036093,0.18027304696979476,1.0051309571431886,1.0103083856185884
184814.453125,0.736572265625,180.361328125,0.180419921875,0.16401367187500002,61460.79397201538,4503.90625,0.1611730710147528,1.0050114341175311,0.00018683041102826573,470.6815016972497,0.17282710330676795,1.0049653958066938,0.00020474721320339325,439.15279135225745,0.17282710330676795,1.0049653958066938,1.0100017136781776
185107.421875,1.110107421875,292.255859375,0.317236328125,0.17954101562500002,26723.849773406982,8027.34375,0.17642906539351624,1.0050716032743425,0.00011800438267309607,371.4058069331626,0.20595384872380346,1.0050028759728373,0.0001419098341379861,317.4117412859364,0.20595384872380346,1.0050028759728373,1.010099851849345
185180.6640625,1.3953857421875,393.9404296875,0.21213378906250002,0.31013183593750004,75437.56568431854,8650.390625,0.20727610268327323,1.0051197228032112,9.43705567381206e-5,330.4203913177691,0.27932881067530324,1.0051132512079557,0.00013280412596002777,244.5139142305392,0.27932881067530324,1.0051132512079557,1.0102591524399747
185400.390625,1.489501953125,126.572265625,0.282958984375,0.22670898437500003,16628.2057762146,7519.53125,0.1652500573217579,1.0046655959542394,0.0002559946657375482,392.6729813531903,0.18253040868160092,1.0039922370782053,0.000290311371427764,357.23057797604434,0.18253040868160092,1.0039922370782053,1.0086764591976052
185473.6328125,1.0159912109375,197.7099609375,0.24406738281250004,0.28347167968750003,84858.6357831955,7142.578125,0.16790238928924317,1.0049319161475065,0.00016546734388411157,393.96213973319306,0.18704891424145018,1.0050016066420158,0.0001905897908237881,353.3090093971751,0.18704891424145018,1.0050016066420158,1.0099581902940835
185693.359375,0.638427734375,64.482421875,0.384619140625,0.255126953125,42033.63752365112,8855.46875,0.15305647757828403,1.0049901659105487,0.0004585170725320305,385.4885710568368,0.15617782391438517,1.0050457680791125,0.00046925004912830233,377.7104046588198,0.15617782391438517,1.0050457680791125,1.010061113209522
185766.6015625,1.8553466796875,175.4638671875,0.12365722656250001,0.23688964843750002,57996.26433849335,8478.515625,0.18773906870591894,1.004750365730733,0.00017156527963409148,335.4673331010791,0.23145756989361516,1.0048133499392158,0.00022114537618513262,271.40690754422883,0.23145756989361516,1.0048133499392158,1.0095865808425502
185986.328125,1.761962890625,272.001953125,0.3526855468750001,0.301123046875,31059.083461761475,7347.65625,0.18972357325964015,1.0051826585951362,0.0001374654852114889,384.3928146560567,0.2366072934053721,1.005168067807896,0.0001782814847968358,307.89749929359783,0.2366072934053721,1.005168067807896,1.0103775107340771
186059.5703125,0.7318115234375,328.5302734375,0.15793457031250002,0.2067138671875,68421.62787914276,7970.703125,0.1739665008835978,1.0045732756626775,9.984186436542722e-5,362.0665307843241,0.2008884957681776,1.004928779575337,0.00011568033389274698,312.6457461110338,0.2008884957681776,1.004928779575337,1.009524595905693
186279.296875,1.385498046875,203.271484375,0.149658203125,0.361181640625,80455.4934501648,3871.09375,0.17814697195007037,1.0051031180415706,0.00016976292202670686,463.91063979431857,0.20936178472271408,1.0051183468544556,0.00020905087597950035,394.1408216537325,0.20936178472271408,1.0051183468544556,1.010247584424202
186352.5390625,1.1082763671875,142.9248046875,0.33986816406250003,0.15427246093750002,17747.81882762909,3494.140625,0.16089822627423248,1.0046210789836525,0.00024172495347407402,521.766706527439,0.17232178181214863,1.0050319394553753,0.00026413246384494047,487.2109779874818,0.17232178181214863,1.0050319394553753,1.009676271428692
186572.265625,1.014892578125,388.212890625,0.11772460937500001,0.382568359375,90637.55178451538,4363.28125,0.19286538557220667,1.0051219668172011,9.308989354650971e-5,418.5132668161117,0.24320609610537416,1.0050675747052582,0.00012435254905597063,331.87826308384155,0.24320609610537416,1.0050675747052582,1.0102154974719433
186645.5078125,1.4788818359375,276.0693359375,0.3741455078125,0.1018310546875,8932.99949169159,4986.328125,0.17675180009037164,1.004279484039232,0.0001449782587671931,450.266593272422,0.205592913489377,1.0050439730020613,0.00017497917594100332,385.2430356910189,0.205592913489377,1.0050439730020613,1.0093450426432498
186865.234375,0.890380859375,156.123046875,0.32954101562500004,0.21645507812500003,68800.43745040894,5699.21875,0.16016689665136322,1.005022361839923,0.00021987526859794385,444.35489568874544,0.17077593065309307,1.005032683423641,0.00023849799200836077,416.7440279418245,0.17077593065309307,1.005032683423641,1.0100803212207432
186938.4765625,1.5447998046875,99.7607421875,0.1435791015625,0.27321777343750003,31034.560084342957,5072.265625,0.1642029999174593,1.0049460005414068,0.00031588919267928737,448.03246973774316,0.179401971048335,1.0048856783448805,0.0003558764662079631,410.8919981665084,0.179401971048335,1.0048856783448805,1.0098558434540263
187158.203125,1.263916015625,342.392578125,0.3702636718750001,0.18979492187500002,57836.16018295288,2191.40625,0.17836358413978343,1.0052537433594082,0.00012419547949587748,589.3106784295293,0.20987864407113044,1.0052517423469567,0.00015305214308982605,498.87691209082135,0.20987864407113044,1.0052517423469567,1.0105330770128456
187231.4453125,1.1712646484375,231.5771484375,0.10051269531250001,0.32038574218750004,39887.471079826355,2564.453125,0.17767669804922925,1.0051759080916396,0.00015161554993026996,520.0241558567341,0.2081557001581071,1.005139724045484,0.0001869655367990307,443.66771292691067,0.2081557001581071,1.005139724045484,1.0103422348763995
187451.171875,1.637451171875,103.662109375,0.132080078125,0.16782226562500002,8966.586589813232,6714.84375,0.16564289802334048,1.0049258715471698,0.00029786664122038336,400.81513446190047,0.18215356748362807,1.0048954011686828,0.00033837484735237496,364.631666018371,0.18215356748362807,1.0048954011686828,1.0098453868331814
187524.4140625,0.7977294921875,215.9716796875,0.39729003906250004,0.3359130859375,90230.40473461151,6087.890625,0.16298067895462506,1.0049136084625063,0.00016390926156551087,435.9135447297922,0.1767091545913093,1.0055381709994102,0.00018475990525871946,402.10707578724663,0.1767091545913093,1.0055381709994102,1.0104789918658061
187744.140625,0.516845703125,309.853515625,0.17280273437500002,0.12592773437500002,21567.796230316162,9207.03125,0.16534839782314076,1.0044555175439092,0.00010593774853410604,355.3321859317395,0.18144476457715075,1.0046863614546635,0.00011842870237076883,323.13688448762446,0.18144476457715075,1.0046863614546635,1.009162759164251
187817.3828125,1.9183349609375,370.3662109375,0.3542236328125,0.37019042968750004,80217.644572258,9580.078125,0.2122142671049026,1.0053331318035146,0.00011228379174055721,344.8293900493431,0.29225030169853317,1.0052027785426962,0.0001605925133261381,248.667766594902,0.29225030169853317,1.0052027785426962,1.0105636574499235
188037.109375,1.611083984375,247.763671875,0.19477539062500002,0.3980957031250001,37600.013256073,6417.96875,0.19180329603948743,1.0051325174672214,0.00013998905453240927,380.919803884651,0.2409725511965527,1.005121512972533,0.0001851000791549646,302.7124590784871,0.2409725511965527,1.005121512972533,1.0102803166945447
188110.3515625,0.9530029296875,348.1201171875,0.31350097656250003,0.11735839843750001,64122.034907341,6791.015625,0.17498850040305752,1.0049919406525,0.00010470218998020739,396.2760727848807,0.20269275577845677,1.0044222840616568,0.00012505005476689358,341.36454225436347,0.20269275577845677,1.0044222840616568,1.0094363004937412
188330.078125,1.234619140625,83.408203125,0.23784179687500004,0.34565429687500004,49692.61312484741,9910.15625,0.158897906351621,1.0049354951638698,0.00036066828062682546,360.5514208031234,0.16814130613747452,1.0049616537278814,0.000387012305173171,340.8235050459005,0.16814130613747452,1.0049616537278814,1.00992163710973
188403.3203125,1.3294677734375,150.5615234375,0.27277832031250004,0.13874511718750002,55702.2522687912,9283.203125,0.1662141645429339,1.004937455950604,0.00021108887922105955,358.77892119595566,0.18343652046367076,1.0049407004635609,0.00024016993840759304,324.97500219825235,0.18343652046367076,1.0049407004635609,1.0099025509050688
188623.046875,0.858154296875,365.302734375,0.25981445312500007,0.293212890625,85154.66642379761,5433.59375,0.17744310338557678,1.005109914418639,9.974209947677437e-5,424.9460859400616,0.20805376431773706,1.0051445748512144,0.00012148730424532281,361.517756459289,0.20805376431773706,1.0051445748512144,1.0102807776070635
188696.2890625,1.7059326171875,294.3310546875,0.22971191406250002,0.19880371093750002,13653.45847606659,5806.640625,0.1952263278949218,1.0050780494597003,0.00012986498416026735,392.53561283898915,0.24951278324488796,1.0050206185326753,0.00017352665465583233,307.2827775609006,0.24951278324488796,1.0050206185326753,1.010124162941603
188916.015625,1.987548828125,220.869140625,0.30288085937500003,0.263037109375,73854.31814193726,2925.78125,0.1832902841441086,1.0051808383247631,0.00018447967805425045,525.5574786138657,0.2210635328379337,1.0052687962071216,0.0002344213359798308,435.4295552780522,0.2210635328379337,1.0052687962071216,1.0104769313132
188989.2578125,0.5765380859375,119.3505859375,0.18898925781250003,0.24479980468750004,21543.801188468933,2298.828125,0.15624766579149918,1.0049404291580328,0.0002609204091733602,590.3382069910353,0.16271362495848363,1.0048984270008208,0.00027384334261913723,566.6930347648798,0.16271362495848363,1.0048984270008208,1.009863056490437
189208.984375,0.714599609375,265.029296875,0.125634765625,0.331298828125,8683.509349822998,2136.71875,0.16864327341792362,1.0051914852621613,0.00013187743354016538,571.8633237721882,0.18865264152672576,1.0051429888762524,0.0001524464323868393,511.3246763769844,0.18865264152672576,1.0051429888762524,1.0103611738893683
189282.2265625,1.7440185546875,336.1669921875,0.3849853515625,0.16306152343750002,83552.06191539764,2509.765625,0.18519186299548251,1.0050646801633372,0.00013791970536845943,564.4646843075737,0.22562814030668457,1.0047473702698368,0.00017601313612389903,463.5007635227547,0.22562814030668457,1.0047473702698368,1.0098360943452076
189501.953125,1.838134765625,68.798828125,0.156982421875,0.37495117187500004,22992.04397201538,5628.90625,0.1617312332976809,1.0049747449946143,0.00043730387796555507,440.39286654309916,0.17404496028363375,1.004982818226396,0.0004819578620928939,409.67044317914525,0.17404496028363375,1.004982818226396,1.009982351471041
189794.921875,1.461669921875,382.568359375,0.340673828125,0.287353515625,66971.68302536011,9152.34375,0.19736924011421728,1.0052458304848009,0.00010154230999750867,350.1330305293029,0.25512196326680225,1.0051937546608636,0.00013616136156010126,270.3733699603961,0.25512196326680225,1.0051937546608636,1.010466830702195
189868.1640625,0.9969482421875,282.3779296875,0.15119628906250002,0.23044433593750002,41449.39124584198,9525.390625,0.18052491499894796,1.0048167395836645,0.00011033590780736359,331.62811316755534,0.21512195249546978,1.0048632340871895,0.00013602352803689506,277.6159952201733,0.21512195249546978,1.0048632340871895,1.0097033986029864
190087.890625,1.091064453125,206.259765625,0.37202148437500004,0.306396484375,56153.382778167725,6644.53125,0.16709948555239515,1.0050651718451749,0.00017105205100764872,417.67583040763856,0.18539167167261317,1.0050841791457987,0.00019542478705011324,376.0698577851726,0.18539167167261317,1.0050841791457987,1.0101751032320387
190161.1328125,1.3675537109375,139.2724609375,0.11750488281250002,0.1756591796875,49309.67032909393,6017.578125,0.168017572231405,1.0049134547214185,0.0002307757962172488,411.768453176293,0.18718552787901813,1.0049280272224195,0.0002668955610585657,369.7220132205103,0.18718552787901813,1.0049280272224195,1.0098656955824612
190380.859375,1.786865234375,186.669921875,0.258056640625,0.20356445312500002,90239.26496505737,9980.46875,0.1813474126646045,1.004980624955856,0.0001706237536201559,334.8351502294289,0.21703969375758547,1.0049939763598792,0.00021134173795192107,279.08588476424273,0.21703969375758547,1.0049939763598792,1.0099994744390222
190454.1015625,0.7537841796875,74.5263671875,0.21271972656250002,0.2978271484375,10087.298274040222,9353.515625,0.15477498488375643,1.0048690119869361,0.00040946011123864845,375.1823657139993,0.15955206106109435,1.0049953722577216,0.00042497271547517604,363.8877208310346,0.15955206106109435,1.0049953722577216,1.0098887067720599
190673.828125,0.660400390625,319.814453125,0.291748046875,0.24018554687500002,79672.85299301147,6472.65625,0.16690746192880423,1.0050524746294218,0.00011072353968113193,413.18299910751887,0.18499309576475825,1.0049658132293724,0.00012595458657472858,372.3081794530427,0.18499309576475825,1.0049658132293724,1.01004337750415
190747.0703125,1.8802490234375,259.4677734375,0.18137207031250002,0.2582763671875,18581.692576408386,6845.703125,0.19978646086400237,1.0050492202364412,0.00013972513170017493,361.7331701151883,0.26053843238234375,1.0050013393359964,0.00019084676561822176,277.3150536850906,0.26053843238234375,1.0050013393359964,1.0100758124362221
190966.796875,1.033935546875,134.208984375,0.21059570312500003,0.10336914062500001,31762.89701461792,2996.09375,0.1610163876815757,1.0049679766831043,0.0002520486742228051,537.461772400876,0.17216486119760926,1.00489982873242,0.0002753811716239271,502.38732384160465,0.17216486119760926,1.00489982873242,1.0098921476504181
191040.0390625,1.5067138671875,190.7373046875,0.31643066406250003,0.38395996093750007,71026.97837352753,2369.140625,0.17354212045247208,1.005319391334179,0.00019821800287231234,577.1122407759104,0.19928147308008798,1.0052989927983311,0.00023703524441799498,501.4176758886288,0.19928147308008798,1.0052989927983311,1.0106465715488813
191259.765625,1.413330078125,287.275390625,0.24428710937500003,0.152880859375,43648.812770843506,5488.28125,0.1839542382169914,1.005022169264989,0.0001308249344543326,413.06721397160476,0.2229345988948506,1.0050604475695144,0.00016502849393992158,340.52848095717525,0.2229345988948506,1.0050604475695144,1.010108031258754
191333.0078125,1.1273193359375,398.2568359375,0.28508300781250007,0.3596435546875001,61792.23716259003,5861.328125,0.189778989935907,1.005202836288998,9.740412855499918e-5,409.3986507846705,0.23670187309990626,1.0052328495101441,0.00012661689076143802,328.16379046814194,0.23670187309990626,1.0052328495101441,1.0104629114584684
191552.734375,1.335693359375,87.060546875,0.31547851562500007,0.32426757812500007,20294.12031173706,4574.21875,0.1592792255672915,1.0050810118137325,0.0003727322873580624,483.27237624145266,0.1689226124955717,1.0050310084176097,0.00040184985305451106,455.821190843384,0.1689226124955717,1.0050310084176097,1.0101375828445471
191625.9765625,1.2401123046875,147.5732421875,0.19514160156250002,0.1935302734375,84070.25039196014,4197.265625,0.16521025191957373,1.004925375600164,0.00023387054021229523,477.64843155846074,0.18129003738562008,1.0049847245258,0.00026474412828703467,435.51305527352457,0.18129003738562008,1.0049847245258,1.0099346517665166
191845.703125,0.959228515625,241.455078125,0.271826171875,0.26948242187500004,8824.594020843506,3066.40625,0.16845851815503132,1.0050150861529497,0.00015465480693566895,529.955378490544,0.18827931659922875,1.005167077316682,0.00017873827032134778,473.8258800238665,0.18827931659922875,1.005167077316682,1.0102080768075339
191918.9453125,1.6165771484375,353.7646484375,0.23645019531250003,0.2125732421875,94855.65650463104,3689.453125,0.19737270139767008,1.0042065605304178,0.0001200947443762588,458.2788452875307,0.25506211608558127,1.0038728615483545,0.00016141587986876223,355.77184089005436,0.25506211608558127,1.0038728615483545,1.0080957135053015
192138.671875,0.582763671875,225.849609375,0.230517578125,0.369384765625,58266.81852340698,7589.84375,0.1616623042881362,1.0050141130149894,0.00014994706794824037,395.63216568501645,0.17389738105775188,1.0050300325131012,0.00016498960971133477,367.95195630422387,0.17389738105775188,1.0050300325131012,1.0100693666795804
192211.9140625,1.9930419921875,115.0341796875,0.2613525390625,0.12497558593750001,41133.755564689636,7212.890625,0.1679074267296332,1.00492756125673,0.00028486204162977426,394.8166675682801,0.18704716077071576,1.004991635467082,0.00032785058212291967,354.30079803907824,0.18704716077071576,1.004991635467082,1.0099437933133475
192431.640625,1.712158203125,357.666015625,0.18686523437500002,0.33686523437500004,69147.38607406616,8082.03125,0.21379575473147383,1.0051120641104552,0.00010991892592421203,335.8380453194368,0.2960587229902618,1.0051595196200644,0.00015874765285484458,241.63506423526377,0.2960587229902618,1.0051595196200644,1.0102979595255965
192504.8828125,0.8636474609375,301.3037109375,0.30266113281250007,0.1686279296875,31425.49979686737,8705.078125,0.17057345214702743,1.004905359590451,0.00011573677038103334,366.40425088205774,0.19356786905897855,1.0047112525165194,0.0001339317307324373,323.13095278190343,0.19356786905897855,1.0047112525165194,1.0096397224946851
192724.609375,1.165771484375,338.076171875,0.143212890625,0.140283203125,79357.36799240112,7292.96875,0.19080960597781235,1.004875318146134,0.00010283820412593928,354.5513724031022,0.23883483302756597,1.0049158637144684,0.00013442201012268018,282.95778162232773,0.23883483302756597,1.0049158637144684,1.0098151482601736
192797.8515625,1.2576904296875,236.5576171875,0.32756347656250007,0.34704589843750006,28719.00451183319,7916.015625,0.17547418501922,1.00508165187672,0.00014648223005444853,382.0131935646886,0.20382514555399633,1.0050939624814377,0.0001756439369955054,328.2963358376084,0.20382514555399633,1.0050939624814377,1.0102015001021614
193017.578125,1.539306640625,163.095703125,0.10190429687500001,0.115966796875,89955.21688461304,8785.15625,0.17749609178839063,1.0045143570251207,0.00018366788163541107,342.74747920194363,0.20814119736303294,1.004516201669397,0.00022333641089853422,291.67137328723885,0.20814119736303294,1.004516201669397,1.0090509464412507
193090.8203125,0.8841552734375,92.1240234375,0.3712158203125,0.39655761718750004,19403.836131095886,8408.203125,0.15664156644247196,1.0047726562725767,0.0003506841623824863,392.6795520333591,0.16338983142153946,1.0050341882258378,0.00036825847116128864,377.0699798643341,0.16338983142153946,1.0050341882258378,1.0098308709484278
193310.546875,1.912841796875,306.865234375,0.395751953125,0.24165039062500002,45296.45109176636,4308.59375,0.18913842426586808,1.0027972458940408,0.00014115157118610333,476.1062501263124,0.2357937151172925,1.0027202438012013,0.00018078220341605068,382.3333486480335,0.2357937151172925,1.0027202438012013,1.0055250988860458
193383.7890625,0.5106201171875,374.0185546875,0.1312744140625,0.2597412109375,51775.071024894714,4931.640625,0.16914287823214874,1.0048520648999018,9.485953193591018e-5,440.3454712592969,0.18920478438434224,1.0047418809070563,0.00011007251150717082,392.87734298238456,0.18920478438434224,1.0047418809070563,1.0096169537208668
193603.515625,0.792236328125,109.306640625,0.35444335937500004,0.20209960937500002,33726.388454437256,3800.78125,0.1561215189038538,1.005048946536897,0.0003050652081859824,515.6476208886625,0.1624182470645012,1.0050239675650714,0.00032066600279584347,495.8594473399606,0.1624182470645012,1.0050239675650714,1.0100982798456075
193676.7578125,1.6312255859375,209.6630859375,0.1749267578125,0.2963623046875,62332.46695995331,3423.828125,0.18134833827235877,1.0051292839264157,0.00017747754532014095,481.8477189353669,0.21655732426840898,1.0051512648352738,0.0002231833016378823,403.3634277449462,0.21655732426840898,1.0051512648352738,1.0103069710616097
193896.484375,1.347412109375,312.841796875,0.33657226562500003,0.195361328125,13627.479076385498,8761.71875,0.18331052135871362,1.0050315747595675,0.00011731516076443515,360.94751333346636,0.2216568667817212,1.0050358121791998,0.00014684271515984587,298.1393996290872,0.2216568667817212,1.0050358121791998,1.010092725004222
193969.7265625,1.0643310546875,373.3544921875,0.1552978515625,0.28962402343750004,96011.4735364914,8384.765625,0.1927456061034537,1.0049949202635424,9.261841237182712e-5,339.70862161930984,0.24409579913230814,1.0043626893759379,0.0001222835851278568,268.33326081288413,0.24409579913230814,1.0043626893759379,1.0093794009250476
194189.453125,0.970947265625,105.986328125,0.377294921875,0.24838867187500002,23353.31106185913,7253.90625,0.1571652609218455,1.0050238026465976,0.0003163515608945702,414.7703041206866,0.1645694595901095,1.0050171738228717,0.0003351907451620986,396.2042268956011,0.1645694595901095,1.0050171738228717,1.0100661817605991
194482.421875,0.594482421875,345.380859375,0.120361328125,0.113916015625,68261.93571090698,3777.34375,0.16882542575554468,1.0049111402847855,0.00010541968089885607,477.84499478494143,0.18926502141105264,1.0049198475641474,0.000122227656801338,426.62123130483747,0.18926502141105264,1.0049198475641474,1.0098551499105002
194555.6640625,1.8172607421875,234.5654296875,0.3902587890625,0.3945068359375,28221.989512443542,3400.390625,0.18127647930999,1.0053627540184316,0.00017887584213546336,524.5623906020139,0.21679974608020877,1.0054097281158239,0.00022384362494802193,438.58074937836074,0.21679974608020877,1.0054097281158239,1.0108014931754472
194775.390625,1.723876953125,158.447265625,0.16108398437500002,0.142333984375,57876.1305809021,4269.53125,0.17389745620325098,1.0050092063557348,0.00022216160001745574,456.1775362679924,0.19991706447953955,1.0050128986365858,0.00026678090197158736,396.63440861311545,0.19991706447953955,1.0050128986365858,1.0100472156360316
194848.6328125,0.6878662109375,102.0849609375,0.34719238281250003,0.3490966796875,39750.115275382996,4892.578125,0.15579480349791977,1.005055921486595,0.0003243924311330404,477.6296193446063,0.16174713277658362,1.0049866611983185,0.0003399243437929138,460.2157300651723,0.16174713277658362,1.0049866611983185,1.0100677948524124
195068.359375,1.154052734375,223.857421875,0.20649414062500002,0.33950195312500003,90571.90656661987,3105.46875,0.17271726345856137,1.0052001084401592,0.0001663891860201954,516.3947682278891,0.19746727940381462,1.0050743784364438,0.00019807676461113097,451.45127636674823,0.19746727940381462,1.0050743784364438,1.0103008741947388
195141.6015625,1.4334716796875,122.3388671875,0.3205322265625,0.1712646484375,14794.390559196472,3728.515625,0.16214983197152058,1.0050711184414602,0.000289057867484734,510.6153951929459,0.17488973118507142,1.0050306688992952,0.00031867458978746,473.4701746965205,0.17488973118507142,1.0050306688992952,1.0101272984585834
195361.328125,1.527587890625,367.626953125,0.24956054687500004,0.36674804687500007,79818.54391098022,4597.65625,0.1996028707930872,1.005276203279345,0.00011471670679323995,433.54459650840187,0.2606109914007869,1.0046589882698647,0.0001557121164264514,333.139083221319,0.2606109914007869,1.0046589882698647,1.0099597733183976
195434.5703125,1.0599365234375,296.6552734375,0.27980957031250003,0.1223388671875,26841.580271720886,4220.703125,0.1725568479537759,1.0051030794293718,0.0001326806571351843,471.4606784058201,0.19725826290294493,1.0050747708396304,0.00015659341167961803,411.98433998684123,0.19725826290294493,1.0050747708396304,1.0102037472276828
195654.296875,1.901123046875,86.396484375,0.252783203125,0.27680664062500004,37424.487590789795,8121.09375,0.16345041603419694,1.0049296970873018,0.00036488108784991143,386.65301391270754,0.17761945590051276,1.0049678989037838,0.0004072395164738402,356.0185585085692,0.17761945590051276,1.0049678989037838,1.0099220862278417
195727.5390625,0.6864013671875,153.5498046875,0.21799316406250002,0.2198974609375,64683.24363231659,8744.140625,0.15843560931848533,1.0049829379494108,0.00021939698393035945,379.695636579422,0.16720410420506943,1.0038375012787044,0.00023546204517683347,359.6982161141076,0.16720410420506943,1.0038375012787044,1.0088395612588679
195947.265625,0.780517578125,250.087890625,0.29584960937500004,0.31694335937500007,47278.29885482788,7613.28125,0.1658527942620546,1.0053263346572714,0.00014364587142977813,394.6621220045274,0.18472190495592983,1.0040267163475736,0.00015809786238673524,355.9647150000723,0.18472190495592983,1.0040267163475736,1.0093744986436821
196020.5078125,1.8070068359375,350.4443359375,0.17727050781250003,0.1862060546875,53842.17917919159,7236.328125,0.21169890512368697,1.005051538234459,0.00011564671039168998,346.77560561674164,0.2906923960581242,1.0050632325018551,0.00016557671834056345,252.11015748633395,0.2906923960581242,1.0050632325018551,1.010140347848887
196240.234375,0.843505859375,124.248046875,0.22641601562500002,0.15083007812500002,23682.273387908936,6449.21875,0.15782358954403533,1.0049701329109555,0.0002747317517348784,426.8542426483197,0.1658849051028081,1.0049380522485554,0.0002923526903378586,406.1732690028373,0.1658849051028081,1.0049380522485554,1.0099327279355075
196313.4765625,1.6854248046875,195.3857421875,0.26545410156250004,0.35759277343750007,76460.34133434296,6822.265625,0.17969178948319697,1.0051240105547026,0.0001795000561986582,395.4933675685304,0.21320967376651218,1.005099824774574,0.00022128240392212519,332.78424672194643,0.21320967376651218,1.005099824774574,1.0102499668852485
196533.203125,1.967041015625,289.267578125,0.192138671875,0.105419921875,16798.68459701538,9941.40625,0.20539262251295826,1.0050125420630105,0.0001298288995783178,313.8138140912938,0.27508810435690634,1.0049858772652596,0.0001798771815824023,233.565157719488,0.27508810435690634,1.0049858772652596,1.0100234112477833
196606.4453125,0.5618896484375,390.9521484375,0.29738769531250003,0.3860107421875001,87505.51307201385,9314.453125,0.1697085201552542,1.0048855221901374,8.692050512538813e-5,360.5819968916658,0.19113404691786043,1.0050882213898982,0.00010052718834758561,319.77360613452373,0.19113404691786043,1.0050882213898982,1.0099986021985443
196826.171875,1.590576171875,178.037109375,0.31020507812500003,0.23344726562500004,57248.99625778198,5464.84375,0.17128903806534626,1.0051191791387677,0.0002065658565374766,439.8689389253134,0.1944731079417931,1.005008707316992,0.00024205898906057513,387.0543568442019,0.1944731079417931,1.005008707316992,1.010153526925769
196899.4140625,0.9383544921875,77.8466796875,0.20041503906250002,0.25153808593750004,51307.217478752136,5837.890625,0.15603775653939786,1.0050741029378316,0.00041079758707552867,445.9398220120331,0.16216774806274867,1.0049902210599493,0.00043169358463008553,429.8170668513967,0.16216774806274867,1.0049902210599493,1.0100896448931216
197119.140625,1.219970703125,320.478515625,0.27592773437500007,0.21030273437500002,67703.47738265991,2957.03125,0.1789939056467454,1.0051606280977865,0.00013017564264378214,522.6100051758056,0.21140127216044222,1.005187127803944,0.00016111712263506682,442.42752267490084,0.21140127216044222,1.005187127803944,1.0103745247392222
197192.3828125,1.3089599609375,253.4912109375,0.23234863281250004,0.3045654296875,37842.30887889862,2330.078125,0.1775367295184068,1.0052473199364071,0.00015642141786031304,559.0392602911057,0.20808741310349496,1.0052772164314863,0.00019185608363299976,476.3795757654312,0.20808741310349496,1.0052772164314863,1.0105522276108831
197412.109375,1.657958984375,385.888671875,0.39165039062500007,0.313720703125,82397.132396698,5667.96875,0.19600114859550882,1.0038269797611477,0.00011448203814507997,433.6860860709471,0.25251104925116474,1.0030861583076478,0.00015111177538011336,337.69876042812905,0.25251104925116474,1.0030861583076478,1.0069249487341785
197485.3515625,0.8123779296875,273.7451171875,0.1353759765625,0.1829833984375,16822.352290153503,5041.015625,0.1702447813123276,1.0049917994765365,0.00012943278276369825,435.1676276483648,0.19204376060108627,1.0049221197947609,0.0001515626011725837,385.68116621514406,0.19204376060108627,1.0049221197947609,1.0099384895063124
197705.078125,0.531494140625,200.283203125,0.359716796875,0.280029296875,93139.75667953491,2160.15625,0.15912282084608284,1.0049648678563847,0.00017448309219358045,604.8427509879791,0.16777954374368065,1.0050752274016668,0.0001878001257871868,572.3311210124588,0.16777954374368065,1.0050752274016668,1.0100652930914418
197778.3203125,1.9388427734375,139.9365234375,0.16965332031250002,0.22312011718750002,4015.2405500411987,2533.203125,0.1734178740751238,1.0051332519591982,0.00025807010871635515,540.7458996207961,0.19888776036195374,1.0050929794875028,0.00030912010021590276,471.4353475659569,0.19888776036195374,1.0050929794875028,1.0102523749936334
197998.046875,0.905029296875,269.677734375,0.137939453125,0.3775878906250001,46215.15226364136,6683.59375,0.17465466568104343,1.0049862660934703,0.0001260169068205559,390.90175377242167,0.20190343308940978,1.0049627563383965,0.00015068271609579813,337.66864341098847,0.20190343308940978,1.0049627563383965,1.0099737680555272
198071.2890625,1.5653076171875,326.2060546875,0.33283691406250004,0.1331787109375,63691.819071769714,6056.640625,0.1855761491099286,1.004973288169874,0.00012682568284855077,412.4246306873397,0.22703030927969234,1.0050682362499994,0.00016058252888047597,337.4073158696975,0.22703030927969234,1.0050682362499994,1.0100667302192576
198291.015625,1.284423828125,61.494140625,0.10600585937500001,0.32866210937500007,36720.223903656006,9175.78125,0.157051380224942,1.0049762502629134,0.00048705743152107587,376.0640676465469,0.16434650822981042,1.0049269802656506,0.0005148529907508351,359.56785328430067,0.16434650822981042,1.0049269802656506,1.0099277484154063
198364.2578125,1.1859130859375,172.4755859375,0.36711425781250007,0.1604248046875,75876.59537792206,9548.828125,0.1640246847320026,1.004991086650404,0.0001998504284718962,366.28329010092057,0.17881484296515962,1.004936815528572,0.00022473149192594303,336.14019990839535,0.17881484296515962,1.004936815528572,1.0099525422530562
198583.984375,1.042724609375,360.654296875,0.322509765625,0.26567382812500007,63713.23347091675,9886.71875,0.18185225242375355,1.0047919552979774,9.920269054507188e-5,346.71917632304985,0.2183687721065491,1.0051162505413525,0.00012308900287853907,288.4119350045095,0.2183687721065491,1.0051162505413525,1.0099327226832173
198657.2265625,1.5096435546875,304.2919921875,0.20686035156250002,0.24743652343750003,46268.03481578827,9259.765625,0.19538812682058954,1.0050321538565754,0.00011837498551991428,334.0010197912251,0.25028219610158436,1.0050346361780789,0.00015720262236582565,260.3613600181464,0.25028219610158436,1.0050346361780789,1.0100921250985142
198876.953125,1.416259765625,228.173828125,0.27885742187500007,0.29057617187500007,73947.06106185913,6378.90625,0.17702095834864115,1.0051227558352829,0.00015969014638496167,408.59051658618506,0.2071794969504696,1.0050753915972588,0.00019399458822885716,348.7075388183411,0.2071794969504696,1.0050753915972588,1.0102241474244629
198950.1953125,1.1361083984375,117.3583984375,0.24816894531250003,0.1961669921875,33894.299387931824,6751.953125,0.1600577180123078,1.0050125526968412,0.0002916594416617117,418.7154707333225,0.17054170694145035,1.0049926727925576,0.0003167142239990938,393.2376655187367,0.17054170694145035,1.0049926727925576,1.0100302515248696
199169.921875,1.789794921875,244.443359375,0.218798828125,0.35297851562500004,16734.378337860107,2902.34375,0.1876204861821019,1.0052926487430298,0.0001680294588702106,510.1072355184982,0.23111335683354844,1.005306703976957,0.00021879816267492353,415.1827667640972,0.23111335683354844,1.005306703976957,1.01062743924012
199243.1640625,0.7625732421875,356.7529296875,0.25432128906250007,0.14606933593750002,84292.40882396698,2275.390625,0.1700923988600413,1.0050137030560367,0.00011140776820948623,570.4113174056821,0.1917563055896139,1.0050585238995562,0.00012999667991708453,505.3074922531726,0.1917563055896139,1.0050585238995562,1.0100975888923271
199462.890625,0.669189453125,89.384765625,0.17514648437500002,0.3907714843750001,8112.245082855225,5394.53125,0.15558743066519387,1.0050198354586721,0.00036567735367382933,460.84134722342725,0.16139846445647135,1.0050986272630253,0.0003817132759034458,443.84832392006626,0.16139846445647135,1.0050986272630253,1.010144056991623
199536.1328125,1.8831787109375,149.8974609375,0.2956298828125,0.11003417968750001,95522.43888378143,5767.578125,0.16985712306002046,1.0050375770374917,0.0002439412464821091,430.5411658541066,0.19133660007370631,1.0050321265303395,0.00028330961618081404,382.07602218682734,0.19133660007370631,1.0050321265303395,1.0100950532928903
199755.859375,1.458740234375,112.294921875,0.154931640625,0.11918945312500001,48431.83088302612,2230.46875,0.16348180921656144,1.004980486007563,0.00030049291423873926,576.4147865093959,0.1776876547660958,1.005046329982225,0.00033450850247422425,530.6937921791525,0.1776876547660958,1.005046329982225,1.010051949165654
199829.1015625,0.9881591796875,212.6513671875,0.3345947265625,0.36345214843750007,55131.51824474335,2603.515625,0.16649195165549824,1.0052468425131078,0.00017835891201259426,569.8235487834996,0.18412578505906582,1.0051293375836043,0.0002030045678188238,514.9315538034458,0.18412578505906582,1.0051293375836043,1.01040309292321
200048.828125,1.082275390625,309.189453125,0.11362304687500001,0.174560546875,39197.938442230225,5722.65625,0.18355735917407592,1.0048945966328486,0.00011497829223830964,394.8018320808479,0.22179264115823744,1.0049189848440467,0.00014532803301164077,326.489206053362,0.22179264115823744,1.0049189848440467,1.0098376579235502
200122.0703125,1.3646240234375,376.3427734375,0.37824707031250004,0.3426513671875,68135.43403148651,5095.703125,0.18736291440335553,1.0052737754653065,0.00011509360082276204,452.29335667115436,0.2317709849508743,1.0047438520384737,0.00014552259057664128,366.4992246961486,0.2317709849508743,1.0047438520384737,1.0100426455142717
200341.796875,0.705810546875,166.083984375,0.38872070312500007,0.187744140625,80147.90678024292,9246.09375,0.15759903361513486,1.0050897851905332,0.00021234744825835648,378.3179469393683,0.165475284009571,1.0049134742693955,0.000224602148884392,360.31657049105297,0.165475284009571,1.0049134742693955,1.010028267988499
200415.0390625,1.7410888671875,95.1123046875,0.11955566406250001,0.3183349609375,28263.184428215027,9619.140625,0.1662604276538777,1.0048876114815373,0.0003137015690867445,353.0195799782016,0.1835449759800535,1.0048872966237388,0.000357282939460826,319.9193666471586,0.1835449759800535,1.0048872966237388,1.009798795312368
200634.765625,1.835205078125,340.400390625,0.34741210937500006,0.21850585937500003,90219.247341156,6738.28125,0.19515322684801048,1.005147158373935,0.000127159760463551,398.6337039394162,0.25016406448086664,1.0045313600891985,0.00016746055162863212,311.4577928853642,0.25016406448086664,1.0045313600891985,1.009701842091162
200708.0078125,0.6116943359375,238.8818359375,0.1632080078125,0.2752685546875,14739.502787590027,6111.328125,0.16276310219089568,1.0049554836289996,0.0001484184120382311,424.7371716977455,0.17608716452628398,1.004657663479038,0.00016655908263971334,392.99201165918316,0.17608716452628398,1.004657663479038,1.0096362280831574
200927.734375,1.945068359375,203.935546875,0.137353515625,0.389892578125,67037.28437423706,7324.21875,0.19314961165306593,1.005003755544249,0.00016797106833355002,359.43363383506505,0.24445863755901642,1.0049356461615282,0.00022248061939933184,283.82295555220946,0.24445863755901642,1.0049356461615282,1.0099640984726224
201000.9765625,0.5369873046875,136.9482421875,0.39201660156250007,0.1091552734375,39468.687891960144,7947.265625,0.15606037430664657,1.004750808796078,0.00025407556011365363,401.1772335435362,0.16063817367623265,1.0049883448830068,0.00026886514285066367,387.85151767811294,0.16063817367623265,1.0049883448830068,1.0097628523518327
201220.703125,0.818603515625,379.580078125,0.168701171875,0.353857421875,57537.118434906006,8816.40625,0.18216341519867657,1.0049189414664677,8.971400200853429e-5,347.99685213886136,0.21876092142982656,1.0049790943858925,0.00011239874298116317,289.3437567976027,0.21876092142982656,1.0049790943858925,1.0099225277262003
201293.9453125,1.6634521484375,279.3896484375,0.35832519531250007,0.14694824218750002,50558.65943431854,8439.453125,0.18290658945002958,1.0050422511053723,0.00013884077488930405,371.86902790699355,0.22086072462620945,1.005065758429459,0.0001729646384443869,307.92254489306305,0.22086072462620945,1.005065758429459,1.0101335523608719
201513.671875,1.192138671875,66.474609375,0.33364257812500003,0.30375976562500007,14367.587566375732,4339.84375,0.15615181726783467,1.0050571874005707,0.000477419516725902,497.4648327602726,0.1625097652508022,1.0051194882485603,0.0005014598526087103,477.9942042928519,0.1625097652508022,1.0051194882485603,1.010202565860599
201586.9140625,1.2899169921875,168.1591796875,0.13947753906250002,0.20935058593750003,92441.03705883026,4962.890625,0.16923319568997972,1.0049840784270934,0.00020942723904576502,442.9446640444242,0.18977640248960073,1.004872887543548,0.00024537599543374437,395.45341295893985,0.18977640248960073,1.004872887543548,1.0098812528243248
201806.640625,1.571533203125,262.041015625,0.364990234375,0.25249023437500007,25587.754726409912,3832.03125,0.1774618022109827,1.0052100133651227,0.00016293082650003585,500.15355843378165,0.20820953858519553,1.0051579585402584,0.0001988847620586776,426.6497879876752,0.20820953858519553,1.0051579585402584,1.0103948449383127
201879.8828125,0.9105224609375,333.1787109375,0.1057861328125,0.23425292968750003,80543.328166008,3455.078125,0.1790602405822898,1.0048786398077443,0.00011330058641504984,473.16926366638774,0.21123088923143438,1.0050540258574745,0.00013993503119299547,400.71095813359034,0.21123088923143438,1.0050540258574745,1.0099573224369565
202099.609375,0.556396484375,284.951171875,0.26508789062500004,0.224658203125,31355.659008026123,4542.96875,0.16199121204084949,1.0049268868048213,0.0001324466082186191,475.65020479968865,0.17456821942054737,1.0049957752197831,0.00014528153792330622,441.47001272194734,0.17456821942054737,1.0049957752197831,1.0099472756436148
202172.8515625,1.9608154296875,395.9326171875,0.22443847656250004,0.28142089843750007,72384.16564464569,4166.015625,0.2155049032246562,1.0041471633730112,0.00011971999147826032,431.08188567262016,0.3013126288691691,1.003031988719039,0.00017297349571971448,309.69037554651277,0.3013126288691691,1.003031988719039,1.0071917262446133
202392.578125,1.679931640625,131.220703125,0.29877929687500004,0.18159179687500002,41714.86043930054,3035.15625,0.1654635050976873,1.0050675341736475,0.0002818153822720311,539.1788592982498,0.18190743436119683,1.0049017250068368,0.0003191139905099706,490.1545388800872,0.18190743436119683,1.0049017250068368,1.0099940988394662
202465.8203125,0.8372802734375,187.7490234375,0.19309082031250002,0.31218261718750007,61569.363474845886,3658.203125,0.16340177592273064,1.0049690816736505,0.00019382190919893944,505.68068193325513,0.1775482432760199,1.005101013526385,0.00021594979371475175,465.72462441837143,0.1775482432760199,1.005101013526385,1.0100954425528665
202685.546875,1.303466796875,317.490234375,0.19887695312500003,0.157275390625,99007.32755661011,7558.59375,0.1878596263107309,1.00500023535174,0.00011609270056286163,364.05830897483065,0.23210926108474103,1.0049989732416955,0.00014927160712092008,294.6327380868435,0.23210926108474103,1.0049989732416955,1.010024204636161
202758.7890625,1.2137451171875,257.1435546875,0.30939941406250004,0.32536621093750007,11114.21287059784,7181.640625,0.17650043063755894,1.0039397281269207,0.00014308036852017414,397.28157116969516,0.20511612522177772,1.0050676449436415,0.00017263580976025075,340.22285042840605,0.20511612522177772,1.0050676449436415,1.009027338213884
202978.515625,0.932861328125,183.681640625,0.23256835937500003,0.136474609375,87756.356716156,8050.78125,0.1631286882088371,1.0049596865147963,0.00019137588164330828,386.8168201532914,0.1769599312225733,1.0049457243657918,0.00021264308474653703,356.7892218892418,0.1769599312225733,1.0049457243657918,1.009929940123031
203051.7578125,1.5843505859375,71.5380859375,0.2780517578125,0.3807373046875,23703.347086906433,8673.828125,0.15916811129265498,1.0049607020507378,0.000443850531450875,387.5180342962848,0.1687384857163052,1.0050138909203912,0.00047830721924561046,365.8200812584991,0.1687384857163052,1.0050138909203912,1.0099994653900999
203271.484375,0.644287109375,174.716796875,0.158447265625,0.29848632812500003,35859.59577560425,2511.71875,0.16010004537985315,1.0050653085762766,0.00020036497284423916,567.976877132664,0.1706462583448968,1.0050676081715522,0.00021721516532641335,533.3277272125733,0.1706462583448968,1.0050676081715522,1.0101585857469613
203344.7265625,1.8612060546875,65.2294921875,0.3521728515625,0.2052490234375,66362.76137828827,2134.765625,0.1585890854107331,1.005003948925717,0.00047559304110095707,607.1188729468322,0.16749355820670625,1.0050893244180354,0.0005095546230204496,575.1337446013355,0.16749355820670625,1.0050893244180354,1.0101187400632068
203564.453125,1.767822265625,329.111328125,0.124169921875,0.25776367187500004,49565.40822982788,5003.90625,0.2085873115565571,1.0050920133869519,0.0001244026078755388,389.37203525426435,0.28229694800247995,1.0050035379597877,0.00017730639526904594,288.56662915372664,0.28229694800247995,1.0050035379597877,1.0101210294290128
203857.421875,1.391357421875,143.505859375,0.37348632812500004,0.38579101562500007,93491.67203903198,9527.34375,0.165686531743162,1.005079926471171,0.00023687898101996512,371.08195748765627,0.1824502003833219,1.0048650904552603,0.0002677660983146858,336.95509333694974,0.1824502003833219,1.0048650904552603,1.0099697312282196
203930.6640625,1.1141357421875,202.6904296875,0.11838378906250001,0.1038818359375,19188.725352287292,9150.390625,0.17219649746066795,1.0047824675051817,0.00016271878761018297,350.43884203924927,0.19650533235469422,1.004590864084422,0.00019241953026075456,307.2384129394598,0.19650533235469422,1.004590864084422,1.0093952872479084
204150.390625,1.020751953125,275.322265625,0.339208984375,0.35795898437500007,82329.3776512146,6019.53125,0.17180207647477527,1.0051710111504242,0.00013917419501626783,431.38301569074895,0.1957290366196917,1.0051922987929045,0.0001633466342568046,378.40437628924457,0.1957290366196917,1.0051922987929045,1.0103901593782831
204223.6328125,1.4847412109375,388.9599609375,0.1503173828125,0.1522216796875,27689.629435539246,6642.578125,0.2058183593201209,1.0049912042000486,0.00010436747752677584,359.68394477694784,0.27574081359302055,1.0049973350743682,0.00014602467373512528,268.5274669306277,0.27574081359302055,1.0049973350743682,1.010013481994229
204443.359375,1.857177734375,255.732421875,0.290869140625,0.161376953125,75060.12678146362,9355.46875,0.18867679678107577,1.0050224742580116,0.00014681099572991872,348.364786184721,0.23430124472080305,1.0050368001763084,0.00018849748737228384,280.34122586995386,0.23430124472080305,1.0050368001763084,1.0100845716335483
204516.6015625,0.6365966796875,324.2138671875,0.17990722656250002,0.33063964843750004,35278.85711193085,9978.515625,0.17040082588603944,1.0047340505590092,0.00010593467089471721,346.9966491746081,0.19197408699914278,1.0047884005777938,0.00012006810813947706,306.03000334396535,0.19197408699914278,1.0047884005777938,1.0095451196672351
204736.328125,0.730712890625,80.751953125,0.25893554687500003,0.132373046875,63143.189907073975,6847.65625,0.15398197843388223,1.0049424627746217,0.0004123286734489162,427.1071607367212,0.15802936371438037,1.0048834664769395,0.00042551309469373287,416.2751248827163,0.15802936371438037,1.0048834664769395,1.0098500656028346
204809.5703125,1.7630615234375,179.7802734375,0.21418457031250002,0.3754638671875,44671.01752758026,6470.703125,0.17929247428682496,1.0050216941077599,0.0001970949362438113,401.0812643627993,0.21237585904618347,1.0050611504980709,0.000241960707998887,338.3003917299025,0.21237585904618347,1.0050611504980709,1.0101082601554654
205029.296875,1.104248046875,394.521484375,0.24340820312500003,0.22993164062500002,6918.628215789795,2371.09375,0.18297707866333732,1.0051924576341718,0.00011139735344668885,549.0812587298584,0.22049392596234907,1.0052402590957779,0.00014111041219155046,456.60568154825717,0.22049392596234907,1.0052402590957779,1.0104599265532965
205102.5390625,1.3895263671875,291.6748046875,0.28361816406250007,0.2855224609375,99707.47458934784,2994.140625,0.18023776273113665,1.005252621449762,0.0001467968548050519,525.1722709864767,0.21433299582618393,1.0052200404012208,0.00018288514179436516,442.2428349776962,0.21433299582618393,1.0052200404012208,1.010500080747163
205322.265625,1.483642578125,196.962890625,0.211474609375,0.176318359375,21129.73928451538,5863.28125,0.17417685441373656,1.0050049382144641,0.00018543142466375363,417.24116378437026,0.20072797130976955,1.005043323878607,0.000222231832992507,362.0335718134648,0.20072797130976955,1.005043323878607,1.010073503617479
205395.5078125,1.0101318359375,127.3193359375,0.31789550781250003,0.3080810546875,88813.79783153534,5486.328125,0.1596017558448708,1.0049507661752808,0.000282854583659936,456.95945604723846,0.16960411752427293,1.005043901831662,0.00030467710122291075,430.2968240205099,0.16960411752427293,1.005043901831662,1.0100196391855223
205615.234375,1.546630859375,347.373046875,0.273291015625,0.34770507812500007,44307.029247283936,4199.21875,0.19336169640849984,1.005052857155926,0.00012589770081039973,460.08397195225115,0.24577885173046599,1.0043300092420056,0.0001649645679102552,363.2993730490996,0.24577885173046599,1.0043300092420056,1.0094047453161152
205688.4765625,0.8885498046875,248.5107421875,0.23732910156250003,0.1419677734375,64144.85061168671,4572.265625,0.16632001373968663,1.0049772474245615,0.00015459029701046965,466.83144657223204,0.18370192574332128,1.004941235272762,0.00017573569646763096,422.77851869361166,0.18370192574332128,1.004941235272762,1.009943076447859
205908.203125,1.170166015625,151.142578125,0.31401367187500007,0.39604492187500007,33111.55080795288,3691.40625,0.16406162189282905,1.0053082491223135,0.00024662835477093386,515.6518324038942,0.1789598987027815,1.0045009519014716,0.0002750069307829931,472.360833243424,0.1789598987027815,1.0045009519014716,1.0098330931977657
205981.4453125,1.2650146484375,82.8271484375,0.1942626953125,0.1141357421875,75252.4002790451,3064.453125,0.15779287300346065,1.0050155155182852,0.0003982392091830913,541.7564813778899,0.16580150357089604,1.0046125262993857,0.0004239353879899918,515.8393136620501,0.16580150357089604,1.0046125262993857,1.0096511760149038
206201.171875,0.793701171875,294.912109375,0.18833007812500002,0.261572265625,87603.42741012573,7214.84375,0.1707361331109791,1.0049275501596309,0.00012135050613702984,390.78299053660686,0.19329271047201227,1.0049018788562978,0.00014166034170837456,345.03276470519285,0.19329271047201227,1.0049018788562978,1.0098535832698694
206274.4140625,1.6414794921875,364.7216796875,0.30354003906250004,0.24216308593750002,21654.35492992401,7587.890625,0.19731834719174343,1.0051911880784232,0.00011608880213380303,376.905541793104,0.25503671456421584,1.0051730741759526,0.000155764535921987,291.5017433562824,0.25503671456421584,1.0051730741759526,1.0103911166553667
206494.140625,1.923095703125,118.603515625,0.229052734375,0.294677734375,99323.28939437866,8707.03125,0.16984056424250585,1.0049971465966074,0.00027650202562998737,370.65670249896164,0.19129951820842947,1.0049164880264605,0.00032201645323244767,329.05757923909977,0.19129951820842947,1.0049164880264605,1.0099382030344766
206567.3828125,0.5120849609375,221.6162109375,0.2604736328125,0.20144042968750003,10474.114298820496,8080.078125,0.15840682372269224,1.0049758308085075,0.00016426120764134977,395.1722426764957,0.16719001001463663,1.0046693300149616,0.0001762597179340388,374.2558749266284,0.16719001001463663,1.0046693300149616,1.0096683946196126
206787.109375,0.954833984375,99.013671875,0.101025390625,0.19184570312500002,59804.847240448,7917.96875,0.1578228116066147,1.0049037060936608,0.00034042936343699887,397.34058473683666,0.16591492477055225,1.0048337611657634,0.00036206406136658396,378.15806934149106,0.16591492477055225,1.0048337611657634,1.009761170603508
206860.3515625,1.6092529296875,156.8701171875,0.3697509765625,0.3236083984375,52426.66137218475,7291.015625,0.16851690806422873,1.0050646340691678,0.0002324502085223739,409.1409858648259,0.18851818623586153,1.0051182875482516,0.00026779043001083744,365.72344451729373,0.18851818623586153,1.0051182875482516,1.010208843870912
207080.078125,1.328369140625,232.158203125,0.144091796875,0.214404296875,71164.29281234741,8410.15625,0.1807450310367655,1.0049022627670081,0.00014573723530309982,354.4457149627554,0.2157038379743327,1.0048728929895845,0.00017989466101717174,296.68487531751526,0.2157038379743327,1.0048728929895845,1.009799043958463
207153.3203125,1.2357177734375,341.8115234375,0.32902832031250007,0.2699951171875,42826.45881175995,8783.203125,0.18364342738960518,1.005130802044425,0.00011228037513304103,367.37219955817153,0.2226191113754795,1.005133096153256,0.00014041887921397526,302.97357166340663,0.2226191113754795,1.005133096153256,1.0102902350979184
207373.046875,1.701904296875,216.552734375,0.35356445312500007,0.12446289062500002,25619.632244110107,4933.59375,0.17279599870550494,1.0050793270544547,0.00019102380324948658,460.3718028022603,0.1978142856977342,1.0050848895318136,0.0002263644446393492,402.48754002407003,0.1978142856977342,1.0050848895318136,1.0101900444032361
207446.2890625,0.8621826171875,103.0810546875,0.1734619140625,0.3675537109375,81466.08054637909,4306.640625,0.15788367765784486,1.0050163223795503,0.0003330354562640961,492.5636974167534,0.1660806770130978,1.0050365980406635,0.00035479724787148425,468.6898443731986,0.1660806770130978,1.0050365980406635,1.0100781856196819
207666.015625,0.581298828125,369.619140625,0.3966308593750001,0.16928710937500002,12201.608180999756,3425.78125,0.16298158639804894,1.0050718072839966,0.00011061537249421714,528.735001076402,0.17668202991212045,1.0050451288537516,0.00012246322078278998,487.45156881463197,0.17668202991212045,1.0050451288537516,1.0101425240590174
207739.2578125,1.9827880859375,310.6005859375,0.1327392578125,0.33854980468750007,93486.30607128143,3798.828125,0.2094980594328866,1.0051395233402247,0.00013942791020981842,429.31361511467804,0.284724356461682,1.0048036133121214,0.0001994881072458256,317.97657668482356,0.284724356461682,1.0048036133121214,1.0099678249350812
207958.984375,1.745849609375,73.779296875,0.181884765625,0.23754882812500003,79726.722240448,3636.71875,0.16038653413830717,1.0050265734280464,0.0004475551601591786,513.038247631375,0.17122871405841636,1.0050333771292734,0.00048648852051207526,480.92141684921506,0.17122871405841636,1.0050333771292734,1.010085251197051
208032.2265625,0.7127685546875,187.4169921875,0.2912353515625,0.2568115234375,22416.991114616394,3009.765625,0.16003908243800155,1.0051244167146276,0.00019850296841007382,547.505165786567,0.17052007253727214,1.005098036535309,0.00021517615028747236,514.0498912768039,0.17052007253727214,1.005098036535309,1.01024857771357
208251.953125,0.619384765625,260.048828125,0.21323242187500002,0.20620117187500003,92358.74319076538,4128.90625,0.16248326403399796,1.0051881893978831,0.00014756947449962184,488.04373310806477,0.1756814211095103,1.004981955751863,0.00016184112938180667,451.6496101791968,0.1756814211095103,1.004981955751863,1.0101959924797588
208544.921875,0.992919921875,191.318359375,0.284423828125,0.15610351562500002,55201.78556442261,8652.34375,0.16371146710025528,1.0040399828264477,0.00018893951016412552,380.26883716041596,0.17828581593362902,1.0049755249787002,0.0002091421304175823,349.4095065725717,0.17828581593362902,1.0049755249787002,1.0090356088406145
208618.1640625,1.4656982421875,133.6279296875,0.24494628906250002,0.3616943359375,62067.43323802948,8025.390625,0.16651805985194962,1.0049845260602408,0.00025724776553150873,389.0048544617244,0.1841866825987936,1.0049599213814933,0.00029307447940071026,351.9085866417426,0.1841866825987936,1.0049599213814933,1.009969170299117
208837.890625,1.372314453125,397.509765625,0.315771484375,0.10014648437500001,43384.950160980225,7144.53125,0.18786775873851497,1.0048668108716023,0.00010731915273623714,388.4647880225303,0.23295282043167564,1.0048631722277708,0.0001377237519767505,314.25940402151844,0.23295282043167564,1.0048631722277708,1.0097536512388416
208911.1328125,1.0863037109375,288.0224609375,0.21125488281250002,0.38190917968750004,72813.45450878143,7517.578125,0.17932695627142234,1.0050798734118762,0.0001251691136238995,380.6035321838651,0.21240175211205597,1.0050350738563263,0.00015422981099851143,321.1701863055601,0.21240175211205597,1.0050350738563263,1.010140524806012
209130.859375,0.755615234375,335.419921875,0.351806640625,0.372314453125,20913.337230682373,8480.46875,0.1700566568050601,1.0051418514503452,0.00011052402079532565,384.05749642066877,0.1919860269009541,1.005112331846801,0.00012778001871389605,339.9660836538947,0.1919860269009541,1.005112331846801,1.0102804701480672
209204.1015625,1.7850341796875,265.7763671875,0.15646972656250002,0.1290771484375,87467.36419200897,8853.515625,0.19649403668117793,1.0049532151770744,0.00013906586407688148,335.5689192065396,0.2531016916852709,1.0049008417311889,0.00018521201230527908,260.3028454128573,0.2531016916852709,1.0049008417311889,1.0098783318319067
209423.828125,1.879150390625,171.064453125,0.385498046875,0.33393554687500004,9059.083461761475,7972.65625,0.17380455207523035,1.005125125365936,0.0002162107581409536,395.45980426102824,0.20023218263396997,1.0051395542951613,0.00025635671854305666,343.2332491801605,0.20023218263396997,1.0051395542951613,1.010291020521185
209497.0703125,0.6614990234375,68.2177734375,0.1251220703125,0.16452636718750002,99398.03779125214,7345.703125,0.1533967011773504,1.0049544623811286,0.0004774693003795594,418.11704136309487,0.15696953892435148,1.004937662010827,0.0004906912701706608,408.8504823122655,0.15696953892435148,1.004937662010827,1.009916587852639
209716.796875,1.502685546875,282.958984375,0.116845703125,0.30961914062500007,66699.05424118042,3496.09375,0.19050188224472886,1.005154431430383,0.00014151866865055475,459.0879356243476,0.23795205165482713,1.0051162502995625,0.00018646086830929073,369.07121074345605,0.23795205165482713,1.0051162502995625,1.0102970530912954
209790.0390625,1.0379638671875,381.9873046875,0.3726806640625,0.17770996093750002,46760.74302196503,3869.140625,0.1741065956483896,1.0051328766035927,0.00011647604299696322,500.9781009147123,0.20068252439170048,1.0050654326087278,0.00013942800348701705,435.2341695327526,0.20068252439170048,1.0050654326087278,1.010224309452845
210009.765625,1.132080078125,138.525390625,0.150537109375,0.28413085937500004,78584.481716156,4988.28125,0.16325502614941695,1.0049419043677759,0.00025952511565641357,458.19875673122004,0.17723954764072342,1.0049924438651905,0.0002889342047555197,422.52380997116256,0.17723954764072342,1.0049924438651905,1.0099590204131097
210083.0078125,1.4085693359375,207.0068359375,0.34133300781250003,0.22839355468750003,35602.66196727753,4361.328125,0.16949647204141063,1.005125504359146,0.0001960039630521725,484.15151223206306,0.19059404195789048,1.005112433952893,0.00022779392022479188,430.782034891224,0.19059404195789048,1.005112433952893,1.0102641421145504
210302.734375,1.241943359375,235.810546875,0.3717285156250001,0.11801757812500001,103636.52753829956,5074.21875,0.16726951559412115,1.0050041525552615,0.00017479408980393903,463.2027208237384,0.18578823348069973,1.0050088678573426,0.00019998109407260573,417.2861307930203,0.18578823348069973,1.0050088678573426,1.0100380855514914
210375.9765625,1.3338623046875,338.8232421875,0.1013916015625,0.3997802734375,11599.669337272644,5697.265625,0.19762472477889273,1.004498737624651,0.00011339340747860368,384.6316192932498,0.2552919895922681,1.0049673287244945,0.0001538314589334537,298.4932415954041,0.2552919895922681,1.0049673287244945,1.0094884130577724
210595.703125,1.615478515625,92.705078125,0.32807617187500004,0.138232421875,92406.259059906,2566.40625,0.15974080217632894,1.0048519363747346,0.00037690566203593814,574.5480669017527,0.16986118099042555,1.004978839648185,0.0004075934645761783,540.7181604182979,0.16986118099042555,1.004978839648185,1.0098549330361124
210668.9453125,0.9603271484375,162.5146484375,0.1427001953125,0.34382324218750004,20295.231699943542,2189.453125,0.1641563902536182,1.0051593350006276,0.00022213392669299267,582.3873960823083,0.17917848951118084,1.0051226188422153,0.00024816994965836607,534.1674621077062,0.17917848951118084,1.0051226188422153,1.0103083831495305
210888.671875,1.989013671875,374.599609375,0.17426757812500002,0.20063476562500002,31947.238445281982,6089.84375,0.21718331270808444,1.0050803307558152,0.00012169629428543026,371.75425670885653,0.3049626347288545,1.004987845840908,0.00017808839066048345,264.0473958660754,0.3049626347288545,1.004987845840908,1.010093516503354
210961.9140625,0.5867919921875,306.2841796875,0.3551025390625,0.29372558593750003,75266.99531078339,6712.890625,0.16272088741388374,1.004942893262202,0.00012599135871086033,423.88083826566015,0.17617528055485673,1.0050742296865667,0.00013911037008759936,391.65083588796983,0.17617528055485673,1.0050742296865667,1.0100422043244972
211181.640625,0.868408203125,208.916015625,0.130615234375,0.24311523437500002,46100.99935531616,9582.03125,0.16665843502499572,1.0040862111180449,0.00016319335654165574,356.0737847381116,0.18454123285767654,1.0044289274116798,0.00018752108798841802,322.2523347447881,0.18454123285767654,1.0044289274116798,1.0085332360621553
211254.8828125,1.7073974609375,110.0537109375,0.39641113281250007,0.26237792968750007,64360.74149608612,9205.078125,0.1625274178397564,1.005050355327502,0.00031899512262091367,381.7684517538591,0.17574376404784606,1.0050478830863814,0.0003529627305410617,353.405488783362,0.17574376404784606,1.0050478830863814,1.0101237320171215
211474.609375,1.259521484375,146.826171875,0.23696289062500003,0.27153320312500007,18822.822093963623,6792.96875,0.16447882734891914,1.00456938821663,0.0002473319108519929,415.3915065332663,0.17985802821303107,1.0049161867293543,0.000276665090750774,380.2074087967355,0.17985802821303107,1.0049161867293543,1.0095080389116962
211547.8515625,1.1639404296875,87.8076171875,0.27131347656250004,0.21579589843750002,98084.36095714569,6416.015625,0.1572462585162751,1.0050379983081295,0.0003960636959820865,435.7530160051443,0.16474781694153326,1.0050076637719818,0.0004196480407771728,416.1144308895673,0.16474781694153326,1.0050076637719818,1.0100708906817222
211767.578125,0.883056640625,354.345703125,0.19565429687500002,0.32221679687500004,32255.631923675537,9285.15625,0.17969874393764987,1.0049592161814147,0.00010098885535243663,350.59990117970835,0.21368504201546462,1.0048267903354615,0.00012259357995882608,294.6404346367798,0.21368504201546462,1.0048267903354615,1.009809943613612
211840.8203125,1.5404052734375,240.8740234375,0.31496582031250003,0.1903076171875,87894.68085765839,9908.203125,0.17882775677923254,1.005068689936691,0.00015206828925723884,352.74725679664544,0.21145522377212045,1.0050251286262673,0.00018568911509736843,298.1838089052956,0.21145522377212045,1.0050251286262673,1.0101192893818567
212060.546875,0.506591796875,115.615234375,0.302001953125,0.33540039062500004,69083.31632614136,5808.59375,0.15471204720306767,1.0050406625115487,0.000307840833815787,454.79580537203447,0.15954580264341867,1.0050377232943601,0.0003195311620739445,441.1056341512439,0.15954580264341867,1.0050377232943601,1.0101037792688623
212133.7890625,1.9168701171875,225.2685546875,0.18752441406250003,0.16599121093750002,37936.631083488464,5431.640625,0.18700209582424943,1.0049918251537013,0.00017374798605136187,412.1191608717853,0.230055245634825,1.0049299292139247,0.0002229436746988254,335.50637864848915,0.230055245634825,1.0049299292139247,1.009946363712282
212353.515625,1.635986328125,300.556640625,0.26069335937500004,0.370849609375,55202.462673187256,2300.78125,0.18806995019651962,1.0053599958848545,0.0001518432409374582,560.1528033123278,0.23248828423828288,1.0053889653164612,0.00019776341532012895,455.79361199661366,0.23248828423828288,1.0053889653164612,1.0107778460332355
212426.7578125,0.7874755859375,358.4130859375,0.23117675781250002,0.1276123046875,48693.00162792206,2923.828125,0.1702933168012299,1.0050283728888898,0.00011584647905978249,528.8988811485186,0.19260640882483457,1.0047580159562575,0.00013515857555663634,468.08845037629465,0.19260640882483457,1.0047580159562575,1.0098103139235866
212646.484375,1.628662109375,164.091796875,0.31782226562500004,0.32661132812500004,55559.6079826355,6261.71875,0.17018079687916862,1.0049992527215652,0.00022940225235271283,428.0631056106979,0.19207764085545362,1.0050721220919916,0.0002683430311249961,379.5086134094687,0.19207764085545362,1.0050721220919916,1.0100967316337293
212719.7265625,0.7830810546875,97.1044921875,0.21154785156250003,0.1583740234375,61746.641993522644,6884.765625,0.1554085279816062,1.0048815234930166,0.00036135881714512375,425.81209362421606,0.16095481566543868,1.0049836266823482,0.00037705995420573256,411.2909728228263,0.16095481566543868,1.0049836266823482,1.0098894778660952
212939.453125,0.502197265625,339.736328125,0.283544921875,0.379638671875,45219.52199935913,9753.90625,0.16409910153027038,1.0052108546317522,0.0001065085548620219,365.25718244996256,0.17915557247489974,1.0049710122204112,0.00011785754712710791,334.4482214930354,0.17915557247489974,1.0049710122204112,1.0102077700742167
213232.421875,0.875732421875,111.630859375,0.21411132812500003,0.28266601562500004,81528.90348434448,5277.34375,0.1576874620192492,1.0050090065925528,0.00032072033900480565,463.5100639280628,0.1656896054927116,1.0047469149737183,0.00034098873242095247,441.0031731581983,0.1656896054927116,1.0047469149737183,1.0097796988946686
213305.6640625,1.5360107421875,213.3154296875,0.2590087890625,0.2257568359375,26242.741465568542,5900.390625,0.17532738196345427,1.0050706936714868,0.00018170864895118076,423.6730827459377,0.20352517361278225,1.0050896427248905,0.00021776134682714688,365.1431915574251,0.20352517361278225,1.0050896427248905,1.0101861444155327
213525.390625,1.255126953125,307.197265625,0.17983398437500003,0.31108398437500007,95134.5534324646,2769.53125,0.1823677526523121,1.0052211090721033,0.00013754674720402888,518.1033072703199,0.21929728498129747,1.005208177120925,0.0001728903942305242,431.9723173370408,0.21929728498129747,1.005208177120925,1.0104564786538435
213598.6328125,1.1566162109375,378.3349609375,0.29094238281250007,0.1803466796875,9096.428751945496,2392.578125,0.17919649743611432,1.005190532085825,0.00012087219846478613,561.5288093066189,0.21204190484166363,1.0051965695052756,0.00014923292035038494,475.5360152853513,0.21204190484166363,1.0051965695052756,1.010414074551854
213818.359375,0.872802734375,245.107421875,0.15024414062500002,0.20825195312500003,67782.59992599487,5605.46875,0.16808300298038664,1.004981099341041,0.00015260424440756944,430.42360980347985,0.18746037138123248,1.0049878952640297,0.00017599248349767184,386.1964651921959,0.18746037138123248,1.0049878952640297,1.0099938398068835
213891.6015625,1.7147216796875,356.0888671875,0.33928222656250007,0.30251464843750003,49009.66155529022,5228.515625,0.1939069449310436,1.004249065170933,0.00012807268999749706,442.7193533025938,0.24741616351183326,1.003536188483542,0.00016736985332045483,348.35087845312717,0.24741616351183326,1.003536188483542,1.0078002791497984
214111.328125,1.996337890625,91.376953125,0.118310546875,0.23549804687500003,80354.92086410522,2097.65625,0.1658626789580666,1.005037636885587,0.0003752496111452063,581.5945147132887,0.1827490404129395,1.0050998080432945,0.0004244947729591732,528.3318508141447,0.1827490404129395,1.0050998080432945,1.0101631359099896
214184.5703125,0.5911865234375,147.9052734375,0.3735595703125001,0.25358886718750007,34495.938181877136,2720.703125,0.15627403437564283,1.0050300609264091,0.0002451444687039744,571.7472024830473,0.16273456451235002,1.0051034931434548,0.0002578697375024824,549.325138098323,0.16273456451235002,1.0051034931434548,1.010159224951313
214404.296875,1.619873046875,362.646484375,0.384033203125,0.108056640625,20617.969036102295,6621.09375,0.1844897744900463,1.0050908411771693,0.00012588206467152086,415.10394130108665,0.22500725498232904,1.0047411243436235,0.0001563426231570284,341.0083289050785,0.22500725498232904,1.0047411243436235,1.0098561018318275
214477.5390625,0.9676513671875,302.2998046875,0.12424316406250001,0.3886474609375,88573.50242137909,6244.140625,0.17841068420372044,1.0046206837053602,0.00012235050222496,399.562263637,0.210569902265385,1.004860698589787,0.00014847480419130939,338.6287463884427,0.210569902265385,1.004860698589787,1.0095038420459177
214697.265625,1.249267578125,228.837890625,0.35209960937500007,0.148193359375,9257.18069076538,9113.28125,0.1692004647797007,1.0050346871555005,0.00016470915137066183,374.2419901336626,0.1900596704905986,1.0050407327016706,0.00018967057753648176,333.23352991181764,0.1900596704905986,1.0050407327016706,1.0101007983693584
214770.5078125,1.3382568359375,116.6943359375,0.15852050781250002,0.3549560546875,102593.39988231659,9736.328125,0.16374781949628525,1.0045807310594592,0.0002886469223044683,363.1492328836796,0.1783683407448147,1.0049535637301263,0.00031973579683354975,333.7509622815753,0.1783683407448147,1.0049535637301263,1.0095569857328193
214990.234375,1.124755859375,315.498046875,0.13266601562500002,0.319580078125,33633.811473846436,8949.21875,0.18647082512980295,1.0049315874350284,0.0001127500945481568,344.62953214298693,0.22908170423975394,1.0049081995475657,0.00014331392997051181,280.4054318224104,0.22908170423975394,1.0049081995475657,1.0098639921978114
215063.4765625,1.4041748046875,259.1357421875,0.3967041015625,0.1888427734375,77764.05227184296,8322.265625,0.17338526635114576,1.005007367990652,0.0001532336503791198,389.9551807339163,0.19933335313323708,1.0050927067635196,0.00018109110089279561,339.36964437973444,0.19933335313323708,1.0050927067635196,1.010125575811005
215283.203125,1.498291015625,183.017578125,0.173388671875,0.274169921875,46533.18166732788,7441.40625,0.1747457490369762,1.0049596618914385,0.00019310018908374332,384.7107301809028,0.20208055831047722,1.0049562200674478,0.00023189662630815493,332.68514001032275,0.20208055831047722,1.0049562200674478,1.0099404631346804
215356.4453125,1.0306396484375,72.2021484375,0.3536376953125,0.21726074218750002,64353.535532951355,7814.453125,0.15487422005498444,1.0049957568110501,0.00047178859316979904,412.0507364170549,0.15986237675423504,1.004976524056043,0.000489876208860167,399.31514712022215,0.15986237675423504,1.004976524056043,1.0099971423710417
215576.171875,1.871826171875,284.287109375,0.328955078125,0.36469726562500004,107230.44157028198,3964.84375,0.18913972749423874,1.0041409187157235,0.0001579814951772435,487.39511594833016,0.23574051468277776,1.0038283247692434,0.0002031310579301828,392.6901506311633,0.23574051468277776,1.0038283247692434,1.007985096266654
215649.4140625,0.6571044921875,396.5966796875,0.1441650390625,0.12028808593750001,8924.466013908386,3337.890625,0.17174764655162156,1.005005664402139,0.0001022758932486824,496.99578510244515,0.1951182949734678,1.0048104695039914,0.00012018638523881721,437.1166587041225,0.1951182949734678,1.0048104695039914,1.009840213502084
215869.140625,0.751220703125,129.228515625,0.36967773437500007,0.341552734375,93938.82894515991,4457.03125,0.15719755761786436,1.0048251843233997,0.00028665700114717416,495.84587308606604,0.16464553152247693,1.0050767716508338,0.00030371121551521713,473.7625319467732,0.16464553152247693,1.0050767716508338,1.0099264523332165
215942.3828125,1.7777099609375,189.7412109375,0.1010986328125,0.17331542968750002,23539.51346874237,4830.078125,0.18151316039124493,1.0048816076504978,0.00019598627862481651,425.5108933304342,0.2172103714986295,1.0049477614021796,0.00024493577050429773,356.02482980593777,0.2172103714986295,1.0049477614021796,1.009853522082591
216162.109375,1.376708984375,67.138671875,0.26040039062500003,0.14497070312500002,70019.3247795105,3167.96875,0.15637263717085556,1.0049702155428928,0.0004906647913682295,543.5334612227927,0.1629178135246446,1.0049630232964823,0.0005164349565819475,521.9973461264575,0.1629178135246446,1.0049630232964823,1.009957906134903
216235.3515625,1.0936279296875,167.4951171875,0.22912597656250003,0.35173339843750007,36297.816157341,3541.015625,0.16474414697083317,1.0050594538735438,0.00022944581438538278,515.4513663112585,0.18042188997653905,1.0051299169093877,0.0002578619053787326,470.9374916966951,0.18042188997653905,1.0051299169093877,1.0102153253609096
216455.078125,1.000244140625,264.033203125,0.303466796875,0.111279296875,56797.83773422241,4660.15625,0.1668624162048193,1.0050479676330657,0.00015637789720939304,471.14846294851554,0.18488130728082683,1.0050320644311876,0.00017873970956621186,425.6576732063757,0.18488130728082683,1.0050320644311876,1.0101054337626294
216528.3203125,1.4700927734375,331.1865234375,0.1884033203125,0.3918701171875001,51237.4085187912,4033.203125,0.19293508415292468,1.0052189859569676,0.0001296639408848902,454.1414081614324,0.24415895647987748,1.0052585612514944,0.00017204460488255558,360.6856992633701,0.24415895647987748,1.0052585612514944,1.0105049915657873
216748.046875,0.623779296875,205.927734375,0.19418945312500002,0.24633789062500003,19777.896404266357,8183.59375,0.16113028183282638,1.0045447073018072,0.00018171047470252213,392.76408233838566,0.17173179621180934,1.0049500208820703,0.00019622058904121195,366.74940922436775,0.17173179621180934,1.0049500208820703,1.0095172245799244
216821.2890625,1.8465576171875,134.9560546875,0.3140869140625,0.26442871093750003,101657.82248973846,8556.640625,0.1682833073438165,1.0046162661772946,0.00027111339811881544,384.84299229483275,0.18826140711295763,1.0049814280500469,0.0003056647023421758,344.1596044568938,0.18826140711295763,1.0049814280500469,1.0096206898251636
217041.015625,1.753173828125,380.244140625,0.23725585937500002,0.19741210937500003,32246.835231781006,7675.78125,0.20492425779971182,1.00511363958936,0.00011666059584698811,365.0219859733489,0.27403208091413783,1.0050116648831018,0.00016137974284439165,272.37838774618564,0.27403208091413783,1.0050116648831018,1.0101509323204168
217114.2578125,0.7171630859375,278.7255859375,0.27336425781250007,0.29167480468750007,88508.24820995331,7048.828125,0.16575149427742492,1.0049252981039922,0.00013931785827035149,411.73747591692484,0.18204946250741735,1.0050296759498176,0.00015549407397537536,373.7950778652924,0.18204946250741735,1.0050296759498176,1.0099797467072291
217333.984375,0.573974609375,84.404296875,0.34125976562500004,0.134423828125,100012.67194747925,7386.71875,0.15312116654900484,1.0049648818724983,0.0004141365481314765,421.1062201242881,0.15617776818206355,1.0050321268154305,0.0004236815083038459,412.54897752692324,0.15617776818206355,1.0050321268154305,1.0100219926031349
217407.2265625,1.9783935546875,155.5419921875,0.15061035156250002,0.3786865234375001,17691.49672985077,7759.765625,0.18024987109880722,1.0049595385928225,0.00022039280695185112,373.00184545258685,0.21449090390111053,1.004959169271953,0.0002727804638601889,313.43401243284274,0.21449090390111053,1.004959169271953,1.0099433030561682
217626.953125,1.697509765625,249.423828125,0.37260742187500007,0.159326171875,87684.73196029663,8878.90625,0.17808140279997223,1.0049745004370234,0.0001600740387708448,376.7707438515927,0.20986027662106257,1.0050783330517408,0.00019342641248429944,319.64906450795996,0.20986027662106257,1.0050783330517408,1.0100780956587494
217700.1953125,0.8548583984375,351.1083984375,0.11691894531250001,0.32741699218750003,31412.121653556824,8251.953125,0.18020175923849585,1.004866789567913,0.00010169689287427472,360.100889359713,0.21510323244770338,1.0043410206359003,0.00012588674937318817,302.4899928630799,0.21510323244770338,1.0043410206359003,1.0092289370377583
217919.921875,1.321044921875,223.193359375,0.125048828125,0.18422851562500003,38965.57950973511,4402.34375,0.1755572904418753,1.0048280712794224,0.0001731403496953424,451.32638008931576,0.2038762506739496,1.0050101911452307,0.00020865438566880701,389.03875324770104,0.2038762506739496,1.0050101911452307,1.0098624519846258
217993.1640625,1.2313232421875,123.0029296875,0.38557128906250004,0.3148193359375,73043.32435131073,4775.390625,0.16029834503142884,1.005085948441689,0.0003103636298341751,484.73950145973845,0.17104818030634836,1.0051103543776085,0.0003360896312112438,454.6574806691683,0.17104818030634836,1.0051103543776085,1.0102222938181808
218212.890625,0.950439453125,365.634765625,0.156396484375,0.22202148437500002,52955.750942230225,3894.53125,0.17931473379933466,1.0050827894817687,0.00011240189160921464,466.04301805737487,0.21272190832934068,1.0049602015254868,0.00013897208052064845,394.3176397108207,0.21272190832934068,1.0049602015254868,1.0100682026673966
218286.1328125,1.6019287109375,298.6474609375,0.35187988281250004,0.2787841796875,58040.56632518768,3267.578125,0.18091384186352413,1.0052207055217939,0.00015656807329689326,527.0230703812883,0.21615802299662287,1.0052028727076123,0.00019495069124114423,442.9260156973346,0.21615802299662287,1.0052028727076123,1.01045074089568
218505.859375,1.927490234375,346.044921875,0.21118164062500003,0.25043945312500004,8456.122875213623,4730.46875,0.20459143380938485,1.0050540291562784,0.0001340746390730696,424.59519913835265,0.2734780877178698,1.0040906042970266,0.0001847156122569882,318.9079241573661,0.2734780877178698,1.0040906042970266,1.0091653074866889
218579.1015625,0.5194091796875,233.9013671875,0.31584472656250007,0.23220214843750003,106901.29363536835,4103.515625,0.1583970548339572,1.0050718711058928,0.00016791081268495702,502.8604943871395,0.16717729122029598,1.0051546837633383,0.00017976064111815412,476.546271365727,0.16717729122029598,1.0051546837633383,1.0102526987608704
218798.828125,0.801025390625,160.439453125,0.24487304687500003,0.30581054687500003,21005.189418792725,3222.65625,0.16006358230246626,1.0050812644413698,0.0002359320668552434,536.9351582913519,0.17061640989148744,1.0048912290428806,0.00025556284363672323,503.7707630010139,0.17061640989148744,1.0048912290428806,1.0099973471124606
218872.0703125,1.6458740234375,100.0927734375,0.28449707031250004,0.21140136718750002,93699.52094554901,3595.703125,0.1613861543383155,1.0050125529626635,0.0003690094252053477,520.3640859851727,0.17332664162229744,1.0050324366251193,0.00040415565628941063,484.74810116246476,0.17332664162229744,1.0050324366251193,1.0100702149428975
219091.796875,1.174560546875,314.833984375,0.25747070312500003,0.35649414062500007,80765.58256149292,7746.09375,0.18167964989064156,1.005097223165027,0.00012300987533088618,383.8822214812384,0.21802017155963035,1.0050911555952893,0.00015268782969525858,320.0262572594325,0.21802017155963035,1.0050911555952893,1.0102143295165533
219165.0390625,1.2723388671875,371.3623046875,0.2133056640625,0.1495849609375,34611.14585399628,7119.140625,0.18918580138141458,1.0050639870828741,0.0001099064499613956,379.5373533183052,0.23535526900480724,1.0050291343646125,0.000142172149415514,305.4535917080648,0.23535526900480724,1.0050291343646125,1.010118588918947
219384.765625,1.553955078125,106.650390625,0.29116210937500003,0.38725585937500007,67040.048122406,8238.28125,0.16283681525880278,1.0050174662461493,0.0003331594149583121,396.87171515190903,0.17640557813954144,1.005053763219023,0.0003700181579146412,366.9601144411102,0.17640557813954144,1.005053763219023,1.0100965865515399
219458.0078125,0.8929443359375,217.6318359375,0.18195800781250002,0.1065185546875,49468.20151805878,8611.328125,0.16528186802628406,1.0048726154085208,0.0001684904660661986,377.08514653750206,0.18198524336318617,1.0048611416480229,0.00019156053329408396,343.8293225016324,0.18198524336318617,1.0048611416480229,1.0097574435302408
219677.734375,1.476318359375,267.685546875,0.23110351562500003,0.22114257812500002,92697.68476486206,9824.21875,0.18451480535944048,1.0050364637663918,0.00013894607241500217,346.0198030738937,0.22458875840146175,1.004980500633939,0.00017465636531936246,284.2197515627413,0.22458875840146175,1.004980500633939,1.010042048511312
219750.9765625,1.0057373046875,328.1982421875,0.26076660156250003,0.27790527343750004,24820.433497428894,9447.265625,0.1777823488950219,1.0050579348706736,0.00011364946643940111,358.9727879057643,0.2087769971808396,1.0052117727623238,0.00014017202224019055,305.61166623693015,0.2087769971808396,1.0052117727623238,1.01029606844019
219970.703125,1.099853515625,60.830078125,0.18745117187500002,0.185107421875,106695.077419281,6316.40625,0.15490053932432776,1.0050025689871134,0.000546116658250819,442.03541139468797,0.15988445905491727,1.0049503194886231,0.0005681198239285565,428.6444084131176,0.15988445905491727,1.0049503194886231,1.0099776527904867
220043.9453125,1.3822021484375,173.1396484375,0.30207519531250004,0.31569824218750003,8927.616953849792,6939.453125,0.1678434098479327,1.0049832751734589,0.00022005332759895635,416.0027420172778,0.18706273120647038,1.0050124878736628,0.00025325467200879465,373.75382410531716,0.18706273120647038,1.0050124878736628,1.0100207416534999
220263.671875,0.723388671875,385.224609375,0.31489257812500004,0.17250976562500003,47527.37760543823,2839.84375,0.16793230238617843,1.0051121001175916,0.0001126178964514526,548.9428884264881,0.18722843063418992,1.0050942992414662,0.00012928337442586702,492.41644422846406,0.18722843063418992,1.0050942992414662,1.0102324419268092
220336.9140625,1.7586669921875,274.4091796875,0.1957275390625,0.34060058593750003,67123.04389476776,2462.890625,0.1890324979213583,1.0052533440986189,0.00016449415755158124,533.7802205748777,0.23482490295506508,1.005320570967975,0.00021484644518774307,432.8633871646561,0.23482490295506508,1.005320570967975,1.0106018658566898
220556.640625,1.852783203125,198.291015625,0.271240234375,0.121240234375,35411.85140609741,5332.03125,0.17543545331739316,1.0050035984259864,0.00020604413435059817,440.10405010520077,0.20347347299363305,1.004749563265851,0.0002507339815379228,380.3967691247108,0.20347347299363305,1.004749563265851,1.0097769265991186
220629.8828125,0.6292724609375,141.9287109375,0.23703613281250002,0.3655029296875001,81957.390666008,5955.078125,0.1571894611330221,1.0050311036477804,0.0002638042194379781,448.96941959842184,0.16462276921345634,1.0050384362623621,0.0002792297445325838,428.9015692905416,0.16462276921345634,1.0050384362623621,1.0100948888052013
220849.609375,1.025146484375,178.701171875,0.396337890625,0.393408203125,25381.049633026123,2042.96875,0.16359385720872727,1.0052821522908546,0.0002195438230260952,621.5779284545926,0.17801137245624618,1.0053230281873782,0.00024423480354242544,571.1841885158049,0.17801137245624618,1.0053230281873782,1.010633297523767
220922.8515625,1.4920654296875,77.1826171875,0.13068847656250002,0.1126708984375,85275.82824230194,2666.015625,0.15883048876985373,1.0049856496005605,0.0004383790050379271,559.8365400932581,0.16800613322168756,1.0049650073058094,0.00047010697219372014,529.6352351375754,0.16800613322168756,1.0049650073058094,1.009975410693061
221142.578125,1.398681640625,322.470703125,0.35502929687500007,0.350341796875,14100.114345550537,5535.15625,0.18216134537443884,1.005208123623962,0.0001360447445186855,446.4794190466092,0.21939185062518426,1.0052750886199942,0.00016872858277681754,371.6544788916484,0.21939185062518426,1.0052750886199942,1.0105106855576165
221215.8203125,1.1185302734375,251.4990234375,0.17434082031250003,0.1434326171875,100696.25556468964,5158.203125,0.1723235820668574,1.0049984578251163,0.00015691950834844626,438.7783449682129,0.1967628558424666,1.004965269512806,0.00018540709300889264,384.75905148576163,0.1967628558424666,1.004965269512806,1.0099885460281723
221435.546875,1.772216796875,126.240234375,0.142626953125,0.28852539062500004,63710.33048629761,9058.59375,0.17057021922224574,1.0048623274672566,0.00026454738185186156,363.97296946913264,0.19289889038637326,1.0049070844749348,0.0003097197918755351,322.0323522971877,0.19289889038637326,1.0049070844749348,1.009793271793818
221508.7890625,0.7449951171875,193.3935546875,0.32814941406250003,0.19411621093750003,58120.56052684784,9681.640625,0.15980544750354228,1.0045867307986485,0.00019489563978036627,375.53958410842426,0.16981301994317147,1.0043574170598129,0.00021155690588198496,353.2732688330588,0.16981301994317147,1.0043574170598129,1.0089641341574922
221728.515625,0.651611328125,289.931640625,0.101318359375,0.26772460937500003,75974.2522239685,6550.78125,0.1667838556662484,1.0048997605904673,0.0001291986069309126,409.9195412991246,0.18473507199425332,1.004994065165906,0.0001475749597994109,370.4783066363604,0.18473507199425332,1.004994065165906,1.0099182954800594
221801.7578125,1.8656005859375,390.2880859375,0.3718017578125,0.24948730468750002,42761.81876659393,6173.828125,0.19741114600263027,1.0037825476291482,0.00012444078309826738,427.0304516283601,0.2564386188465403,1.0027047374477376,0.00016381392996605705,329.7394474992218,0.2564386188465403,1.0027047374477376,1.0064975158751062
222021.484375,0.925537109375,280.966796875,0.17719726562500002,0.167236328125,19946.631908416748,4011.71875,0.1700553461026563,1.0049337513062884,0.00014500559797399047,479.6243675489952,0.1918128180546153,1.005054776206586,0.00016887103612254434,425.67349805608893,0.1918128180546153,1.005054776206586,1.0100134665215865
222094.7265625,1.5799560546875,383.9794921875,0.29592285156250003,0.33649902343750004,93251.31118297577,4634.765625,0.19534641680406276,1.0044457493885046,0.00012201627511044914,455.0302406934771,0.25085876646064464,1.0035148738825992,0.00016084524058251152,356.0677540879605,0.25085876646064464,1.0035148738825992,1.0079762495195181
222314.453125,1.299072265625,137.861328125,0.21791992187500003,0.126513671875,5974.465847015381,3503.90625,0.1624961754469871,1.0050033945272974,0.0002804520154611789,516.8549758010291,0.17563528150858898,1.0050281478521463,0.00030974481900840063,478.6130185965838,0.17563528150858898,1.0050281478521463,1.0100567001868896
222607.421875,1.672607421875,334.755859375,0.27973632812500004,0.21704101562500003,69196.01774215698,7027.34375,0.19244320605425208,1.0051019952942557,0.00013010073716179232,392.6590923806645,0.24324621229058982,1.0050753933908996,0.00017073339449411203,310.9945160834908,0.24324621229058982,1.0050753933908996,1.010203283318352
222680.6640625,0.8328857421875,266.4404296875,0.24963378906250003,0.27263183593750007,51268.01002025604,7650.390625,0.1672068153191535,1.0050160761386782,0.00014382202530362431,397.8313076987852,0.18569604076619475,1.005009863856206,0.00016439538612212704,358.53129409180804,0.18569604076619475,1.005009863856206,1.0100510698534313
222900.390625,0.552001953125,169.072265625,0.32045898437500003,0.189208984375,83857.9421043396,8519.53125,0.15604960397351356,1.0049711632254816,0.00022538334488943096,397.83878166697025,0.1622825292672147,1.0049848023308643,0.00023613973857626778,382.71701886974256,0.1622825292672147,1.0049848023308643,1.0099807458223795
222973.6328125,1.9534912109375,70.2099609375,0.20656738281250003,0.32097167968750007,37384.758830070496,8142.578125,0.16069151725818612,1.0049832725566692,0.00048256689481726914,399.00094567870696,0.1719252911075098,1.0049907972503083,0.0005252549363316307,373.4602147984626,0.1719252911075098,1.0049907972503083,1.0099989403099507
223193.359375,1.575927734375,191.982421875,0.34711914062500004,0.29262695312500003,87738.22736740112,7855.46875,0.17158321682969135,1.0051161790484433,0.0002024525824375572,399.7230384393062,0.1952930061254871,1.0050979253384218,0.00023733562157879378,351.4632034012817,0.1952930061254871,1.0050979253384218,1.010240186285672
223266.6015625,0.9178466796875,132.9638671875,0.1611572265625,0.1993896484375,29524.950861930847,7478.515625,0.15929581778081467,1.00488003587668,0.0002798452860608287,409.5218315992805,0.1689968802579048,1.0048900633635085,0.00030037981880248315,386.34803954784724,0.1689968802579048,1.0048900633635085,1.0097939629248418
223486.328125,1.199462890625,399.501953125,0.39018554687500007,0.26362304687500004,101595.46041488647,8347.65625,0.18233751929367156,1.0051630809182914,0.00010742048848444143,390.7932534216349,0.2197498252619569,1.0051090593374914,0.00013312554273711393,324.5408852628356,0.2197498252619569,1.0051090593374914,1.0102985187425586
223559.5703125,1.2943115234375,286.0302734375,0.12043457031250002,0.24421386718750002,17780.75873851776,8970.703125,0.18682992775299645,1.0046275205964463,0.00012815406917957307,345.8588939235984,0.2301614787001091,1.0048441888819908,0.00016204764955600443,280.7870738177469,0.2301614787001091,1.0048441888819908,1.0094941260622616
223779.296875,0.822998046875,75.771484375,0.11215820312500001,0.398681640625,56551.440715789795,4871.09375,0.15573640250996526,1.005012312268383,0.0004545469224651943,481.03919619252224,0.161651205910749,1.00501554511721,0.00047555850760420124,463.72795286224334,0.161651205910749,1.00501554511721,1.0100529968639167
223852.5390625,1.6707763671875,185.4248046875,0.37736816406250007,0.11677246093750002,61855.97312450409,4494.140625,0.16711232296492737,1.0049939654763744,0.00023261246296790906,487.485865797913,0.18551636845840647,1.00506225721991,0.00026510031214445774,439.8519110641909,0.18551636845840647,1.00506225721991,1.010081503434073
224072.265625,1.952392578125,260.712890625,0.15522460937500002,0.345068359375,40878.76272201538,3363.28125,0.1942340167154426,1.0052103883269325,0.00016844808299652108,473.32537567429483,0.2472304007392519,1.00515645947655,0.00022519416700024592,374.62810545531414,0.2472304007392519,1.00515645947655,1.0103937149597475
224145.5078125,0.5413818359375,318.5693359375,0.3366455078125,0.1393310546875,76369.40085887909,3986.328125,0.16054170364959286,1.0050028129266684,0.0001310265423657477,505.152616980316,0.17177193275132366,1.0049411995801383,0.00014204449311818956,472.7219935435901,0.17177193275132366,1.0049411995801383,1.0099687324039395
224365.234375,1.827880859375,113.623046875,0.367041015625,0.178955078125,13016.746044158936,2699.21875,0.16258674338177775,1.0050625155583153,0.00034285061094325433,570.5152096696598,0.1758537792581348,1.0050482946574744,0.00037863288753772273,527.5957348630169,0.1758537792581348,1.0050482946574744,1.010136367286036
224438.4765625,0.6072998046875,227.2607421875,0.1060791015625,0.31071777343750007,103264.41848278046,2072.265625,0.1622878946515687,1.0048337101707374,0.00016706518622366774,590.4705997825116,0.1752803558909755,1.005110104434511,0.00018395986758209937,547.5030297220936,0.1752803558909755,1.005110104434511,1.009968515369027
224658.203125,0.701416015625,299.892578125,0.332763671875,0.22729492187500003,30249.49026107788,5191.40625,0.16402191463646998,1.0049103299390743,0.00013941061574351032,464.1378592706727,0.17860933686006236,1.0050460000404744,0.00015535372338217873,426.0144309533162,0.17860933686006236,1.0050460000404744,1.00998110750462
224731.4453125,1.7337646484375,359.0771484375,0.13801269531250002,0.28288574218750007,89394.06287670135,5564.453125,0.20767092957657574,1.0050978288396746,0.00012372493008885478,390.32413649591825,0.2807373355344848,1.0050868617421513,0.00017409014017667865,289.0632326896274,0.2807373355344848,1.0050868617421513,1.0102106225323184
224951.171875,1.074951171875,146.162109375,0.16958007812500003,0.13032226562500002,76599.64323043823,9714.84375,0.16209023721472057,1.00488480666989,0.0002475906379160642,367.95179497319896,0.17505837712150615,1.0048996490684232,0.0002742578386302818,341.75169108497175,0.17505837712150615,1.0048996490684232,1.0098083895767629
225024.4140625,1.3602294921875,88.4716796875,0.35979003906250007,0.3734130859375,43705.74653148651,9087.890625,0.15855033845856797,1.0050140681610558,0.00040383854429960463,391.5322724696875,0.1674751080543121,1.0050376474258025,0.00043145500705361845,370.98822679235843,0.1674751080543121,1.0050376474258025,1.0100769746944225
225244.140625,1.454345703125,352.353515625,0.135302734375,0.16342773437500002,61648.85091781616,6207.03125,0.19672690530657175,1.0050225289112669,0.00011836475249565806,382.8298512264386,0.2538279879080622,1.004771941427494,0.0001587382074129812,297.57672551933626,0.2538279879080622,1.004771941427494,1.0098184375525434
225317.3828125,0.9808349609375,242.8662109375,0.3917236328125,0.33269042968750007,55656.975626945496,6580.078125,0.16590267573939163,1.0051253388287196,0.000168799026678214,434.2608621994085,0.18295405513085836,1.0047451751996612,0.0001917121492821544,394.2767449969215,0.18295405513085836,1.0047451751996612,1.0098948346590806
225537.109375,0.673583984375,375.263671875,0.23227539062500002,0.360595703125,110800.452709198,9417.96875,0.1717949135668853,1.0050138495200407,9.922589976851944e-5,364.6099177670325,0.19576406219584153,1.0049959240700925,0.00011629606617694126,319.99961703454386,0.19576406219584153,1.0049959240700925,1.0100348224016342
225610.3515625,1.8905029296875,305.6201171875,0.2760009765625,0.15485839843750002,13085.657954216003,9791.015625,0.19448543133571414,1.0048797748210125,0.00013792921141443458,348.8561185933043,0.24852584301749642,1.005063753631607,0.00018124902805869672,272.52491943634766,0.24852584301749642,1.005063753631607,1.0099682384300908
225830.078125,1.797119140625,210.908203125,0.20034179687500003,0.383154296875,96714.09749984741,6910.15625,0.18391402035634763,1.0050989622169335,0.00018249600188541872,394.1535037891482,0.22301729059259157,1.0050868697538766,0.0002303428401914227,325.4954861825191,0.22301729059259157,1.0050868697538766,1.0102117697274877
225903.3203125,0.7669677734375,108.0615234375,0.3102783203125,0.10124511718750001,24590.8020734787,6283.203125,0.15501234347807322,1.0049845723776023,0.0003475688543072137,444.633335746809,0.16016290987271953,1.004967243908113,0.00036135769408295385,430.52066762171063,0.16016290987271953,1.004967243908113,1.0099765758724926
226123.046875,1.420654296875,237.802734375,0.29731445312500004,0.255712890625,32521.365642547607,2433.59375,0.1729418146682597,1.0052231156616347,0.00018514597092138515,571.8218690110829,0.19812318057853145,1.0047999992795866,0.000219928315222669,499.64607942180396,0.19812318057853145,1.0047999992795866,1.0100481858926345
226196.2890625,1.1434326171875,336.8310546875,0.19221191406250002,0.23630371093750002,81513.19968700409,2806.640625,0.17951066471552826,1.0051373760241575,0.00013192264052278352,522.9178436654863,0.21286234981287416,1.0051380512188983,0.0001629632092873899,442.7345517707481,0.21286234981287416,1.0051380512188983,1.0103018233441987
226416.015625,1.050048828125,93.369140625,0.265380859375,0.300537109375,48828.195095062256,5925.78125,0.15719815423020134,1.0050484447365207,0.0003935845634613723,452.5512187101269,0.16471511342765957,1.0050172884415634,0.00041631516215695263,431.89598502378095,0.16471511342765957,1.0050172884415634,1.0100910626815085
226489.2578125,1.5140380859375,161.8505859375,0.2264892578125,0.20729980468750003,68311.13517284393,5298.828125,0.16795650044246155,1.004938497138585,0.00024402814194552066,449.98224115238907,0.18718735177322793,1.0047142320846612,0.0002831293483448405,404.77979975212276,0.18718735177322793,1.0047142320846612,1.009676010444907
226708.984375,1.277099609375,392.529296875,0.163134765625,0.3687988281250001,80434.730052948,5136.71875,0.19505469195727582,1.0051930484220364,0.00011005378439407859,417.34111220540404,0.24923259503853537,1.005041304542108,0.0001473321059690931,327.87401138177586,0.24923259503853537,1.005041304542108,1.0102605327027419
226782.2265625,1.1815185546875,293.6669921875,0.34748535156250004,0.12556152343750002,32980.528712272644,5509.765625,0.17057208828560777,1.005048912671753,0.00014951809497333707,450.412441560991,0.19308103059798998,1.005081655496711,0.000174048301915768,398.7318314270074,0.19308103059798998,1.005081655496711,1.010156225003295
227001.953125,0.900634765625,196.298828125,0.11948242187500001,0.33745117187500007,65806.49709701538,2628.90625,0.16526761826964367,1.0051066062692569,0.0001990951734029219,551.2609289487893,0.18153841737756038,1.0051268110615221,0.00022428334332259952,502.3836712959117,0.18153841737756038,1.0051268110615221,1.010259597936287
227294.921875,0.524169921875,255.068359375,0.378173828125,0.32485351562500003,11453.616619110107,6152.34375,0.1590546626836201,1.0050360230371644,0.00015908279034957832,447.0641505775289,0.1685123742154572,1.0047137331274552,0.00017089937264477484,422.1281442286426,0.1685123742154572,1.0047137331274552,1.0097734946332404
227368.1640625,1.9344482421875,324.8779296875,0.11369628906250001,0.19294433593750002,113553.27308177948,6525.390625,0.20984779442208226,1.0049799183028607,0.00013421304006184818,365.2250665146537,0.28650675650665164,1.0048925417836962,0.0001897132516014744,267.1774634312395,0.28650675650665164,1.0048925417836962,1.0098968245449331
227587.890625,1.653564453125,78.759765625,0.33452148437500007,0.268896484375,28918.275356292725,9644.53125,0.15870472964184043,1.0049843475518416,0.0004483797146053308,382.25069559473275,0.1677910909497376,1.0050041738908628,0.00047921025537577433,361.8611790223896,0.1677910909497376,1.0050041738908628,1.0100134639845864
227661.1328125,0.8050537109375,181.7724609375,0.15500488281250002,0.21315917968750003,99270.36368846893,9017.578125,0.16172971009887874,1.0048134913886082,0.00020566778823293572,379.7632059426989,0.17391700075894895,1.004915808420015,0.0002258054308025451,353.42629704123954,0.17391700075894895,1.004915808420015,1.0097529620101209
227880.859375,1.224365234375,144.169921875,0.29555664062500003,0.24106445312500002,40875.49543380737,6980.46875,0.16202319789985156,1.0049649990850948,0.00027011581571312993,423.07753066287614,0.1747102161746322,1.004890440330954,0.0002971843338361312,392.91850947532896,0.1747102161746322,1.004890440330954,1.0098797204478178
227954.1015625,1.3162841796875,202.0263671875,0.1752197265625,0.26032714843750004,74537.85979747772,6353.515625,0.17197440723605562,1.0050041798871094,0.0001903358248998371,414.6192698209878,0.1960158204425472,1.0050065133535007,0.00022479110773970153,364.35898136472207,0.1960158204425472,1.0050065133535007,1.0100357467340382
228173.828125,1.597900390625,277.314453125,0.254248046875,0.202685546875,56416.261196136475,9472.65625,0.18590528389846733,1.0049941212979416,0.00014249771667748483,356.1673986109233,0.22775952598683138,1.0049222013465038,0.00018059323688963608,290.6199000336613,0.22775952598683138,1.0049222013465038,1.0099409047150227
228247.0703125,0.9427490234375,386.9677734375,0.21887207031250003,0.2957763671875,62773.831248283386,9845.703125,0.1821775731968116,1.0049949192218677,9.893740097339485e-5,350.62328517423356,0.2197700477070292,1.0044301391108337,0.0001226763636949996,291.1643675619345,0.2197700477070292,1.0044301391108337,1.0094471865197017
228466.796875,1.971435546875,176.708984375,0.24809570312500004,0.140869140625,107310.01615524292,5996.09375,0.17505204231162766,1.0049965485956442,0.00022711539437237873,424.394983604025,0.20324983903678548,1.0047396639187711,0.00027360276240286774,366.8898237502263,0.20324983903678548,1.0047396639187711,1.0097598944755126
228540.0390625,0.5692138671875,63.2373046875,0.2789306640625,0.34645996093750003,17572.632670402527,5369.140625,0.15324181265093642,1.0052028514474847,0.0005342613133250976,472.4634653118329,0.1564934214560319,1.0050300606777676,0.0005504596790604032,463.3904297150463,0.1564934214560319,1.0050300606777676,1.0102590827837306
228759.765625,0.850830078125,329.775390625,0.20678710937500003,0.115380859375,91815.8049583435,2488.28125,0.17015113558429676,1.0048201606839349,0.0001309359699872192,553.9528742725302,0.19148875103052349,1.0050539588039873,0.00015284408951244077,491.8757207036916,0.19148875103052349,1.0050539588039873,1.0098984803814475
228833.0078125,1.6898193359375,270.7568359375,0.32258300781250004,0.39714355468750007,30505.005717277527,2861.328125,0.18215781345482238,1.0053817935489344,0.00017424716156976225,548.4186692409148,0.2191160815715033,1.0054227322559872,0.00021876217034796634,458.7042714198717,0.2191160815715033,1.0054227322559872,1.0108337098303946
229052.734375,0.773193359375,214.560546875,0.27797851562500003,0.28676757812500003,64305.35078048706,3574.21875,0.1618937444911776,1.0051436790106305,0.00019058588250238612,521.9917835896474,0.17441309086085507,1.0050998261492867,0.00020941827451461488,484.7947683457075,0.17441309086085507,1.0050998261492867,1.010269737028639
229125.9765625,1.8026123046875,105.0732421875,0.23264160156250002,0.23103027343750002,58526.671290397644,3197.265625,0.16362572507068188,1.0050948016399173,0.0003646189711507009,533.8121212892323,0.17804347635538667,1.005093931514072,0.00040578156854203173,491.0242178324385,0.17804347635538667,1.005093931514072,1.0102146857246206
229345.703125,1.896728515625,368.955078125,0.309326171875,0.306982421875,80054.3303489685,4066.40625,0.19903029238469733,1.0029089375507918,0.00013415032464426276,477.44598471692217,0.26014703558621227,1.0020672695489279,0.00017956788427332958,367.5884684556983,0.26014703558621227,1.0020672695489279,1.0049822206577381
229418.9453125,0.6790771484375,311.2646484375,0.19895019531250002,0.17507324218750003,44630.80298900604,4689.453125,0.1654671227820276,1.0050439854704711,0.00013301834336203866,467.63058298328895,0.18196484618885322,1.0050197028749501,0.0001500162261314654,425.7480958702692,0.18196484618885322,1.0050197028749501,1.0100890076537885
229638.671875,1.520263671875,98.349609375,0.19301757812500003,0.331884765625,29597.140789031982,8589.84375,0.16177720524555483,1.0049394214722873,0.00036588675290361256,391.2626568811355,0.17419673968683017,1.0048857302593783,0.0004023952371064488,363.90562278078716,0.17419673968683017,1.0048857302593783,1.0098492844126166
229711.9140625,1.0555419921875,157.5341796875,0.29885253906250003,0.1624755859375,88898.15986156464,8212.890625,0.16075248575183443,1.0049693298363045,0.000247555870253675,400.4630353082733,0.172131313773087,1.005212477885286,0.0002731541651607278,374.60387617181567,0.172131313773087,1.005212477885286,1.010207710243467
229931.640625,1.149658203125,230.166015625,0.22436523437500003,0.374365234375,14404.222011566162,7082.03125,0.1717966234800926,1.0050406800793268,0.0001690621059856109,406.2542877726079,0.1957513227226008,1.0050269589288312,0.00019853333678081133,357.01829578473564,0.1957513227226008,1.0050269589288312,1.0100929782998902
230004.8828125,1.4261474609375,343.8037109375,0.26516113281250003,0.1311279296875,102611.90116405487,7705.078125,0.18601617294172346,1.0050585175433808,0.00012406449097861338,382.9772708245488,0.22819229083949075,1.00503527026192,0.00015683660278656815,312.54877616684405,0.22819229083949075,1.00503527026192,1.0101192588082566
230224.609375,1.728271484375,295.576171875,0.105712890625,0.102783203125,54661.32307052612,8292.96875,0.20041223300453279,1.0041175374131552,0.00013590954739068362,344.3100187311163,0.26230939528166763,1.0043143809471962,0.00018370846103640194,262.19157908182103,0.26230939528166763,1.0043143809471962,1.008449682985316
230297.8515625,0.6951904296875,364.0576171875,0.36506347656250004,0.3845458984375001,73729.50255870819,8916.015625,0.168432667475496,1.0054903338646706,0.00011162267681433462,387.929532415462,0.18871116599718668,1.0051019476402714,0.00012523646086657527,346.4639102922861,0.18871116599718668,1.0051019476402714,1.0106202929008472
230517.578125,0.601806640625,120.595703125,0.139404296875,0.153466796875,40058.73250961304,7785.15625,0.15522059692368845,1.0049724484185576,0.00031267919943626064,411.9241400876734,0.16060296592238446,1.004942915788033,0.0003253169762594178,398.27400921118806,0.16060296592238446,1.004942915788033,1.0099399426003839
230590.8203125,1.8216552734375,219.6240234375,0.3337158203125,0.35905761718750007,88297.26874828339,7408.203125,0.1798839164827736,1.0051975415710739,0.00018684444159503208,406.42055946921823,0.2140069468356618,1.0052428001119227,0.0002296062502154557,342.2325076561006,0.2140069468356618,1.0052428001119227,1.0104675913545271
230810.546875,0.975341796875,349.365234375,0.358251953125,0.204150390625,95098.69718551636,3308.59375,0.1702209702993894,1.0051126317967791,0.0001326761741928577,533.1012853625518,0.1922915289549803,1.004908183340717,0.0001541702862293278,472.92017389590785,0.1922915289549803,1.004908183340717,1.0100459088717082
230883.7890625,1.4481201171875,246.5185546875,0.16877441406250002,0.2972412109375,19041.062235832214,3931.640625,0.1792327202831576,1.0051398600191837,0.00017067709842113728,473.1266687625189,0.21219659593136317,1.0051248394528198,0.00021094047403468684,401.125107899699,0.21219659593136317,1.0051248394528198,1.0102910404294119
231103.515625,1.354736328125,151.806640625,0.391943359375,0.23959960937500002,109657.29665756226,4800.78125,0.1622949518996003,1.0050901605058846,0.0002734493231237129,485.97531484175096,0.17528056841297232,1.0050665401142398,0.00030107585761921294,450.4151091394672,0.17528056841297232,1.0050665401142398,1.0101824901225154
231176.7578125,1.0687255859375,82.1630859375,0.13742675781250002,0.25886230468750004,5048.043131828308,4423.828125,0.1569575458155017,1.004997350390131,0.00043761522638184006,493.2049758334157,0.1641418856880458,1.0050158411160763,0.00046245935419051993,471.95279941549796,0.1641418856880458,1.0050158411160763,1.0100382574217657
231396.484375,0.784912109375,355.341796875,0.37407226562500007,0.23286132812500002,81177.5279045105,7761.71875,0.16776235837741968,1.0051010911212483,0.00011782529711785612,407.04866406611893,0.18700901451899613,1.0050947281136156,0.00013452723444005993,365.6296227166795,0.18700901451899613,1.0050947281136156,1.0102218079072094
231469.7265625,1.6268310546875,245.8544921875,0.1177978515625,0.25212402343750007,46825.682520866394,7384.765625,0.1881934948542308,1.0048556289164172,0.00015585021344100897,371.38831120857094,0.2340774748278354,1.004054350768628,0.0002003839009081615,299.93875589223046,0.2340774748278354,1.004054350768628,1.0089296661078746
231689.453125,1.908447265625,148.486328125,0.33979492187500004,0.21088867187500002,67880.65481185913,8253.90625,0.1687050866413882,1.004947619687613,0.00026257041626107563,396.42564605600876,0.1890212478853033,1.0050547845738815,0.00030186026534241345,354.2685534279673,0.1890212478853033,1.0050547845738815,1.010027413413169
231982.421875,1.531982421875,302.880859375,0.157861328125,0.151416015625,11999.728679656982,4777.34375,0.18875247779799317,1.0045765020193334,0.00014240256593495303,430.06632667428886,0.2334217242283382,1.0050001170733942,0.00018455648802792132,348.3379549406293,0.2334217242283382,1.0050001170733942,1.0095995021386108
232055.6640625,0.8797607421875,362.0654296875,0.3527587890625,0.35700683593750004,103682.31666088104,4400.390625,0.17154624515745304,1.0051963603295795,0.00012432782160003194,490.2892590431669,0.19530325552725736,1.0052223557411646,0.00014574237944342476,431.76625382713013,0.19530325552725736,1.0052223557411646,1.0104458533129443
232275.390625,1.161376953125,115.947265625,0.12358398437500001,0.10483398437500001,25920.3200340271,3269.53125,0.15998631023633314,1.0049747534592828,0.0003265807487237675,527.933769653236,0.17039615491328963,1.0049889061134434,0.0003533582694257246,496.06412462986,0.17039615491328963,1.0049889061134434,1.009988478150672
232348.6328125,1.2503662109375,229.5849609375,0.38469238281250007,0.3865966796875,88295.769572258,3892.578125,0.1691636526349047,1.0052442249818903,0.00019233267405245518,516.7061451234381,0.19005514926841155,1.0052124202825166,0.0002224115855707093,460.873319743593,0.19005514926841155,1.0052124202825166,1.0104839803690684
232568.359375,1.716552734375,96.357421875,0.24399414062500002,0.37700195312500007,37901.49641036987,4105.46875,0.16266701702956357,1.0050381864091704,0.0003938228869769401,501.9874374143037,0.17606742949843746,1.0050799599563673,0.00043578938904034075,464.4194122548447,0.17606742949843746,1.0050799599563673,1.0101437401507491
232641.6015625,0.8709716796875,164.8388671875,0.28303222656250004,0.13376464843750002,87632.64739513397,4728.515625,0.15913113669975398,1.005087485031957,0.0002467492482316856,481.9627151206662,0.16851255442181265,1.0046615451073166,0.00026481307532900597,455.59935755181954,0.16851255442181265,1.0046615451073166,1.009772745680233
232861.328125,0.590087890625,240.126953125,0.21206054687500003,0.32924804687500003,52466.248989105225,3597.65625,0.161017832908124,1.0050179762047147,0.00016962262508937764,518.6603765686395,0.17261743455465547,1.0050945365583324,0.00018513856918029678,484.2403831455612,0.17261743455465547,1.0050945365583324,1.010138077026271
232934.5703125,1.9974365234375,339.1552734375,0.31730957031250007,0.1598388671875,73087.42988109589,3220.703125,0.19162022300855377,1.002038907701455,0.00014762139272886426,513.3928178306978,0.24171139372100772,1.001830598880132,0.00019207115634547906,409.8092454354802,0.24171139372100772,1.001830598880132,1.003873239003742
233154.296875,0.963623046875,213.896484375,0.290283203125,0.314306640625,111286.0598564148,7121.09375,0.16479368141866813,1.004845741861691,0.00018823347071498131,418.56669386403047,0.18058602845582805,1.0049262808042343,0.00021170386425092467,382.6716778205483,0.18058602845582805,1.0049262808042343,1.0097958941510408
233227.5390625,1.6239013671875,111.0498046875,0.18049316406250002,0.18239746093750003,8036.515116691589,7744.140625,0.1634362596209774,1.0049475434660842,0.00033601196793973394,402.38496358580574,0.17767759760679558,1.0049211182625812,0.00037295707766467123,370.6950260486652,0.17767759760679558,1.0049211182625812,1.0098930091751712
233447.265625,1.343017578125,377.587890625,0.25834960937500007,0.27944335937500003,96611.30666732788,8613.28125,0.19085372945661205,1.0051232760575033,0.00011274586765261195,370.224496805875,0.23958981942697835,1.00505135977945,0.00014625870945412804,294.8160423709995,0.23958981942697835,1.00505135977945,1.010200515347569
233520.5078125,1.2445068359375,307.9443359375,0.2147705078125,0.22370605468750004,23259.04929637909,8236.328125,0.1815330436410887,1.005045693651002,0.00012965776005176624,374.82323293100467,0.21777992485067024,1.0049785108482587,0.00016014796879986322,312.70453900472194,0.21777992485067024,1.0049785108482587,1.0100493245398392
233740.234375,1.406005859375,166.748046875,0.18891601562500002,0.11333007812500001,69925.92573165894,9449.21875,0.16870225067782868,1.0048343063561391,0.00022903188672258372,368.35341264918446,0.1888285204653781,1.0046085298142173,0.00025707853456686044,328.32028333382095,0.1888285204653781,1.0046085298142173,1.0094651152153298
233813.4765625,1.1229248046875,67.8857421875,0.3029541015625,0.39509277343750004,51312.27004528046,9822.265625,0.15574440257182107,1.0050180271978049,0.0005144785411148175,384.68370562924537,0.1616466315571142,1.0050178956790417,0.0005367950073251203,370.89302228958155,0.1616466315571142,1.0050178956790417,1.0100611028138398
234033.203125,1.029541015625,331.767578125,0.22963867187500003,0.14291992187500002,84284.28030014038,6941.40625,0.17577727749164174,1.0049823747029383,0.0001251942067560544,402.8794808145092,0.20465095764080143,1.0049803362986902,0.0001500927711164496,346.56455857002936,0.20465095764080143,1.0049803362986902,1.0099875249032153
234106.4453125,1.4993896484375,263.4521484375,0.2598876953125,0.34851074218750006,34404.682993888855,6314.453125,0.1809628548528471,1.0051586742894838,0.00015938646182328875,419.19768643083916,0.2165499071783839,1.0051302524226295,0.00019641707769788518,351.13850531712984,0.2165499071783839,1.0051302524226295,1.0103153920133845
234326.171875,0.653076171875,135.537109375,0.272705078125,0.19594726562500003,23354.709148406982,2464.84375,0.1562286565667376,1.0050105830580538,0.000278623204466093,584.2301730176767,0.16262460665999937,1.0050321396285768,0.00029279464352731854,561.5383560629963,0.16262460665999937,1.0050321396285768,1.0100679366401994
234399.4140625,1.8758544921875,205.3466796875,0.23791503906250003,0.2890380859375,101871.42646312714,2837.890625,0.17781206930549717,1.0052049414985522,0.00021797564149151746,536.0374011328257,0.20910097539280312,1.00524918072916,0.00026665645052134114,457.97231470993904,0.20910097539280312,1.00524918072916,1.0104814439063228
234619.140625,1.782470703125,277.978515625,0.31342773437500004,0.24780273437500003,11774.766445159912,5957.03125,0.18397413698398138,1.005195469816409,0.00016201456036776126,431.4813678704315,0.22355251240158316,1.0050995336226183,0.00020265546535624048,356.1057413794862,0.22355251240158316,1.0050995336226183,1.0103214979120414
234692.3828125,0.7464599609375,380.9912109375,0.19484863281250003,0.2670654296875,116662.49930858612,5330.078125,0.172252984831155,1.0050438833265922,0.00010994823308746017,441.3032049587102,0.19677736280795258,1.0049978703460747,0.00012941031900196037,387.0284109401645,0.19677736280795258,1.0049978703460747,1.010066962347574
234912.109375,1.095458984375,258.388671875,0.3541503906250001,0.276220703125,54288.978099823,2667.96875,0.16797750093274397,1.0052280840681997,0.00017305078135798253,570.9671875511251,0.18739820195557402,1.0052326457134935,0.00019859895196801044,512.2608981627817,0.18739820195557402,1.0052326457134935,1.0104880864933825
234985.3515625,1.3748779296875,316.2451171875,0.17287597656250003,0.22048339843750003,59851.4050245285,2041.015625,0.1828820133978947,1.0051262070455806,0.00014674151179799676,564.2133487141092,0.22053075101409592,1.0052149650855813,0.000185279218182315,471.0721626043686,0.22053075101409592,1.0052149650855813,1.010367905121926
235205.078125,1.468994140625,72.783203125,0.397216796875,0.31752929687500003,40682.72542953491,5160.15625,0.157071341152854,1.0049163116060207,0.0005047032389809718,480.1311348221415,0.16438905143189705,1.0050873688073714,0.0005336083236540677,459.29235411983865,0.16438905143189705,1.0050873688073714,1.0100286915037038
235278.3203125,1.0013427734375,182.4365234375,0.13215332031250002,0.18562011718750002,77323.7122297287,5533.203125,0.16446349437642918,1.00488123237842,0.0002187792270604845,445.4079732325115,0.17947394404492917,1.0049650333421871,0.00024481390438471585,408.21290311906074,0.17947394404492917,1.0049650333421871,1.009870501202117
235498.046875,1.842529296875,397.177734375,0.10043945312500001,0.340087890625,96484.19523239136,9683.59375,0.22414847155490356,1.0050031279498943,0.00011476044981812877,319.3614656049837,0.3229906790892835,1.0048646017707603,0.0001719128481059067,218.3357838152458,0.3229906790892835,1.0048646017707603,1.009892067945739
235571.2890625,0.6278076171875,283.7060546875,0.3703369140625,0.17067871093750003,35681.443095207214,9056.640625,0.1617391733049747,1.0042729688755259,0.00014575182278466224,389.9038834845966,0.17300237819056824,1.005002710890056,0.00015787878075979579,362.81064067292294,0.17300237819056824,1.005002710890056,1.0092970561935084
235791.015625,0.721923828125,188.994140625,0.14350585937500002,0.36616210937500004,110203.866481781,6175.78125,0.16111275886318974,1.004995794211363,0.00021000238932381834,438.0560738617915,0.17279420277266772,1.0047529368496237,0.00022882664882150475,408.8878131333016,0.17279420277266772,1.0047529368496237,1.009772475755387
235864.2578125,1.7484130859375,129.9755859375,0.32961425781250003,0.12292480468750001,19356.819987297058,6548.828125,0.16337000196645324,1.0049850495581756,0.0003126215892775202,434.35076029390984,0.17754107181668294,1.0050079331948998,0.00034696115330654103,400.378283432856,0.17754107181668294,1.0050079331948998,1.010017947548236
236083.984375,1.980224609375,233.154296875,0.285009765625,0.30317382812500004,32124.610424041748,6886.71875,0.18468989884900272,1.0052565912278324,0.00018330354420840808,408.67565681482915,0.22510875769864075,1.0051088775054082,0.00023054760429534873,336.02949949950687,0.22510875769864075,1.0051088775054082,1.0103923240139197
236157.2265625,0.5721435546875,346.7919921875,0.24436035156250002,0.20993652343750002,94136.93130016327,6259.765625,0.16427026760199376,1.0044101019617795,0.00012050362776373865,432.6975008281851,0.17996688904618754,1.0048639076457515,0.0001355744334707359,396.8049320383305,0.17996688904618754,1.0048639076457515,1.0092954599361814
236376.953125,0.853759765625,100.673828125,0.31635742187500004,0.25307617187500003,20376.74856185913,9378.90625,0.15567181017238246,1.0049400453809871,0.00037421455716829327,390.9603275417302,0.16154107807888687,1.0049805917963435,0.0003905850417360274,376.98969842238057,0.16154107807888687,1.0049805917963435,1.0099452415268286
236450.1953125,1.6986083984375,159.8583984375,0.21066894531250002,0.23366699218750003,109300.42731761932,9751.953125,0.17218060541024324,1.004945385003211,0.00022825316692619575,362.4823806096734,0.19645738588932204,1.0049272872966781,0.00026987542244779673,317.97991346869924,0.19645738588932204,1.0049272872966781,1.0098970396325928
236669.921875,1.227294921875,371.943359375,0.18129882812500003,0.390478515625,64149.90568161011,5902.34375,0.18966713582161052,1.0051678167836537,0.00011583320715604191,411.43045216827016,0.2366188792680304,1.005164835326378,0.00015035460131426127,330.7831758598084,0.2366188792680304,1.005164835326378,1.0103593430327162
236743.1640625,1.3250732421875,314.2529296875,0.29182128906250004,0.10856933593750001,58151.17347240448,5275.390625,0.176197362547339,1.0050638797583018,0.00014452133595757051,448.2962143437492,0.20582402023131832,1.005036685653738,0.00017301873993402154,384.86024587435037,0.20582402023131832,1.005036685653738,1.0101260705825708
236962.890625,1.606689453125,216.884765625,0.21264648437500003,0.353271484375,78293.15328598022,2394.53125,0.17659160174494046,1.0053009821299217,0.00020446740490101704,561.4549594454826,0.20634944102616634,1.00522354067801,0.000248534779583999,482.53910327242096,0.20634944102616634,1.00522354067801,1.0105522127037205
237036.1328125,0.9456787109375,107.3974609375,0.25812988281250004,0.14753417968750002,40946.02286815643,2767.578125,0.15673220993762763,1.004985897240157,0.0003507338056705717,565.6288710696674,0.16364294723527134,1.0044355804819298,0.0003696736571515947,541.8873168721999,0.16364294723527134,1.0044355804819298,1.0094435930705703
237255.859375,0.521240234375,154.794921875,0.117431640625,0.15668945312500002,101407.90510177612,5230.46875,0.15613140236239817,1.0048900252951352,0.0002545599058678595,468.4049296136517,0.16243713676607183,1.004976774379034,0.00026689600643251704,450.3287903360255,0.16243713676607183,1.004976774379034,1.0098911362267708
237329.1015625,1.9256591796875,85.1513671875,0.3720947265625001,0.32595214843750003,24235.400080680847,5603.515625,0.16063132731831878,1.005070820039268,0.00045204321241349354,465.88102741079695,0.17184079350207734,1.005094713297024,0.0004912264161306749,436.0690005033309,0.17184079350207734,1.005094713297024,1.010191367710573
237548.828125,1.644775390625,351.689453125,0.151123046875,0.13706054687500002,116451.11227035522,2722.65625,0.1942728984452736,1.0050691569052865,0.00013830225861161124,499.86756676605813,0.24771767065724604,1.0045118462436768,0.0001832267683390094,395.749273955307,0.24771767065724604,1.0045118462436768,1.0096038744055051
237622.0703125,0.8021240234375,248.8427734375,0.34074707031250007,0.3801513671875001,6626.400828361511,2095.703125,0.16447244421758137,1.0052428088340526,0.00017058206288431756,611.8794495461319,0.17990136558622766,1.0052851952739184,0.00019089971652664817,559.6367111072964,0.17990136558622766,1.0052851952739184,1.0105557133764427
237841.796875,1.268310546875,123.583984375,0.3512207031250001,0.22524414062500003,51855.18217086792,6246.09375,0.159599470164864,1.0050442378009363,0.00032641863568618975,447.85063645366097,0.16964530717665358,1.0050273023345613,0.0003515130472085809,421.826963608137,0.16964530717665358,1.0050273023345613,1.0100968990439703
237915.0390625,1.1785888671875,222.6123046875,0.15705566406250002,0.28083496093750004,71866.45591259003,6619.140625,0.17167259757670145,1.0049581668227598,0.0001773721498023639,411.47003839128035,0.19545143465923734,1.0049233013134333,0.0002084142574360227,362.09385145238673,0.19545143465923734,1.0049233013134333,1.0099058786854238
238134.765625,0.897705078125,297.900390625,0.3849121093750001,0.18100585937500002,38938.973903656006,9738.28125,0.16620177764385816,1.0050467632159448,0.00013868372527468676,379.145320696584,0.18379541742413372,1.0046742844798777,0.00015753675834563204,343.5729403889283,0.18379541742413372,1.0046742844798777,1.0097446377027963
238208.0078125,1.5491943359375,366.3818359375,0.12570800781250002,0.31276855468750003,87926.88071727753,9111.328125,0.20508409256050703,1.004957109635173,0.00011626620851596087,340.45881271688665,0.27421573267984395,1.0048437869535414,0.00016016003106937197,253.2007215556537,0.27421573267984395,1.0048437869535414,1.0098249077716925
238427.734375,1.007568359375,76.435546875,0.174853515625,0.352392578125,10111.01484298706,8324.21875,0.1560301031876405,1.0048834010246985,0.0004752106899946895,407.2194602455525,0.16226358931954027,1.004961854280779,0.0004971880925435196,391.90323286867374,0.16226358931954027,1.004961854280779,1.0098694860297568
238500.9765625,1.4744873046875,179.4482421875,0.3545166015625001,0.1466552734375,115453.42910289764,8947.265625,0.1659933885564829,1.0049773682595033,0.00022635645430241607,389.7333862350679,0.1831988941536873,1.00498626887815,0.0002546146943877893,353.597524414482,0.1831988941536873,1.00498626887815,1.0099884556341008
238720.703125,1.381103515625,252.080078125,0.13120117187500002,0.391357421875,25190.682888031006,7816.40625,0.1827647086323618,1.0049800221072125,0.0001524187149146231,375.9369820345642,0.22054880464720422,1.0048738123836025,0.00019009016619547952,311.9277641177437,0.22054880464720422,1.0048738123836025,1.0098781061842317
238793.9453125,1.1009521484375,321.8896484375,0.39582519531250004,0.1094482421875,100564.27466869354,7439.453125,0.16931488714980972,1.0048684608082568,0.00013912804137315214,416.2095504982359,0.19024429822408298,1.0050455881376377,0.0001598601825217436,370.76160044138675,0.19024429822408298,1.0050455881376377,1.0099386131939971
239013.671875,1.754638671875,193.974609375,0.37114257812500007,0.26625976562500003,88026.03483200073,3339.84375,0.17040098199808665,1.005185550647731,0.0002357312059811388,538.2861121100893,0.19273167516004244,1.0052180770757442,0.0002746947905407976,477.357092594531,0.19273167516004244,1.0052180770757442,1.0104306863264352
239086.9140625,0.7274169921875,125.6591796875,0.10197753906250001,0.24685058593750003,37231.80854320526,3962.890625,0.15727957470355466,1.004977115764605,0.0003070774571292259,507.98152704714823,0.16489797810732276,1.005136064291325,0.0003241931245469971,484.31357718231783,0.16489797810732276,1.005136064291325,1.0101387428424824
239306.640625,0.634033203125,389.541015625,0.327490234375,0.28999023437500004,73623.88753890991,4832.03125,0.166242008053147,1.0051375879703048,0.00011426271949760583,477.0629928920614,0.18373183650733774,1.0050950549035844,0.00012929895278257264,432.45442890368975,0.18373183650733774,1.0050950549035844,1.01025881916667
239379.8828125,1.8480224609375,290.6787109375,0.14328613281250002,0.19675292968750002,52366.448283195496,4455.078125,0.1947266922233446,1.004985157732804,0.00015500819264462404,434.14239066717016,0.24840406896432787,1.0050311919749453,0.00020737431312338204,342.21187342999536,0.24840406896432787,1.0050311919749453,1.0100414309933283
239599.609375,1.493896484375,327.451171875,0.302587890625,0.18715820312500003,108503.36408615112,3542.96875,0.18006639970380925,1.0051705249379495,0.00015036370696569555,509.2948845116901,0.21442673347414437,1.0051750275990472,0.00018518365094970213,430.05208304224203,0.21442673347414437,1.0051750275990472,1.010372310146252
239672.8515625,1.0233154296875,268.4326171875,0.1869384765625,0.31892089843750004,12366.343379020691,3166.015625,0.17106984366972655,1.0050272023100706,0.00016234698457980495,522.0726588840372,0.19414377645281722,1.005202448563768,0.0001905628122188813,461.47134901881685,0.19414377645281722,1.005202448563768,1.0102558046352765
239892.578125,1.117431640625,173.720703125,0.26127929687500007,0.21909179687500002,93175.79793930054,4035.15625,0.1629756576311112,1.0050411466593616,0.0002424176070124474,503.45044449178147,0.17671848211833488,1.0050300091785194,0.0002683758546448811,464.97120060666026,0.17671848211833488,1.0050300091785194,1.0100965128518478
239965.8203125,1.3997802734375,60.2490234375,0.23059082031250003,0.27468261718750003,29857.327342033386,4658.203125,0.15615999645591536,1.005019357640102,0.0005839763111113429,492.15620878576846,0.16254955483723538,1.0050247000174914,0.000612830475182761,473.1386982148276,0.16254955483723538,1.0050247000174914,1.0100692784240155
240185.546875,0.740966796875,274.990234375,0.23637695312500004,0.119775390625,47606.44865036011,8558.59375,0.16451236770474012,1.004956931214208,0.00014910963847300607,389.91050182819953,0.1800548136066104,1.0044716860220244,0.00016163075266176024,355.5019431177485,0.1800548136066104,1.0044716860220244,1.0094507830762551
240258.7890625,1.7762451171875,384.6435546875,0.27189941406250007,0.36286621093750004,82822.58689403534,8181.640625,0.20425022362090234,1.0052484950636478,0.00012322292097666495,380.33263526749863,0.2726243144309035,1.0051432772436506,0.00016938227985512685,283.72614144656774,0.2726243144309035,1.0051432772436506,1.0104187667725226
240478.515625,1.870361328125,141.181640625,0.195068359375,0.17397460937500003,61157.968044281006,7050.78125,0.16969388060427992,1.00497322169089,0.00027765274685032115,409.1224097163396,0.19119376638834412,1.0049679982720179,0.00032027667151242686,363.753657310443,0.19119376638834412,1.0049679982720179,1.0099659269196746
240551.7578125,0.6468505859375,199.0380859375,0.3155517578125,0.3432373046875,68125.95450878143,7673.828125,0.1589794233098054,1.0050749099264185,0.00020573183215315095,417.58924284705205,0.16836272897088186,1.005046576853316,0.0002201311387354535,394.6875220470584,0.16836272897088186,1.005046576853316,1.0101470977027018
240771.484375,1.581787109375,132.216796875,0.12094726562500001,0.260986328125,115954.56647872925,5511.71875,0.16675104697036336,1.00495440021736,0.0002958615314940311,444.0600407743771,0.1847506455470141,1.0049701997206129,0.0003366623449768228,401.74086639205564,0.1847506455470141,1.0049701997206129,1.009949224296549
240844.7265625,0.9237060546875,192.7294921875,0.3896728515625001,0.24274902343750002,7470.915675163269,5134.765625,0.1605319664138682,1.005067335706563,0.00022301094063379145,478.5309407649027,0.17159974594276856,1.0050920200314146,0.00024204039152980584,448.16995176440093,0.17159974594276856,1.0050920200314146,1.0101851587129014
241064.453125,1.205322265625,286.611328125,0.161669921875,0.295263671875,101028.29885482788,2003.90625,0.17697572023365438,1.0051994982873995,0.0001568308707604951,577.2485205017038,0.2074062345350612,1.0052405912567457,0.00019101870667710078,495.10181974228794,0.2074062345350612,1.0052405912567457,1.0104673379894096
241357.421875,0.828857421875,186.005859375,0.33598632812500007,0.34829101562500003,38911.10563278198,6527.34375,0.1604940808370731,1.005078231711974,0.00022374053469933385,441.444896775828,0.17154517575050118,1.0050236078307844,0.0002425953176647361,413.6086741228496,0.17154517575050118,1.0050236078307844,1.0101273505873531
241430.6640625,1.6766357421875,75.1904296875,0.1558837890625,0.1413818359375,90144.16968822479,6150.390625,0.15893717701444132,1.0049587751953954,0.0004906741801255069,444.0705430640347,0.16810667618846853,1.0049603424683358,0.000528959805587763,420.4151530952008,0.16810667618846853,1.0049603424683358,1.009943714886924
241650.390625,1.958251953125,317.822265625,0.376708984375,0.39545898437500004,55914.5827293396,9019.53125,0.19501482599904763,1.0053550998131866,0.00014566007032475035,389.9751240672074,0.25019050448876606,1.00513642183728,0.0001908851078218716,303.53847596185335,0.25019050448876606,1.00513642183728,1.010519027702088
241723.6328125,0.5472412109375,261.4599609375,0.1128173828125,0.11472167968750001,75869.07279491425,9642.578125,0.1619108876115462,1.0048894670267703,0.00015172769748098092,373.23635783159756,0.17428646869535394,1.0048925216220097,0.00016404932077093188,346.32954754458575,0.17428646869535394,1.0048925216220097,1.0098059104719286
241943.359375,0.919677734375,383.232421875,0.25336914062500004,0.12387695312500001,15813.544750213623,6355.46875,0.17406272285648025,1.0048941730971401,0.00011380222574553814,420.74802203001605,0.20163112414849313,1.0049005042008894,0.00013640094745724806,365.54799854739883,0.20163112414849313,1.0049005042008894,1.009818661213852
242016.6015625,1.5740966796875,281.7138671875,0.21740722656250003,0.3681396484375,109510.66863536835,6978.515625,0.1868412037776722,1.0051469022543296,0.0001507078212692254,399.48420544612543,0.22990733044802764,1.0051620999494104,0.0001929295905902929,325.28714159225683,0.22990733044802764,1.0051620999494104,1.0103355710276067
242236.328125,1.293212890625,208.251953125,0.29643554687500007,0.16987304687500002,33699.098110198975,9847.65625,0.16836616454330755,1.004934595781987,0.00019011939493421192,372.0479081591108,0.18792187026930696,1.0050551847725173,0.00022462969445356467,334.16964396766537,0.18792187026930696,1.0050551847725173,1.01001472584796
242309.5703125,1.2005615234375,137.2802734375,0.1766845703125,0.33796386718750004,95824.09369945526,9470.703125,0.1629965841310435,1.0049936692086145,0.0002773267598601242,379.42189354074674,0.1768045833244801,1.0049321154256992,0.0003057037328507022,350.33165985429207,0.1768045833244801,1.0049321154256992,1.0099504139872484
242529.296875,1.666748046875,267.021484375,0.20590820312500002,0.192431640625,83067.3098564148,5371.09375,0.18353393469932874,1.0050769503767103,0.0001652175277628184,431.6629908780389,0.22232020575196124,1.0050355726358013,0.00020725553793516505,357.70876247133464,0.22232020575196124,1.0050355726358013,1.0101380883649018
242602.5390625,0.8270263671875,334.1748046875,0.32111816406250004,0.32302246093750003,45940.62888622284,5994.140625,0.16878776297908926,1.0051493482711027,0.00013141821867344367,444.9414115694937,0.18927168611840633,1.0051402079704221,0.000151045753761666,397.6860388235777,0.18927168611840633,1.0051402079704221,1.0103160249625505
242822.265625,0.546142578125,69.462890625,0.24897460937500002,0.21381835937500002,66015.48147201538,2863.28125,0.15290018648805312,1.0048420624804046,0.0004949976699296936,566.5861542454372,0.15586064295903354,1.0050651936947446,0.0005066612404933758,556.1576182131826,0.15586064295903354,1.0050651936947446,1.0099317821594944
242895.5078125,1.9476318359375,169.8193359375,0.2803955078125,0.27058105468750004,59846.87888622284,2486.328125,0.17208476970708286,1.0051637187242672,0.0002626194884503096,570.7951001668805,0.19635492308032637,1.0052150679273486,0.0003097358089331173,501.71614721156527,0.19635492308032637,1.0052150679273486,1.0104057157955206
243115.234375,0.609130859375,304.873046875,0.310791015625,0.38520507812500004,95724.50971603394,3199.21875,0.1634430768618957,1.0054898985912464,0.00014383620868525514,543.0506041742918,0.17767924039460098,1.0051541521187002,0.00015927554510704504,500.2572364129814,0.17767924039460098,1.0051541521187002,1.0106723464824021
243188.4765625,1.8260498046875,376.0107421875,0.1998291015625,0.10446777343750001,30859.084010124207,3572.265625,0.1984524668242313,1.003988857777973,0.00013535445960949745,469.6067735201022,0.25846451603607423,1.0031321955374413,0.00018089602124415024,363.05872668440514,0.25846451603607423,1.0031321955374413,1.007133547197946
243408.203125,1.732666015625,108.642578125,0.27651367187500003,0.3585449218750001,112505.34963607788,4691.40625,0.16337294897929475,1.0050965250641515,0.00037124313144195085,486.0828371603379,0.1775933844371834,1.0051588284893243,0.0004121999520545167,448.04310207455075,0.1775933844371834,1.0051588284893243,1.0102816456521733
243481.4453125,0.7025146484375,210.3271484375,0.23176269531250002,0.1516357421875,15527.546763420105,4064.453125,0.15971291954730107,1.0049821533337226,0.00020064186055393,503.5110937019447,0.1702507494845907,1.0049201289348944,0.00021675294952251355,473.5228150397292,0.1702507494845907,1.0049201289348944,1.0099267951053923
243701.171875,1.356201171875,337.412109375,0.22583007812500003,0.299072265625,60871.24967575073,8214.84375,0.18732322243713959,1.0050721382876238,0.00012590427017752896,378.6626059024177,0.23118947676992538,1.0050410821808997,0.0001606863982485173,306.96554587069977,0.23118947676992538,1.0050410821808997,1.0101387895344642
243774.4140625,1.0789794921875,237.2216796875,0.26604003906250007,0.20466308593750002,67754.69672679901,8587.890625,0.1680618495150659,1.0049885980129019,0.0001701768821834654,389.3130427542395,0.18756899146544448,1.0050044354435261,0.0001956075930351584,349.49576638981233,0.18756899146544448,1.0050044354435261,1.0100179985731372
243994.140625,0.985595703125,161.103515625,0.19155273437500003,0.257177734375,45822.31283187866,7707.03125,0.16163857312054533,1.0049877270993532,0.0002489882154826563,409.9820850261861,0.173924036900119,1.0049817508967451,0.0002724390534689711,381.65145407521834,0.173924036900119,1.0049817508967451,1.0099943256100483
244067.3828125,1.4495849609375,94.1162109375,0.2979736328125,0.23894042968750004,81816.765666008,7080.078125,0.15877630642463283,1.0050144090760118,0.0004153543272010005,430.8060034452781,0.16795107669969134,1.004978534803305,0.0004442054367130668,407.74783864161424,0.16795107669969134,1.004978534803305,1.0100179082894196
244287.109375,1.892333984375,226.513671875,0.13852539062500002,0.22934570312500002,27991.614818572998,8917.96875,0.18907441286597607,1.0048543711972446,0.00017381730184484515,356.21483917993334,0.23554074139542555,1.0049367998224195,0.0002228475004237881,285.95309046368783,0.23554074139542555,1.0049367998224195,1.0098151360785286
244360.3515625,0.6717529296875,114.3701171875,0.3322509765625,0.2861083984375,104468.40941905975,8291.015625,0.1551290094260584,1.0050275952899923,0.00034422972803386127,411.94109696908697,0.1604282243405543,1.0051576699252163,0.0003574517528602255,398.56157367438544,0.1604282243405543,1.0051576699252163,1.010211195892232
244580.078125,0.765869140625,359.658203125,0.106591796875,0.17690429687500003,11392.808437347412,7410.15625,0.17431335760729616,1.0047716521518735,0.00011141799629228918,389.43607227446427,0.2009716263473479,1.0048390883709197,0.00013053726969038462,336.96856196942747,0.2009716263473479,1.0048390883709197,1.0096338309692314
244653.3203125,1.7982177734375,299.3115234375,0.36652832031250004,0.3074951171875,120508.95392894745,7783.203125,0.1860387709130181,1.0052337508955016,0.00015346239947929086,407.92710074535535,0.22850747253814957,1.005127145126458,0.00019315949932210494,332.5047747972014,0.22850747253814957,1.005127145126458,1.0103877302223567
244873.046875,1.139404296875,89.052734375,0.39106445312500004,0.16196289062500002,73195.31583786011,3933.59375,0.1557317687609158,1.0049858378871144,0.0004349588758794525,521.2452913384327,0.1616142322201971,1.0049837476473102,0.00045530943171108635,502.63914076325756,0.1616142322201971,1.0049837476473102,1.0099944336922644
244946.2890625,1.4246826171875,145.5810546875,0.13596191406250002,0.3300537109375,51107.07175731659,3306.640625,0.16650284608898075,1.0051291761111065,0.000281518180987468,520.8049040642105,0.18422317185814857,1.0050939216668067,0.00031970254031402773,471.7431540013439,0.18422317185814857,1.0050939216668067,1.0102492253992383
245166.015625,1.518798828125,242.119140625,0.359130859375,0.13178710937500002,88601.26638412476,4425.78125,0.16988773385102315,1.0047923728262247,0.00019599363249036948,492.3792078520982,0.19163755987571723,1.0050056046543505,0.0002266519590366935,437.9507846991708,0.19163755987571723,1.0050056046543505,1.0098219662042995
245239.2578125,1.0452880859375,353.1005859375,0.17023925781250002,0.37604980468750004,36756.56974315643,4798.828125,0.18033285815550337,1.0051533021588204,0.00012396727479434407,449.11212301331875,0.2149597643191035,1.0050594521563434,0.00015325177200940215,378.3187582543198,0.2149597643191035,1.0050594521563434,1.0102388272008835
245458.984375,1.183349609375,201.279296875,0.21938476562500003,0.20004882812500002,49901.771068573,4636.71875,0.16638242496277536,1.0050469787385414,0.00021413129807475685,476.26477238434666,0.1839485376773413,1.0049278484123878,0.00024401505565479665,432.01766749202415,0.1839485376773413,1.0049278484123878,1.0099996978970933
245532.2265625,1.2752685546875,144.9169921875,0.25373535156250004,0.2943115234375,71361.0829114914,4009.765625,0.16287752621797047,1.0050324629665566,0.0002889934943028622,507.1394339194503,0.17654273627113473,1.0050159361104087,0.00031956250342067745,468.60765937371565,0.17654273627113473,1.0050159361104087,1.0100736415896836
245751.953125,1.556884765625,387.548828125,0.17573242187500002,0.24370117187500004,33942.72756576538,3128.90625,0.19545881678861973,1.0051724496029153,0.0001298138197200865,490.9743970004371,0.25103706044331325,1.0040833898327526,0.00017142460993707596,385.4453894612835,0.25103706044331325,1.0040833898327526,1.0092769605637868
246044.921875,1.930419921875,63.818359375,0.32192382812500003,0.11860351562500002,107080.20353317261,7652.34375,0.156979552707767,1.0049825608479943,0.0005795081779883482,422.04163162054687,0.16421498667094242,1.0049368822689062,0.0006106747131221506,403.82801863766247,0.16421498667094242,1.0049368822689062,1.0099440414332048
246118.1640625,0.5281982421875,176.1279296875,0.2074462890625,0.3991943359375001,28640.06507396698,7025.390625,0.157274184206186,1.0050034545226956,0.00023197518383231709,431.1721652171647,0.16481781065716286,1.0049976169318051,0.000245109792437924,411.84898202122474,0.16481781065716286,1.0049976169318051,1.0100260768035407
246337.890625,0.809814453125,270.009765625,0.27827148437500004,0.13764648437500002,122888.12398910522,8144.53125,0.1640335591026524,1.0049932855668742,0.00015599811548141777,401.5314946302996,0.1789336144558183,1.0048667788247267,0.00017499394203440623,368.8910528630482,0.1789336144558183,1.0048667788247267,1.0098843656080636
246411.1328125,1.6488037109375,330.5224609375,0.24875488281250002,0.34440917968750007,14089.577555656433,8517.578125,0.19404266968625877,1.0051891559669135,0.00013409157333640215,376.8206611394427,0.24726867402745337,1.0051336395383914,0.00017664136059953708,295.3530728594784,0.24726867402745337,1.0051336395383914,1.0103494347615476
246630.859375,1.318115234375,292.919921875,0.3893066406250001,0.334814453125,65906.98957443237,7480.46875,0.17510129373656796,1.0052071581212174,0.00015195825641012729,419.82010513106775,0.2035726268294304,1.0051665264434475,0.00017913002958402384,361.7523983224626,0.2035726268294304,1.0051665264434475,1.0104005874847934
246704.1015625,1.2225341796875,393.2763671875,0.11896972656250002,0.16657714843750002,59371.05071544647,7853.515625,0.1935067085435328,1.004896658649466,0.00010857381986736968,365.2784280308972,0.24563369300219323,1.0048931586550232,0.0001415605564872422,287.17337317393407,0.24563369300219323,1.0048931586550232,1.0098137774321405
246923.828125,0.941650390625,128.564453125,0.347998046875,0.371435546875,81814.21041488647,8972.65625,0.15840875401453222,1.0052959650267221,0.00031295883504742954,399.8893416436499,0.16703141986725487,1.0049793563280396,0.00033116919299186324,379.900879707526,0.16703141986725487,1.0049793563280396,1.0103016918517307
246997.0703125,1.5989990234375,195.7177734375,0.16262207031250003,0.12702636718750002,45202.481150627136,8345.703125,0.17536815018403817,1.0048786627094553,0.00020153364025035997,378.9618990551589,0.20386149847530138,1.0046201563467063,0.00023990255562735476,326.44543557845435,0.20386149847530138,1.0046201563467063,1.009521359240642
247216.796875,0.565185546875,325.458984375,0.154345703125,0.27211914062500003,34099.68900680542,4496.09375,0.16500783099873137,1.0047112642307285,0.00013290702513455877,478.4334782897368,0.1802292422226099,1.005002046212542,0.00014860056627112773,437.2824668649248,0.1802292422226099,1.005002046212542,1.0097368764046721
247290.0390625,1.9754638671875,254.4873046875,0.3351806640625,0.21520996093750003,99837.64731884003,4869.140625,0.1802947268101462,1.0051739255287915,0.00019104727890407184,471.20605529468565,0.21558862866619966,1.0048757508982744,0.0002306169465816131,395.48839006664423,0.21558862866619966,1.0048757508982744,1.0100749031991105
247509.765625,1.694580078125,181.025390625,0.113037109375,0.321630859375,17263.192653656006,3988.28125,0.175429903997072,1.0050668151527267,0.00023118096837975696,475.3056033220448,0.20373279587553209,1.0050529692895656,0.00027902279314736693,411.15065524576687,0.20373279587553209,1.0050529692895656,1.010145386903655
247583.0078125,0.8460693359375,79.5068359375,0.37883300781250007,0.19089355468750002,116000.00083446503,3361.328125,0.154179125010381,1.0049732831478226,0.0004673956164440994,545.341721334414,0.15844466903026735,1.0050635125019665,0.0004831262685997975,530.8445334410252,0.15844466903026735,1.0050635125019665,1.010061977931184
247802.734375,1.804443359375,363.310546875,0.334228515625,0.155517578125,45915.33613204956,2074.21875,0.18555398159478906,1.0051309508917488,0.00015188664367117306,597.7417631039648,0.22709913474601784,1.0042281777614204,0.00019235988352184455,492.8715068930576,0.22709913474601784,1.0042281777614204,1.0093808232256245
247875.9765625,0.7713623046875,296.3232421875,0.13889160156250002,0.3622802734375,85665.46523571014,2697.265625,0.16841099845687166,1.0051723891387998,0.0001470612387083764,546.2422072334122,0.18837820779850772,1.005089794361006,0.0001690150137472928,489.538604710388,0.18837820779850772,1.005089794361006,1.0102885098968775
248095.703125,0.677978515625,220.205078125,0.365576171875,0.100732421875,64749.276638031006,5566.40625,0.15794488451394456,1.0049663566700497,0.000196968954544171,466.00480039232593,0.16662278580218343,1.0048469664381685,0.00021100294957576102,443.1746682350119,0.16662278580218343,1.0048469664381685,1.009837394872318
248168.9453125,1.8978271484375,120.0146484375,0.10520019531250001,0.3813232421875,70645.57349681854,5189.453125,0.16899220997091763,1.0049740404989582,0.00032740761785052274,451.20072590316875,0.18963135965469027,1.004998434777889,0.00037866288161120465,403.43284874982993,0.18963135965469027,1.004998434777889,1.009997337693864
248388.671875,1.051513671875,247.099609375,0.136767578125,0.23813476562500002,110986.54508590698,9089.84375,0.1720778424268817,1.0048999269497325,0.00015642621325226525,370.6562238582825,0.19647820315428613,1.0048524283722242,0.00018501155954716892,325.52670785628607,0.19647820315428613,1.0048524283722242,1.0097761318665095
248461.9140625,1.5242919921875,348.7841796875,0.3926025390625001,0.2562255859375,17625.149607658386,9712.890625,0.1837804693444609,1.0052042516346844,0.00013069559740615708,382.63122709689895,0.2232369499281082,1.0051316872451552,0.000162262067698581,314.88731759966123,0.2232369499281082,1.0051316872451552,1.010362645471574
248681.640625,1.430908203125,81.416015625,0.16811523437500003,0.205615234375,95533.61654281616,6582.03125,0.15817720578535258,1.0049710526795812,0.0004706513626649564,439.1721560512359,0.16668187971175963,1.0049571531000443,0.000500903696730717,417.2168221635218,0.16668187971175963,1.0049571531000443,1.0099528480488265
248754.8828125,1.1448974609375,152.5537109375,0.3589111328125001,0.29987792968750004,29487.57255077362,6205.078125,0.160945201815636,1.0050655085729279,0.0002786204007186655,452.32474494626996,0.17249293383373848,1.0050565890058332,0.00030289746969166745,422.72539085628966,0.17249293383373848,1.0050565890058332,1.0101477117737199
248974.609375,0.697021484375,104.326171875,0.199462890625,0.30903320312500004,95421.69904708862,9792.96875,0.15542350264440224,1.004855981609209,0.00037096134992685084,387.50895599253215,0.1609090874939785,1.0049463030769124,0.0003866202923082581,374.8933188038511,0.1609090874939785,1.0049463030769124,1.0098263038428965
249047.8515625,1.7264404296875,215.3076171875,0.3088134765625,0.17829589843750002,43672.98400402069,9416.015625,0.17507394223657113,1.0050325054903249,0.00019275736620913723,377.83219907279806,0.20319078530746673,1.0043553811092365,0.00022790668699238884,325.8994522774171,0.20319078530746673,1.0043553811092365,1.009409805078906
249267.578125,1.820556640625,311.845703125,0.23315429687500003,0.28471679687500007,78808.36629867554,6285.15625,0.19316010096580388,1.0051711025026793,0.0001497481915269622,413.25943420643466,0.24521465320498428,1.005159751077961,0.00019642868227133324,326.1597711975561,0.24521465320498428,1.005159751077961,1.0103575351823528
249340.8203125,0.6029052734375,368.3740234375,0.2774658203125,0.22780761718750003,58400.418162345886,6908.203125,0.16565641780308818,1.0049133715773073,0.00011990015898430454,424.96316287221066,0.18395627045938548,1.0046271174372647,0.00013210066100358407,384.3268243864136,0.18395627045938548,1.0046271174372647,1.0095632237618732
249560.546875,1.444091796875,158.115234375,0.264501953125,0.372900390625,3582.8280448913574,2808.59375,0.16642534773576423,1.0052038584099805,0.0002726589235315371,559.4444431806685,0.18413943129984242,1.0052301182332433,0.0003092773524879851,506.6820952513202,0.18413943129984242,1.0052301182332433,1.010461193437977
249633.7890625,0.9793701171875,97.7685546875,0.2250244140625,0.12849121093750002,118452.62229442596,2431.640625,0.15631593210641043,1.0049470018628452,0.00038795652486922725,585.3323146108883,0.16287020471779978,1.0050468213521944,0.0004074941378455449,562.1516315494015,0.16287020471779978,1.0050468213521944,1.0100187898496704
249853.515625,1.073486328125,343.056640625,0.298193359375,0.333349609375,21363.839626312256,5300.78125,0.1753003112110709,1.0051816761838492,0.00013444885218741356,458.48753162012514,0.20383346542897898,1.0051586781439874,0.00015993736809988914,395.4986463096731,0.20383346542897898,1.0051586781439874,1.0103670849275155
249926.7578125,1.3499755859375,230.9130859375,0.19367675781250002,0.16511230468750002,103311.89811229706,5923.828125,0.17286261936209096,1.0049462405053997,0.00018542603429408361,431.06531133676634,0.19784138862200049,1.0049052962875906,0.0002191414678189109,377.3721463462454,0.19784138862200049,1.0049052962875906,1.009875799568179
250146.484375,0.691162109375,206.591796875,0.355322265625,0.13911132812500002,78501.7466545105,3261.71875,0.158108573922434,1.0049969112975219,0.00020931299995638922,544.8829797922953,0.166441506055114,1.004970418116209,0.00022334588681364044,518.287129200267,0.166441506055114,1.004970418116209,1.0099921661521691
250219.7265625,1.7205810546875,139.6044921875,0.17404785156250002,0.34587402343750007,55588.927149772644,3884.765625,0.16829284355923896,1.0051448593559689,0.00030096403020736084,499.7728329881865,0.18811450994894507,1.0050819584050659,0.00034604182886221774,448.54084168166645,0.18811450994894507,1.0050819584050659,1.0102529637222817
250439.453125,1.814697265625,382.236328125,0.39604492187500007,0.11713867187500002,94103.31106185913,4753.90625,0.1846656790115495,1.0026452062206492,0.00013925099314960433,481.8156556607506,0.22582122496656154,1.0023613522417887,0.0001720538279321745,395.8871638338994,0.22582122496656154,1.0023613522417887,1.0050128047260771
250732.421875,1.438232421875,69.130859375,0.10161132812500001,0.24516601562500004,23199.313640594482,8277.34375,0.15746083991367577,1.0049628319748143,0.0005324729667777386,407.8493905700445,0.16523358687149267,1.0049728160116278,0.0005630379903606205,389.02285815564017,0.16523358687149267,1.0049728160116278,1.0099603272367494
250805.6640625,0.9735107421875,170.8154296875,0.37150878906250007,0.26325683593750004,105236.76002025604,8900.390625,0.1601044865415648,1.0050383535642475,0.0002449144100306499,401.46163721126044,0.17073602919408434,1.005031935296574,0.0002644930716915046,377.0565389988815,0.17073602919408434,1.005031935296574,1.010095641529958
251025.390625,1.067626953125,264.697265625,0.142333984375,0.19858398437500002,9321.8092918396,7769.53125,0.17299441876217095,1.004863578543299,0.00015263360594254636,390.65618566955135,0.19872295242886415,1.0048385576433598,0.00018125129069342284,341.3706419076279,0.19872295242886415,1.0048385576433598,1.0097256688917937
251098.6328125,1.3441162109375,335.8349609375,0.32844238281250004,0.2928466796875,118366.4482831955,7392.578125,0.18068577429699043,1.0051358366884013,0.00013517618642966132,412.5908706323437,0.21593275135007733,1.005150715522831,0.00016625174485520767,345.92707387056305,0.21593275135007733,1.005150715522831,1.010313005444986
251318.359375,1.810302734375,287.607421875,0.187744140625,0.32075195312500004,65817.75617599487,8605.46875,0.19442242430721507,1.0050901552483753,0.00015075825185474636,368.3479245831949,0.24851410164144597,1.0050601495991138,0.0001977684048531197,287.8953532435133,0.24851410164144597,1.0050601495991138,1.0101760617945286
251391.6015625,0.7772216796875,398.5888671875,0.30178222656250003,0.19001464843750002,73472.18596935272,8228.515625,0.17035672114694644,1.0050237244350606,0.00010914056740608528,397.9423882242303,0.1926365219071724,1.004885569334609,0.0001271793160063845,352.44465489167055,0.1926365219071724,1.004885569334609,1.009933837523715
251611.328125,0.683837890625,133.876953125,0.23081054687500002,0.27299804687500007,51091.493129730225,7097.65625,0.15638797478657904,1.0049047131883309,0.00030568590892157146,432.73085167917395,0.16298514099543793,1.004988852254854,0.00032087935787821165,415.69199196398813,0.16298514099543793,1.004988852254854,1.009918034332634
251684.5703125,1.9036865234375,190.4052734375,0.26105957031250004,0.21608886718750003,87977.62763500214,7720.703125,0.175719682794479,1.0050440240365763,0.00021997626489685771,400.8362015497587,0.20456497789812292,1.005047754705414,0.000263493533964355,344.9763238708804,0.20456497789812292,1.005047754705414,1.0101172397380551
251904.296875,1.057373046875,320.146484375,0.27153320312500007,0.37055664062500004,97101.6116142273,3621.09375,0.17356511227066276,1.0051473460766494,0.00014781729132028364,514.5306372552468,0.1998623088838488,1.0052055673052067,0.00017516070770984572,448.8733507112029,0.1998623088838488,1.0052055673052067,1.0103797082383013
251977.5390625,1.5301513671875,259.7998046875,0.23674316406250004,0.1261474609375,26588.39499950409,3244.140625,0.17516872809670495,1.0050369041588658,0.00018438733661517984,518.578807745311,0.20326546223849512,1.0050326867833266,0.00022119021718433775,449.314037361194,0.20326546223849512,1.0050326867833266,1.0100949401031816
252197.265625,1.436767578125,186.337890625,0.31459960937500003,0.335693359375,111029.15334701538,4113.28125,0.16754644325091594,1.0051739236736728,0.00024216210003857744,506.3105602517555,0.18659646592969026,1.0050849948247278,0.00027630558429965246,456.13044981482153,0.18659646592969026,1.0050849948247278,1.0102852278735046
252270.5078125,1.1507568359375,74.1943359375,0.19602050781250002,0.16745605468750002,13953.87351512909,4736.328125,0.15571967102045814,1.004994270385219,0.0005110101301820617,490.74809144090466,0.1615993071714967,1.00500072084867,0.0005342675319734994,473.19530856646395,0.1615993071714967,1.00500072084867,1.0100199661859284
252490.234375,1.312255859375,357.998046875,0.24516601562500004,0.207080078125,81192.89350509644,5949.21875,0.18323890746861077,1.005095347920967,0.00012991771574601767,427.6300310112211,0.22154594729024768,1.0051010211798532,0.00016205713968739317,354.53562992310333,0.22154594729024768,1.0051010211798532,1.0102223605784837
252563.4765625,1.2166748046875,301.6357421875,0.28420410156250003,0.30134277343750004,44628.18801403046,5322.265625,0.17498858618805005,1.0051601200897577,0.00015260676653342415,457.0074227216409,0.2031077886377122,1.0051503596826523,0.00018132055555901812,394.90811033102733,0.2031077886377122,1.0051503596826523,1.010337056246878
252783.203125,0.935791015625,225.517578125,0.21088867187500002,0.23666992187500002,66292.70315170288,2441.40625,0.16482479583632678,1.0051370571130167,0.00019452168546422733,573.3591897950777,0.18064368736941858,1.005110666376739,0.00021802183912809697,523.9028692364845,0.18064368736941858,1.005110666376739,1.0102739772748186
252856.4453125,1.5931396484375,114.7021484375,0.3161376953125,0.2547607421875,57348.164439201355,2814.453125,0.16165650240264598,1.0050584336426087,0.00036214837502532353,566.4868758147383,0.1739553637599111,1.0051451695759561,0.0003965637557968501,527.0316655908645,0.1739553637599111,1.0051451695759561,1.0102296297174447
253076.171875,0.559326171875,241.787109375,0.29145507812500004,0.102197265625,21269.259929656982,6964.84375,0.15816455278907118,1.0049349840288495,0.00017969885766345767,432.0426377453874,0.1694293788016364,1.0043627355124587,0.00018916033932680563,407.9103830338919,0.1694293788016364,1.0043627355124587,1.0093192495713843
253149.4140625,1.9696044921875,354.0966796875,0.18166503906250003,0.3827880859375,117973.78242015839,6337.890625,0.20821356605496882,1.005239290856001,0.00013907013465294866,399.22004657381933,0.28267848299092696,1.005154752324117,0.00019455683315219312,293.1605007530547,0.28267848299092696,1.005154752324117,1.010421050426835
253369.140625,1.688720703125,86.728515625,0.257177734375,0.154052734375,37561.87582015991,9457.03125,0.15920228535748543,1.0049380780942683,0.0004463341635402219,390.70858177367955,0.16883502367822834,1.0049614171060945,0.00047800996814800897,368.8716567691289,0.16883502367822834,1.0049614171060945,1.009923995065491
253442.3828125,0.8402099609375,147.2412109375,0.21359863281250002,0.3608154296875,104090.66092967987,9830.078125,0.15913527289937116,1.004975493510343,0.00027322364239450387,384.87099952749696,0.16869839474197193,1.0049745381897344,0.00029206042974361306,363.4718896923863,0.16869839474197193,1.0049745381897344,1.0099747824825573
253662.109375,1.189208984375,109.638671875,0.372900390625,0.33247070312500004,37806.6782951355,6167.96875,0.15832536789681528,1.0050833554065253,0.00037656298378747064,457.6335377871734,0.1670118051995685,1.0050555640198118,0.0004011607038530384,434.39898805279745,0.1670118051995685,1.0050555640198118,1.0101646186550302
253735.3515625,1.2811279296875,209.9951171875,0.11662597656250001,0.1642333984375,89353.724360466,6541.015625,0.172160803394891,1.0049143445874902,0.00019953423713881408,415.27717712220283,0.19592725983146367,1.0047692108543487,0.00023105136808076638,364.05762999042986,0.19592725983146367,1.0047692108543487,1.0097069929873874
253955.078125,1.562744140625,306.533203125,0.34096679687500003,0.373779296875,54055.16195297241,9660.15625,0.1849743797541355,1.0052071958543112,0.00014394647507164367,381.0256965144049,0.22590650474335844,1.0051928823564213,0.00018055034728152344,311.82445545554674,0.22590650474335844,1.0051928823564213,1.0104271185662108
254028.3203125,0.9075927734375,373.6865234375,0.1509033203125,0.12937011718750002,77212.1399641037,9033.203125,0.17900497669199977,1.0040020604678181,0.00010996255135759619,366.75930209906875,0.21152391494991665,1.00439845898038,0.00013301880437383804,309.7905707100149,0.21152391494991665,1.00439845898038,1.0084181223470028
254248.046875,1.936279296875,163.427734375,0.15668945312500002,0.28383789062500003,125992.74015426636,5183.59375,0.17464775523192,1.005057249409769,0.0002574959973455042,447.138553006836,0.2020535925304309,1.0050492390595909,0.00030854013561176373,388.0246464994741,0.2020535925304309,1.0050492390595909,1.0101320237306137
254321.2890625,0.5340576171875,92.4560546875,0.3515869140625001,0.22692871093750003,12533.432841300964,5556.640625,0.15325668790387986,1.0048609325321867,0.0004247646435460409,473.4506516684936,0.15658874793826996,1.0042627461298566,0.00043410135225341355,463.05183472580103,0.15658874793826996,1.0042627461298566,1.0091443995833822
254541.015625,0.815673828125,337.744140625,0.12475585937500001,0.309912109375,110905.282497406,2675.78125,0.17164879234220023,1.0051480350477116,0.00013376167533221228,539.6471412069606,0.1954749459441694,1.0051144525610196,0.00015706401907506076,475.789540580904,0.1954749459441694,1.0051144525610196,1.0102888169897652
254614.2578125,1.6546630859375,236.2255859375,0.3858642578125,0.17917480468750002,24280.953288078308,2048.828125,0.17070782045779356,1.005087266392982,0.0002073615031145057,618.9809511126869,0.1933871769803734,1.0052154206479897,0.0002421606581894551,547.7884367779945,0.1933871769803734,1.0052154206479897,1.0103292192751594
254833.984375,1.886474609375,126.904296875,0.30375976562500007,0.39692382812500004,7331.763744354248,2386.71875,0.16682283589506305,1.005294105323288,0.00033742448126053903,589.8558293327836,0.1849841394676437,1.0051859169088224,0.000383603789223205,532.9764067838859,0.1849841394676437,1.0051859169088224,1.0105074770224236
254907.2265625,0.6658935546875,198.0419921875,0.1881103515625,0.11618652343750001,124135.34438610077,2759.765625,0.1590243966375801,1.0050300076496919,0.00021354061169656953,560.0637331689738,0.16817393441593217,1.005033264256921,0.00022909628567404277,529.4336832998986,0.16817393441593217,1.005033264256921,1.010088589264328
255126.953125,0.760009765625,291.923828125,0.260107421875,0.34682617187500003,25783.36477279663,5878.90625,0.1656150034449141,1.0050632317884365,0.0001516621593639851,450.2856495115095,0.18242147700331138,1.0050938172490111,0.00017090449254756398,409.95820371154355,0.18242147700331138,1.0050938172490111,1.0101828402148674
255200.1953125,1.7923583984375,393.6083984375,0.2294189453125,0.1399169921875,109887.09723949432,5251.953125,0.19824083476877366,1.0049325626280372,0.00013156473249014165,431.55960382978395,0.25816605507879287,1.0038990453807521,0.00017444496603167243,332.16340711787205,0.25816605507879287,1.0038990453807521,1.0088508402943195
255419.921875,1.133544921875,180.693359375,0.23754882812500003,0.296728515625,92876.22404098511,9402.34375,0.1647856928571211,1.0049729177231455,0.00022507179022219595,385.21265992440476,0.18078323445823638,1.0049621010086678,0.00025151026793652907,352.017021075477,0.18078323445823638,1.0049621010086678,1.0099596948518632
255493.1640625,1.4188232421875,80.5029296875,0.2730712890625,0.2023193359375,42810.78040599823,9775.390625,0.157190105338897,1.004985790786037,0.00047790282377621623,389.971636958747,0.1647141772502679,1.0050153004810163,0.000504176332922318,372.38536363053953,0.1647141772502679,1.0050153004810163,1.0100260965059806
255712.890625,1.512939453125,323.134765625,0.193896484375,0.259521484375,78420.35055160522,6894.53125,0.18854921612522063,1.0050932829685075,0.0001393378723221337,400.1387181835753,0.23418881383911477,1.0050415243100805,0.0001785374781888339,322.68630467231486,0.23418881383911477,1.0050415243100805,1.010160485188492
255786.1328125,1.0394287109375,256.1474609375,0.31437988281250007,0.24128417968750002,53985.39054393768,6267.578125,0.1666385899057612,1.0050673958906278,0.00017600579745877566,443.8446435552526,0.18460766690624736,1.0050593378280732,0.00019954478589573587,401.7143007722166,0.18460766690624736,1.0050593378280732,1.0101523713864202
256005.859375,0.614990234375,388.544921875,0.17368164062500002,0.212939453125,117434.63850021362,9730.46875,0.1690451927799353,1.0048785859586777,0.00010484866907175545,369.715468785007,0.18992508821102863,1.004501206757978,0.00012119418938755194,330.03401068018155,0.18992508821102863,1.004501206757978,1.0094017522407424
256079.1015625,1.8319091796875,276.4013671875,0.35334472656250004,0.26970214843750007,21270.068049430847,9103.515625,0.18341936878174034,1.0051643352217154,0.00016407557597818004,389.7890641336648,0.22232058001381097,1.0051339062913833,0.0002038827531195554,321.6598453677188,0.22232058001381097,1.0051339062913833,1.0103247547261844
256298.828125,1.738525390625,202.939453125,0.132373046875,0.19331054687500002,102847.23043441772,6222.65625,0.17901649262079478,1.0046749878881316,0.0002071336724570718,414.18385796861827,0.21143088127147863,1.0049052807044203,0.0002516811024937277,350.6731107111704,0.21143088127147863,1.0049052807044203,1.009603200720433
256372.0703125,0.7083740234375,142.5927734375,0.3969970703125001,0.32390136718750007,34113.82758617401,6595.703125,0.15642387904326274,1.0049765884351793,0.0002969164147186932,449.30715274361637,0.16314342739086507,1.005215608640414,0.0003115603484406375,431.031007601531,0.16314342739086507,1.005215608640414,1.0102181530132357
256591.796875,1.362060546875,272.333984375,0.369970703125,0.168994140625,45719.92826461792,2746.09375,0.169659643548086,1.0051169344806101,0.00018226328773961656,570.2532427600219,0.19113803763246115,1.0051028580067702,0.00021112743509554108,508.1346249589852,0.19113803763246115,1.0051028580067702,1.010245903477465
256665.0390625,1.0848388671875,328.8623046875,0.10080566406250001,0.33708496093750007,83313.53843212128,2119.140625,0.17902846935772207,1.0052135059623495,0.00014084788361460525,557.4953028642676,0.21196699430503133,1.0051738039442772,0.00017340959069267145,474.465748531245,0.21196699430503133,1.0051738039442772,1.0104142835643382
256884.765625,0.991455078125,64.150390625,0.32866210937500007,0.12475585937500001,61245.614528656006,5238.28125,0.1536056291001924,1.0049915918140886,0.0005849307044633794,482.16478955099217,0.15729021936563745,1.0049889330914972,0.0006007851382952785,470.94401562548603,0.15729021936563745,1.0049889330914972,1.0100054276231663
256958.0078125,1.4554443359375,175.1318359375,0.1444580078125,0.3690185546875,70614.80796337128,5611.328125,0.1704328063610219,1.0049720701418723,0.00024010039168536948,443.6352533318308,0.19261231804689993,1.0050153293340673,0.00027887351325168194,393.36664750575267,0.19261231804689993,1.0050153293340673,1.0100123360451732
257177.734375,0.913818359375,310.185546875,0.11860351562500002,0.258642578125,30024.34492111206,4824.21875,0.173185194462233,1.0046325760502461,0.00014195720966900285,455.0107342044518,0.1980158026392986,1.0050138849010282,0.0001672392543725475,397.708518605916,0.1980158026392986,1.0050138849010282,1.0096696881543854
257250.9765625,1.5682373046875,370.6982421875,0.3732666015625,0.24040527343750004,101067.3817396164,4447.265625,0.18232285938287862,1.0046521931787213,0.00014336547176589727,494.98147832536796,0.22053625794026052,1.0036925786552904,0.0001734473039362171,411.0853940022013,0.22053625794026052,1.0036925786552904,1.0083619504232437
257470.703125,1.287353515625,103.330078125,0.149951171875,0.297607421875,15013.192653656006,3316.40625,0.16007666812309257,1.0050642472964284,0.000388300275900809,535.4516539659236,0.1706260862540586,1.0050302734070178,0.00042006156389275465,503.0236127491045,0.1706260862540586,1.0050302734070178,1.010119995251948
257543.9453125,1.1947021484375,215.6396484375,0.3395751953125,0.20319824218750002,115575.56617259979,3939.453125,0.16477221431701086,1.0050997245808395,0.00021618272238517,515.8081143818216,0.18059458884922658,1.0050840989665597,0.00024182486040006792,471.85823600286466,0.18059458884922658,1.0050840989665597,1.0102097510518704
257763.671875,1.660888671875,342.724609375,0.352392578125,0.3600097656250001,73384.55533981323,7839.84375,0.18878672144213438,1.0052194068782638,0.0001401947485321152,411.571850776595,0.23501026786202198,1.005059340453002,0.00017885595318093905,330.70628134325233,0.23501026786202198,1.005059340453002,1.0103051540876256
257836.9140625,0.8211669921875,231.9091796875,0.1582275390625,0.1531005859375,65195.79780101776,7462.890625,0.16385883184585365,1.0048273972500152,0.00018322304345464103,412.46103429973914,0.18139805334382,1.004878636188024,0.000203608064098382,377.2782839252197,0.18139805334382,1.004878636188024,1.009729584552957
258056.640625,0.540283203125,155.791015625,0.38374023437500004,0.38374023437500004,88187.24203109741,8332.03125,0.15575993812527206,1.0049101773115918,0.0002697609140625631,416.24434652454363,0.16169882605181646,1.0048324665007333,0.0002813760115874952,401.24409509151286,0.16169882605181646,1.0048324665007333,1.009766372079696
258129.8828125,1.9417724609375,99.4287109375,0.1245361328125,0.10300292968750001,51386.467814445496,8955.078125,0.16437168775939204,1.0048479336211107,0.0003882337419881342,387.32706588426106,0.17995892625064355,1.0044658795969412,0.0004323276637728121,354.89718419890414,0.17995892625064355,1.0044658795969412,1.0093354635058978
258349.609375,1.587646484375,221.201171875,0.28383789062500003,0.130908203125,109674.26252365112,7042.96875,0.17200307751891084,1.005034958522469,0.0002013463759422979,419.5127680870702,0.19634277001288789,1.005022424512689,0.00023514244326796544,368.2690603275632,0.19634277001288789,1.005022424512689,1.0100826707342616
258422.8515625,0.9295654296875,119.6826171875,0.24318847656250003,0.37517089843750007,24847.36144542694,7666.015625,0.15814158928374158,1.0054011884489051,0.0003443151565174528,423.41790600915436,0.1664950377449328,1.0049373527686483,0.0003652063116633695,403.03844311178017,0.1664950377449328,1.0049373527686483,1.0103652087902957
258642.578125,1.211181640625,364.970703125,0.31752929687500003,0.162841796875,124072.28231430054,8535.15625,0.17808507189311018,1.0050685740427538,0.00012508620650797888,393.5011666194638,0.21035768798204993,1.0050595390548038,0.00015160096905495244,333.9645099426866,0.21035768798204993,1.0050595390548038,1.0101537577458792
258715.8203125,1.3060302734375,293.9990234375,0.2118408203125,0.3309326171875,11916.104197502136,8158.203125,0.18050826140824658,1.0050155746617555,0.00014527093691415113,389.1568170102888,0.21532013518253484,1.0050891615558801,0.0001795010248291836,326.6671328282591,0.21532013518253484,1.0050891615558801,1.0101302612873848
258935.546875,0.834716796875,83.740234375,0.18012695312500002,0.176025390625,55802.12736129761,4058.59375,0.15478345240009317,1.0050174202865942,0.0004629480407029444,514.9349836902621,0.1596864918661506,1.005012285259578,0.0004805023680186311,499.4288446037888,0.1596864918661506,1.005012285259578,1.0100548542879157
259008.7890625,1.6824951171875,150.8935546875,0.2906494140625,0.3066162109375,80105.54587841034,4681.640625,0.16648557740283615,1.0050317534369062,0.0002946902452085469,487.5505344508042,0.18429083359116988,1.005115575792718,0.0003347206366279837,442.0394632232554,0.18429083359116988,1.005115575792718,1.010173069545701
259228.515625,1.964111328125,247.431640625,0.21381835937500002,0.23022460937500003,40175.668239593506,3550.78125,0.1834034659304781,1.0051656104379711,0.00019788524510928489,497.8982978752214,0.22224718843971522,1.0050634412161752,0.0002472430883591344,413.59726661123426,0.22224718843971522,1.0050634412161752,1.0102552074189446
259301.7578125,0.5531005859375,347.7880859375,0.25930175781250003,0.2869873046875,94789.40665721893,3173.828125,0.16306830992530227,1.0052307087361911,0.00013166387884170713,541.363899677116,0.1769288747914575,1.0051324488097497,0.0001453391969561102,499.7522256165274,0.1769288747914575,1.0051324488097497,1.010390003890768
259521.484375,1.488037109375,238.466796875,0.139697265625,0.354736328125,102462.50104904175,9011.71875,0.18128658749675283,1.0049394759178503,0.00016841997300201671,369.24178283571763,0.21732696991984501,1.0048943182683983,0.00020721724479548723,308.3122099304212,0.21732696991984501,1.0048943182683983,1.0098579695534695
259594.7265625,1.0174560546875,341.4794921875,0.33342285156250007,0.14899902343750002,34600.18813610077,9634.765625,0.17136753770617186,1.0050054653550677,0.00012897432925002936,382.2843529933489,0.1954674212100975,1.0050011778508656,0.00015070900919891025,336.2651643202857,0.1954674212100975,1.0050011778508656,1.0100316764284003
259814.453125,1.111572265625,95.361328125,0.105419921875,0.389013671875,117313.82131576538,6503.90625,0.15840360869327966,1.0049427714580774,0.00041854300148207364,443.763922564666,0.16718856228451953,1.0049935899445317,0.00044602084191794106,421.0621404034204,0.16718856228451953,1.0049935899445317,1.0099610435764603
260107.421875,0.735107421875,377.255859375,0.3922363281250001,0.25454101562500003,62352.26774215698,2027.34375,0.1658746799391525,1.0050542382922034,0.00012764373503657852,622.952547699476,0.18294670824761333,1.0052415326650868,0.0001441037680356657,565.462273759237,0.18294670824761333,1.0052415326650868,1.0103222629123958
260180.6640625,1.7703857421875,308.9404296875,0.1371337890625,0.23513183593750003,72188.54224681854,2650.390625,0.19140404024233595,1.0051064858783576,0.00016232250369385207,514.1587323834013,0.24072561780108181,1.0051688808459402,0.00021336045364060731,413.22964936606746,0.24072561780108181,1.0051688808459402,1.0103017615413445
260400.390625,1.864501953125,211.572265625,0.35795898437500007,0.30170898437500004,50022.2487449646,5519.53125,0.17396822065178297,1.0052037747013498,0.00022416473291943267,466.04380369648874,0.20080772171018388,1.004940111126222,0.00026524135543640225,405.03424951200816,0.20080772171018388,1.004940111126222,1.0101695930528722
260473.6328125,0.6409912109375,112.7099609375,0.1690673828125,0.20847167968750002,87449.4560956955,5142.578125,0.15503660015055465,1.004746956154965,0.00036199060153623106,480.9252700405612,0.16023240935135477,1.005011599007808,0.0003767675399924278,465.72007588188,0.16023240935135477,1.005011599007808,1.009782345003529
260693.359375,1.013427734375,149.482421875,0.30961914062500007,0.18012695312500002,21344.184398651123,2855.46875,0.15911960206127787,1.0050843639327443,0.00028809350316895096,565.3600066195148,0.1686158216821538,1.0050781479015776,0.0003093802696188275,533.9873685356092,0.1686158216821538,1.0050781479015776,1.0101883309863577
260766.6015625,1.4803466796875,90.4638671875,0.1986572265625,0.3118896484375,109492.60222911835,2478.515625,0.15999445336201948,1.0051318885592693,0.000433680267034968,581.0918072498075,0.17043788704890783,1.0050100445392915,0.0004683466642719146,546.0569981059218,0.17043788704890783,1.0050100445392915,1.0101676440888134
260986.328125,1.386962890625,357.001953125,0.277685546875,0.226123046875,8708.497524261475,5347.65625,0.18223154775694556,1.00513388167344,0.00013764117066911836,451.64820458293724,0.21966383414876658,1.0051265884835876,0.00016992493833111353,376.1026490612536,0.21966383414876658,1.0051265884835876,1.0102867894556908
261059.5703125,1.1068115234375,243.5302734375,0.23293457031250003,0.2817138671875,125633.78608226776,5970.703125,0.16874795804510956,1.005047372879583,0.00018289093167535338,444.07175221031815,0.18916801638945543,1.0050563111916446,0.00021035398255633456,397.3698952840769,0.18916801638945543,1.0050563111916446,1.010129205159207
261279.296875,1.760498046875,118.271484375,0.224658203125,0.13618164062500002,83287.5247001648,9871.09375,0.16385534720265743,1.0048596063335526,0.0003382178789407751,380.5100461956341,0.17858884826284882,1.0048116813629817,0.00037541497166755877,349.6951799425432,0.17858884826284882,1.0048116813629817,1.0096946705737608
261352.5390625,0.7332763671875,227.9248046875,0.2648681640625,0.3792724609375,59049.82078075409,9494.140625,0.1619307068541828,1.0050281650273327,0.00018536628796307454,390.6829061498081,0.1745901927713448,1.0048960355753662,0.0002042494825903068,363.0429933007089,0.1745901927713448,1.0048960355753662,1.0099488186775516
261572.265625,0.639892578125,303.212890625,0.19272460937500002,0.15756835937500002,95974.46584701538,6363.28125,0.1640555589466357,1.0047232238456019,0.0001476717954118571,436.9080638185653,0.17831532757719543,1.0049067658928474,0.0001633158862641154,401.40322272608836,0.17831532757719543,1.0049067658928474,1.0096531654921193
261645.5078125,1.8538818359375,361.0693359375,0.29914550781250004,0.32683105468750007,43478.16550731659,6986.328125,0.19626075549080085,1.0053977972010875,0.00014078060703545827,417.33103536689185,0.25345891757700095,1.0042916435639566,0.00018434220624501972,323.1889844052547,0.25345891757700095,1.0042916435639566,1.0097126061866617
261865.234375,0.515380859375,71.123046875,0.25454101562500003,0.29145507812500004,127141.74604415894,7699.21875,0.15280789012104318,1.0050504576585477,0.0005376709501432402,429.8140282679078,0.15564999124325374,1.0049794456590289,0.0005493506722204508,422.197948934203,0.15564999124325374,1.0049794456590289,1.0100550517970406
261938.4765625,1.9197998046875,184.7607421875,0.21857910156250002,0.19821777343750002,12486.708521842957,7072.265625,0.17539070160162565,1.0049891724319626,0.0002316675386168493,412.00097323602546,0.20374538788554425,1.0048682976590804,0.00027844616910498404,355.7520377383916,0.20374538788554425,1.0048682976590804,1.0098817588675142
262158.203125,1.638916015625,257.392578125,0.295263671875,0.26479492187500003,113738.01565170288,8191.40625,0.17896443544413154,1.0051155253032058,0.00017344421290537657,399.9128347149246,0.2121030935040938,1.0050069127406411,0.0002100149728530139,337.9461869373526,0.2121030935040938,1.0050069127406411,1.0101480510326626
262231.4453125,0.7962646484375,316.5771484375,0.17551269531250002,0.24538574218750003,28161.885142326355,8564.453125,0.16940746517179214,1.004946557248365,0.00013360155262274434,389.56578279500343,0.19090306652643343,1.004693318895832,0.0001531484573472552,346.52927263757266,0.19090306652643343,1.004693318895832,1.0096630919148
262451.171875,1.262451171875,188.662109375,0.207080078125,0.392822265625,39616.48893356323,4714.84375,0.16748704455954141,1.005117123907495,0.0002355235367592797,479.7982451556156,0.18645356075087574,1.0050997735695957,0.00026921063408717435,432.71624441004167,0.18645356075087574,1.0050997735695957,1.0102429936503465
262524.4140625,1.1727294921875,130.9716796875,0.32229003906250003,0.1109130859375,94345.63910961151,4087.890625,0.15835589322682928,1.0049348195200294,0.00033237959612156964,514.1769535018094,0.1670531899366439,1.005017168438275,0.00035493071908782026,488.0078938118443,0.1670531899366439,1.005017168438275,1.0099767467790488
262744.140625,0.891845703125,394.853515625,0.24780273437500003,0.350927734375,53959.88607406616,3207.03125,0.17416453123012116,1.0052452519165074,0.00012468711745051614,530.2272401586417,0.20120217359691944,1.0052455807563934,0.0001484633956314653,461.71293744877215,0.20120217359691944,1.0052455807563934,1.0105183470654164
262817.3828125,1.5433349609375,285.3662109375,0.27922363281250007,0.1451904296875,78698.113322258,3580.078125,0.1757447830771256,1.0050465583733792,0.00017770219556355974,513.9407791396653,0.20469003817021902,1.005086299552503,0.00021289715271377325,443.6499056165062,0.20469003817021902,1.005086299552503,1.0101585262334782
263037.109375,1.986083984375,332.763671875,0.119775390625,0.173095703125,17885.169506072998,4417.96875,0.20307411345782364,1.0050820654567696,0.000150823832233064,432.2359140943315,0.26953282546685114,1.0047578331385627,0.00020693892590465307,326.60439657397933,0.26953282546685114,1.0047578331385627,1.0098640782147748
263110.3515625,0.5780029296875,263.1201171875,0.38850097656250004,0.34235839843750004,119763.880610466,4791.015625,0.15950495422278138,1.0049780794298908,0.0001737630383526022,495.13144055923533,0.16951282099712228,1.0051409099562894,0.0001871649791390468,466.7001253970072,0.16951282099712228,1.0051409099562894,1.0101445812442844
263330.078125,0.859619140625,168.408203125,0.162841796875,0.12065429687500001,32293.199062347412,3910.15625,0.15962385822173697,1.0049106745290004,0.0002580638298332737,510.7689920884328,0.17121999889903683,1.0048319614434267,0.00027728340600564384,479.2563033049224,0.17121999889903683,1.0048319614434267,1.0097663641624124
263403.3203125,1.7044677734375,65.5615234375,0.34777832031250006,0.3637451171875,105585.3089094162,3283.203125,0.15774463619679935,1.0050794613978629,0.0005802923576058106,551.5773997385247,0.16579767375620932,1.0051280957765487,0.0006164067582433238,525.2819188757335,0.16579767375620932,1.0051280957765487,1.010233605138953
263623.046875,1.233154296875,280.302734375,0.334814453125,0.21821289062500002,87902.71329879761,7433.59375,0.17087737394763933,1.0050488648941756,0.00016584052799841758,421.538926239172,0.193892139898577,1.0051236234154366,0.0001926188042688733,372.3038882685383,0.193892139898577,1.0051236234154366,1.0101983567920054
263696.2890625,1.3309326171875,379.3310546875,0.1547119140625,0.2738037109375,49809.95261669159,7806.640625,0.19193898357649913,1.0050218093971437,0.00011952217521404008,380.96339661671044,0.24233349466043902,1.0049713127651323,0.00015535109179094718,301.6942485162075,0.24233349466043902,1.0049713127651323,1.010018087147436
263916.015625,1.612548828125,135.869140625,0.37788085937500004,0.188037109375,73505.68532943726,8925.78125,0.16205509014020217,1.004896162748761,0.00032029985349853657,405.445481760535,0.1748219986962541,1.0048469800292161,0.00034666126544649205,376.28829013124664,0.1748219986962541,1.0048469800292161,1.0097668743810402
263989.2578125,0.9515380859375,204.3505859375,0.11398925781250001,0.3197998046875,65043.06876659393,8298.828125,0.16542398730780952,1.004917550917427,0.0002021208095356417,397.4096331262926,0.1821857410756994,1.0047341329706831,0.00022757716819397174,362.1336142577575,0.1821857410756994,1.0047341329706831,1.0096749642280434
264208.984375,1.089599609375,350.029296875,0.20063476562500002,0.10629882812500001,47905.677318573,8136.71875,0.17759166753449945,1.0049321674565916,0.00012585646030482034,388.73934762242146,0.2097470520959798,1.0045382468758215,0.00015264852315676855,331.0301837434004,0.2097470520959798,1.0045382468758215,1.009492797725964
264282.2265625,1.3690185546875,251.1669921875,0.30998535156250007,0.3880615234375,86352.84316539764,8509.765625,0.17457497505839512,1.0051658538112485,0.00017374320763564332,401.3470312550406,0.20219073048309114,1.0051439395953736,0.00020550217741909153,347.1415507583248,0.20219073048309114,1.0051439395953736,1.0103363662465856
264501.953125,1.463134765625,153.798828125,0.23198242187500004,0.149951171875,63063.82131576538,7628.90625,0.16468886627679152,1.0047410937655497,0.00027953519807614476,415.8042731969628,0.1801818631525234,1.0049617140153877,0.00031171547807955766,380.49459097046804,0.1801818631525234,1.0049617140153877,1.0097263317323222
264794.921875,1.836669921875,297.568359375,0.26567382812500007,0.21235351562500002,122615.72599411011,3152.34375,0.18348799286604783,1.0051198836440745,0.0001777168942658479,526.53619619402,0.22279535044609272,1.0044083758879037,0.0002197394097892224,436.6288404165951,0.22279535044609272,1.0044083758879037,1.0095508299035836
264868.1640625,0.6219482421875,367.3779296875,0.22619628906250003,0.30544433593750003,19481.61780834198,3525.390625,0.1682912788679702,1.004952637776829,0.00012789279674406406,519.3113483233925,0.18547582456592743,1.0051195261657213,0.0001464779580400089,468.232669784189,0.18547582456592743,1.0051195261657213,1.010097519101238
265087.890625,0.716064453125,121.259765625,0.29702148437500003,0.23139648437500002,108250.55074691772,4644.53125,0.15561581504153185,1.005191886624797,0.0003469210282430646,498.48948529407534,0.16133802553829885,1.0050022939903298,0.00036307562917272377,481.5635259437649,0.16133802553829885,1.0050022939903298,1.0102201519583887
265161.1328125,1.7425537109375,224.2724609375,0.1925048828125,0.25065917968750007,34369.24064159393,4017.578125,0.17760863204538527,1.0050934397322455,0.00020951885401508186,485.5569431013496,0.2091440632014474,1.0049895242452014,0.00025161042402614285,414.1680864213977,0.2091440632014474,1.0049895242452014,1.0101083778184825
265380.859375,1.411865234375,101.669921875,0.33305664062500007,0.278564453125,93034.18684005737,3980.46875,0.1589294484535809,1.005107695333189,0.0004151137773934058,521.5601493893906,0.16827496539952239,1.0050982066052805,0.0004448392379078539,493.3447390153562,0.16827496539952239,1.0050982066052805,1.010231942024555
265454.1015625,1.1287841796875,159.5263671875,0.1377197265625,0.2228271484375,36802.38616466522,3353.515625,0.16292935322942262,1.0049986953500711,0.00027312519515174815,527.6404343748026,0.17664776746173833,1.0050359333946586,0.00030164292396273463,487.761982238055,0.17664776746173833,1.0050359333946586,1.010059801841573
265673.828125,1.035400390625,234.814453125,0.36674804687500007,0.315185546875,78119.14205551147,4472.65625,0.1645316143762471,1.005158745684811,0.00020202735580501107,503.66797142675347,0.1801570530310811,1.0052060486300265,0.00022593149634537546,461.40014250106225,0.1801570530310811,1.0052060486300265,1.0103916509957425
265747.0703125,1.5052490234375,344.4677734375,0.10637207031250001,0.1832763671875,53825.100779533386,4845.703125,0.19238306477475853,1.0049866937652734,0.00013716853668952272,429.39716821307496,0.2431229799683094,1.0049233936423054,0.00018001610643598963,341.2051309818322,0.2431229799683094,1.0049233936423054,1.009934638863959
265966.796875,0.658935546875,219.208984375,0.13559570312500002,0.328369140625,16563.67826461792,8996.09375,0.1609698117625462,1.0049528322297847,0.00019309607273988488,395.1482837969444,0.17272084467807008,1.0048911583666424,0.00020874799863172146,368.90450846227645,0.17272084467807008,1.0048911583666424,1.0098682156832264
266040.0390625,1.8817138671875,105.7373046875,0.39143066406250004,0.1589599609375,131407.10532665253,8369.140625,0.16156597475951998,1.004783544067774,0.00040748982192203746,416.09919223644476,0.1724990485932041,1.0049961804661043,0.00043956117576075604,387.8879494044002,0.1724990485932041,1.0049961804661043,1.0098036239833084
266259.765625,1.788330078125,372.275390625,0.16928710937500002,0.37788085937500004,29266.976833343506,7488.28125,0.20544119201683503,1.0051439676624785,0.00013197388153822953,384.4199709874176,0.27572677333131873,1.0050437121913331,0.0001819031850189297,285.1184722104299,0.27572677333131873,1.0050437121913331,1.0102136245462228
266333.0078125,0.7523193359375,313.2568359375,0.3600830078125,0.1346435546875,117228.02817821503,7861.328125,0.16327415800478667,1.0049735792828012,0.0001483676764930508,419.3920660651582,0.17684626637204975,1.004792625549756,0.00016410909663024657,386.87635687976314,0.17684626637204975,1.004792625549756,1.0097900413357015
266552.734375,1.710693359375,172.060546875,0.390478515625,0.24926757812500003,60088.55390548706,6574.21875,0.166295865726057,1.00498840978718,0.0002708236270498129,449.3825968329243,0.18395673343377666,1.005084526432132,0.0003031649295055402,407.0884729693578,0.18395673343377666,1.005084526432132,1.010098299920729
266625.9765625,0.8651123046875,62.5732421875,0.1201416015625,0.2685302734375,85241.14882946014,6197.265625,0.15409460500461816,1.0049651031807794,0.0006066236042384342,459.5268611274981,0.15829710840376313,1.00498460059698,0.0006246397590649251,447.4187940874629,0.15829710840376313,1.00498460059698,1.0099744528340384
266845.703125,0.584228515625,326.455078125,0.34682617187500003,0.19448242187500003,47867.074489593506,9066.40625,0.1613233097920975,1.0049933216978884,0.00013758161245949293,400.454997254741,0.17307912756156918,1.0049609813564155,0.00014957350403596738,373.2522011824159,0.17307912756156918,1.0049609813564155,1.0099790748301538
266918.9453125,1.9915771484375,268.7646484375,0.16145019531250002,0.2875732421875,101036.32056713104,9689.453125,0.19547029548023145,1.0050338302659123,0.00016447653559874744,357.3040588004644,0.25121273268371935,1.0049470643703984,0.00021589287094314177,277.2615938580109,0.25121273268371935,1.0049470643703984,1.0100057973186658
267138.671875,0.957763671875,140.849609375,0.155517578125,0.14438476562500002,110885.47086715698,5589.84375,0.15893549865002585,1.0049851758050903,0.0003068437844829405,463.84417217741424,0.16831070868944548,1.0048823061468857,0.0003284222769067285,438.66657903675275,0.16831070868944548,1.0048823061468857,1.0098918211064525
267211.9140625,1.6180419921875,200.0341796875,0.33635253906250007,0.34997558593750006,22108.364939689636,5212.890625,0.17033242880231478,1.0051905688929186,0.00023615394565923607,476.84104167851916,0.19271253891378703,1.0051658123117253,0.00027368254831239513,423.0614174096798,0.19271253891378703,1.0051658123117253,1.0103831947093358
267431.640625,1.337158203125,272.666015625,0.11186523437500001,0.11186523437500001,126195.72591781616,2082.03125,0.17645319581526017,1.0050655958511472,0.0001744779642862051,563.1913080298447,0.20674409757995055,1.0049629591210587,0.00021124043193392354,485.0589983865011,0.20674409757995055,1.0049629591210587,1.010053695317339
267504.8828125,1.2386474609375,386.3037109375,0.3776611328125,0.39362792968750004,3952.8435468673706,2705.078125,0.1786796521401495,1.0054548702715955,0.00013981969686135926,580.3248272679331,0.21150339429677106,1.0054462195369178,0.0001707736744566341,494.17407641433937,0.21150339429677106,1.0054462195369178,1.010930798229558
267724.609375,0.790771484375,253.076171875,0.21821289062500002,0.36528320312500007,77173.77424240112,5292.96875,0.16420943439557736,1.0050683145373671,0.00017977938541808284,468.63984270467574,0.17944458403751895,1.0050724031519054,0.00020005571692644031,430.1143654572369,0.17944458403751895,1.0050724031519054,1.0101664262239067
267797.8515625,1.6326904296875,321.5576171875,0.2525634765625,0.12204589843750001,68001.47521495819,5916.015625,0.1836427559294581,1.0050205114795525,0.0001529441190574339,433.5200300156523,0.22267758483961886,1.0050599522360275,0.00019112248537963582,358.57147014572007,0.22267758483961886,1.0050599522360275,1.010105867263867
268017.578125,1.914306640625,78.095703125,0.17690429687500003,0.34096679687500003,91399.55282211304,2785.15625,0.16114074365146625,1.005068240361589,0.000505305708393301,563.1693037700414,0.17289822495710372,1.0050949724010123,0.0005505697764703942,525.7280614843595,0.17289822495710372,1.0050949724010123,1.0101890353073653
268090.8203125,0.5091552734375,177.1240234375,0.29621582031250004,0.1715576171875,51740.017771720886,2408.203125,0.15594386948047997,1.0050315966201249,0.00023905368528630159,591.3298873356892,0.16193984523038218,1.0051772282251028,0.0002500770941748102,569.2277060522239,0.16193984523038218,1.0051772282251028,1.0102348745692666
268310.546875,1.537841796875,391.865234375,0.32075195312500004,0.316650390625,31091.372966766357,6308.59375,0.1890446624038669,1.0052323613401206,0.0001313799197611626,439.04069867320396,0.23594853540618863,1.0043654970959939,0.00016627129082904467,352.50415890518224,0.23594853540618863,1.0043654970959939,1.00962070029435
268383.7890625,0.8856201171875,289.0185546875,0.20627441406250002,0.1847412109375,103712.81516551971,6931.640625,0.16743376221884104,1.0049724146347887,0.00015505061978904021,423.6424810053463,0.1862935216883791,1.0050627957611515,0.00017658445748858402,381.7107781399626,0.1862935216883791,1.0050627957611515,1.010060384715676
268603.515625,1.167236328125,194.306640625,0.27944335937500003,0.277099609375,18737.130641937256,9800.78125,0.16515712015829884,1.0050317986525172,0.00021941460495522044,386.66750956858795,0.18138219148089957,1.0049846813166872,0.0002474703949963692,352.7185730912265,0.18138219148089957,1.0049846813166872,1.010041561881937
268676.7578125,1.2562255859375,124.6630859375,0.24992675781250004,0.2213623046875,119425.48453807831,9423.828125,0.16003769578144691,1.0049724338750894,0.00033650869211244603,395.84717067147557,0.17136436579498207,1.0043818024688331,0.0003634115932944167,371.5468214882069,0.17136436579498207,1.0043818024688331,1.0093760245669525
268896.484375,1.722412109375,397.841796875,0.261572265625,0.270361328125,42949.2564201355,2761.71875,0.19332677947070676,1.002938115162679,0.0001399077729443457,539.7489452437043,0.2463543717856325,1.0023320067679384,0.0001820352991793911,427.58428909494353,0.2463543717856325,1.0023320067679384,1.0052769736350617
268969.7265625,0.6893310546875,288.3544921875,0.23029785156250002,0.21462402343750003,100008.5438489914,2384.765625,0.16354690986484322,1.0050274497199316,0.0001600105636122976,581.4928590377217,0.17754362291826906,1.0051504932398903,0.00017751186096538212,535.6993272881846,0.17754362291826906,1.0051504932398903,1.0102038368056183
269189.453125,0.595947265625,190.986328125,0.30229492187500007,0.32338867187500003,60766.88528060913,5253.90625,0.15757736607666228,1.0051040210512598,0.000234168513428908,481.08490832642934,0.16545488411863837,1.0049689404289746,0.0002479521528149812,458.68551617339017,0.16545488411863837,1.0049689404289746,1.0100983230567864
269482.421875,0.969482421875,260.380859375,0.195361328125,0.33891601562500007,127236.05680465698,9777.34375,0.16947123804200764,1.004947386909236,0.00016014616291282888,377.9176656647117,0.19078085711239173,1.0049800617076778,0.00018414789016983434,336.13625802926924,0.19078085711239173,1.0049800617076778,1.0099520869090135
269555.6640625,1.4422607421875,319.5654296875,0.31525878906250004,0.16950683593750002,11206.364512443542,9400.390625,0.17916025984481174,1.0050919666621023,0.00014438251801041817,385.47529529629037,0.2125131029802056,1.0050047954585435,0.0001748681053033647,325.14075999197837,0.2125131029802056,1.0050047954585435,1.0101222463722714
269775.390625,1.348876953125,73.447265625,0.23608398437500003,0.3673339843750001,112467.4391746521,6269.53125,0.15707483794577895,1.0050001493998986,0.0005430920677905285,457.81008070633135,0.16446231896649355,1.0047807438148304,0.0005714413899439046,437.3090234999537,0.16446231896649355,1.0047807438148304,1.0098047976480458
269848.6328125,1.0628662109375,187.0849609375,0.2721923828125,0.12409667968750002,23115.349650382996,6892.578125,0.16158655034669614,1.0049048184327063,0.00024199516219540942,436.4387742889732,0.17384564159070567,1.0049777303726835,0.0002641473429173815,406.5464245332701,0.17384564159070567,1.0049777303726835,1.0099069636690747
270068.359375,0.779052734375,138.857421875,0.131494140625,0.114501953125,94267.21906661987,9105.46875,0.15731286487852286,1.00492476438911,0.0003049484726409794,399.8196146650039,0.16532557145914437,1.0048279232560307,0.00032161991382057437,381.4566020403196,0.16532557145914437,1.0048279232560307,1.0097764640296651
270141.6015625,1.8084716796875,207.3388671875,0.3955322265625001,0.3962646484375001,55844.43938732147,9728.515625,0.17477649508062687,1.005084118777295,0.00021245702971884012,395.7628938272554,0.20270873710659834,1.00517751932275,0.0002507363989159054,341.52011755756143,0.20270873710659834,1.00517751932275,1.0102879612232534
270361.328125,1.902587890625,282.626953125,0.174560546875,0.141748046875,78360.53609848022,6597.65625,0.1902178706053584,1.0050037068353017,0.00016657529201515587,405.48449094590814,0.23809988145720198,1.0049461638251582,0.00021525851207298256,324.4359598028324,0.23809988145720198,1.0049461638251582,1.0099746198142003
270434.5703125,0.6849365234375,381.6552734375,0.35480957031250004,0.34733886718750007,69679.71503734589,6220.703125,0.16620549872961532,1.0052133227664413,0.00012572204434114286,454.4319301942608,0.18379877869030162,1.0051462975212504,0.00014060307633583503,411.7011654031418,0.18379877869030162,1.0051462975212504,1.0103864495977222
270654.296875,1.526123046875,171.396484375,0.32778320312500003,0.20180664062500003,12332.690715789795,2121.09375,0.165084348827352,1.0050759848000754,0.00027079695147010037,609.8544192429674,0.18122484230806452,1.0051166541440366,0.0003038367834479896,556.5983294918573,0.18122484230806452,1.0051166541440366,1.0102186110027744
270727.5390625,1.0614013671875,68.5498046875,0.1429931640625,0.2948974609375,119142.47214794159,2744.140625,0.1557263286236444,1.0050189544028307,0.0005453219231607387,572.055118249906,0.16164500276526697,1.0050414772419562,0.0005695051945180428,551.3929559118158,0.16164500276526697,1.0050414772419562,1.0100857345891874
270947.265625,1.155517578125,335.087890625,0.370849609375,0.24194335937500003,30152.32229232788,5613.28125,0.171530278596917,1.0050945254822026,0.00015014123065919735,468.092902593002,0.19549697931962562,1.0051364190529843,0.0001738564914881188,411.8718614764887,0.19549697931962562,1.0051364190529843,1.0102571121529396
271020.5078125,1.4320068359375,265.4443359375,0.10227050781250001,0.2612060546875,104691.05613231659,5236.328125,0.1808423615433946,1.0047394069631324,0.0001686856548133229,435.51656438002476,0.21611383765083034,1.0049431554824508,0.00020905088053612994,366.1007813814721,0.21611383765083034,1.0049431554824508,1.0097059900710965
271240.234375,1.218505859375,209.248046875,0.151416015625,0.375830078125,61900.535106658936,4449.21875,0.16915472934697934,1.0051184918530132,0.00021662728864168957,482.2854763425859,0.1900720777888459,1.0050242357391272,0.0002502691999725148,431.2117490068177,0.1900720777888459,1.0050242357391272,1.0101684441018388
271313.4765625,1.3104248046875,110.3857421875,0.3404541015625,0.1325927734375,71868.54445934296,4822.265625,0.15767975366114223,1.0049703682071867,0.0003959381748272422,494.8369195997767,0.16566858187294892,1.0050002375392888,0.000419856010453242,471.52058384677883,0.16566858187294892,1.0050002375392888,1.0099954587681692
271533.203125,1.592041015625,374.267578125,0.11713867187500002,0.330419921875,47132.18069076538,3941.40625,0.19794346920921396,1.0051570278027608,0.0001356032292753431,456.91569143432184,0.2566274904182307,1.005044100245114,0.00018272373556688163,354.25545962356546,0.2566274904182307,1.005044100245114,1.010227140613079
271606.4453125,0.9368896484375,305.9521484375,0.37238769531250004,0.1610107421875,86605.12244701385,3314.453125,0.16473806986455258,1.004802635374133,0.00016367104603822737,546.4433445926127,0.18054143250040927,1.0050939592633061,0.00018300597680408445,500.37115867288264,0.18054143250040927,1.0050939592633061,1.0099210590663916
271826.171875,1.965576171875,93.037109375,0.38520507812500004,0.308447265625,111139.13297653198,7464.84375,0.16063316812166062,1.005008735698138,0.00045731655341221166,436.1956121835602,0.17185613269823136,1.0049639778486217,0.0004940090537405777,408.39355169238274,0.17185613269823136,1.0049639778486217,1.0099975767998148
271899.4140625,0.5633544921875,162.8466796875,0.1254150390625,0.17653808593750003,38708.584666252136,7837.890625,0.1564428146196891,1.004978804351319,0.0002661917457625735,421.9368037783885,0.1641372128003172,1.004936647138274,0.0002765580101500131,403.7085347513846,0.1641372128003172,1.004936647138274,1.009940030089846
272119.140625,0.844970703125,235.478515625,0.350927734375,0.28530273437500003,126812.36410140991,8957.03125,0.16203563983466387,1.005019166569401,0.00019117723666458168,406.1826735766527,0.174814333001686,1.0050135600599401,0.00020863509595300656,376.9791280753782,0.174814333001686,1.0050135600599401,1.0100578905223878
272192.3828125,1.6839599609375,338.4912109375,0.1573486328125,0.22956542968750002,23521.01981639862,8330.078125,0.19610543301075822,1.0049985767999117,0.00013854044791820514,374.6370829741313,0.25362110842607455,1.004487270614809,0.00018311218505312986,290.05948628667716,0.25362110842607455,1.004487270614809,1.0095082773815107
272412.109375,1.282958984375,300.888671875,0.316650390625,0.23872070312500002,81539.710521698,7667.96875,0.1742186170509724,1.0050540813324227,0.0001554539519887807,416.8827643616031,0.201437429225012,1.005044363324245,0.00018291528250988188,361.1721649919869,0.201437429225012,1.005044363324245,1.0101239392791788
272485.3515625,1.1873779296875,358.7451171875,0.2103759765625,0.25798339843750007,55586.2683057785,7041.015625,0.18113926470736502,1.004920850517595,0.00012940805598961926,411.3036713133026,0.2169065424992165,1.0046378121280013,0.00015955413912388408,344.20501155370715,0.2169065424992165,1.0046378121280013,1.0095814846258069
272705.078125,0.906494140625,115.283203125,0.28471679687500007,0.20502929687500002,96730.57699203491,8160.15625,0.15629119638634908,1.004996004209624,0.0003708095280349742,421.46693161995074,0.1628217874025835,1.0047130037506153,0.0003880726002390342,404.71099205413896,0.1628217874025835,1.0047130037506153,1.0097325541468174
272778.3203125,1.5638427734375,224.9365234375,0.24465332031250003,0.29812011718750003,42463.7268781662,8533.203125,0.1753300086135049,1.005042633529704,0.00019443811843190102,396.1543041651899,0.20383147253517442,1.0050297317826038,0.00023100879949725716,341.27763121644875,0.20383147253517442,1.0050297317826038,1.0100977284064403
272998.046875,0.530029296875,354.677734375,0.212939453125,0.152587890625,28176.089763641357,4683.59375,0.16254710696109148,1.0046399055503963,0.00013229954794416248,484.34809192286576,0.17700270515517857,1.00442266281322,0.00014563336385105518,447.8881811238346,0.17700270515517857,1.00442266281322,1.009083089101351
273071.2890625,1.9403076171875,241.2060546875,0.25783691406250003,0.3581787109375001,119296.55539989471,4056.640625,0.18149007475718587,1.005288727293439,0.000208329327007727,496.56814448159935,0.21796593317174767,1.005256876581468,0.0002567718764956828,415.8477867692561,0.21796593317174767,1.005256876581468,1.0105734060615617
273291.015625,1.659423828125,146.494140625,0.18100585937500002,0.103662109375,10670.419216156006,3175.78125,0.16541430549271915,1.004994687985682,0.0003100687491483614,534.2570573438949,0.18194500473293332,1.0049884449928095,0.00034851995953734567,487.3662202256619,0.18194500473293332,1.0049884449928095,1.0100080487047642
273364.2578125,0.8109130859375,87.4755859375,0.2921142578125,0.38542480468750007,135349.49576854706,3548.828125,0.1555017246932774,1.0051239455728922,0.00046005267277694924,541.2948896865182,0.16116704230819337,1.0050939462427062,0.00048017945855164984,522.6584524257873,0.16116704230819337,1.0050939462427062,1.0102439929188973
273583.984375,0.667724609375,275.654296875,0.39750976562500007,0.190673828125,117128.76081466675,3886.71875,0.1607840210300534,1.0050370222498772,0.0001739689391285019,525.6324733503897,0.170955226566827,1.00508346874819,0.00018908940008872217,493.3038034290011,0.170955226566827,1.00508346874819,1.0101460965432585
273657.2265625,1.8846435546875,389.2919921875,0.1318603515625,0.32243652343750007,24749.48012828827,3259.765625,0.20644256684554238,1.0052033011315338,0.00014141469671588323,478.236253771102,0.27848521830838874,1.0041189109034727,0.0001955418291996505,356.1637967728005,0.27848521830838874,1.0041189109034727,1.0093436439687713
273876.953125,1.791259765625,143.173828125,0.353857421875,0.21557617187500003,133766.88528060913,4378.90625,0.16401605800629046,1.0051093354602643,0.00032808494620679057,507.7776181403354,0.17902758339877486,1.0051110883714323,0.00036489514040353185,466.69552603335666,0.17902758339877486,1.0051110883714323,1.0102465380967531
273950.1953125,0.7611083984375,202.3583984375,0.17316894531250002,0.27116699218750007,10401.135325431824,4751.953125,0.16071542086692386,1.0049970447217254,0.00022350231011582111,486.782983551811,0.17199974037281546,1.0050031938085806,0.00024317339712454986,455.8902515532578,0.17199974037281546,1.0050031938085806,1.010025239713519
274169.921875,1.414794921875,329.443359375,0.143798828125,0.127978515625,59286.62443161011,8902.34375,0.1883078540810121,1.0045376907876327,0.00013656047551535892,369.7425008584826,0.2325839025487977,1.004891430692446,0.00017255823378726457,297.6967623490829,0.2325839025487977,1.004891430692446,1.00945131728007
274243.1640625,1.1375732421875,271.7529296875,0.3293212890625,0.3710693359375,84620.53382396698,8275.390625,0.17057819568489158,1.005093352216184,0.00016713740722401583,412.5130602297248,0.19337929452715685,1.0049243299638804,0.00019222739965598157,364.4602849541284,0.19337929452715685,1.0049243299638804,1.010042763526999
274462.890625,1.044189453125,174.384765625,0.10014648437500001,0.165771484375,43594.178676605225,7394.53125,0.1634494107270161,1.00471096503044,0.00024853191897799637,418.52420610298327,0.17754719959178392,1.0049080251563234,0.0002738085095198729,385.4860995996032,0.17754719959178392,1.0049080251563234,1.0096421117216434
274536.1328125,1.5081787109375,64.8974609375,0.3706298828125001,0.33503417968750004,99043.92325878143,7767.578125,0.15613250579365542,1.0050343156830004,0.000610389027373249,433.13932850682704,0.1624663690387862,1.005031911829099,0.0006384803738485198,416.6858336871559,0.1624663690387862,1.005031911829099,1.010091559744736
274755.859375,1.833740234375,197.294921875,0.22993164062500002,0.34418945312500004,37049.01838302612,8230.46875,0.17690027275880907,1.0050616292985532,0.0002203080264209427,399.8802331927223,0.20732371830370575,1.0050476599924716,0.0002646974503081103,341.783126342738,0.20732371830370575,1.0050476599924716,1.010134838674732
274829.1015625,0.6131591796875,127.6513671875,0.25959472656250004,0.1384521484375,110337.81707286835,8603.515625,0.15493242308701738,1.0048027894840363,0.00033697328543832354,414.594348341235,0.16269782007696146,1.0049397753685776,0.00034667070317018054,398.9856073355617,0.16269782007696146,1.0049397753685776,1.0097662895538075
275048.828125,0.707275390625,394.189453125,0.18862304687500003,0.3995605468750001,21349.305629730225,7722.65625,0.171387443965578,1.005382285967087,0.00011431603925591482,408.1427507908087,0.19512855484813998,1.0049837202771015,0.0001310178667837238,358.9205936356679,0.19512855484813998,1.0049837202771015,1.0103928300518996
275122.0703125,1.7396240234375,291.3427734375,0.30324707031250003,0.11765136718750001,126317.31879711151,7095.703125,0.17987533827430757,1.0050293381495072,0.00016881393026572786,421.76645770724633,0.21443731750579761,1.0050471248593449,0.00020655686737196247,354.96415961657044,0.21443731750579761,1.0050471248593449,1.0101018467064526
275341.796875,1.080810546875,81.083984375,0.313720703125,0.26274414062500007,74462.35990524292,3246.09375,0.15575216381231935,1.0050842136908313,0.0004956440502968122,553.558235826856,0.16166467079856073,1.0050651544331346,0.0005186634900932914,533.78039776619,0.16166467079856073,1.0050651544331346,1.010175120451481
275415.0390625,1.3660888671875,180.1123046875,0.19455566406250002,0.24333496093750004,64738.03794384003,3619.140625,0.1664114478643171,1.0050901116361854,0.0002582744470721813,518.751264540491,0.18413829654599081,1.0050999766484905,0.00029242078470960073,470.6297163925225,0.18413829654599081,1.0050999766484905,1.0102160477351587
275634.765625,1.460205078125,255.400390625,0.27241210937500004,0.29350585937500007,90187.020778656,4738.28125,0.17379552890100347,1.0051597379562356,0.0001926865134920481,481.6341391111576,0.20035910088167294,1.0051835911708973,0.0002281493019634918,419.71351586455165,0.20035910088167294,1.0051835911708973,1.010370075099247
275708.0078125,0.9866943359375,323.8818359375,0.23820800781250004,0.20026855468750002,49791.50474071503,4111.328125,0.17001801148037463,1.0050957236252933,0.00015221125540238077,498.13394314448294,0.19192644966850725,1.0049338334451106,0.0001765391863697142,443.4634053816131,0.19192644966850725,1.0049338334451106,1.0100546985220533
275927.734375,1.570068359375,118.935546875,0.21235351562500002,0.16489257812500002,123521.17109298706,5324.21875,0.16161577806587119,1.0050021523009827,0.0003721241310833917,472.60042410837315,0.1739168485541835,1.0050047904828054,0.00040618686473256296,440.2852842957913,0.1739168485541835,1.0050047904828054,1.0100319775080175
276000.9765625,0.9119873046875,221.9482421875,0.3170166015625,0.33415527343750007,17908.141016960144,5947.265625,0.1626840966866554,1.004973999703815,0.0002111733663357804,463.10697991504844,0.1762089516457246,1.0050815144984506,0.00023210744037729456,428.68097288025916,0.1762089516457246,1.0050815144984506,1.0100807896538757
276220.703125,1.193603515625,294.580078125,0.24370117187500004,0.12885742187500002,108448.739528656,2816.40625,0.170721173614994,1.0049517455267152,0.00017179109734441814,551.0207580123362,0.19351166060947336,1.0050087107785124,0.00019988730869202007,488.7790661449728,0.19351166060947336,1.0050087107785124,1.0099852581664197
276293.9453125,1.2884521484375,364.3896484375,0.2833251953125,0.3719482421875,30502.018809318542,2439.453125,0.18004234972531374,1.0053604363664095,0.00014735259708571454,578.1006119960545,0.21453248657424712,1.0053007717541056,0.00018180528563923454,489.74840295289044,0.21453248657424712,1.0053007717541056,1.0106896225701958
276513.671875,0.817138671875,151.474609375,0.258642578125,0.22875976562500003,53038.97428512573,6339.84375,0.1577025801360119,1.0050261780230547,0.00029548687320729366,455.12205424881154,0.16572017929270724,1.0049747600976586,0.00031288358210907803,433.71270695148513,0.16572017929270724,1.0049747600976586,1.0100259421505862
276586.9140625,1.6649169921875,83.1591796875,0.21447753906250003,0.28435058593750007,94014.27924633026,6962.890625,0.15917970492107383,1.0050082895866763,0.000499044457595388,441.2074368743274,0.16882171770323165,1.0049830440899026,0.0005341067461998878,416.7079164235106,0.16882171770323165,1.0049830440899026,1.0100162902044043
276806.640625,1.946533203125,347.041015625,0.28999023437500004,0.177490234375,70790.39144515991,9832.03125,0.19403556237332734,1.0050668796906232,0.00014484930985145199,376.5551687520185,0.24772786436312252,1.0050570737944078,0.00018863900963128974,293.83144349418757,0.24772786436312252,1.0050570737944078,1.010149577069534
276879.8828125,0.5355224609375,248.1787109375,0.1807861328125,0.30925292968750007,79206.414103508,9455.078125,0.16257537788373547,1.004801609149369,0.00017358869994380012,392.06389231066595,0.172664711010129,1.0047518175592722,0.00019368031408311182,365.4209621604506,0.172664711010129,1.0047518175592722,1.00957624307931
277099.609375,0.931396484375,369.951171875,0.340087890625,0.299658203125,10216.987133026123,6542.96875,0.17082091112752157,1.0050565451025217,0.00013328100957473422,445.79063076423955,0.19394181173403788,1.0051711612271457,0.00015300933139579564,393.47459345063,0.19394181173403788,1.0051711612271457,1.010253854539645
277172.8515625,1.5858154296875,310.9326171875,0.1494384765625,0.20642089843750003,132476.2066602707,6166.015625,0.1877625636018443,1.005021744051651,0.00015262355336391616,416.07435804557565,0.23237982331396412,1.005017542537998,0.00019454885590069275,336.9670432874703,0.23237982331396412,1.005017542537998,1.0100644834040429
277392.578125,1.304931640625,216.220703125,0.373779296875,0.256591796875,27711.930751800537,9035.15625,0.16628484750207095,1.005079953150386,0.00021242463600072874,406.663082420392,0.1839652458953921,1.0050477428323714,0.00023736099916281492,368.00477803353317,0.1839652458953921,1.0050477428323714,1.010153338279861
277465.8203125,1.2122802734375,102.7490234375,0.11809082031250001,0.23718261718750003,118533.47480297089,9658.203125,0.15880784549362442,1.004839286869161,0.00040220773142868397,393.8555791599268,0.1680347944488844,1.0049309945208855,0.0004288955180427278,372.5954846447133,0.1680347944488844,1.0049309945208855,1.0097941438870832
277685.546875,1.678466796875,232.490234375,0.12387695312500001,0.38227539062500004,102202.64005661011,5558.59375,0.18148569423972669,1.0050565954036388,0.00019494030081591257,434.6191858433486,0.21766108641136872,1.005012458072858,0.00024175814345885153,364.02916193757056,0.21766108641136872,1.005012458072858,1.010094399448949
277758.7890625,0.8387451171875,342.1435546875,0.3843994140625,0.1003662109375,44187.69919872284,5181.640625,0.16367019671355007,1.0050449905561631,0.000147990102378846,483.31484634122694,0.1782748973024342,1.0050625760365928,0.00016401479808288025,444.9641711239769,0.1782748973024342,1.0050625760365928,1.0101331072410504
277978.515625,0.557861328125,98.681640625,0.15756835937500002,0.3614746093750001,84628.427028656,2050.78125,0.15487664158329564,1.0049703260432756,0.0003947424016298875,616.5673866186318,0.15991377355548136,1.0051641221745224,0.00040958374421705635,597.5314402233005,0.15991377355548136,1.0051641221745224,1.0101601155887328
278051.7578125,1.9593505859375,156.5380859375,0.3530517578125001,0.15573730468750002,58832.49747753143,2673.828125,0.165901390016917,1.0051085273723446,0.0003098800857673133,578.5718830453706,0.18301941976921335,1.0051251329891906,0.0003494392415505715,526.3279949668513,0.18301941976921335,1.0051251329891906,1.0102598422436972
278271.484375,1.019287109375,89.716796875,0.23344726562500004,0.22348632812500002,19801.002025604248,8511.71875,0.15579305467452773,1.0050178202095086,0.000464876428075304,417.54923022155555,0.16177327218673188,1.0050058478472708,0.00048496546860303904,402.5288622777113,0.16177327218673188,1.0050058478472708,1.010048786501273
278344.7265625,1.4862060546875,150.2294921875,0.27717285156250004,0.2802490234375,125447.96645641327,8134.765625,0.16420149773826878,1.0050958050473544,0.0002960660214054043,417.07083764731095,0.1794315187398609,1.0050255738787415,0.0003270783886052111,382.2909489463174,0.1794315187398609,1.0050255738787415,1.010146988270833
278564.453125,1.392822265625,244.111328125,0.19916992187500002,0.18276367187500003,34841.77541732788,7003.90625,0.17383005736500573,1.0046490536980694,0.00018610043150718277,418.7460238553354,0.20035685895474994,1.0048242171120332,0.0002200573677211947,364.12258330358054,0.20035685895474994,1.0048242171120332,1.0094956988545076
278857.421875,1.766357421875,228.505859375,0.29848632812500003,0.160791015625,93044.40641403198,3527.34375,0.17229376412744124,1.0051195679429301,0.00022554761468072292,527.333957345165,0.19700456422183035,1.00506516554292,0.0002647996582075908,463.73296900544034,0.19700456422183035,1.00506516554292,1.0102106649449891
278930.6640625,0.7391357421875,117.6904296875,0.19338378906250003,0.32888183593750003,51972.17261791229,3150.390625,0.1565548856861365,1.0051206348478547,0.00035873726337826866,553.9978080517775,0.1633262304353069,1.0050379851583577,0.0003774714797244443,531.545019288419,0.1633262304353069,1.0050379851583577,1.0101844176885773
279150.390625,0.645751953125,360.322265625,0.26420898437500007,0.132958984375,77820.5885887146,4019.53125,0.16465587686443278,1.0049554433919468,0.0001369066603658919,508.71316395880774,0.1804796748743254,1.004700342556072,0.00015229542218280265,465.7153198111547,0.1804796748743254,1.004700342556072,1.0096790782294782
279223.6328125,1.8597412109375,303.9599609375,0.22531738281250002,0.3772216796875001,68140.06888866425,4642.578125,0.19007625873234035,1.0051354639523349,0.00017015986697385905,468.43074134622356,0.2382326788292126,1.004417846990729,0.00021764914394516117,375.38514057243606,0.2382326788292126,1.004417846990729,1.0095759986370316
279443.359375,1.482177734375,340.732421875,0.3658691406250001,0.3863769531250001,133928.77912521362,3355.46875,0.1796252599879089,1.0053389386306928,0.00016215782656182624,548.8045053921454,0.21376733361215855,1.005357139407039,0.00019771332609332318,464.0988129283854,0.21376733361215855,1.005357139407039,1.010724679476262
279516.6015625,1.0115966796875,239.2138671875,0.10490722656250001,0.10563964843750001,7260.302424430847,3978.515625,0.16719348791974117,1.004879649158012,0.00019484495912806308,494.49366652533115,0.1862436124850804,1.0049252461283433,0.0002226927437510926,446.709828821535,0.1862436124850804,1.0049252461283433,1.0098289287594786
279736.328125,1.105712890625,165.751953125,0.33393554687500004,0.35737304687500004,118177.85787582397,4847.65625,0.16147203582608277,1.0051252543318587,0.00028176007052318396,496.2814071963295,0.17364334053213112,1.0051052535315195,0.000307108134812288,462.6506277279301,0.17364334053213112,1.0051052535315195,1.0102566735861558
279809.5703125,1.3880615234375,94.7802734375,0.1391845703125,0.15046386718750002,24541.13471508026,4470.703125,0.15864587295387372,1.0049611850911229,0.00044858119806685543,498.7890786245449,0.16766463054188901,1.0049160519289635,0.0004791240755504532,472.754974163342,0.16766463054188901,1.0049160519289635,1.0099016264636236
280029.296875,0.729248046875,309.521484375,0.16840820312500002,0.304931640625,47259.936809539795,8371.09375,0.16701693996474906,1.0049767036715078,0.00014278695201877387,401.9519892755053,0.186148050564153,1.0037218410277302,0.00016162125570828287,362.6249019023289,0.186148050564153,1.0037218410277302,1.0087170671991454
280102.5390625,1.7645263671875,376.6748046875,0.3586181640625,0.21052246093750002,103543.41208934784,8994.140625,0.1887045270708334,1.005147740029396,0.00013834345451263242,401.56525303643684,0.23496999984455158,1.0045379820886589,0.00017497220857454752,321.9710731367283,0.23496999984455158,1.0045379820886589,1.0097090824701054
280322.265625,1.858642578125,111.962890625,0.136474609375,0.251318359375,61803.07912826538,7863.28125,0.1649956676885993,1.0049032661201722,0.00037492375299174387,413.30933562979607,0.18097300681664744,1.0048342024886026,0.00042387498960973436,378.0494009621945,0.18097300681664744,1.0048342024886026,1.0097611719900552
280395.5078125,0.6351318359375,212.3193359375,0.39289550781250004,0.23308105468750004,88065.75095653534,7486.328125,0.15752905101239315,1.0051019668166934,0.00021926066827028791,436.53286563705245,0.16533963681601221,1.005268573241727,0.0002318170112429875,416.46275975429194,0.16533963681601221,1.005268573241727,1.010397420144271
280615.234375,1.921630859375,262.373046875,0.34829101562500003,0.122705078125,27219.138622283936,6199.21875,0.1763204168335059,1.0049675116329382,0.00019721240437522563,451.0158456981951,0.206305416649456,1.0050730240618146,0.00023389382727883473,386.3531546219524,0.206305416649456,1.0050730240618146,1.010065736000794
280688.4765625,0.5135498046875,333.5107421875,0.16232910156250002,0.3669677734375001,121107.9853773117,6572.265625,0.16313890075786439,1.004601468707846,0.00013837152574948288,440.1784973027026,0.17683360333418138,1.004890079310567,0.00015173586100775946,406.07016337223143,0.17683360333418138,1.004890079310567,1.0095140495653394
280908.203125,0.795166015625,66.142578125,0.389013671875,0.17104492187500003,15757.05862045288,9691.40625,0.15297100383229414,1.0051113598932688,0.0005963244486413404,404.00158155905206,0.15591335062184492,1.004949026244217,0.000612936453391556,397.01342250009753,0.15591335062184492,1.004949026244217,1.0100856823917412
280981.4453125,1.6400146484375,167.8271484375,0.1192626953125,0.33913574218750003,136864.9491071701,9064.453125,0.17241144520640922,1.0048789331049006,0.0002442656043248266,383.8759563472885,0.19727317142855255,1.0047729363059144,0.0002856855532533153,336.0585430358505,0.19727317142855255,1.0047729363059144,1.0096751562477655
281201.171875,1.168701171875,379.912109375,0.11333007812500001,0.186572265625,84872.95866012573,5214.84375,0.18430533144081157,1.004916702266763,0.0001261432563345531,435.3780136376411,0.22424430401583045,1.0049908941457109,0.00015894159004741372,359.5884060002002,0.22424430401583045,1.0049908941457109,1.0099321351530333
281274.4140625,1.2664794921875,279.7216796875,0.3785400390625,0.31716308593750003,59231.74750804901,5587.890625,0.17016002041773023,1.0051704402185726,0.00018116865126633028,475.6910598419958,0.19244187230316012,1.0050937250099499,0.00020802135680727995,421.7702086720647,0.19244187230316012,1.0050937250099499,1.0102905020291764
281494.140625,1.548095703125,203.603515625,0.154052734375,0.21967773437500002,100507.85970687866,2707.03125,0.1715930649584452,1.0050696694903347,0.00023645387876999242,547.8862249102415,0.19581980969462554,1.0051165799834823,0.00027726028103300046,483.711821538156,0.19581980969462554,1.0051165799834823,1.010212188843254
281567.3828125,0.8870849609375,136.6162109375,0.33547363281250003,0.27644042968750004,40243.889689445496,2080.078125,0.15779655002879475,1.0051524114805326,0.00031639846045067294,618.9300829886728,0.16589610037362557,1.005092326188212,0.00033599969505896754,589.2658903167487,0.16589610037362557,1.005092326188212,1.0102709754286594
281787.109375,0.579833984375,184.013671875,0.176025390625,0.266845703125,113015.296459198,5917.96875,0.15739522794131036,1.005219577919294,0.00024616103472200197,463.0154926635556,0.1649885756498441,1.0049815803318338,0.000260521925700686,442.7774925876572,0.1649885756498441,1.0049815803318338,1.0102271599978312
281860.3515625,1.9842529296875,71.8701171875,0.29475097656250004,0.24860839843750002,35061.42699718475,5291.015625,0.15855443427426263,1.0049966844368168,0.0005800975959304297,484.1367983470753,0.16748409112210938,1.0049713647343725,0.000618603950850095,459.16707076357716,0.16748409112210938,1.0049713647343725,1.0099928895119874
282080.078125,1.703369140625,317.158203125,0.21909179687500002,0.289404296875,128517.32015609741,2410.15625,0.18495198484536307,1.005212099222206,0.00017250120674695049,562.1663365064031,0.2258501445286185,1.0052649845630526,0.00021821904516444498,465.22022540057077,0.2258501445286185,1.0052649845630526,1.0105045254072047
282153.3203125,0.8607177734375,256.8115234375,0.2540283203125,0.1949951171875,17875.28693675995,2783.203125,0.16340635254774352,1.0050635129993555,0.00018815150607728206,564.3457097889113,0.17766489840463956,1.004480845578111,0.0002081789932448398,520.3015013178024,0.17766489840463956,1.004480845578111,1.0095670473972993
282373.046875,1.326904296875,131.552734375,0.278564453125,0.349462890625,68619.14396286011,6933.59375,0.16128320720628744,1.0050578746763394,0.0003415834445189336,444.19088291027293,0.17324088652416839,1.0049941007212932,0.0003708712348372827,414.4225855605441,0.17324088652416839,1.0049941007212932,1.0100772349332021
282446.2890625,1.2371826171875,188.0810546875,0.24846191406250004,0.14255371093750002,77289.32273387909,6306.640625,0.16375280723877458,1.0049505539785994,0.00025012823871749994,449.6422066229946,0.17846345965661448,1.0050115057147404,0.000276039681688699,413.4509358005147,0.17846345965661448,1.0050115057147404,1.0099868694228948
282666.015625,0.956298828125,284.619140625,0.321630859375,0.394287109375,53931.588649749756,9425.78125,0.1682700230486996,1.0050994794172015,0.00015950878568279136,399.0363461153876,0.18824835260503586,1.005048530625671,0.00018112765217038806,357.06228669917994,0.18824835260503586,1.005048530625671,1.0101737549208851
282739.2578125,1.6077880859375,395.6005859375,0.20773925781250002,0.1135498046875,94825.17325878143,9798.828125,0.19541103047864627,1.005006719592008,0.00012517901053267668,365.8573017318862,0.2509187008978155,1.0049366697425093,0.00016427749546315618,283.6869618405346,0.2509187008978155,1.0049366697425093,1.0099681058556365
282958.984375,1.370849609375,158.779296875,0.106884765625,0.31254882812500007,76652.503490448,9636.71875,0.16715715274896661,1.004903267402075,0.0002633489316449306,383.3465724995238,0.18618431119711049,1.0047728037097823,0.0003018594065564731,346.0938752167543,0.18618431119711049,1.0047728037097823,1.009699473444704
283032.2265625,1.0877685546875,102.4169921875,0.3662353515625001,0.1818115234375,67595.9461927414,9009.765625,0.15604619270078438,1.004556672395146,0.0004225210666812866,413.01339879784246,0.16221659868155608,1.0049531551810296,0.0004417678130379351,397.83338613615985,0.16221659868155608,1.0049531551810296,1.009532397481658
283251.953125,0.994384765625,345.048828125,0.138232421875,0.28120117187500004,91806.98537826538,6128.90625,0.1760225485057194,1.0049872800635762,0.00013443720888543716,429.656855813051,0.20537424043327127,1.0050005942428404,0.00016071603877172274,369.4007594155442,0.20537424043327127,1.0050005942428404,1.0100128136703899
283544.921875,0.617919921875,106.318359375,0.35942382812500007,0.381103515625,35598.26993942261,2652.34375,0.15509543491012057,1.0052091036277648,0.0003895562812354966,585.8331728156379,0.16033478837008416,1.0050719601467404,0.0004053026616913072,567.107429699302,0.16033478837008416,1.0050719601467404,1.0103074841405055
283618.1640625,1.8406982421875,218.6279296875,0.16994628906250003,0.13669433593750002,115429.00550365448,2025.390625,0.17605553324042814,1.0049113367252371,0.00022990717218492052,582.3505288548241,0.20535672677417421,1.0051200811347156,0.0002774116295809287,503.4710068052449,0.20535672677417421,1.0051200811347156,1.010056564302466
283837.890625,1.747314453125,312.509765625,0.3907714843750001,0.32514648437500004,21907.411098480225,5144.53125,0.1802192923462072,1.0050117528789348,0.00017488760870131123,489.70872598399325,0.21560450392603647,1.0042311906736427,0.000209091246749751,410.80520160813563,0.21560450392603647,1.0042311906736427,1.0092641492346175
283911.1328125,0.7113037109375,373.0224609375,0.1362548828125,0.1569091796875,131529.51896190643,5517.578125,0.16889919295334593,1.0049623497684295,0.00012671500883775308,450.95651494197045,0.1901466028115185,1.0048588311396598,0.00014670135219212182,403.5005839450954,0.1901466028115185,1.0048588311396598,1.00984529212767
284130.859375,1.130615234375,250.419921875,0.27680664062500004,0.14731445312500002,55438.23957443237,2480.46875,0.166012236162553,1.0050873661802011,0.0001989054729659712,580.4525497021134,0.1832839938824752,1.0051142786208433,0.00022452322652926918,527.8385724925769,0.1832839938824752,1.0051142786208433,1.0102276630091362
284204.1015625,1.4100341796875,350.7763671875,0.23146972656250003,0.35407714843750004,82370.68450450897,2853.515625,0.18254720142160744,1.005279278231931,0.00015449434127541944,544.7781099936851,0.22036233171548775,1.0052935382496107,0.00019225604934608036,455.1953683257572,0.22036233171548775,1.0052935382496107,1.0106007625427929
284423.828125,1.504150390625,86.064453125,0.31049804687500004,0.10893554687500001,41562.501430511475,5972.65625,0.1568910680768939,1.0049653456734031,0.0005029111419592329,467.9657577080259,0.16393531586185653,1.0049875041741267,0.000529303231462005,448.30489120218465,0.16393531586185653,1.0049875041741267,1.0099776145298018
284497.0703125,1.0364990234375,153.2177734375,0.2001220703125,0.3895263671875,100502.52997875214,5345.703125,0.1611833817558307,1.0050449227363465,0.00029792941613436606,476.9959363085793,0.17302540447693554,1.005032830596734,0.0003237989976189436,445.4875278483763,0.17302540447693554,1.005032830596734,1.0101031435745862
284716.796875,1.877685546875,367.958984375,0.19184570312500002,0.23461914062500003,125555.98783493042,9496.09375,0.20232485626190705,1.0050252696896511,0.00013746537735985764,368.2555478785563,0.2680641505503316,1.0050615155388931,0.0001860904643756414,276.0295452571093,0.2680641505503316,1.0050615155388931,1.0101122207091655
284790.0390625,0.6629638671875,296.9873046875,0.29768066406250004,0.25270996093750003,33002.93052196503,9869.140625,0.1630178838680996,1.004933936299104,0.00015464445630426714,393.5084397360792,0.1771942771130206,1.0049935091575615,0.0001708019486406237,363.127772326334,0.1771942771130206,1.0049935091575615,1.009952083112758
285009.765625,0.757080078125,223.525390625,0.22553710937500002,0.20913085937500003,140585.946559906,6988.28125,0.1608791705882424,1.0048551087601676,0.00020908294917037321,438.78400455867967,0.17307023786967685,1.0044483277464233,0.0002266735751786903,409.9462295361315,0.17307023786967685,1.0044483277464233,1.0093250336216006
285083.0078125,1.7835693359375,122.0068359375,0.2663330078125,0.30339355468750007,14573.365092277527,6361.328125,0.1636750087055473,1.0048295835618632,0.0003711419611933633,453.82387624191364,0.17832407027060315,1.0050268821165165,0.00041065385282679413,417.6110557845914,0.17832407027060315,1.0050268821165165,1.0098807434256172
285302.734375,0.866943359375,320.810546875,0.296728515625,0.343017578125,106704.88691329956,7074.21875,0.16784044515526628,1.0051574700440224,0.000149880514088169,436.143531412061,0.18732628033659518,1.0050402629889919,0.0001693310254144986,391.45612540747317,0.18732628033659518,1.0050402629889919,1.010223728038394
285375.9765625,1.7088623046875,253.8232421875,0.1763916015625,0.17478027343750002,49453.429102897644,7697.265625,0.18164545040024824,1.004929482174007,0.00018162145251893427,400.28118833660375,0.21805822261281102,1.004952697973098,0.00022430520620787163,333.9190172553677,0.21805822261281102,1.004952697973098,1.0099065943834766
285595.703125,1.990478515625,177.705078125,0.25307617187500003,0.36323242187500004,92395.516872406,8566.40625,0.17512589249052354,1.0050724290588864,0.0002499664767000896,403.2270086857387,0.20345173778099204,1.0050742669338986,0.0002954991905626956,347.5800142472638,0.20345173778099204,1.0050742669338986,1.010172434851833
285668.9453125,0.5853271484375,77.5146484375,0.2177001953125,0.11882324218750001,65485.90552806854,8189.453125,0.15436893567870022,1.0041666119882775,0.0005256306703585865,425.27668423649607,0.15739594987010758,1.0048681388953877,0.0005459473031583635,414.84483714572593,0.15739594987010758,1.0048681388953877,1.0090550345295473
285888.671875,1.614013671875,289.599609375,0.24926757812500003,0.275634765625,5513.644695281982,4089.84375,0.17951692731147978,1.0052033740993767,0.00018084367660050916,497.5897428321973,0.21346409348181533,1.0051757731436508,0.00021979621975142902,420.5922257883357,0.21346409348181533,1.0051757731436508,1.0104060787269473
285961.9140625,0.9617919921875,391.2841796875,0.28010253906250004,0.21872558593750002,135250.6378889084,4712.890625,0.17221023393583662,1.0050601224710334,0.00013267537021396778,485.54421985335995,0.19694975649393767,1.0051052721053706,0.00015457511131284664,426.0866518812744,0.19694975649393767,1.0051052721053706,1.010191227878505
286181.640625,1.243408203125,123.916015625,0.205615234375,0.318115234375,21769.944667816162,3582.03125,0.16052012575204824,1.0050404494738623,0.00036173426674569634,533.3255612521398,0.17161738296909948,1.0050596245148478,0.00039191970166115297,499.9938018945124,0.17161738296909948,1.0050596245148478,1.0101255767704338
286254.8828125,1.3323974609375,195.0537109375,0.3214111328125,0.1873779296875,118224.26688671112,3205.078125,0.16417261484665602,1.005107677003884,0.0002534475996242453,551.7998884158251,0.17936428515288388,1.0051075267089566,0.0002821801415111562,506.8932310210058,0.17936428515288388,1.0051075267089566,1.0102412913095586
286474.609375,1.634521484375,61.826171875,0.16196289062500002,0.196533203125,56236.39631271362,4792.96875,0.156617689223822,1.0049704575299578,0.0006469639212531438,496.25763427426443,0.16347952679593078,1.004957480338601,0.000679778018017646,476.00773234279774,0.16347952679593078,1.004957480338601,1.0099525788140375
286547.8515625,0.7889404296875,172.8076171875,0.34631347656250006,0.29079589843750003,97812.87658214569,4416.015625,0.15817484472920476,1.0050448395182818,0.000271503439837012,512.2439708822882,0.16676748102716554,1.0051690514944587,0.00028861250616495185,486.4586953410494,0.16676748102716554,1.0051690514944587,1.0102399680479919
286767.578125,0.508056640625,269.345703125,0.12065429687500001,0.24721679687500003,71624.28426742554,3285.15625,0.16431018395426894,1.0046980841779487,0.00017041997733759347,531.679944995522,0.17495554078328615,1.0042046267461793,0.00019058981956986896,492.3579312273638,0.17495554078328615,1.0042046267461793,1.0089224646145183
286840.8203125,1.9154052734375,325.8740234375,0.38996582031250004,0.26530761718750007,82349.75898265839,3908.203125,0.18192178159218753,1.003814204352073,0.0001765613668863835,529.9797281903342,0.2196477076298458,1.0031480469329166,0.00021321921122370894,441.3175166892831,0.2196477076298458,1.0031480469329166,1.0069742585793018
287060.546875,0.881591796875,200.615234375,0.37700195312500007,0.11040039062500001,127426.57804489136,7808.59375,0.1591881569264907,1.0049580444577584,0.00023750775865483503,431.41466150485354,0.1687909026900123,1.0047061229262764,0.00025411888074959257,407.43876366463417,0.1687909026900123,1.0047061229262764,1.0096875005507269
287133.7890625,1.5418701171875,140.2685546875,0.11252441406250001,0.3909912109375,17369.248270988464,7431.640625,0.16646161008085103,1.004910848680705,0.0003087718415283306,420.42110280852415,0.18426320948754152,1.0049723723807686,0.00034840045872398215,380.86156387108645,0.18426320948754152,1.0049723723807686,1.0099076396298197
287353.515625,1.260986328125,385.556640625,0.335693359375,0.14584960937500002,111088.69314193726,8300.78125,0.17805916482486478,1.0048061236049963,0.00013197336171405752,411.55823885156093,0.20987281462805157,1.0047652208723417,0.00015716160166601314,348.89398720071136,0.20987281462805157,1.0047652208723417,1.0095942467178556
287426.7578125,1.1624755859375,273.4130859375,0.1561767578125,0.35261230468750004,34953.74381542206,8923.828125,0.174877902865675,1.0050195637230177,0.00016092967108547097,388.7100787309823,0.20281367962467076,1.0049580587529887,0.00019038613737064328,335.63486529242,0.20281367962467076,1.0049580587529887,1.0100025097678595
287646.484375,1.253662109375,79.091796875,0.392822265625,0.10161132812500001,38129.9204826355,4261.71875,0.15475274027682845,1.0049692099105263,0.0005364914520245021,519.2022277289142,0.15962453729929618,1.0049421608646512,0.0005565121138491737,503.77316800428315,0.15962453729929618,1.0049421608646512,1.0099359294099255
287719.7265625,1.1580810546875,182.1044921875,0.13654785156250002,0.38337402343750004,116275.20644664764,4884.765625,0.16539192442339937,1.0050271711579406,0.0002546998326418734,479.72160601949616,0.18198829951412093,1.0050542089318062,0.00028589514508014965,437.6339920724911,0.18198829951412093,1.0050542089318062,1.010106788463115
287939.453125,0.877197265625,254.736328125,0.3585449218750001,0.15463867187500002,20116.98293685913,3753.90625,0.1613813187665963,1.004969404565469,0.00019674110401229002,532.6491908070165,0.1734015847641671,1.0049758485280758,0.00021446897189238514,497.02939558316945,0.1734015847641671,1.0049758485280758,1.0099699800979371
288232.421875,0.500732421875,196.630859375,0.13911132812500002,0.20766601562500003,76030.85660934448,7277.34375,0.15672142081716003,1.004436883207063,0.00023100017065951175,435.7934737397498,0.1639611439750859,1.0047458435722525,0.00024423570312226336,418.36468738805763,0.1639611439750859,1.0047458435722525,1.0092037835329646
288305.6640625,1.9110107421875,128.3154296875,0.33400878906250003,0.3007568359375,69473.45435619354,7900.390625,0.16451892424617975,1.0049124836459074,0.00035531570295553496,428.72397837785206,0.18013983761089764,1.005040475219489,0.00039317479462600235,392.1995579935336,0.18013983761089764,1.005040475219489,1.0099777201174798
288525.390625,1.630126953125,392.197265625,0.10483398437500001,0.23608398437500003,95239.0456199646,8769.53125,0.20366116415953434,1.0049365094037535,0.00012621102837005266,364.71377852900736,0.27160880809725885,1.004876732124029,0.0001718224775337107,271.8966362094555,0.27160880809725885,1.004876732124029,1.0098373155617724
288598.6328125,0.7816162109375,293.3349609375,0.3659423828125,0.2553466796875,51095.696330070496,8392.578125,0.16283439319994206,1.0050677077943957,0.00016434275959682925,420.98073002241426,0.1765378230362217,1.0050451069769823,0.0001795028601832293,388.77248693830956,0.1765378230362217,1.0050451069769823,1.0101383818993288
288818.359375,1.247802734375,330.107421875,0.22524414062500003,0.28325195312500007,125772.34601974487,7605.46875,0.17881949348359108,1.005044728710571,0.0001444267745218336,412.19788697617946,0.21173417027963556,1.0050585285388438,0.0001748701822950393,348.7200706702829,0.21173417027963556,1.0050585285388438,1.010128776153568
288891.6015625,1.3397216796875,271.0888671875,0.2642822265625,0.22751464843750002,31985.247492790222,7228.515625,0.17305250374739334,1.0050472488970863,0.0001768501595084804,426.2157057677615,0.19880176133863078,1.0050071048787381,0.00020670211524284805,371.7584454306467,0.19880176133863078,1.0050071048787381,1.0100796258804012
289111.328125,1.621337890625,176.376953125,0.19331054687500002,0.31049804687500004,143955.99508285522,8097.65625,0.17039678997599828,1.0048732907098892,0.0002512729980493506,409.18752679142904,0.19281593037984238,1.0049729562606107,0.0002907056794829456,362.3898139008647,0.19281593037984238,1.0049729562606107,1.0098704816320454
289184.5703125,0.9661865234375,62.9052734375,0.2985595703125,0.1785888671875,16118.008494377136,8720.703125,0.15354279965835682,1.004953319240862,0.0006399007408680174,420.8543967618483,0.1571441433248738,1.0049931164103854,0.0006565001308229371,411.4434050496374,0.1571441433248738,1.0049931164103854,1.0099711681508348
289404.296875,1.994873046875,277.646484375,0.30903320312500004,0.33305664062500007,59135.058879852295,4621.09375,0.18371638055833248,1.0047576148484874,0.00019398682346736913,491.2218211483993,0.22351769527587162,1.0041453664161806,0.00023836711081725624,405.5115685487512,0.22351769527587162,1.0041453664161806,1.008922703321482
289477.5390625,0.5926513671875,387.2998046875,0.19924316406250003,0.16364746093750002,83649.67429637909,4244.140625,0.16534739828944073,1.0044889149419853,0.0001281427908449523,498.3365609175108,0.18172901146505113,1.0049778350144494,0.00014307287185670397,454.40659552989206,0.18172901146505113,1.0049778350144494,1.0094890950344098
289697.265625,0.874267578125,143.837890625,0.277099609375,0.3731933593750001,38754.73928451538,3113.28125,0.1587241810646449,1.0051533548701541,0.0003151341464310529,559.8010752931049,0.16782965540326045,1.0050564909072628,0.0003371117965814118,530.3971333118766,0.16782965540326045,1.0050564909072628,1.0102359036694597
289770.5078125,1.7132568359375,201.6943359375,0.23352050781250003,0.12995605468750002,102671.52488231659,3736.328125,0.17013175634213595,1.0050669016546194,0.000250199398749103,515.2559052790524,0.19221667498258851,1.0049875943949547,0.00028982427620875123,458.42206191897543,0.19221667498258851,1.0049875943949547,1.0100797676998665
289990.234375,0.749755859375,230.498046875,0.20766601562500003,0.24458007812500002,3018.5770988464355,2949.21875,0.16126069075018698,1.0050144657438995,0.0002065418481038127,557.4513765373724,0.1731773786452956,1.0050146057429639,0.00022499619531405896,520.3205872216855,0.1731773786452956,1.0050146057429639,1.0100542170555806
290063.4765625,1.7791748046875,344.1357421875,0.32170410156250007,0.26384277343750007,137889.29641246796,2322.265625,0.18344179570912883,1.005309253532923,0.00017096784304944913,594.3405636608454,0.22240731263219943,1.0052113141077175,0.00021391811471512779,494.86793963713365,0.22240731263219943,1.0052113141077175,1.010548235828478
290283.203125,1.873291015625,98.017578125,0.24838867187500002,0.19916992187500002,25018.53322982788,5441.40625,0.1608717583102549,1.0050209828151586,0.0004581626251765528,477.55335709853665,0.172349852482676,1.0049895051945579,0.0004964743486972682,446.78131620436255,0.172349852482676,1.0049895051945579,1.0100355402295544
290356.4453125,0.6556396484375,157.2021484375,0.27863769531250004,0.29226074218750003,119557.88123607635,5814.453125,0.1566920143554647,1.0052972706465726,0.0002927585641208786,472.36927291438224,0.16353032314533034,1.0048124551637332,0.00030827325228542483,453.49723263226963,0.16353032314533034,1.0048124551637332,1.0101352186877826
290576.171875,1.496826171875,369.287109375,0.25395507812500007,0.139697265625,110730.44157028198,9964.84375,0.18668131532122145,1.0048103501999643,0.00013285767763168075,377.1821039324159,0.229729117569434,1.004994850067692,0.00016734288181509868,305.6224223738272,0.229729117569434,1.004994850067692,1.0098292272456781
290649.4140625,1.0321044921875,311.5966796875,0.2191650390625,0.34528808593750004,50605.374217033386,9337.890625,0.17342055387283997,1.0050087189696297,0.000145070636532822,390.81959965217965,0.19948096519792582,1.005006185972142,0.00017086652979014398,340.1687747273619,0.19948096519792582,1.005006185972142,1.0100399795204158
290869.140625,1.126220703125,214.228515625,0.294677734375,0.11655273437500001,91892.93050765991,6457.03125,0.16297727849798357,1.0049987601273702,0.00022862151946701463,452.2797981282469,0.17684743407263445,1.0049927278392898,0.0002501294784011529,417.5296694540865,0.17684743407263445,1.0049927278392898,1.0100164454155098
290942.3828125,1.4027099609375,104.7412109375,0.17609863281250002,0.3983154296875,66639.36698436737,6830.078125,0.16038021094121158,1.0049988082335697,0.00041999673826905755,446.43642546213516,0.17133909406649017,1.005014228374948,0.00045311691838598395,418.72789842534866,0.17133909406649017,1.005014228374948,1.0100381017746032
291162.109375,1.751708984375,152.138671875,0.33540039062500004,0.369970703125,130194.6177482605,9167.96875,0.1668004017231013,1.0050794728149253,0.0002971046912891923,408.8127652956831,0.1850794196094988,1.0050439849264348,0.00033317818601851217,368.8829169863477,0.1850794196094988,1.0050439849264348,1.0101490785256728
291235.3515625,0.7186279296875,82.4951171875,0.15412597656250002,0.1267333984375,18145.472407341003,9541.015625,0.15636609110211544,1.002976383850957,0.0005041276312695588,404.8689747736111,0.16025492939681515,1.00468552952799,0.0005281671923153516,390.0421805823096,0.16025492939681515,1.00468552952799,1.0076758593133675
291455.078125,0.625244140625,349.033203125,0.37846679687500007,0.336279296875,111436.02132797241,6660.15625,0.1626472410916298,1.0050270679075717,0.00014269222784244045,454.9988547837333,0.1761382491443394,1.005183160574116,0.00015611384432526814,421.0171180339323,0.1761382491443394,1.005183160574116,1.0102362845818695
291528.3203125,1.8450927734375,246.1865234375,0.1134033203125,0.1668701171875,34381.9397687912,6033.203125,0.18476714213698914,1.0049438469085925,0.00019204909492107354,421.6251112209121,0.22526405474832104,1.004889859816521,0.00024142063635293568,346.80026650470654,0.22526405474832104,1.004889859816521,1.009857881443451
291748.046875,0.998779296875,120.927734375,0.11918945312500001,0.32133789062500007,54734.43937301636,2183.59375,0.15921368141489115,1.0051222970287612,0.00035482493235445254,599.8243637747382,0.16885955913598125,1.005095503758865,0.0003805639680893706,566.3210179012104,0.16885955913598125,1.005095503758865,1.0102439014713902
291821.2890625,1.4715576171875,219.9560546875,0.38908691406250007,0.18942871093750002,100377.54905223846,2556.640625,0.16598520032593891,1.0051342202419824,0.00023596898865452373,593.4426770134042,0.18324434754513275,1.005097899250593,0.0002660816262282727,539.8990539012971,0.18324434754513275,1.005097899250593,1.0102582932300994
292041.015625,1.378173828125,295.244140625,0.162255859375,0.27241210937500004,74957.284450531,5675.78125,0.17943005251321237,1.0050818740125531,0.0001640056449027012,442.0992660213136,0.2129109977755505,1.0050503618572217,0.00020098800898451353,374.070789271229,0.2129109977755505,1.0050503618572217,1.010157901172451
292114.2578125,1.0921630859375,363.7255859375,0.3483642578125,0.21667480468750003,82954.53727245331,5048.828125,0.17109372266448228,1.0050786385281638,0.00014745176094540824,487.64768188966303,0.19448671432772577,1.0050906485099365,0.0001702672679897978,430.2622432388717,0.19448671432772577,1.0050906485099365,1.0101951406017562
292333.984375,0.948974609375,169.404296875,0.26625976562500003,0.35942382812500007,98942.35944747925,5386.71875,0.16044376496047466,1.0050155037508575,0.00027947252011599553,481.84410804730857,0.17147636125879412,1.0050868370623462,0.00030192667992722145,451.898950646816,0.17147636125879412,1.0050868370623462,1.0101278538635698
292407.2265625,1.6033935546875,70.5419921875,0.22561035156250003,0.1536865234375,54688.81118297577,5759.765625,0.15664511124693445,1.0049793892633425,0.0005971722750637908,473.88488431828796,0.16412028050570732,1.0047954241882289,0.000626259436990039,453.9093143055685,0.16412028050570732,1.0047954241882289,1.0097986917352875
292626.953125,1.322509765625,334.423828125,0.297607421875,0.38432617187500007,80129.06789779663,2878.90625,0.1772027827031654,1.0052876961950334,0.00016414726371649885,563.0941532323664,0.20817265982857197,1.0053731441026073,0.00019821453487884903,483.00006499389815,0.20817265982857197,1.0053731441026073,1.0106892518512673
292700.1953125,1.2298583984375,266.1083984375,0.19191894531250003,0.1024169921875,71451.42829418182,2251.953125,0.16981824246050845,1.0050161704152853,0.0001911092570562988,579.7711954887383,0.19154777857932503,1.0050701260409602,0.0002214070520526721,517.090357084155,0.19154777857932503,1.0050701260409602,1.010111729072494
292919.921875,1.696044921875,138.193359375,0.20004882812500002,0.25922851562500004,17686.282634735107,6402.34375,0.1652285421445727,1.0050701052216882,0.0003352247091037827,448.77371037201095,0.1816164439723917,1.0050232749504775,0.000373034970522044,409.2290939316425,0.1816164439723917,1.0050232749504775,1.0101188487047221
292993.1640625,0.8563232421875,208.0029296875,0.31057128906250003,0.23981933593750002,133227.16224193573,6775.390625,0.16021433034063245,1.0050229290616108,0.00023180801059481486,450.82513559219507,0.17097169958989145,1.0049983662783446,0.0002494532886656015,423.1572825862457,0.17097169958989145,1.0049983662783446,1.0100464017791955
293212.890625,0.575439453125,280.634765625,0.23139648437500002,0.29702148437500003,39466.493129730225,9894.53125,0.16397251786577338,1.0042309348494172,0.00016369128027229484,393.28726441153407,0.17636378632485308,1.004671248061358,0.00018218886681000857,362.60315626920493,0.17636378632485308,1.004671248061358,1.0089219466569883
293286.1328125,1.9769287109375,383.6474609375,0.27687988281250003,0.2037841796875,114680.45890331268,9267.578125,0.19844908549513507,1.0050841004098254,0.00014125979879052211,389.12346107533494,0.25856939822534214,1.0049170502038096,0.0001873564981766084,296.8495693063913,0.25856939822534214,1.0049170502038096,1.0100261493905913
293505.859375,1.552490234375,261.044921875,0.13618164062500002,0.17543945312500003,46727.11896896362,6730.46875,0.1802291479687137,1.0049048436148684,0.00018051703949503576,416.70342429773456,0.2145124385955625,1.0048967375742215,0.00022039946113467664,350.4025870250436,0.2145124385955625,1.0048967375742215,1.0098255989211145
293579.1015625,0.8944091796875,318.9013671875,0.3908447265625,0.30720214843750004,108423.75457286835,6103.515625,0.16564547850517455,1.0051155104502987,0.00016055180654237161,468.70350903410093,0.18255183112558365,1.0051191884460227,0.0001797484354180687,426.40164537754094,0.18255183112558365,1.0051191884460227,1.010260886158314
293798.828125,1.176025390625,75.439453125,0.16987304687500002,0.23081054687500002,66700.01363754272,9222.65625,0.15577534244192068,1.0049712518831786,0.00055380481326021,411.3611314429643,0.1617243575877249,1.0049666580170389,0.0005770689026754493,396.5242125210617,0.1617243575877249,1.0049666580170389,1.0099626004082378
293872.0703125,1.2708740234375,185.0927734375,0.3594970703125,0.28640136718750003,92180.96625804901,9595.703125,0.1635360805021171,1.0050527413266703,0.00025169869866010694,405.567505549639,0.17801735303514382,1.0050399454515428,0.0002769843317751701,372.9922745714503,0.17801735303514382,1.0050399454515428,1.0101181523188802
294091.796875,0.799560546875,399.833984375,0.33247070312500004,0.131494140625,142423.29740524292,5746.09375,0.16740780537491579,1.0049205005280473,0.00013042637941739664,467.36686331788394,0.18564567766684037,1.0048481748242901,0.000147025974648076,421.1567093485339,0.18564567766684037,1.0048481748242901,1.0097925307991205
294165.0390625,1.6473388671875,286.3623046875,0.1383056640625,0.37458496093750004,7718.567728996277,5119.140625,0.18590665510014745,1.0050665695506824,0.00017324440335558547,448.77770239080803,0.22798763605800573,1.005103087817604,0.00021920414995269994,367.4387899610606,0.22798763605800573,1.005103087817604,1.0101955125176374
294384.765625,1.928955078125,191.650390625,0.36616210937500004,0.162255859375,122490.731716156,2238.28125,0.16822585865600234,1.0051714358125337,0.00027217998652879995,609.8497008758201,0.18808937668865894,1.0050915971323262,0.0003117565324882618,548.3159071459206,0.18808937668865894,1.0050915971323262,1.010289363812613
294458.0078125,0.5179443359375,132.6318359375,0.1069580078125,0.3315185546875,24890.076518058777,2611.328125,0.15556144134075003,1.0049927984642562,0.0003243363543351234,581.0935983635181,0.16129989612163623,1.0049981240813206,0.00033810204722824547,560.5644349325751,0.16129989612163623,1.0049981240813206,1.0100158771718142
294677.734375,1.851318359375,352.685546875,0.15610351562500002,0.296142578125,86863.70038986206,3824.21875,0.19648680175326155,1.0052117257474655,0.00015702124641396923,478.98241533740395,0.25365072823808904,1.0040788133797978,0.00020672706791364812,372.3869448101,0.25365072823808904,1.0040788133797978,1.009311796783974
294750.9765625,0.6307373046875,243.1982421875,0.33576660156250004,0.20290527343750003,61461.302638053894,3447.265625,0.15898856591913912,1.0050325162124882,0.0002008162052493487,545.487616365391,0.1678852567344891,1.0048889194939365,0.00021516151042675653,516.5220180353697,0.1678852567344891,1.0048889194939365,1.0099460392730395
294970.703125,0.724853515625,145.830078125,0.112451171875,0.260107421875,107149.178981781,4316.40625,0.15748108046661421,1.0050128176392712,0.0003107588296998883,508.2539006142874,0.16522473496303944,1.0049692408376287,0.00033053748587272145,485.429004963855,0.16522473496303944,1.0049692408376287,1.0100069683750246
295043.9453125,1.7572021484375,88.1396484375,0.3770751953125,0.24069824218750002,43335.08765697479,4939.453125,0.15831227136708254,1.005012546418028,0.000509982250557467,501.0109673234202,0.16700597579714818,1.0050590302215408,0.0005426038201974907,475.83534917800415,0.16700597579714818,1.0050590302215408,1.0100969352633844
295263.671875,1.098388671875,300.224609375,0.389892578125,0.39750976562500007,31949.252605438232,8839.84375,0.1701031038757134,1.0051781889192517,0.00016211865973122036,418.489960814816,0.1923258966103607,1.0051676722860698,0.00018625355149404902,370.41578451093784,0.1923258966103607,1.0051676722860698,1.0103726203886916
295336.9140625,1.3836669921875,359.4091796875,0.1207275390625,0.11560058593750001,126835.20209789276,8462.890625,0.18949795269342626,1.004690584034746,0.00013294823493572065,380.58775248143303,0.23630135031922508,1.0047926220467749,0.00016976901215314007,304.44817102157157,0.23630135031922508,1.0047926220467749,1.009505686277978
295556.640625,1.477783203125,113.291015625,0.34624023437500007,0.34624023437500007,12475.327968597412,7332.03125,0.15997353034469958,1.004819755320055,0.00040491347485367647,445.2813083278889,0.17046591376692893,1.0050324881683617,0.00043468719053933204,418.58628208400376,0.17046591376692893,1.0050324881683617,1.0098764988500393
295629.8828125,1.0042724609375,226.9287109375,0.1620361328125,0.1405029296875,144775.994181633,7955.078125,0.16648044516830543,1.0040261567704571,0.00020248153233141573,414.197802730999,0.18328411365821856,1.0048180482803608,0.00023250368638822,376.4518848619099,0.18328411365821856,1.0048180482803608,1.0088636032685223
295849.609375,0.650146484375,93.701171875,0.32133789062500007,0.16840820312500002,73134.46760177612,8042.96875,0.15733224337436993,1.0049840330512214,0.0004626878600102228,429.5742139652383,0.16095287499210956,1.0049546027885634,0.0004873766384205026,413.5677066225715,0.16095287499210956,1.0049546027885634,1.0099633297438386
295922.8515625,1.8670654296875,162.1826171875,0.20568847656250003,0.33767089843750003,80592.23449230194,8666.015625,0.17146775663483896,1.0049567651191318,0.0002743451085645105,403.69775002030764,0.19522862614563966,1.00491868635259,0.00031890967279288735,355.2556053587041,0.19522862614563966,1.00491868635259,1.0098998322446664
296142.578125,1.773681640625,237.470703125,0.280029296875,0.12534179687500002,54128.92293930054,7535.15625,0.17494355685260102,1.0047484332829293,0.00020660795589569963,422.39906806112225,0.2031084924968664,1.004859611559616,0.0002462523927267824,364.9228514940448,0.2031084924968664,1.004859611559616,1.009631120383817
296215.8203125,0.7435302734375,336.4990234375,0.24934082031250002,0.3684326171875001,99622.03681468964,7158.203125,0.16662625897925873,1.0050310325477738,0.00014405659994190563,435.5360762544159,0.1846638077122601,1.004927047005744,0.00016187526649045052,393.76634102863306,0.1846638077122601,1.004927047005744,1.0099828676873681
296435.546875,1.397216796875,211.240234375,0.21762695312500002,0.21352539062500003,117385.62345504761,3058.59375,0.16806695745923125,1.0050545701076252,0.00023900221856741193,547.0707860059384,0.18775722733489816,1.0050616831042298,0.0002728990398412921,492.2110895443935,0.18775722733489816,1.0050616831042298,1.010141837843968
296508.7890625,1.1199951171875,108.3935546875,0.2531494140625,0.26911621093750004,36824.66208934784,3681.640625,0.15771479810207625,1.0050684946436896,0.000414232817710204,536.6467995362632,0.16579762773093798,1.0049516690721907,0.00043811784397683527,510.92643523060616,0.16579762773093798,1.0049516690721907,1.01004526122405
296728.515625,1.026611328125,374.931640625,0.176318359375,0.19272460937500002,136215.9514427185,4550.78125,0.17537301255341795,1.005089921138862,0.000136535841212378,476.7209059355893,0.20401319001297927,1.0050536062179412,0.00016208340322245696,411.5878417461634,0.20401319001297927,1.0050536062179412,1.0101692498139192
296801.7578125,1.4906005859375,305.2880859375,0.29680175781250007,0.32448730468750003,18504.982829093933,4173.828125,0.17700309802578532,1.0052592941441858,0.00017930500078084947,509.60788959729,0.20787780351008608,1.005019222067143,0.00021302898134799915,435.79848789048754,0.20787780351008608,1.005019222067143,1.010304913776555
297021.484375,0.550537109375,365.966796875,0.102197265625,0.3922363281250001,62858.25300216675,6011.71875,0.16953964617695802,1.0044241801471088,0.00012886895406755508,445.61156094822377,0.18648338393704594,1.0048477506883589,0.00014856955573883536,399.9172475582831,0.18648338393704594,1.0048477506883589,1.0092933781578213
297094.7265625,1.9549560546875,298.9794921875,0.37092285156250004,0.11149902343750001,89336.27212047577,6634.765625,0.1782171542592642,1.005037742991317,0.0001846736890393166,450.63098175905543,0.2107647098978079,1.004518872328489,0.0002192128046698972,381.70231019673025,0.2107647098978079,1.004518872328489,1.0095793802372077
297314.453125,1.674072265625,222.861328125,0.14291992187500002,0.35151367187500004,47485.69631576538,9503.90625,0.17975381145646704,1.004838722981853,0.00019787676373152948,380.4287078472676,0.21382714689973534,1.0049059519169272,0.00024092343635083953,319.891972743569,0.21382714689973534,1.0049059519169272,1.0097684134410685
297607.421875,1.297607421875,249.755859375,0.354736328125,0.29204101562500007,126689.67008590698,5027.34375,0.1678099854289785,1.0050203124590957,0.00020951808953147586,494.603605594922,0.18729874472137745,1.0051601644458397,0.00023725757694234825,444.46317349823755,0.18729874472137745,1.0051601644458397,1.0102063825427938
297680.6640625,1.2078857421875,351.4404296875,0.17463378906250002,0.1976318359375,30086.369395256042,5650.390625,0.1789639325495644,1.0050291366321258,0.0001430296617175886,445.348052246249,0.2123762148664822,1.0047694199631751,0.00017339321338958455,376.96082909615245,0.2123762148664822,1.0047694199631751,1.0098225426599516
297900.390625,0.927001953125,84.072265625,0.39545898437500004,0.26420898437500007,146304.7194480896,2519.53125,0.15485583261194913,1.0049755722314604,0.0004956323254608249,596.0672844974598,0.1598363186159353,1.00504559718104,0.0005144709641247061,577.8767688274369,0.1598363186159353,1.00504559718104,1.0100462741457255
297973.6328125,1.5784912109375,155.2099609375,0.13156738281250002,0.24597167968750003,6982.415080070496,2142.578125,0.16692668483398423,1.005068326986949,0.0003035892252235895,589.243980345115,0.18529352500276736,1.0051338047320852,0.00034420130209065027,533.2160790791074,0.18529352500276736,1.0051338047320852,1.0102281515201035
298193.359375,1.950927734375,106.982421875,0.27211914062500003,0.21762695312500002,80343.69611740112,5855.46875,0.16201090374806681,1.0050311855965275,0.00043434359723310104,470.3650604518137,0.17475295888829906,1.0049896436682346,0.0004741810580010622,437.0707386423285,0.17475295888829906,1.0049896436682346,1.0100459330881175
298266.6015625,0.5428466796875,217.9638671875,0.23615722656250002,0.2743896484375,71799.60906505585,5478.515625,0.1595641575489738,1.0047988374178958,0.00021962810811002826,478.18564008230175,0.1676454687079748,1.0053633751447582,0.00023558467849421207,451.66993370425075,0.1676454687079748,1.0053633751447582,1.0101879505279847
298486.328125,0.824462890625,314.501953125,0.315185546875,0.18862304687500003,98102.29635238647,2347.65625,0.16510520909702617,1.0050123896347356,0.00016387348449411877,595.9704926307236,0.1803339595472582,1.005177524798458,0.0001836498803915635,545.6899016041185,0.1803339595472582,1.005177524798458,1.010215866204827
298559.5703125,1.6693115234375,371.0302734375,0.1954345703125,0.3192138671875,52085.69037914276,2970.703125,0.19069546153452827,1.00523980655052,0.0001549478955010911,528.5374555077656,0.23986566017240707,1.0037871993354779,0.000197792501109503,423.1183903703858,0.23986566017240707,1.0037871993354779,1.009046850077884
298779.296875,1.197998046875,160.771484375,0.18715820312500003,0.17368164062500002,40065.112590789795,6871.09375,0.16194424604491825,1.004987990482879,0.0002938027453040061,443.150333763176,0.174630313017698,1.0049551717060172,0.0003196405704680941,411.6480872869969,0.174630313017698,1.0049551717060172,1.0099678785382067
298852.5390625,1.2957763671875,100.4248046875,0.3023681640625,0.3417724609375,118543.71726512909,6494.140625,0.1581232829286464,1.0050563720287466,0.00045080911505414583,462.1924499718325,0.16658297397624586,1.0050352037217003,0.00047828779615206727,439.4518045625826,0.16658297397624586,1.0050352037217003,1.0101170356137044
299072.265625,1.577392578125,345.712890625,0.23022460937500003,0.12006835937500002,22709.81740951538,9363.28125,0.18633436041551227,1.0046394065645698,0.00014396008111822495,385.0979238441624,0.22869845542256306,1.004870010091004,0.0001806116492687026,312.7209260376811,0.22869845542256306,1.004870010091004,1.0095320106123595
299145.5078125,0.9163818359375,233.5693359375,0.26164550781250007,0.36433105468750004,138360.8559370041,9986.328125,0.16416621428072908,1.0049849824312327,0.00019776382033820535,396.4418018409885,0.17938348354900852,1.004995858579167,0.000217867818083327,363.08181999646723,0.17938348354900852,1.004995858579167,1.0100057452776456
299365.234375,1.452880859375,198.623046875,0.29204101562500007,0.25395507812500007,57231.101512908936,8699.21875,0.16746981200447647,1.0050384105018855,0.00023804571361969474,413.2818690904596,0.18652318307344798,1.0050440097071671,0.0002682602619359902,371.51956565839424,0.18652318307344798,1.0050440097071671,1.0101078340005327
299438.4765625,0.9822998046875,142.2607421875,0.1810791015625,0.23571777343750003,102791.76223278046,8072.265625,0.159041506182641,1.0050218558502504,0.00032238892015665677,425.85565479933337,0.16843508135598537,1.0049597297383592,0.00034488368040163476,402.73861479693096,0.16843508135598537,1.0049597297383592,1.0100064926364118
299658.203125,1.076416015625,384.892578125,0.25776367187500004,0.30229492187500007,76211.89260482788,7191.40625,0.17699945307559511,1.0050499403956568,0.0001312982731665043,428.75604844017795,0.2077789717807751,1.0050183253582594,0.0001558447315663067,365.9011539555731,0.2077789717807751,1.0050183253582594,1.0100936079978613
299731.4453125,1.3587646484375,274.0771484375,0.21301269531250003,0.20788574218750003,83683.12537670135,7564.453125,0.17470521790578078,1.0049791882409296,0.00017564467002858847,417.7123953561233,0.2023768672081053,1.0049915517026347,0.00020808256376648188,361.27079144501664,0.2023768672081053,1.0049915517026347,1.009995593819106
299951.171875,0.699951171875,61.162109375,0.24458007812500002,0.355322265625,135478.06119918823,3714.84375,0.15354419045375375,1.004651349747469,0.0006465980937853965,540.6503146354289,0.15719210878070888,1.0051101929541504,0.0006643142538142058,528.5439670701865,0.15719210878070888,1.0051101929541504,1.009785311996326
300024.4140625,1.7352294921875,173.4716796875,0.2847900390625,0.14841308593750002,15534.848093986511,3087.890625,0.1661697820073304,1.005027300179603,0.00029372421871522365,554.8531718654268,0.18363956182347574,1.0050639899349159,0.00033114390807284977,504.39107747956,0.18363956182347574,1.0050639899349159,1.0101167483120281
300244.140625,1.829345703125,267.353515625,0.21030273437500002,0.388427734375,116706.95638656616,4207.03125,0.18332508932864894,1.0052546346994329,0.00019755833639477987,491.70021033205234,0.2220671237663358,1.0049905595016493,0.00024601219593127163,408.0794614724865,0.2220671237663358,1.0049905595016493,1.010271417768209
300317.3828125,0.6058349609375,327.8662109375,0.31672363281250004,0.1076904296875,35536.858439445496,4580.078125,0.16097285090836547,1.0051128197352848,0.0001557925348182107,502.5565794700662,0.17597870817387962,1.0049907989546147,0.00016665211488688214,466.3136852744788,0.17597870817387962,1.0049907989546147,1.0101291357452895
300537.109375,1.048583984375,290.263671875,0.157275390625,0.13559570312500002,110759.437084198,3417.96875,0.16937241781478166,1.0050516242463137,0.0001765821394272601,522.021471090819,0.19097279330277314,1.0048329607865674,0.00020285011349021934,465.88983000830063,0.19097279330277314,1.0048329607865674,1.0099089993347719
300610.3515625,1.5155029296875,390.6201171875,0.35100097656250007,0.3798583984375,45105.433344841,3791.015625,0.18367169900201413,1.004733413366223,0.00015023704814601076,533.8263917754956,0.22345332144775074,1.0036235754892269,0.0001839949629473137,441.05579375643987,0.22345332144775074,1.0036235754892269,1.008374140736104
300830.078125,1.422119140625,125.908203125,0.12534179687500002,0.15815429687500002,91801.01156234741,4910.15625,0.16158103013429614,1.0049829080150268,0.0003693897458810561,486.1458016052684,0.17383059732978987,1.004872920693824,0.00040237741940417555,453.10430430835675,0.17383059732978987,1.004872920693824,1.0098801100244326
300903.3203125,1.1419677734375,193.0615234375,0.3852783203125001,0.32624511718750004,65912.3352766037,4283.203125,0.1622612363232958,1.0050882692154148,0.0002621439620304377,522.867096842582,0.17532742390032607,1.0050899148911463,0.000287047465547146,485.38259666693926,0.17532742390032607,1.0050899148911463,1.0102040829638108
301123.046875,1.795654296875,322.802734375,0.372314453125,0.180712890625,11556.521892547607,8433.59375,0.180599247736261,1.0050549441467902,0.00016494068769234936,420.9922508775456,0.21590297785730347,1.0049954198065887,0.0002004503783140181,352.108230537992,0.21590297785730347,1.0049954198065887,1.010075615521491
301196.2890625,0.7684326171875,251.8310546875,0.1172119140625,0.31130371093750003,145440.2016401291,8806.640625,0.16442432184966468,1.0048353567448371,0.00018414631758563931,405.27046971236496,0.17958296498485668,1.0052982063271632,0.00020294462353391275,370.4913012335794,0.17958296498485668,1.0052982063271632,1.0101591817897
301416.015625,0.675048828125,178.369140625,0.34038085937500007,0.22553710937500002,29329.171657562256,7925.78125,0.15664728641333361,1.004994243064544,0.0002677753620590566,435.36366017753255,0.16354820532343536,1.0049925799282635,0.00028084805903634796,417.31876777592606,0.16354820532343536,1.0049925799282635,1.0100117571504885
301489.2578125,1.8890380859375,76.8505859375,0.1514892578125,0.28229980468750004,126895.36368846893,7298.828125,0.15964340577097505,1.0049714168608248,0.0005602263328850048,440.31267224198115,0.16978405678916492,1.004985400213558,0.0006003885422678138,414.6388858048227,0.16978405678916492,1.004985400213558,1.0099816015770626
301708.984375,1.652099609375,307.529296875,0.23813476562500002,0.143798828125,143065.101146698,7136.71875,0.18186862066304563,1.0050549858493558,0.0001659487190858796,422.5543885626518,0.2187693250942369,1.0050389084932374,0.00020476378427442698,351.95757610158194,0.2187693250942369,1.0050389084932374,1.0101193659537226
301782.2265625,0.8065185546875,378.6669921875,0.27248535156250003,0.3505615234375,8174.864649772644,7509.765625,0.16975419717270682,1.005129284533676,0.00013052321413328785,430.16237855531455,0.19155573935365852,1.0051114732118067,0.0001489283370769838,381.77791217346123,0.19155573935365852,1.0051114732118067,1.0102669759459721
302001.953125,0.525634765625,111.298828125,0.19448242187500003,0.112451171875,125348.97756576538,8628.90625,0.1608099165539037,1.0049612785010327,0.0003951712467079018,416.87532744224745,0.16835124315961827,1.0043837500723019,0.0004302960446315404,392.81995974787077,0.16835124315961827,1.0043837500723019,1.0093667775783222
302294.921875,0.899169921875,340.068359375,0.30317382812500004,0.24985351562500002,48150.39396286011,4152.34375,0.16717636070511144,1.0051281545439705,0.0001565151879897986,515.6279571968665,0.1858613714004937,1.005081556717899,0.0001769597399942018,465.62519889981905,0.1858613714004937,1.005081556717899,1.0102357702700429
302368.1640625,1.5594482421875,239.8779296875,0.18869628906250002,0.2679443359375,114340.38245677948,4525.390625,0.17460798299776564,1.0050845296049546,0.00021165267603641101,484.5604410881905,0.2022663948247085,1.0050848663101317,0.00025041490241902435,420.14311313379784,0.2022663948247085,1.0050848663101317,1.0101952500683775
302587.890625,1.278564453125,163.759765625,0.259521484375,0.193896484375,67880.67770004272,3644.53125,0.1619917216740477,1.0044973175757324,0.00030063930686395835,534.3106035010879,0.17470788197773898,1.0049763609367495,0.00032884746433244663,497.1211857738481,0.17470788197773898,1.0049763609367495,1.0094960587879858
302661.1328125,1.1800537109375,96.7724609375,0.23000488281250003,0.28815917968750004,93649.26993846893,3017.578125,0.1576496553041084,1.0052948547053184,0.0004534029272941632,563.8229925408372,0.1655330990667395,1.0049950112315547,0.00048246210231927254,538.4288663620488,0.1655330990667395,1.0049950112315547,1.0103163137955955
302880.859375,0.849365234375,229.169921875,0.37055664062500004,0.31606445312500003,14777.839183807373,4980.46875,0.16096501636987495,1.0051292732730241,0.00022131427140037094,500.3692665145632,0.17256399451682666,1.0051590904675636,0.00023988773860083256,467.96077179886413,0.17256399451682666,1.0051590904675636,1.0103148261254362
302954.1015625,1.6912841796875,117.0263671875,0.1002197265625,0.18532714843750003,134343.76800060272,4353.515625,0.16328469397958945,1.0049695182269167,0.00039496023866575006,498.8097271921909,0.1774649810718758,1.004956579921893,0.00043594210719211286,460.51361398685725,0.1774649810718758,1.004956579921893,1.0099507299630746
303173.828125,1.972900390625,362.314453125,0.32924804687500003,0.277685546875,32907.472133636475,3472.65625,0.18884960199652834,1.002782469288798,0.0001653676521165004,538.0955276385938,0.23601200659639932,1.001887259116277,0.00020757367590013159,433.3046964148052,0.23601200659639932,1.001887259116277,1.0046749796456063
303247.0703125,0.5677490234375,301.9677734375,0.14387207031250002,0.22077636718750002,115797.51288890839,3845.703125,0.16183860288247637,1.0050482347933514,0.00016328555637953928,517.7626817068999,0.17760553907261792,1.004614344515242,0.00017661856512280833,478.0455817288235,0.17760553907261792,1.004614344515242,1.0096858736031238
303466.796875,1.596435546875,91.708984375,0.173095703125,0.3658691406250001,106604.93803024292,7996.09375,0.15995138735303532,1.0049725135844556,0.00048154320638538645,429.8197263951733,0.17042881188264936,1.0049719359071472,0.0005167087165426945,403.9209201797968,0.17042881188264936,1.0049719359071472,1.009969172510442
303540.0390625,0.9442138671875,148.2373046875,0.35393066406250007,0.12145996093750001,59651.00181102753,7369.140625,0.15685141041151873,1.0049454994968234,0.0003239472045899755,445.8692697515894,0.16396180549747497,1.0047506136989581,0.00034020647423157953,426.96780860838754,0.16396180549747497,1.0047506136989581,1.0097196073534394
303759.765625,1.225830078125,244.775390625,0.13178710937500002,0.34038085937500007,87115.6096458435,8488.28125,0.1726833641539266,1.004911679539116,0.0001861294357137012,401.1755828923035,0.19831737533529317,1.0048597392730376,0.0002177435486908342,350.50888171110313,0.19831737533529317,1.0048597392730376,1.0097952882941064
303833.0078125,1.3148193359375,355.7568359375,0.3975830078125,0.17214355468750003,80074.58579540253,8861.328125,0.17334436932691327,1.0051006526279267,0.0001479374281766094,418.98195658237665,0.19962783088608255,1.0050885136691514,0.00017149380362515396,363.99366742494254,0.19962783088608255,1.0050885136691514,1.0102151210376968
304052.734375,1.148193359375,129.560546875,0.35297851562500004,0.21176757812500002,123160.33124923706,9574.21875,0.1579258985327073,1.0048691055358874,0.0003592547670114715,411.44924381276115,0.1661619556705014,1.004985302777558,0.00037962069474465926,391.36010594315104,0.1661619556705014,1.004985302777558,1.0098786822787975
304125.9765625,1.4276123046875,190.0732421875,0.1576416015625,0.3060302734375,44460.265040397644,9197.265625,0.16956175680417457,1.0049339561609658,0.00023689675156995997,396.8065684017221,0.19100200071154225,1.0045725470764753,0.00027167708269965665,352.6770650231359,0.19100200071154225,1.0045725470764753,1.0095290639842605
304345.703125,1.521728515625,283.955078125,0.38432617187500007,0.23198242187500004,142969.8576927185,6066.40625,0.17182984153864347,1.0051516688021433,0.00019154593343731393,471.52445995169603,0.19630238403239114,1.005139881714707,0.000220023861202135,413.47021769256963,0.19630238403239114,1.005139881714707,1.0103180294851268
304418.9453125,1.0540771484375,396.2646484375,0.12395019531250001,0.25007324218750004,23138.615489006042,6689.453125,0.18124458152307787,1.0049699446336409,0.0001237220006199697,419.1936144016714,0.21713189839260832,1.0048959895259257,0.00015238660833707523,350.67288660646733,0.21713189839260832,1.0048959895259257,1.0098902669564374
304638.671875,1.895263671875,183.349609375,0.11801757812500001,0.106884765625,69631.80875778198,2589.84375,0.17278108520969793,1.0050352815810377,0.00027394482656320447,550.1157767717839,0.19807369457359242,1.0050092372132715,0.0003228389672263507,483.3199864758536,0.19807369457359242,1.0050092372132715,1.0100697417141842
304711.9140625,0.6805419921875,72.5341796875,0.37385253906250004,0.3874755859375001,78274.13642406464,2212.890625,0.15410851193615713,1.0050970688544598,0.0005483459035026182,614.678828401911,0.15832876881693592,1.0051800333146972,0.0005646403637070938,598.3632199349129,0.15832876881693592,1.0051800333146972,1.0103035051556304
304931.640625,0.774658203125,315.166015625,0.14936523437500002,0.14936523437500002,51931.07748031616,5082.03125,0.16597021310415466,1.0049932296176838,0.00015990999539810697,474.93854275486547,0.18348002336620517,1.004973000958042,0.00017918173635566103,431.40874725694204,0.18348002336620517,1.004973000958042,1.0099910619113983
305004.8828125,1.8011474609375,258.8037109375,0.34016113281250004,0.35612792968750007,98851.15897655487,5705.078125,0.17727418794905678,1.0052312373784078,0.00020720731620729992,475.3670149678371,0.20848890110218254,1.005198883095731,0.0002465946427049769,405.2473119725235,0.20848890110218254,1.005198883095731,1.0104573170657152
305224.609375,1.353271484375,380.576171875,0.180712890625,0.32778320312500003,29964.057445526123,2292.96875,0.18383376022469347,1.0051430668266215,0.00014889568828263574,569.1070157241704,0.22326476381371957,1.0053565284097565,0.0001870379473064007,473.62863928528054,0.22326476381371957,1.0053565284097565,1.0105271442199482
305297.8515625,1.0701904296875,279.0576171875,0.29006347656250003,0.1595458984375,131702.4029493332,2916.015625,0.16595331429202384,1.004889906367707,0.00019034169686532772,563.9766489054073,0.18319435809236037,1.0050154598029848,0.0002140512285986939,513.3589438803235,0.18319435809236037,1.0050154598029848,1.0099298912995194
305517.578125,0.976806640625,205.595703125,0.214404296875,0.37846679687500007,13176.896572113037,5785.15625,0.16336208167523464,1.0055275553395266,0.00024088296354055392,470.1689514175873,0.17756253358773597,1.005056271042875,0.00026315432884965517,433.5299734956963,0.17756253358773597,1.005056271042875,1.0106117752004027
305590.8203125,1.4466552734375,134.6240234375,0.25871582031250007,0.1340576171875,152759.4269514084,5408.203125,0.16061170800679897,1.0049925608620263,0.00036060448289808046,482.3550134379395,0.17179862833516393,1.0049945015751005,0.000389713732595822,451.91046657094944,0.17179862833516393,1.0049945015751005,1.010011997790216
305810.546875,0.600341796875,264.365234375,0.28325195312500007,0.279150390625,90993.22843551636,9308.59375,0.16010981667448373,1.0051009469853083,0.00018233336418084034,410.4818992746771,0.17021387042606292,1.0048963536656812,0.000195514133792144,385.7965177705877,0.17021387042606292,1.0048963536656812,1.0100222766914595
305883.7890625,1.8231201171875,331.5185546875,0.24377441406250003,0.22224121093750004,65061.814188957214,9931.640625,0.1905311373198361,1.0050702272296497,0.0001541667313743731,383.8767914807793,0.23919356724749122,1.005071015257109,0.00019739567222959656,304.66240330374814,0.23919356724749122,1.005071015257109,1.010166953686397
306103.515625,1.729736328125,66.806640625,0.31694335937500007,0.31459960937500003,108705.14822006226,6800.78125,0.15693400441591274,1.0050327840487003,0.0006439302758792641,459.74543976647215,0.16414112268068798,1.004951695196461,0.0006768810375255963,440.051998154099,0.16414112268068798,1.004951695196461,1.0100094000577602
306176.7578125,0.6937255859375,167.1630859375,0.21242675781250003,0.18386230468750003,43913.52164745331,6423.828125,0.1569399080117731,1.005027774014601,0.0002868733407344072,460.9367954567568,0.16447261187742593,1.004969648767494,0.0003015712331574221,441.0150629049357,0.16447261187742593,1.004969648767494,1.0100224090530299
306396.484375,1.159912109375,270.341796875,0.299072265625,0.307861328125,142903.6021232605,5761.71875,0.1684232499588288,1.0051680029215322,0.0001921388976645886,472.0757149200168,0.18863106045759728,1.0051178486905152,0.00021776636747277672,422.47271368513486,0.18863106045759728,1.0051178486905152,1.010312300669032
306469.7265625,1.2518310546875,330.8544921875,0.1927978515625,0.1771240234375,22241.698145866394,5384.765625,0.1765396478627316,1.0050019740522749,0.0001561748116094246,458.90590437710813,0.206630578025044,1.0050442807502298,0.00018693798759608513,393.55462021545776,0.206630578025044,1.0050442807502298,1.0100714861639297
306689.453125,1.533447265625,63.486328125,0.26479492187500003,0.285888671875,123761.02590560913,2253.90625,0.1565085626692495,1.0051116683086156,0.000630654607953052,607.7724711971224,0.1632500405471628,1.0051242163943093,0.0006627362316375708,583.2953379322915,0.1632500405471628,1.0051242163943093,1.0102620779974743
306982.421875,1.906982421875,387.880859375,0.23286132812500002,0.37641601562500004,52983.61539840698,6777.34375,0.20076842581794924,1.005230050879508,0.000145797630977181,428.69031458516156,0.2645787651996327,1.0044142701106737,0.00019459767100800954,323.9554213600004,0.2645787651996327,1.0044142701106737,1.0096674078474566
307055.6640625,0.5047607421875,277.0654296875,0.27775878906250007,0.1320068359375,100474.30884838104,6400.390625,0.16128825218201204,1.0044716572002088,0.00017773658245474205,456.99187940993676,0.16927669200705314,1.0042887207549462,0.0001951870079968938,429.7307148288273,0.16927669200705314,1.0042887207549462,1.0087795556441985
307275.390625,0.786376953125,200.947265625,0.19858398437500002,0.329833984375,74333.8942527771,9269.53125,0.16047135887372435,1.0051690553724841,0.00023519311545012228,409.531423028813,0.17148643181211365,1.0049783486200792,0.0002528017810048634,383.68924093570797,0.17148643181211365,1.0049783486200792,1.010173137352244
307348.6328125,1.6253662109375,144.5849609375,0.3096923828125,0.16159667968750002,82029.168009758,9892.578125,0.16277729185916592,1.004969824008636,0.0003254129874588516,403.27908549401695,0.1763489861752041,1.0048600176649314,0.0003561581058901476,372.6320652010503,0.1763489861752041,1.0048600176649314,1.009853995106041
307568.359375,1.341552734375,181.357421875,0.168994140625,0.152001953125,13676.887035369873,6105.46875,0.16516201200422245,1.0049655853860684,0.0002690096762653665,455.53122241393424,0.18148061486759812,1.00497976706586,0.0002996919766724101,415.6291548175104,0.18148061486759812,1.00497976706586,1.0099700799104967
307641.6015625,1.2459716796875,79.8388671875,0.3580322265625,0.3587646484375,152779.37591075897,6728.515625,0.1561539317450195,1.0051941049143338,0.0005556079784050038,463.05656853859824,0.16252512034650404,1.005013203541565,0.0005810262538510805,445.446430911613,0.16252512034650404,1.005013203541565,1.0102333475610508
307861.328125,0.965087890625,325.126953125,0.13706054687500002,0.104248046875,36025.819301605225,9597.65625,0.172802848813721,1.0047233830266582,0.0001428258571785325,385.5766274497352,0.19964886642934856,1.0048593492214606,0.00016525653253523885,335.41768390233494,0.19964886642934856,1.0048593492214606,1.009605684815752
307934.5703125,1.6224365234375,254.1552734375,0.3923095703125,0.38483886718750004,134707.7912092209,9220.703125,0.17458881455307176,1.0051714771752087,0.00019627518735880137,418.3632657533857,0.202330728119407,1.005167933324497,0.0002303041355758369,361.2129844122968,0.202330728119407,1.005167933324497,1.0103661363489362
308154.296875,0.588623046875,128.896484375,0.36528320312500007,0.23930664062500004,109637.6223564148,5121.09375,0.15440306066980053,1.0048640231983843,0.00036345011631010074,498.58211732291807,0.15897506773557235,1.0049116072412758,0.00037410457532178424,484.2450698367835,0.15897506773557235,1.0049116072412758,1.0097995206112231
308227.5390625,1.9989013671875,196.0498046875,0.1054931640625,0.25739746093750004,43235.00144481659,5744.140625,0.1790818889582215,1.0049346983683267,0.00024396761678887772,440.3095612546292,0.21249711634300486,1.004789408040379,0.0002972079291382843,372.86412965518946,0.21249711634300486,1.004789408040379,1.0097477406927478
308447.265625,1.718017578125,292.587890625,0.333349609375,0.20444335937500002,88116.18947982788,2613.28125,0.17537578953243854,1.0051415762884734,0.000198837053558351,584.8757666675157,0.20398632126048355,1.0051943603151683,0.00023716398837278718,506.5498962893517,0.20398632126048355,1.0051943603151683,1.010362643803472
308520.5078125,0.8695068359375,392.9443359375,0.1397705078125,0.2987060546875,61286.63718700409,2236.328125,0.17420620443067517,1.0051830815010916,0.00013503840800201304,575.0488788753322,0.20037727631246371,1.005178636233748,0.00016005900768866787,502.1385656187124,0.20037727631246371,1.005178636233748,1.0103885590285036
308740.234375,1.781005859375,81.748046875,0.113916015625,0.33833007812500004,126146.14057540894,3449.21875,0.1603806447123404,1.0050310340099156,0.0005356815044602169,539.6981925228455,0.17133570140494875,1.0050290203188832,0.0005790576541399906,506.5801734278223,0.17133570140494875,1.0050290203188832,1.0100853555010596
308813.4765625,0.7479248046875,152.8857421875,0.3779541015625001,0.1700927734375,24520.277857780457,3822.265625,0.15819264775176398,1.0049092117783025,0.00031413314595121565,535.6456655336492,0.16431165659573851,1.0050686113014768,0.0003354500463636923,511.53397151204666,0.16431165659573851,1.0050686113014768,1.01000270596608
309033.203125,0.654541015625,246.767578125,0.15463867187500002,0.367919921875,147432.22951889038,4941.40625,0.1611663633486782,1.0050332030464049,0.0002003848758528639,490.5086474059417,0.17300720070205206,1.0050941455732052,0.00021763781469715047,458.17545027347364,0.17300720070205206,1.0050941455732052,1.010152988488628
309106.4453125,1.8743896484375,348.4521484375,0.33488769531250007,0.12351074218750001,4864.643931388855,4314.453125,0.18152436456579865,1.0034695356913803,0.0001710828320992247,508.06294111894454,0.218476768808286,1.0032416457386022,0.00020697880103621167,423.7587481830948,0.218476768808286,1.0032416457386022,1.0067224284355714
309326.171875,1.028076171875,220.537109375,0.34770507812500007,0.27094726562500004,71641.33024215698,8464.84375,0.1624988273496716,1.0050059798046498,0.0002253361627728481,427.46097251283203,0.1758192139033108,1.0050508371621465,0.0002459411055572065,395.5292202450749,0.1758192139033108,1.0050508371621465,1.0100821013556265
309399.4140625,1.5008544921875,120.3466796875,0.16291503906250002,0.2140380859375,98683.92646312714,8837.890625,0.1615677907141364,1.004919814441864,0.00038220026181277927,414.2376061926505,0.1738182761130361,1.0049439944483884,0.0004126567500224858,385.38841468093034,0.1738182761130361,1.0049439944483884,1.0098881324255402
309619.140625,1.407470703125,362.978515625,0.388427734375,0.32280273437500007,52342.63753890991,7957.03125,0.17852839851279845,1.0051570059025678,0.00014819879484326908,437.2236965086054,0.21113975783430472,1.0051694594868401,0.00017859615261146884,369.81953834588705,0.21113975783430472,1.0051694594868401,1.0103531243224946
309692.3828125,1.1214599609375,295.9912109375,0.11984863281250001,0.1920654296875,117066.79618358612,7330.078125,0.17451245397756382,1.0048512927911835,0.0001592590099234383,415.5717445784206,0.20130990781315622,1.0049380049594911,0.00019184167049096832,361.2452495060485,0.20130990781315622,1.0049380049594911,1.0098132534585373
309912.109375,0.720458984375,343.388671875,0.279150390625,0.201220703125,37882.728099823,8667.96875,0.16644705051062453,1.0046639821666246,0.00014578134303607087,415.80609705629485,0.18266389883847756,1.0045503454708464,0.00016212533440889456,376.58235899108155,0.18266389883847756,1.0045503454708464,1.009235550367599
309985.3515625,1.7498779296875,231.2451171875,0.24787597656250002,0.29548339843750004,118362.3913526535,8041.015625,0.17645121858574847,1.0050693286153634,0.00021167855935758169,418.2453089216762,0.20632118544297182,1.0050600035961186,0.00025294265955171764,358.191413465316,0.20632118544297182,1.0050600035961186,1.0101549830325056
310205.078125,1.843994140625,157.783203125,0.32221679687500004,0.24252929687500002,16912.217617034912,7160.15625,0.16600126534405635,1.0050696385802427,0.00031490029051273486,447.18283190680455,0.18332220952743009,1.005070493487469,0.00035202620196431416,405.6337414625061,0.18332220952743009,1.005070493487469,1.0101658376371165
310278.3203125,0.6263427734375,97.4365234375,0.20715332031250003,0.2606201171875,138958.7219953537,7533.203125,0.15399051133223082,1.0044098639107886,0.0004630216874610416,445.74912489317063,0.15816895987830035,1.0051198738710956,0.0004733942969458374,433.6955028150147,0.15816895987830035,1.0051198738710956,1.0095523157288961
310498.046875,1.467529296875,312.177734375,0.17543945312500003,0.11508789062500001,87533.02335739136,3683.59375,0.17803523699438817,1.0049123037937142,0.00017509095257132047,505.6783429243667,0.20998057283156707,1.005056376681459,0.00021111534937548877,431.0683143768436,0.20998057283156707,1.005056376681459,1.009993518933528
310571.2890625,1.0028076171875,368.7060546875,0.29533691406250007,0.39567871093750007,78390.67161083221,3056.640625,0.1724306662963386,1.0053098139270753,0.00015063398903802344,560.8288538937381,0.19744756276273404,1.005286755884147,0.00017657640722912784,492.9263926381216,0.19744756276273404,1.005286755884147,1.010624641501245
310791.015625,1.096923828125,103.994140625,0.21850585937500003,0.141162109375,107179.452419281,4175.78125,0.15888401462036336,1.0049484194458598,0.0004403619261973224,517.7664572140743,0.16576169598342758,1.005014630675664,0.00047338433885443033,493.0277479597718,0.16576169598342758,1.005014630675664,1.009987864617473
310864.2578125,1.3734130859375,214.9755859375,0.2546142578125,0.34792480468750003,59619.75944042206,4548.828125,0.16819907085460242,1.0050826510555337,0.00024122539721700286,502.95993636626446,0.18809625270037836,1.0051121837219164,0.0002747065293779512,451.6002397130584,0.18809625270037836,1.0051121837219164,1.0102208182234405
311083.984375,1.605224609375,318.154296875,0.3600097656250001,0.22817382812500003,76756.93464279175,4886.71875,0.17568027396242905,1.0050731765084446,0.00018112738154004316,500.48383961506147,0.20500156151116544,1.0051242433123324,0.0002126369215176427,429.9596218062746,0.20500156151116544,1.0051242433123324,1.0102234160115726
311157.2265625,0.9471435546875,261.7919921875,0.1693603515625,0.28493652343750003,85349.82192516327,4259.765625,0.17125998414185534,1.0047347428869116,0.0001946288001373207,499.0579785834471,0.1891061146890915,1.0050884188349973,0.0002268312377808063,444.9962240823207,0.1891061146890915,1.0050884188349973,1.0098472540767935
311376.953125,1.228759765625,185.673828125,0.391357421875,0.17807617187500002,56850.86965560913,3378.90625,0.1609116104643877,1.0051122503064527,0.0002787086452057921,557.5792648885995,0.17246089559429245,1.0050479996936938,0.00030259066268136176,521.8035523784313,0.17246089559429245,1.0050479996936938,1.0101860566381275
311450.1953125,1.3236083984375,74.8583984375,0.1356689453125,0.30866699218750004,105228.16169261932,3751.953125,0.1569994877263944,1.005017743960055,0.0005749112815964086,534.9255729478433,0.16428690445343516,1.0051289412372089,0.0006052154095419067,511.94042667012536,0.16428690445343516,1.0051289412372089,1.0101724209111782
311669.921875,0.852294921875,286.943359375,0.10629882812500001,0.16547851562500002,121524.41740036011,7902.34375,0.16792831496132074,1.0046311616249963,0.00016796280644764094,416.01459701694995,0.18691485216971634,1.0047813608479368,0.00018825274762547203,372.8881716420333,0.18691485216971634,1.0047813608479368,1.0094346657278073
311743.1640625,1.7000732421875,399.2529296875,0.3668212890625,0.33356933593750004,39599.41565990448,7275.390625,0.18850520705155976,1.0049268360803176,0.00014356448031452163,447.9190133313409,0.23497279119874895,1.0036195950209954,0.00017911409243348965,359.3119018828485,0.23497279119874895,1.0036195950209954,1.0085642642526587
311962.890625,1.981689453125,131.884765625,0.13764648437500002,0.12827148437500002,141784.85250473022,8394.53125,0.16739711064708343,1.0048549532157713,0.000344440794350184,411.0574350225768,0.18623258349237953,1.0049098933063467,0.0003909538048402424,370.2468720015749,0.18623258349237953,1.0049098933063467,1.0097886838244148
312036.1328125,0.5706787109375,192.3974609375,0.3331298828125,0.3725341796875,20523.171305656433,8767.578125,0.1568848067858311,1.0052224268436472,0.0002514204442422209,425.44805083226885,0.163938418858879,1.0049399363994087,0.0002639822074793278,407.6310996789768,0.163938418858879,1.0049399363994087,1.010188161699514
312255.859375,0.896240234375,69.794921875,0.192431640625,0.381689453125,96292.67072677612,7230.46875,0.15459410728569953,1.004954506322837,0.0006170896525345625,453.1787767674738,0.15931565888019547,1.004628136538634,0.000636470843108465,439.7142528137058,0.15931565888019547,1.004628136538634,1.0096055729932145
312329.1015625,1.5506591796875,170.1513671875,0.2970947265625,0.1009521484375,69225.87859630585,7603.515625,0.16386594845607058,1.0049977344428351,0.0002954665755312159,437.6244202324788,0.17885446754717785,1.0048945856510336,0.0003251624697435132,401.77201596267855,0.17885446754717785,1.0048945856510336,1.0099167819331603
312548.828125,1.269775390625,266.689453125,0.226123046875,0.362060546875,116432.55758285522,8722.65625,0.17316492349407364,1.0050457534840531,0.00018064368847802792,409.51580791636786,0.19902880409136928,1.005033800668787,0.00021094327119807396,356.71689390510727,0.19902880409136928,1.005033800668787,1.0101049534701025
312622.0703125,1.1771240234375,333.8427734375,0.2657470703125,0.1551513671875,50903.01215648651,8095.703125,0.17318396299714464,1.005020575980951,0.00015209575917003195,418.97028964530944,0.19902590768233608,1.0049502719486159,0.000177659739362282,364.9877868050436,0.19902590768233608,1.0049502719486159,1.0099957011460112
312841.796875,1.643310546875,208.583984375,0.276220703125,0.30024414062500004,27800.49467086792,4246.09375,0.16994970196751186,1.0051521350732069,0.0002551576773566955,513.6065448370384,0.19194022835271368,1.0051599177006503,0.0002931726379581593,456.634427347323,0.19194022835271368,1.0051599177006503,1.0103386373668175
312915.0390625,0.8035888671875,137.6123046875,0.23205566406250003,0.20583496093750003,130768.06724071503,4619.140625,0.15658916146716556,1.0050073240071191,0.0003478792511635617,508.7501902852274,0.16341967063966614,1.004952218609325,0.0003652124314025791,488.23773608995873,0.16341967063966614,1.004952218609325,1.009984339979575
313134.765625,0.522705078125,382.900390625,0.309912109375,0.25600585937500003,6350.106716156006,3738.28125,0.16156374075110755,1.0048722014765132,0.00013711805761669604,535.1366578707393,0.1735779783712852,1.0049386920411467,0.00014937090436858107,499.13869331452105,0.1735779783712852,1.0049386920411467,1.0098349558203148
313208.0078125,1.9241943359375,281.3818359375,0.20070800781250003,0.23776855468750002,151470.09360790253,3111.328125,0.18318273584215392,1.0051823880428903,0.00020238337336390066,532.1979843662124,0.22189497006427836,1.0049881824567877,0.0002507580468893743,442.35066120200156,0.22189497006427836,1.0049881824567877,1.0101964211967978
313427.734375,0.632568359375,161.435546875,0.24985351562500002,0.12739257812500002,43409.35468673706,2324.21875,0.15580075984732022,1.0045858385293926,0.0002893074335679873,601.2703912356276,0.16265620328464062,1.0049627928601716,0.0003012763605303284,577.9776907589544,0.16265620328464062,1.0049627928601716,1.009571389956276
313500.9765625,1.8494873046875,94.4482421875,0.2795166015625,0.37165527343750004,113005.18691539764,2947.265625,0.1611415938903968,1.0051710134892877,0.0004886984605849965,571.7414508027823,0.172968861770081,1.0051193579507676,0.0005312652393074716,534.3365077475327,0.172968861770081,1.0051193579507676,1.0103168437090753
313720.703125,1.756103515625,337.080078125,0.20620117187500003,0.16635742187500002,67104.257106781,5816.40625,0.18738709230608575,1.005041116983697,0.00016266981793434135,445.6884332236598,0.23166864583049096,1.004712399195349,0.00020525133978434098,360.8157739565391,0.23166864583049096,1.004712399195349,1.0097772719346636
313793.9453125,0.7259521484375,236.8896484375,0.32082519531250003,0.3344482421875,93555.48560619354,5439.453125,0.160118093412164,1.0044775542634454,0.00021564403775421555,488.5559794458788,0.17079165317715972,1.0050268507280906,0.0002320595048731919,459.21864673863945,0.17079165317715972,1.0050268507280906,1.0095269129884452
314013.671875,1.379638671875,108.974609375,0.296142578125,0.19125976562500002,153906.40592575073,9339.84375,0.15815879583679143,1.0048630575989446,0.0004271382464852773,416.53088318079136,0.16671474649653867,1.0048643985300205,0.0004528770977129178,395.4720365045279,0.16671474649653867,1.0048643985300205,1.0097511119792009
314086.9140625,1.1024169921875,210.6591796875,0.17697753906250002,0.32185058593750004,15528.683543205261,9962.890625,0.16600851027221777,1.0049158106232714,0.00022078799615132106,395.63655181957165,0.1832639525270834,1.0049613708651397,0.00024627134216968007,358.5065683880681,0.1832639525270834,1.0049613708651397,1.009901570648016
314306.640625,1.009033203125,304.541015625,0.25249023437500007,0.21499023437500003,134473.0086326599,6832.03125,0.1690049970844645,1.0046791867115834,0.0001683763482872407,444.8024777796704,0.18893271347209228,1.005017132945481,0.00019191841690951664,397.105736437445,0.18893271347209228,1.005017132945481,1.009719795758873
314379.8828125,1.4730224609375,375.6787109375,0.21828613281250003,0.27175292968750003,31442.620158195496,6455.078125,0.18621594855277682,1.005032198151002,0.00014357893455493745,437.71576838200116,0.22883083405125418,1.0051193781162062,0.00018068820406072934,356.33430352343817,0.22883083405125418,1.0051193781162062,1.010177337992299
314599.609375,1.868896484375,242.451171875,0.3775878906250001,0.26215820312500004,106003.36408615112,9542.96875,0.17497051477046177,1.005095598679554,0.00020955682100980608,412.9439145986611,0.20307070348903392,1.005114577824045,0.0002472053202963754,355.8644072028074,0.20307070348903392,1.005114577824045,1.0102362383396055
314672.8515625,0.6483154296875,353.4326171875,0.1119384765625,0.24392089843750003,57892.95470714569,9166.015625,0.16723502849339772,1.0045839184698886,0.00013553424354853486,400.1373602622778,0.18617095499014708,1.003874928430372,0.00015088589786339563,359.5918934088871,0.18617095499014708,1.003874928430372,1.008476609256262
314892.578125,0.742431640625,88.720703125,0.336279296875,0.29409179687500003,84624.04012680054,6035.15625,0.15415336730009938,1.0049661059174773,0.0005100249094259296,479.057585214872,0.1584168378893673,1.0050337383820218,0.0005255588543184172,466.55790249990844,0.1584168378893673,1.0050337383820218,1.0100248423774651
314965.8203125,1.7747802734375,145.2490234375,0.15559082031250002,0.19968261718750002,77320.46210765839,6658.203125,0.16656955248325714,1.004972045555215,0.0003307588893408955,445.00269467662395,0.18454403879630807,1.0049019257437721,0.00037032674386375345,402.40627689082226,0.18454403879630807,1.0049019257437721,1.0098983438970934
315185.546875,1.115966796875,359.990234375,0.161376953125,0.34477539062500007,18077.151775360107,2558.59375,0.17676756859279918,1.005218251277223,0.00015263325260147197,560.2917776721006,0.20713327620359362,1.0051816591944491,0.00018374918053210322,482.2753364176305,0.20713327620359362,1.0051816591944491,1.0104269496713816
315258.7890625,1.4012451171875,299.6435546875,0.3468994140625,0.1378662109375,144688.06540966034,2181.640625,0.16985935685077042,1.0051198060910354,0.00019038791107523525,614.1309478976484,0.19172692219117632,1.0051248886806152,0.00022003520515336884,547.8366762987257,0.19172692219117632,1.0051248886806152,1.0102709332079334
315478.515625,1.495361328125,226.181640625,0.12006835937500002,0.39897460937500007,39867.928981781006,5050.78125,0.17448361844581342,1.0050152532787877,0.00022032345686318045,468.38355600257853,0.20194586810794865,1.0050497196352217,0.00026082043498361357,406.50257981884596,0.20194586810794865,1.0050497196352217,1.0100902985369669
315551.7578125,1.0218505859375,114.0380859375,0.39055175781250007,0.11823730468750002,125357.64396190643,5673.828125,0.15545946477382588,1.004953907319511,0.0004216394749030762,486.91784801023715,0.16097486432652403,1.0049755406167695,0.0004389799127064044,470.5995405888786,0.16097486432652403,1.0049755406167695,1.0099540963033606
315771.484375,1.956787109375,217.216796875,0.19594726562500003,0.18598632812500002,114491.67585372925,7511.71875,0.17785651174279002,1.004983649541414,0.00022770293885758416,420.61712383591396,0.2094783086621101,1.0049900041188136,0.0002740973249837757,357.6403603613643,0.2094783086621101,1.0049900041188136,1.0099985220919658
315844.7265625,0.5487060546875,107.7294921875,0.3146728515625,0.3177490234375,47887.17544078827,7134.765625,0.1538888166141824,1.0050449762069131,0.0004299153247103936,456.4008075323333,0.15795943554680825,1.0052590811097317,0.0004385687432621472,444.04629837620627,0.15795943554680825,1.0052590811097317,1.0103305892557137
316064.453125,0.830322265625,371.611328125,0.23666992187500002,0.220263671875,95837.86916732788,8003.90625,0.16926102307649965,1.0049220452023546,0.00013603599851744807,422.9281313065911,0.19027063208088896,1.0050154042619854,0.0001535885229839022,375.8918851113094,0.19027063208088896,1.0050154042619854,1.0099621355108257
316357.421875,1.203857421875,101.005859375,0.260986328125,0.12329101562500001,9704.074382781982,4527.34375,0.15648928530739598,1.0050045688535418,0.0004645074267141673,513.0953835118605,0.1632233689661148,1.0048751743877222,0.00048724242544569504,492.6042149116582,0.1632233689661148,1.0048751743877222,1.0099041413871603
316430.6640625,1.3016357421875,160.1904296875,0.2308837890625,0.36638183593750007,155619.9997663498,4150.390625,0.1632556475412499,1.0051195792160663,0.0003133622062574645,520.2579235047764,0.17745403385310937,1.0051073662757974,0.00034531871467271825,480.31948263648445,0.17745403385310937,1.0051073662757974,1.0102530930580982
316650.390625,1.583251953125,232.822265625,0.30170898437500004,0.170458984375,29333.5280418396,3019.53125,0.16893687065682492,1.0051346164826893,0.00023757339606996915,562.9458699151893,0.18968001792820283,1.0051423905993329,0.0002722092725209568,504.1430583138544,0.18968001792820283,1.0051423905993329,1.010303411285554
316723.6328125,0.9222412109375,346.4599609375,0.18781738281250002,0.3397216796875,134451.34818553925,3642.578125,0.1706991063926971,1.005093530111177,0.00015485488960228483,523.3558444633484,0.1936017353920727,1.0051507478498145,0.00017899024859487317,463.77923931629226,0.1936017353920727,1.0051507478498145,1.0102705134502596
316943.359375,0.544677734375,298.232421875,0.328369140625,0.34887695312500006,55602.11896896362,4355.46875,0.1597076414839338,1.0043509202975276,0.0001737991416130701,519.46544703396,0.170016196143848,1.0052588918956946,0.0001868132571009452,489.31517302806407,0.170016196143848,1.0052588918956946,1.0096326932127138
317016.6015625,1.9490966796875,366.7138671875,0.14240722656250002,0.14313964843750002,104645.43426036835,4978.515625,0.19855849885160748,1.0050492878583486,0.00015636288210232077,446.88346875479937,0.2588394735199677,1.0043918050351675,0.00020744239020743812,342.44825499564865,0.2588394735199677,1.0043918050351675,1.0094632683813562
317236.328125,1.668212890625,123.251953125,0.371435546875,0.394873046875,75716.18795394897,3847.65625,0.162000984293939,1.005147288095749,0.00040328081701400246,542.8834167013903,0.1747862592633492,1.0051339489033764,0.00044071750119520456,504.91182078148825,0.1747862592633492,1.0051339489033764,1.0103076629132
317309.5703125,0.8255615234375,222.2802734375,0.1016845703125,0.11296386718750001,84661.98432445526,3470.703125,0.16232822017480664,1.0049672396077312,0.0002250873576118614,531.1247170826877,0.17521654589750044,1.0049761246139244,0.00024641455280467733,493.15060374600034,0.17521654589750044,1.0049761246139244,1.0099680818249308
317529.296875,1.291748046875,352.021484375,0.130908203125,0.267431640625,146715.2590751648,7371.09375,0.18339421772175188,1.0049612158558587,0.0001428034765224917,412.63019363376844,0.2244186668625949,1.0042067677948523,0.00017693403505432027,340.1327362803566,0.2244186668625949,1.0042067677948523,1.0091888543337968
317602.5390625,1.2020263671875,249.1748046875,0.3961181640625,0.24802246093750002,22537.30857372284,7994.140625,0.16506301744968668,1.0050654030429162,0.00021021844744568003,440.58660830054754,0.18132379054945116,1.005091070053324,0.00023318458754861598,401.4958921465053,0.18132379054945116,1.005091070053324,1.01018226141798
317822.265625,0.921142578125,154.462890625,0.17397460937500003,0.288818359375,126307.96194076538,8863.28125,0.16585583177781488,1.004190601982894,0.0003022420112762173,414.0892190378754,0.17576844481590706,1.004742827050129,0.0003450635576815281,380.9548867658356,0.17576844481590706,1.004742827050129,1.0089533043334638
317895.5078125,1.5726318359375,84.8193359375,0.35539550781250007,0.19558105468750003,43420.12107372284,8486.328125,0.15678661417081716,1.0041184353884824,0.0005408236180811917,433.26874924870896,0.16383338488663313,1.0049429446947573,0.0005676776515374842,415.13123489672626,0.16383338488663313,1.0049429446947573,1.009081737281594
318115.234375,0.984130859375,389.873046875,0.38579101562500007,0.160205078125,88884.66596603394,9199.21875,0.16952323836467495,1.004688526087196,0.00013756849585805258,418.27990110542305,0.1903157155841004,1.0050612198205817,0.0001537684391056578,370.88921111107186,0.1903157155841004,1.0050612198205817,1.0097734755689396
318188.4765625,1.4510498046875,291.0107421875,0.12482910156250002,0.3294677734375,81522.4140882492,9572.265625,0.1835347074161824,1.00483802200303,0.0001650479618433628,384.01646770184817,0.22170238362435696,1.0048806639542205,0.00020180984928349754,316.0932298775688,0.22170238362435696,1.0048806639542205,1.0097422987168503
318408.203125,1.357666015625,193.642578125,0.35151367187500004,0.133544921875,109086.40432357788,6691.40625,0.1625322484337496,1.0050224908724914,0.00027044247062589256,461.3256386290697,0.17587819089218734,1.004987649924663,0.000295469916260666,427.0847498850023,0.17587819089218734,1.004987649924663,1.0100351912233763
318481.4453125,1.0775146484375,125.3271484375,0.1567626953125,0.37663574218750007,59279.744029045105,6064.453125,0.15919813317787168,1.0050398580886604,0.0003816381556700157,471.1158767794101,0.16885451370589372,1.0049220528291243,0.00040770348323834244,444.9812115701869,0.16885451370589372,1.0049220528291243,1.0099867173655483
318701.171875,1.731201171875,252.412109375,0.15083007812500002,0.22407226562500004,35744.29655075073,2214.84375,0.17792048756170978,1.0051675775949929,0.00021755908486808213,575.1120498253346,0.20970690241744955,1.0052000152610248,0.00026410736754825976,492.7483027507323,0.20970690241744955,1.0052000152610248,1.0103944643383742
318774.4140625,0.7039794921875,322.2216796875,0.3410400390625,0.2796630859375,123670.95649242401,2587.890625,0.16256945996408212,1.0051819270795488,0.00016525002426126352,592.0524223280524,0.17600983852600505,1.0051767339480089,0.0001815663782189924,548.970216240003,0.17600983852600505,1.0051767339480089,1.0103854864853865
318994.140625,0.610595703125,76.103515625,0.11655273437500001,0.182177734375,18547.898769378662,5707.03125,0.15308639604378826,1.0049845369450365,0.0005749131366767234,484.67525856025253,0.15625412916586162,1.0050469937981568,0.0005855538702967972,474.74391699701675,0.15625412916586162,1.0050469937981568,1.0100566876702415
319067.3828125,1.8245849609375,179.1162109375,0.37297363281250007,0.3139404296875,144110.955119133,5080.078125,0.16716385519909324,1.0050800348457967,0.0002993125934173375,503.2206290627889,0.18587648023172032,1.0051711844325986,0.0003374253695202441,453.8727711692193,0.18587648023172032,1.0051711844325986,1.0102774890755069
319287.109375,1.517333984375,141.513671875,0.21352539062500003,0.30434570312500003,68500.892162323,2917.96875,0.1634518329248739,1.0051037647990129,0.00035033249170086423,566.0799209217903,0.17788875727059683,1.005127419123657,0.00038704681578455676,522.2921967779188,0.17788875727059683,1.005127419123657,1.010257353063903
319360.3515625,1.0467529296875,199.3701171875,0.25725097656250007,0.2111083984375,95856.10473155975,2291.015625,0.16201785430116974,1.0049964101041327,0.0002543841225743744,601.7138339433483,0.17480788230784583,1.0050766651798742,0.00027833261188442285,559.4709520944551,0.17480788230784583,1.0050766651798742,1.010098440385207
319580.078125,1.140869140625,274.658203125,0.18159179687500002,0.25190429687500004,49357.16390609741,5410.15625,0.16990634863669118,1.0049471118578157,0.00018881090496990048,470.5611179331793,0.19188470258028328,1.0050193428538092,0.00021601583701855395,417.7389519036767,0.19188470258028328,1.0050193428538092,1.0099912859621754
319653.3203125,1.4232177734375,384.3115234375,0.29152832031250003,0.23249511718750002,118871.25861644745,5783.203125,0.18082111031959797,1.005106949194623,0.0001475531851155621,466.78672019986885,0.21646931363334213,1.0048721638448057,0.0001792925010496541,390.60650753293083,0.21646931363334213,1.0048721638448057,1.010003994932652
319873.046875,0.764404296875,174.052734375,0.31606445312500003,0.386962890625,135106.9369316101,9933.59375,0.15823438600473436,1.0049755649411927,0.0002786454110659523,411.2759295268805,0.16673804401792158,1.0050125973216288,0.0002944489409467936,390.71387470526895,0.16673804401792158,1.0050125973216288,1.0100131027663193
319946.2890625,1.7996826171875,60.5810546875,0.21096191406250003,0.1050537109375,32075.82175731659,9306.640625,0.15598038920722018,1.0049202760045497,0.0007059194480971103,418.8209922130061,0.1634880140298051,1.0044717828628058,0.000731164355602058,401.75178687045945,0.1634880140298051,1.0044717828628058,1.009414061273273
320166.015625,1.893798828125,327.119140625,0.28413085937500004,0.356787109375,154305.85622787476,6425.78125,0.18837651108616865,1.0052271282377634,0.00017197807971912002,453.1392145975585,0.23438857291386678,1.0041078741682206,0.0002157962570808147,364.2499275188394,0.23438857291386678,1.0041078741682206,1.0093564747910457
320239.2578125,0.6702880859375,268.1005859375,0.24523925781250003,0.1510498046875,10055.397868156433,6798.828125,0.1601349416850774,1.004967241575019,0.00019005043603023585,453.7085989416905,0.17450431805098,1.0048833066088279,0.00020361161037513563,423.3025481089728,0.17450431805098,1.0048833066088279,1.0098748047474577
320458.984375,0.808349609375,116.279296875,0.14438476562500002,0.27504882812500003,27110.755443572998,6636.71875,0.15619077614153876,1.0049785936596154,0.00040615963723312576,462.099746491261,0.16260360580047728,1.0044929379405643,0.00042373771578786934,444.1462135878603,0.16260360580047728,1.0044929379405643,1.0094939001125236
320532.2265625,1.6502685546875,229.9169921875,0.3287353515625,0.21931152343750002,132058.5926771164,6009.765625,0.16982135510086224,1.0050903916519303,0.00023565614205517656,472.48473144610654,0.19176349355471917,1.0050990649530271,0.0002679102999456639,419.08584147148986,0.19176349355471917,1.0050990649530271,1.0102154128426268
320751.953125,1.931884765625,302.548828125,0.100732421875,0.318701171875,10236.67287826538,9128.90625,0.19665604114887947,1.0048895917806135,0.00016710055102190903,379.099132133832,0.2542750401057207,1.0048504185008629,0.00021926288702411683,291.7006141083831,0.2542750401057207,1.0048504185008629,1.0097637268479107
321044.921875,1.555419921875,148.818359375,0.39692382812500004,0.343603515625,100404.42228317261,5652.34375,0.162349614129174,1.0051103441945664,0.0003463794921504685,491.8684704674711,0.17551636282935482,1.0050134604185723,0.00037821358226847586,456.03763990314087,0.17551636282935482,1.0050134604185723,1.0101494251214833
321118.1640625,0.9031982421875,91.1279296875,0.1324462890625,0.1741943359375,72881.52015209198,5025.390625,0.15522099286914048,1.0049181999005437,0.000501455528929488,499.22428206625557,0.16069800464147208,1.004792398388829,0.0005216746722237072,483.24721287376934,0.16069800464147208,1.004792398388829,1.009734168262652
321337.890625,1.184814453125,355.009765625,0.353271484375,0.362646484375,120650.81930160522,2144.53125,0.17321799776946414,1.0054254313340651,0.0001634865506511913,624.5319509286531,0.19924662083201183,1.0054083648649448,0.00019291454301146216,547.6922251323099,0.19924662083201183,1.0054083648649448,1.0108631389112142
321411.1328125,1.2738037109375,245.5224609375,0.1737548828125,0.1194091796875,49749.97794628143,2517.578125,0.1688571084059286,1.0049178209737302,0.00021721813820413247,570.8968451057001,0.18901075550759766,1.0050220368719858,0.00024908531738673556,512.1857160327879,0.18901075550759766,1.0050220368719858,1.0099645553239758
321630.859375,1.693115234375,377.919921875,0.314306640625,0.109814453125,122664.31379318237,5480.46875,0.18182231090177955,1.0046204055074797,0.00015711204694047966,475.2303470744644,0.21901897561306807,1.0037861631775464,0.00019026638722760068,395.24721815268225,0.21901897561306807,1.0037861631775464,1.0084240622942238
321704.1015625,0.8475341796875,308.2763671875,0.1939697265625,0.3915771484375,36240.19134044647,5853.515625,0.167257855789128,1.0051025902914996,0.00016779271463458325,466.81634280384753,0.18607672321664992,1.0050923447769473,0.00018901638037088919,420.6867982420276,0.18607672321664992,1.0050923447769473,1.0102209192174667
321923.828125,0.566650390625,213.564453125,0.27299804687500007,0.14643554687500002,142987.55025863647,2972.65625,0.1643261483905969,1.0050543797116196,0.00023125760318082268,559.5809746340176,0.1774387319082528,1.0048110866882596,0.0002577157965701571,515.8801539648018,0.1774387319082528,1.0048110866882596,1.0098897834588272
321997.0703125,1.9739990234375,110.7177734375,0.23762207031250002,0.3520263671875,13462.246775627136,2345.703125,0.16389546303102676,1.005168707404093,0.00043400435569806805,599.1545438660322,0.17884449058897106,1.0051453679257294,0.00048122543776729496,551.5531061096626,0.17884449058897106,1.0051453679257294,1.0103406702311168
322216.796875,0.940185546875,240.458984375,0.22934570312500002,0.19711914062500002,83575.76322555542,6496.09375,0.1644034651735462,1.0046722272106914,0.00021509821760339935,457.5794115449284,0.17856508771052187,1.0050903166544245,0.00023569921010100235,419.063369675279,0.17856508771052187,1.0050903166544245,1.0097863269810998
322290.0390625,1.6004638671875,339.4873046875,0.26018066406250007,0.29020996093750007,91653.07700634003,6869.140625,0.183968026919471,1.0049117845356512,0.00016083449172991763,440.96157376053833,0.22317183650751016,1.0051152668554704,0.00019974996742326125,362.973969694022,0.22317183650751016,1.0051152668554704,1.010052176479758
322509.765625,1.319580078125,96.025390625,0.188037109375,0.24663085937500004,64571.298122406006,9988.28125,0.15777786014275616,1.0049602324831477,0.00047662709380124143,408.73322812944855,0.16589871057387984,1.0049204983229143,0.0005029381271193313,388.9938194736331,0.16589871057387984,1.0049204983229143,1.0099051376216766
322583.0078125,1.2210693359375,164.5068359375,0.3038330078125,0.26589355468750003,113479.49302196503,9361.328125,0.16129426150069734,1.0049940652512013,0.0002992306391512091,417.7176673876353,0.17327000620765476,1.004981198994453,0.0003227965411689407,389.0835246009886,0.17327000620765476,1.004981198994453,1.0100001406784618
322802.734375,1.429443359375,278.310546875,0.25922851562500004,0.3805175781250001,24919.24238204956,8074.21875,0.17596214265757387,1.0051434403084798,0.00018258940439413646,425.47521482705264,0.2052233964286957,1.0051075763601158,0.00021734788201724063,365.1407827817685,0.2052233964286957,1.0051075763601158,1.0102772871827248
322875.9765625,1.1463623046875,381.3232421875,0.21389160156250003,0.13728027343750002,151406.92031383514,8697.265625,0.17762157821661587,1.0049957153676017,0.00013405006703011633,405.8659786071387,0.20958887445085056,1.0045018324263504,0.00016116633064602423,344.9721841294552,0.20958887445085056,1.0045018324263504,1.0095200376673867
323095.703125,1.052978515625,135.205078125,0.29057617187500007,0.32573242187500007,45986.581325531006,7566.40625,0.15842038210093445,1.0050130833517432,0.0003621495680520032,448.05625362758747,0.167242050006781,1.0045859079503645,0.0003842492037091632,424.74063291037805,0.167242050006781,1.0045859079503645,1.0096219808409064
323168.9453125,1.5228271484375,205.0146484375,0.18020019531250003,0.15632324218750002,130788.39576244354,7189.453125,0.1694027058636236,1.0049687826070468,0.0002445095833393262,434.94927522217023,0.19141231859837132,1.0048761578606058,0.0002808787893793465,387.0931224751452,0.19141231859837132,1.0048761578606058,1.0098691690360195
323388.671875,0.676513671875,332.099609375,0.21176757812500002,0.31313476562500003,103843.96696090698,3089.84375,0.16410592564661441,1.0051566982693,0.00015973615912912272,556.07126003508,0.1792535491467641,1.0050062988591495,0.00017714963249296564,511.2855598208125,0.1792535491467641,1.0050062988591495,1.010188813101112
323461.9140625,1.8992919921875,263.7841796875,0.3176025390625,0.18122558593750002,54135.159373283386,3712.890625,0.1748555077818909,1.0051173311226629,0.00022340243391316718,536.2387167622466,0.20289509520181323,1.0050752377462038,0.00026338779610343493,464.0215855919116,0.20289509520181323,1.0050752377462038,1.0102185405409403
323681.640625,1.805908203125,166.416015625,0.24311523437500002,0.280615234375,84056.07748031616,4582.03125,0.1675959002543996,1.0051167954016207,0.0003147729770008707,504.7619014249153,0.18676336604073557,1.00498477475654,0.00035605095560240727,454.5209968467021,0.18676336604073557,1.00498477475654,1.010127076230713
323754.8828125,0.7698974609375,67.5537109375,0.2839111328125,0.22487792968750003,74688.01200389862,4205.078125,0.15330799474835213,1.0049892311278916,0.00063734421655792,528.6875047024531,0.1567018061693265,1.005048299566728,0.0006518470199213213,517.3443132095846,0.1567018061693265,1.005048299566728,1.0100627178279609
323974.609375,1.072021484375,189.326171875,0.12446289062500002,0.23403320312500003,161446.60139083862,3792.96875,0.163137207356689,1.004973171039811,0.0002678626399743092,523.837239418727,0.17717481009299055,1.0050442035588596,0.00029453345536970156,483.9964437682962,0.17717481009299055,1.0050442035588596,1.0100424602857285
324047.8515625,1.3514404296875,130.3076171875,0.3838134765625001,0.2532958984375,10966.929316520691,3416.015625,0.15913056723660898,1.0050788425915402,0.00038443463055624764,559.6343649879435,0.168728454730021,1.0051071010072303,0.00041171111638690065,529.2542188926245,0.168728454730021,1.0051071010072303,1.0102118817608854
324267.578125,1.445556640625,396.845703125,0.15815429687500002,0.20971679687500003,140475.84676742554,4285.15625,0.18782769809286753,1.0048484533248636,0.00014362480450936312,480.19779148702327,0.23195586727768375,1.0048767983969942,0.00018237839908509003,389.15995309185223,0.23195586727768375,1.0048767983969942,1.0097488966512604
324340.8203125,0.9779052734375,283.3740234375,0.35246582031250007,0.30280761718750004,34356.472849845886,4908.203125,0.16478075276398252,1.0051079976914583,0.0001936634445235085,506.5919299525217,0.1807060923434169,1.005139156564754,0.00021499424012964678,463.2041548951809,0.1807060923434169,1.005139156564754,1.010273405056081
324560.546875,1.819091796875,73.115234375,0.33950195312500003,0.14790039062500002,48150.69913864136,8808.59375,0.1565428413634705,1.0050019926296028,0.0006198435433230428,430.07982628202546,0.1633101009113041,1.0049773748428286,0.0006489056433506681,412.47568986278543,0.1633101009113041,1.0049773748428286,1.01000426426471
324633.7890625,0.6043701171875,182.7685546875,0.1500244140625,0.3534912109375,115843.24729442596,8431.640625,0.15744089658934277,1.0049955403257476,0.00026801156594493487,430.15494659596465,0.1652083833484166,1.004970094470229,0.00028186891478490994,410.1383687535981,0.1652083833484166,1.004970094470229,1.0099904631033252
324853.515625,0.698486328125,258.056640625,0.3731933593750001,0.108349609375,66912.17947006226,7300.78125,0.16022764154752844,1.0048145913026927,0.00020290260902420656,450.62947991151793,0.1693494229085188,1.0046077522562762,0.00021863488377358992,424.4493305764464,0.1693494229085188,1.0046077522562762,1.009444528002907
324926.7578125,1.7249755859375,315.9130859375,0.1186767578125,0.3901123046875,95720.10123729706,7923.828125,0.19197069246501677,1.0049403083448272,0.00016277142183295626,402.17537215754817,0.24273857911215632,1.0049186873895186,0.00020943996391013307,317.18226615250677,0.24273857911215632,1.0049186873895186,1.0098832955667019
325146.484375,1.816162109375,291.591796875,0.13032226562500002,0.21411132812500003,63101.3560295105,5261.71875,0.18660426967366567,1.0050121400202574,0.00018416936263983136,452.0532462457247,0.22961517808874896,1.0049527892892147,0.00023287344673642406,368.0817656512607,0.22961517808874896,1.0049527892892147,1.0099897533828806
325219.7265625,0.5955810546875,394.6044921875,0.3990478515625,0.2708740234375,111911.43691539764,5884.765625,0.1619101253927541,1.0050891039852923,0.00013846241130453552,483.4679431667865,0.1744991886938546,1.0049999854058314,0.00015049375673275805,449.39603071729374,0.1744991886938546,1.0049999854058314,1.0101145348367788
325439.453125,0.689697265625,127.236328125,0.17104492187500003,0.192138671875,81408.97512435913,2753.90625,0.15715215577004146,1.0048348650800871,0.00036573659245562235,576.9572918358361,0.1629783284051311,1.0046723650903018,0.00038534301093568277,553.1147099545997,0.1629783284051311,1.0046723650903018,1.0095298204252054
325732.421875,1.063232421875,324.130859375,0.32661132812500004,0.170166015625,143674.89957809448,6277.34375,0.16807272421259414,1.0047198144584994,0.00017028110491402613,467.100260838727,0.18771757813369475,1.0049898952288774,0.00019270748802596607,418.71666519800124,0.18771757813369475,1.0049898952288774,1.0097332610670244
325805.6640625,1.3485107421875,255.8154296875,0.1465087890625,0.3382568359375,18897.648692131042,6900.390625,0.17397786905796028,1.0050841571911253,0.0001965507843739139,435.2170672344875,0.2009224669454323,1.0049871333517324,0.00022996981947918932,377.54845808780544,0.2009224669454323,1.0049871333517324,1.010096645912751
326025.390625,1.442626953125,179.697265625,0.3673339843750001,0.12358398437500001,126722.1999168396,9769.53125,0.16269127113559873,1.0049518324916915,0.00028428617620975905,414.4706791400909,0.17573218102468605,1.004797573898023,0.0003083949112308972,382.86071393045984,0.17573218102468605,1.004797573898023,1.0097731631720241
326098.6328125,0.9691162109375,80.8349609375,0.10344238281250001,0.36784667968750007,38465.813517570496,9392.578125,0.1555293350899824,1.004971002224262,0.0005553922200844213,420.1407976485214,0.16124250780625324,1.0049753990574763,0.0005767130427186787,405.42378527531247,0.16124250780625324,1.0049753990574763,1.0099711340015196
326318.359375,0.685302734375,202.607421875,0.26274414062500007,0.395751953125,122262.58039474487,6605.46875,0.15885370794546688,1.0050736394430257,0.000250748487640285,465.10428466315545,0.16815414061611714,1.0048835054141292,0.0002667378996742808,439.9318169043376,0.16815414061611714,1.0048835054141292,1.0099819220028443
326391.6015625,1.9022216796875,143.5888671875,0.22678222656250002,0.1150146484375,54169.45159435272,6228.515625,0.16498805998719343,1.0049866131486185,0.0003539755975704236,463.2231388333315,0.18109390545654613,1.0049810900756968,0.0003936905975978965,422.9451273041516,0.18109390545654613,1.0049810900756968,1.0099925419935811
326611.328125,1.808837890625,388.876953125,0.30581054687500003,0.347998046875,104799.98922348022,9097.65625,0.19339337313874486,1.0050491324566506,0.00014632237387865525,415.63830868281286,0.24646880681911298,1.0046374256416502,0.0001882714459326762,324.52521035717746,0.24646880681911298,1.0046374256416502,1.0097099730746233
326684.5703125,0.7786865234375,275.4052734375,0.18605957031250003,0.14108886718750002,75692.47138500214,9720.703125,0.16376074330296528,1.0049118073992909,0.00017964325782753328,404.02077974176603,0.1777518077324051,1.004912412179736,0.00019725082345235396,371.20888642103756,0.1777518077324051,1.004912412179736,1.0098483484015195
326904.296875,1.432373046875,65.146484375,0.196533203125,0.29555664062500003,7856.006145477295,5621.09375,0.156060254490563,1.0048983663900577,0.0006750932646351883,488.12700750780897,0.16233299990822467,1.004747309135052,0.000704532694369974,469.6936549762822,0.16233299990822467,1.004747309135052,1.0096689295846202
326977.5390625,1.1551513671875,174.7998046875,0.3117431640625,0.20114746093750002,154023.4535932541,5244.140625,0.1604808537042405,1.0050392707748372,0.00029891289090904486,496.378074273411,0.17150165111033036,1.00482798044648,0.0003223141387855936,465.5216248291241,0.17150165111033036,1.00482798044648,1.0098915807220825
327197.265625,1.061767578125,271.337890625,0.23959960937500002,0.26069335937500004,22535.50100326538,2113.28125,0.16695377479065718,1.005122538700323,0.00019896844981543224,609.4670721700957,0.1854440581029924,1.0051854263401532,0.00022528632885551796,552.1158674891477,0.1854440581029924,1.0051854263401532,1.0103345275875815
327270.5078125,1.5257568359375,329.1943359375,0.27102050781250003,0.24245605468750003,135627.2133588791,2736.328125,0.17725900680646886,1.0052130804189399,0.00018160545163737436,572.105143543686,0.20825145453506533,1.005201194672822,0.00021819072991964623,490.3499277398923,0.20825145453506533,1.005201194672822,1.0104413893378659
327490.234375,0.937255859375,102.998046875,0.320166015625,0.132080078125,63950.706005096436,3949.21875,0.15492034576543914,1.0049836705075168,0.0004609432960035623,536.8053018532584,0.15996107859572795,1.0049154153757678,0.000478086901428976,520.4825212739682,0.15996107859572795,1.0049154153757678,1.009923582693925
327563.4765625,1.5916748046875,216.6357421875,0.20920410156250002,0.3763427734375,95578.62746715546,3322.265625,0.17170699235705175,1.005243726643881,0.0002509701542134828,543.1451150500319,0.1958368081503781,1.0051417199807653,0.00029185060636432357,478.98800694956304,0.1958368081503781,1.0051417199807653,1.0104124083987047
327783.203125,1.310791015625,310.517578125,0.285888671875,0.161669921875,46717.50783920288,4441.40625,0.17096742389638855,1.0050122134479877,0.00018437872518816252,508.9153160329876,0.19415413742246798,1.0051483806986303,0.00021351316498412123,449.7444091296987,0.19415413742246798,1.0051483806986303,1.0101863989295912
327856.4453125,1.2181396484375,369.7021484375,0.24113769531250004,0.32976074218750007,114787.86170482635,4814.453125,0.1773223309269098,1.0053187598146665,0.00015300607917246472,490.8266866436662,0.20851818753568208,1.0051933714057635,0.00018218474798659421,418.54627833304613,0.20851818753568208,1.0051933714057635,1.0105397535155656
328076.171875,1.684326171875,156.787109375,0.21645507812500003,0.17719726562500002,143821.01774215698,8964.84375,0.1656521581897235,1.0049981623916218,0.0003122877637389136,416.0941386626569,0.18263207249609104,1.0049501297296504,0.0003456796726270785,377.5465562474753,0.18263207249609104,1.0049501297296504,1.0099730336735204
328149.4140625,0.8446044921875,99.0966796875,0.25666503906250004,0.30778808593750007,36131.741404533386,8337.890625,0.15521655314448782,1.0045137353162428,0.0004731933742454583,437.81628203577395,0.1605779072090579,1.0050078420657542,0.00049149873072301,423.70375489079794,0.1605779072090579,1.0050078420657542,1.0095441814555874
328369.140625,0.563720703125,341.728515625,0.182177734375,0.229052734375,162577.5008201599,7457.03125,0.16186037332869282,1.0045596291131857,0.00015040164316384457,439.8953131809682,0.1744881329100663,1.0048797195234722,0.00016464594145447953,408.94865449338454,0.1744881329100663,1.0048797195234722,1.0094615983478614
328442.3828125,1.9652099609375,232.2412109375,0.28859863281250003,0.28581542968750007,16649.98710155487,7830.078125,0.17712207932849394,1.0051348387295422,0.00022572423549028668,433.27563722589156,0.2078474165089949,1.0050917711055654,0.00027030769087483386,369.5061536561166,0.2078474165089949,1.0050917711055654,1.0102527552585825
328662.109375,1.564208984375,364.638671875,0.14790039062500002,0.25747070312500003,88155.7993888855,8167.96875,0.19141924857150636,1.0046112445719784,0.0001453760170358704,402.7023291168346,0.24097236110094752,1.004760507518757,0.00018702852085555497,318.5506450761382,0.24097236110094752,1.004760507518757,1.009393703955191
328735.3515625,0.9061279296875,294.9951171875,0.34162597656250004,0.23923339843750002,76829.310297966,8541.015625,0.1640797360573447,1.0050419617414061,0.00017837388637233163,431.07061811214635,0.17915740697652022,1.0049065303264435,0.00019647352438666196,395.19100221593374,0.17915740697652022,1.0049065303264435,1.0099732306060387
328955.078125,1.187744140625,221.533203125,0.115966796875,0.29877929687500004,106207.01742172241,7660.15625,0.1685759380465724,1.0046248013205874,0.00022109874141578917,426.6715979969201,0.1886004748651957,1.0049489491101622,0.0002505972031063145,381.3595672045185,0.1886004748651957,1.0049489491101622,1.0095966383371298
329028.3203125,1.2825927734375,118.6865234375,0.37590332031250007,0.20437011718750003,58668.1946516037,7033.203125,0.1574699078520982,1.0050022978377504,0.00041953324026434123,462.3134225905758,0.16524816042340035,1.0049583775790047,0.0004423441951675256,441.0601108298816,0.16524816042340035,1.0049583775790047,1.0099854786981974
329248.046875,0.811279296875,248.427734375,0.381689453125,0.35883789062500004,42045.96281051636,3183.59375,0.1613391483375784,1.0051102376189156,0.00021568659390487147,570.9286394537901,0.17338627603421541,1.005213133062644,0.00023479724826110028,533.3888747766794,0.17338627603421541,1.005213133062644,1.0103500110302486
329321.2890625,1.6590576171875,347.4560546875,0.1265869140625,0.15192871093750002,133627.67112255096,3556.640625,0.1886541400236029,1.0046939880463854,0.000165409564642852,497.61678481964026,0.23327319443126668,1.0048690362096004,0.0002114726420001816,402.6929453449059,0.23327319443126668,1.0048690362096004,1.0095858794537511
329541.015625,1.940673828125,82.744140625,0.34975585937500003,0.3849121093750001,23671.395778656006,4675.78125,0.15944461001919633,1.0050536021130623,0.000573820985250883,518.3532398141257,0.16936693600290076,1.0047189968064933,0.0006143406580576581,488.9096978872612,0.16936693600290076,1.0047189968064933,1.0097964468517884
329614.2578125,0.5296630859375,151.2255859375,0.16086425781250002,0.10417480468750001,153150.5821943283,4048.828125,0.15480172632587466,1.0045531548677538,0.0003221896859171651,528.1790510357785,0.15963807294403506,1.004677361214903,0.00033360206007495457,512.430430615002,0.15963807294403506,1.004677361214903,1.0092518128326406
329833.984375,0.761474609375,381.904296875,0.22875976562500003,0.32192382812500003,131133.52155685425,4386.71875,0.16760985794469027,1.0051473310000998,0.0001438794597591941,508.92355098567026,0.18680389714599951,1.005122670540018,0.00016294279313682966,458.3436297941086,0.18680389714599951,1.005122670540018,1.0102963696209917
329907.2265625,1.7908935546875,283.0419921875,0.26311035156250007,0.19118652343750003,40545.25649547577,4759.765625,0.17771707905326917,1.0051279329129454,0.00020337868683740581,493.5815008017984,0.20938708191739472,1.0049760602597644,0.00024300607691893933,420.1270826731782,0.20938708191739472,1.0049760602597644,1.0101295100758927
330126.953125,1.885009765625,206.923828125,0.185107421875,0.271826171875,151132.97414779663,3878.90625,0.17406297109907934,1.005100306796283,0.00026260436846874114,515.0089776982635,0.20101766194841172,1.0051056280253012,0.00031002737095157425,448.111325438405,0.20101766194841172,1.0051056280253012,1.0102319750909008
330200.1953125,0.6673583984375,138.6083984375,0.3044189453125,0.21491699218750002,20282.360911369324,3251.953125,0.1553039747742,1.0045299375472097,0.0003496762297419288,562.5823583755787,0.16080375860862273,1.0050599647484546,0.0003642556038875343,544.1206034518767,0.16080375860862273,1.0050599647484546,1.0096128236199657
330419.921875,1.508544921875,265.693359375,0.31254882812500007,0.3717285156250001,79294.19279098511,7402.34375,0.17394613465698044,1.0051808105153115,0.0001993718428400444,446.3124411518496,0.20077344880062079,1.0047276486850074,0.00023392529225719732,387.04230920092346,0.20077344880062079,1.0047276486850074,1.0099329522523388
330493.1640625,1.0438232421875,335.5029296875,0.19807128906250002,0.1273193359375,91239.73548412323,7775.390625,0.1721213594326039,1.0049332512298956,0.00015566180336365346,425.57414164945175,0.19615860870846588,1.0049648645208533,0.00017810066548898845,372.3310862809804,0.19615860870846588,1.0049648645208533,1.0099226086747528
330712.890625,1.137939453125,68.134765625,0.268896484375,0.33452148437500007,62296.327114105225,8894.53125,0.15489290998505018,1.0049945732321082,0.0006529139713887813,431.85230095389505,0.15992483256365722,1.0049807897764078,0.0006754991171137715,418.4880570635166,0.15992483256365722,1.0049807897764078,1.010000239927808
330786.1328125,1.4144287109375,171.1474609375,0.23937988281250003,0.16628417968750003,109194.61905956268,8267.578125,0.1635714683034045,1.0049828591823664,0.00029524723137812304,430.3840694204985,0.1788003623187784,1.0048607761387272,0.0003181309443945102,394.36694664977296,0.1788003623187784,1.0048607761387272,1.0098678558841099
331005.859375,1.739990234375,133.544921875,0.398681640625,0.137939453125,33075.75178146362,7730.46875,0.16028105112308436,1.0045233516260994,0.00038637459025039786,450.15145028711095,0.1713824978095926,1.0046906551313426,0.0004142813052801228,422.1059616082809,0.1713824978095926,1.0046906551313426,1.0092352242399578
331079.1015625,0.7069091796875,191.4013671875,0.1283447265625,0.3447021484375,142137.74383068085,7103.515625,0.15925055568404525,1.005032816814355,0.0002617083961653179,451.4291525861741,0.16876393691921768,1.004805769953905,0.00027990532086259674,426.3598599574508,0.16876393691921768,1.004805769953905,1.0098627733280898
331298.828125,0.613525390625,287.939453125,0.35737304687500004,0.118310546875,14910.218715667725,8222.65625,0.15829826738911473,1.0048693174739,0.00018296773622329676,437.97929347756354,0.16706801849851116,1.004801544996604,0.00019396513955944057,415.53208382639315,0.16706801849851116,1.004801544996604,1.0096942427174576
331372.0703125,1.8333740234375,397.5927734375,0.1719970703125,0.3989013671875,161965.878367424,8595.703125,0.2028494705244985,1.0051399904637845,0.00014234207242289486,400.0842818584215,0.2695565853995891,1.0050537237247035,0.00019217864042145216,298.4549397292956,0.2695565853995891,1.0050537237247035,1.0102196902802396
331591.796875,0.987060546875,187.333984375,0.14497070312500002,0.24399414062500002,100133.50248336792,4746.09375,0.16160075696117285,1.0050089314125659,0.00027450877987957815,500.58010960271713,0.1739716889977837,1.0049725691342184,0.00029799846507170646,466.00329978355455,0.1739716889977837,1.0049725691342184,1.0100064078045219
331665.0390625,1.4598388671875,73.8623046875,0.3258056640625,0.2620849609375,67722.71811962128,4119.140625,0.15614665772707378,1.0050057219752393,0.0006186321831879362,533.9967383483269,0.1624968299585026,1.0049914207696273,0.0006477269197368038,513.9150830539155,0.1624968299585026,1.0049914207696273,1.0100221284095008
331884.765625,1.366455078125,319.150390625,0.103662109375,0.199755859375,117877.938747406,3238.28125,0.1790966665232738,1.0050931880882383,0.00017306598882096494,517.692575927446,0.21227919816717358,1.005025033159899,0.00021068638658412552,439.7411847975701,0.21227919816717358,1.005025033159899,1.0101438146871704
331958.0078125,1.0804443359375,260.1318359375,0.36945800781250004,0.29401855468750004,48920.47202587128,3611.328125,0.1644832231042456,1.0051571307741776,0.00021508324035295526,553.167943171621,0.1800487597072647,1.005084375433735,0.00023877471467976865,507.34256566816646,0.1800487597072647,1.005084375433735,1.0102677269969293
332177.734375,1.288818359375,225.185546875,0.343603515625,0.33364257812500003,158515.55585861206,2824.21875,0.16586752093786328,1.0052451816202674,0.000245209315423253,585.6393212577723,0.18307310672052465,1.0051348032859484,0.0002753255751381783,533.5219787316196,0.18307310672052465,1.0051348032859484,1.010406917882035
332250.9765625,1.1932373046875,115.6982421875,0.14826660156250002,0.1654052734375,7042.723536491394,2447.265625,0.15853857444624048,1.004998973617733,0.0004095189097528008,590.7836985739566,0.1674705361851117,1.0049853687067714,0.0004365218273103715,560.4722575620665,0.1674705361851117,1.0049853687067714,1.0100092640511442
332470.703125,0.912353515625,358.330078125,0.37495117187500004,0.37260742187500007,141013.192653656,5316.40625,0.16765162290870703,1.0052154880083985,0.0001584040362207404,500.3961051192708,0.18694630552439084,1.005216489104879,0.00017840051371769775,449.6973792781813,0.18694630552439084,1.005216489104879,1.01045918364965
332543.9453125,1.5697021484375,300.6396484375,0.1145751953125,0.1281982421875,29073.368906974792,5939.453125,0.18233393620840846,1.0049302308103876,0.0001755999417086546,440.32925505540055,0.22030890197387457,1.004825188175579,0.0002166056706379868,365.83401522412964,0.22030890197387457,1.004825188175579,1.0097792082773758
332763.671875,0.535888671875,87.724609375,0.12739257812500002,0.285009765625,55472.44596481323,9839.84375,0.15326099102888052,1.0049109737655335,0.0005211300245378219,417.91720646954434,0.15659785224837616,1.0050642188473446,0.0005329000851947285,409.07089234304135,0.15659785224837616,1.0050642188473446,1.0100000628587804
332836.9140625,1.9461669921875,146.9091796875,0.38322753906250007,0.22810058593750002,123309.32319164276,9462.890625,0.16411801053134584,1.0050549232955641,0.00034535210603035046,423.3166639345268,0.1793117464793274,1.0049963331499407,0.000379611031103374,387.6276958614826,0.1793117464793274,1.0049963331499407,1.010076512526337
333056.640625,1.665283203125,240.791015625,0.158740234375,0.30874023437500003,72272.20296859741,6332.03125,0.17702812129848697,1.0049971042228536,0.00021501745729400894,446.3260089253879,0.20763097704154052,1.0049906117773502,0.0002581141009191984,381.5524702780086,0.20763097704154052,1.0049906117773502,1.010012654607391
333129.8828125,0.8167724609375,354.4287109375,0.34953613281250007,0.17800292968750003,103243.1572675705,6955.078125,0.16949252845211546,1.0050976216634608,0.00015165007700140438,453.4617343529863,0.1850383248395155,1.0051464142390802,0.00017838384214764237,407.948089648633,0.1850383248395155,1.0051464142390802,1.0102702703752553
333349.609375,1.212646484375,306.201171875,0.20883789062500002,0.20590820312500002,23282.172679901123,9042.96875,0.17477555680555673,1.0040909781926637,0.000164492201226131,407.888706869118,0.20184810290617297,1.0046797539806411,0.00019591383200554506,352.6440937417642,0.20184810290617297,1.0046797539806411,1.0087898769447867
333422.8515625,1.3045654296875,374.6826171875,0.31818847656250004,0.3001708984375,149649.60753917694,9666.015625,0.1788341904640911,1.0051497693504645,0.0001426076541969565,411.87433388223417,0.21173558910296836,1.005130245149516,0.00017217959065454403,347.42847106072526,0.21173558910296836,1.005130245149516,1.010306434079212
333642.578125,1.586181640625,109.970703125,0.24252929687500002,0.23784179687500004,39641.12997055054,6535.15625,0.15986926338450017,1.0050020751549262,0.0004497985235857394,467.4471212261568,0.17025677965848465,1.0051387528780904,0.00048240642407965063,439.5789201229941,0.17025677965848465,1.0051387528780904,1.0101665324611155
333715.8203125,0.9310302734375,208.9990234375,0.2868408203125,0.25593261718750004,131665.61591625214,6158.203125,0.16069612385306797,1.0050057684017306,0.00025242510863230576,475.48003740780047,0.17200192953313154,1.0050379535911804,0.0002724177008889631,445.08733855659267,0.17200192953313154,1.0050379535911804,1.010068940821807
333935.546875,1.959716796875,338.740234375,0.255126953125,0.101025390625,111327.02970504761,2058.59375,0.18316456958014596,1.0050908379060932,0.00018858907358225842,602.940325422639,0.22211848359939093,1.0051102767069786,0.00023544717154063135,502.8941044842652,0.22211848359939093,1.0051102767069786,1.0102271302034422
334008.7890625,0.5574951171875,235.8935546875,0.21564941406250002,0.3816162109375001,60892.65525341034,2681.640625,0.1589687354808407,1.0050825662225904,0.00021573531003554766,584.2851045049615,0.1683870580939906,1.0049688066284173,0.00023054087484087465,552.9277844549767,0.1683870580939906,1.0049688066284173,1.0100766271397439
334228.515625,0.839111328125,162.431640625,0.288818359375,0.15522460937500002,92880.2580833435,5550.78125,0.15701997817159044,1.0049675679152026,0.0003169394790821744,491.0360445188966,0.16484567105564385,1.0049377130531811,0.00033254431568604967,469.24974260493104,0.16484567105564385,1.0049377130531811,1.009929809393321
334301.7578125,1.6781005859375,92.7880859375,0.18430175781250002,0.36198730468750007,82010.10978221893,5173.828125,0.16002547144945622,1.0050058013220589,0.000517409123596846,497.3309401195209,0.17059652274827183,1.0050368408618338,0.0005561203110286799,467.5625470346984,0.17059652274827183,1.0050368408618338,1.0100678556085378
334521.484375,1.113037109375,153.466796875,0.36469726562500004,0.27973632812500004,10845.801830291748,7011.71875,0.1589148637253257,1.0050597930216867,0.0003363276748601894,464.10925917063753,0.1682375827976415,1.005051045688934,0.0003579514578255294,438.88910225217387,0.1682375827976415,1.005051045688934,1.0101363959563499
334594.7265625,1.3924560546875,86.4794921875,0.1084228515625,0.22399902343750003,160553.80141735077,7634.765625,0.15761901287926589,1.0048496453211495,0.0005406915664490909,445.8356466920695,0.16554807509791464,1.0048866974307082,0.0005703718841974145,424.88028681755446,0.16554807509791464,1.0048866974307082,1.0097600415011885
334814.453125,1.486572265625,350.361328125,0.330419921875,0.31401367187500007,32013.52834701538,8503.90625,0.17991413251941293,1.0051677658851044,0.00015707625361418884,430.3676770529059,0.21421343429744724,1.0051337169497057,0.0001907992128920677,361.1151825456491,0.21421343429744724,1.0051337169497057,1.0103280126821266
335107.421875,1.860107421875,122.255859375,0.167236328125,0.32954101562500004,121961.15446090698,4027.34375,0.16442065473309064,1.0050642083747134,0.00041273294124537924,523.173942807845,0.17991554685613192,1.0050818859583053,0.000457837852603345,479.8693226103493,0.17991554685613192,1.0050818859583053,1.010171830062448
335180.6640625,0.6453857421875,223.9404296875,0.36213378906250004,0.16013183593750002,52824.28443431854,4650.390625,0.1614261578536364,1.0051821589994838,0.00023593281284190552,511.7660706639123,0.17325140921651744,1.0047240723160604,0.000253964973933141,477.52487780548375,0.17325140921651744,1.0047240723160604,1.0099307122094112
335400.390625,0.739501953125,296.572265625,0.132958984375,0.376708984375,103166.2917137146,3519.53125,0.16476981568804516,1.005094847152786,0.0001792945755636421,535.538015891318,0.18070862762126774,1.0051630758320778,0.0001996238542223254,490.474006102952,0.18070862762126774,1.0051630758320778,1.0102842280670665
335473.6328125,1.7659912109375,367.7099609375,0.3940673828125001,0.1334716796875,70290.2764081955,3142.578125,0.17648342341609577,1.00512766933222,0.00017847704012961756,576.8462700003031,0.2065955641881797,1.0045659919365324,0.000211457345715186,494.87870323959885,0.2065955641881797,1.0045659919365324,1.0097170741655765
335693.359375,1.388427734375,234.482421875,0.23461914062500003,0.105126953125,150735.78596115112,4855.46875,0.16720273522848558,1.005029718712397,0.00023559513401271633,496.1558566603286,0.18695311286059682,1.0047208827288203,0.00026597399031441643,447.0759237819033,0.18695311286059682,1.0047208827288203,1.0097743461534177
335766.6015625,1.1053466796875,345.4638671875,0.2736572265625,0.38688964843750007,18640.795588493347,4478.515625,0.1725362350028102,1.0052480031395974,0.00016579274058337756,512.0822152254583,0.19776881344766128,1.0052438215372768,0.00019193802275335365,448.070179244438,0.19776881344766128,1.0052438215372768,1.0105193442687652
335986.328125,1.011962890625,102.001953125,0.202685546875,0.151123046875,131253.41939926147,3347.65625,0.15642753959778644,1.0048337924557544,0.0004647160224464838,555.6162546723111,0.1625738917359262,1.0049450201137438,0.0004876105726961622,534.2753534229543,0.1625738917359262,1.0049450201137438,1.0098027157704175
336059.5703125,1.4818115234375,158.5302734375,0.30793457031250004,0.3567138671875001,38536.86225414276,3970.703125,0.1634458241635363,1.0050992878666454,0.0003351379592097282,537.4794625418909,0.17782685022225908,1.0050811680707858,0.00036921773244825713,495.92168656094566,0.17782685022225908,1.0050811680707858,1.010206366276123
336279.296875,0.635498046875,373.271484375,0.299658203125,0.21118164062500003,65232.837200164795,7871.09375,0.16309409061983957,1.0051114439304971,0.00014412386667974716,440.67888826029787,0.1777361210317385,1.0047647594269409,0.00015471050505244197,404.96506999942585,0.1777361210317385,1.0047647594269409,1.009900558158091
336352.5390625,1.8582763671875,312.9248046875,0.1898681640625,0.30427246093750004,113373.30710887909,7494.140625,0.18896056744940032,1.005041787203579,0.0001748517330841291,423.85525949749837,0.2353382656780916,1.0049496325717413,0.00022243649841719744,339.5381947251812,0.2353382656780916,1.0049496325717413,1.010016374769483
336572.265625,1.764892578125,218.212890625,0.26772460937500003,0.23256835937500003,83561.37990951538,8363.28125,0.17240445347467112,1.0050573575775965,0.0002374727779932197,426.7527784306741,0.19736707014955943,1.0050476291824846,0.00027525975221234555,373.07524061825296,0.19736707014955943,1.0050476291824846,1.010130514425776
336645.5078125,0.7288818359375,106.0693359375,0.22414550781250003,0.2518310546875,95773.33152294159,8986.328125,0.15469566878679727,1.00473259943657,0.0004506724224819786,429.95789072841853,0.15950991711159984,1.0049598374969386,0.0004615836152899336,417.0871130474979,0.15950991711159984,1.0049598374969386,1.009715909857652
336865.234375,1.640380859375,326.123046875,0.17954101562500002,0.366455078125,44499.656200408936,9699.21875,0.18816174846569755,1.0050443861300173,0.00016019965185805275,394.53179221829055,0.2336610217134895,1.0048768382217932,0.00020169409518505115,316.7250849791007,0.2336610217134895,1.0048768382217932,1.009945825006895
336938.4765625,0.7947998046875,269.7607421875,0.2935791015625,0.12321777343750001,135585.82961559296,9072.265625,0.1618337865312131,1.004484868194857,0.00019387084668240145,422.9803423839994,0.17425105863683527,1.0047931749146752,0.0002116099140237499,393.06404807266614,0.17425105863683527,1.0047931749146752,1.0092995398672595
337158.203125,0.513916015625,172.392578125,0.220263671875,0.33979492187500004,23873.26955795288,6191.40625,0.15582705493497578,1.0048632730609082,0.0002927603088646012,477.0883986261423,0.16184180355495173,1.005119289037336,0.00030526738730792864,459.95820148267575,0.16184180355495173,1.005119289037336,1.0100074585987104
337231.4453125,1.9212646484375,61.5771484375,0.25051269531250003,0.17038574218750002,154016.86561107635,6564.453125,0.1563842788458128,1.0049977224464455,0.0007312618656277759,470.9236829178275,0.16299881638818184,1.0049817125988674,0.0007650160172090892,452.2758623951365,0.16299881638818184,1.0049817125988674,1.0100043322621899
337451.171875,0.887451171875,273.662109375,0.282080078125,0.31782226562500004,90016.39127731323,2714.84375,0.16405941699911303,1.0050824944186376,0.00020024002461264335,584.633610468803,0.1791383561068729,1.0051796950635263,0.0002221284855145298,538.2454330668705,0.1791383561068729,1.0051796950635263,1.0102885152534147
337524.4140625,1.5477294921875,385.9716796875,0.24729003906250002,0.1859130859375,78710.87348461151,2087.890625,0.1816244812227744,1.005172491495807,0.0001632586399181851,603.5980519506375,0.21807520620701334,1.005134520004232,0.00020226134799058342,507.74689456873915,0.21807520620701334,1.005134520004232,1.010333569761096
337744.140625,1.266845703125,139.853515625,0.32280273437500007,0.27592773437500007,110934.00716781616,5207.03125,0.15953895850856867,1.0050839693010536,0.00037106736735534963,502.8614873869372,0.16959702513755104,1.0052884209442936,0.00039709052871172046,473.9595146239827,0.16959702513755104,1.0052884209442936,1.010399276415079
337817.3828125,1.1683349609375,200.3662109375,0.20422363281250003,0.22019042968750002,60727.410197257996,5580.078125,0.16366737698787232,1.0050202629533953,0.0002624588293707676,481.3486050161207,0.17821640129548033,1.0050272690149717,0.00029146787165395415,443.54212373210464,0.17821640129548033,1.0050272690149717,1.0100727701807597
338037.109375,0.861083984375,77.763671875,0.34477539062500007,0.24809570312500004,145020.911693573,2417.96875,0.15414242854087176,1.0049338906902936,0.0005652115156545846,605.8096250531148,0.15837130675723557,1.0048219499412694,0.0005835153410227635,590.2237463080463,0.15837130675723557,1.0048219499412694,1.0097796316054872
338110.3515625,1.7030029296875,178.1201171875,0.1635009765625,0.26735839843750003,28891.566157341003,2791.015625,0.16874480960647836,1.0050479313127691,0.00030052918543524106,564.3199270145004,0.1892900576286315,1.0051051064479466,0.00034357601470893194,506.10758781659894,0.1892900576286315,1.0051051064479466,1.0101788079874094
338330.078125,1.984619140625,253.408203125,0.3878417968750001,0.19565429687500002,164621.3240623474,5910.15625,0.1728664432169177,1.005095416814089,0.00023343401270081295,487.5205040380274,0.19859217722868927,1.00504244228762,0.00026937758792527705,424.87856899138114,0.19859217722868927,1.00504244228762,1.0101635524469257
338403.3203125,0.5794677734375,320.5615234375,0.12277832031250001,0.28874511718750007,12926.861643791199,5283.203125,0.1623524312771199,1.0048381574376515,0.00016432629324482367,484.60448923596084,0.17542773718150292,1.0047045387930655,0.0001797545064770062,449.47017551171217,0.17542773718150292,1.0047045387930655,1.0095654575300694
338623.046875,1.608154296875,195.302734375,0.109814453125,0.143212890625,72900.76017379761,9433.59375,0.17252577029602642,1.0046269469220692,0.00024815008453063975,399.5857356427514,0.19718384414788276,1.004771515149002,0.00028635384735868505,348.81284133087325,0.19718384414788276,1.004771515149002,1.0094205396184035
338696.2890625,0.9559326171875,124.3310546875,0.37971191406250004,0.34880371093750007,103716.44675731659,9806.640625,0.15661714326482504,1.0050410456473902,0.0003960615199011594,422.5050836119411,0.16350050358579712,1.0048974664517956,0.0004145333465866729,404.83944310586116,0.16350050358579712,1.0048974664517956,1.0099632004511259
338916.015625,1.237548828125,390.869140625,0.152880859375,0.113037109375,51606.271266937256,6925.78125,0.18184510482807215,1.0048938920665678,0.0001389851248403314,429.4240520032289,0.21808131238087852,1.004988748258645,0.00017047206277575095,357.36523008058475,0.21808131238087852,1.004988748258645,1.0099070547207378
338989.2578125,1.3265380859375,289.3505859375,0.3389892578125,0.3947998046875001,121962.25821971893,6298.828125,0.17169267047351155,1.0051832480176477,0.00019361332103950182,475.54635209748386,0.19593027972063287,1.0051879144298803,0.00022238946370132848,417.2382376006913,0.19593027972063287,1.0051879144298803,1.0103980526947125
339208.984375,1.464599609375,95.029296875,0.275634765625,0.18129882812500003,99444.251537323,6136.71875,0.1573335809335988,1.0050079758651307,0.0005157756215744334,479.99240389373335,0.16495269605817442,1.0048149199671677,0.0005434352808288322,458.3580562940285,0.16495269605817442,1.0048149199671677,1.0098470088352864
339282.2265625,0.9940185546875,166.1669921875,0.23498535156250003,0.31306152343750004,68440.73379039764,6509.765625,0.15981611965295478,1.0049211481684048,0.00031084575892100224,469.1793852854377,0.17015650046459851,1.0050241265647117,0.0003334540792636102,441.40422752628854,0.17015650046459851,1.0050241265647117,1.0099699992043583
339501.953125,1.088134765625,238.798828125,0.306982421875,0.22495117187500002,120885.59865951538,9628.90625,0.16417589000136718,1.0050072746450691,0.00021429982898237424,416.60437733400147,0.1791580237793959,1.004927337123437,0.00023996365862176164,382.3556194043005,0.1791580237793959,1.004927337123437,1.0099592842987521
339794.921875,0.711669921875,212.568359375,0.190673828125,0.137353515625,33870.12052536011,5152.34375,0.1587605613973597,1.0050360358064219,0.00024730957498359895,495.81633193736934,0.1677775061305359,1.0049792700628855,0.0002630948420756832,469.705915344041,0.1677775061305359,1.0049792700628855,1.010040381651634
339868.1640625,1.7469482421875,112.3779296875,0.30119628906250007,0.38044433593750004,149182.30140209198,5525.390625,0.1614338242673789,1.00509571479615,0.00045199453349472875,495.3784440086316,0.17356902309485792,1.005103475993141,0.0004902926988878198,461.7717961194419,0.17356902309485792,1.005103475993141,1.010225196647421
340087.890625,1.841064453125,376.259765625,0.22202148437500002,0.156396484375,12698.304653167725,2644.53125,0.18719232486511084,1.00508028873616,0.00017176998628164894,561.9570275293539,0.2316362289401945,1.0032288082966732,0.00021376175336852165,456.7971681102346,0.2316362289401945,1.0032288082966732,1.0083255003112541
340161.1328125,0.6175537109375,309.2724609375,0.26750488281250007,0.3256591796875,167741.79923534393,2017.578125,0.1617065596578934,1.0052256883441746,0.00017199809184735126,624.836254513733,0.17414181742115092,1.0051754493037168,0.00018776050672386754,582.5825121813165,0.17414181742115092,1.0051754493037168,1.0104281829329937
340380.859375,1.036865234375,356.669921875,0.108056640625,0.35356445312500007,78543.95246505737,5980.46875,0.1772425441289072,1.0044723580078607,0.00014771685779481057,449.9856351128454,0.2069899156519933,1.004881508298487,0.0001773768587524772,384.6844586261486,0.2069899156519933,1.004881508298487,1.009375698159077
340454.1015625,1.5037841796875,244.5263671875,0.36271972656250007,0.1478271484375,89199.11468029022,5353.515625,0.16654268445466977,1.0050597651464555,0.00023654201366589872,498.627248073106,0.1844918380097411,1.0050674492470864,0.0002648803103147606,451.02957112761914,0.1844918380097411,1.0050674492470864,1.0101528544966236
340673.828125,1.410400390625,149.814453125,0.141748046875,0.39018554687500007,56815.431118011475,2472.65625,0.16430963749879265,1.0051253598752776,0.0003394835283296518,586.9316098766863,0.1797562532449805,1.0052012647495245,0.0003765999227195477,539.0786292278965,0.1797562532449805,1.0052012647495245,1.01035328297845
340747.0703125,1.1302490234375,89.4677734375,0.33137207031250004,0.1082763671875,108818.50898265839,2845.703125,0.1549399536255101,1.0049096123623886,0.000522531725357101,582.9638615405355,0.160011584697554,1.005039632762865,0.0005423901451343744,565.1944929133227,0.160011584697554,1.005039632762865,1.009973987768568
340966.796875,1.783935546875,304.208984375,0.360595703125,0.25336914062500004,139590.04545211792,6996.09375,0.17748077045363245,1.0051782003981158,0.0001915173984451623,461.8392663303392,0.20892156550287785,1.0047580509737586,0.00022686777230823387,392.51803748536497,0.20892156550287785,1.0047580509737586,1.009960889513321
341040.0390625,0.7567138671875,360.7373046875,0.1664306640625,0.23395996093750002,45282.83774852753,6369.140625,0.16690778603161677,1.004932344481792,0.000148408736226079,457.43709603457665,0.18529933811425517,1.0048351249116392,0.0001664952073255263,412.85066100662027,0.18529933811425517,1.0048351249116392,1.009791317895108
341259.765625,0.663330078125,117.275390625,0.394287109375,0.30288085937500003,158276.7424583435,9488.28125,0.1544346314027195,1.0049410215158598,0.00041500334121947243,426.6941700479772,0.15892116848632262,1.0051120738727188,0.00042962875352825096,415.1777170734222,0.15892116848632262,1.0051120738727188,1.0100783542555745
341333.0078125,1.8773193359375,228.2568359375,0.13508300781250002,0.2096435546875,29608.643412590027,9861.328125,0.18090926510568864,1.0044380502106018,0.00021557960180270506,390.8990095685732,0.21662225029678472,1.0043687013106017,0.00026241829466912183,326.1155621305014,0.21662225029678472,1.0043687013106017,1.0088261400369751
341552.734375,0.585693359375,257.060546875,0.16547851562500002,0.17426757812500002,117632.98749923706,8574.21875,0.15961083710600968,1.0048423990675255,0.00020134718213993732,429.2664981973245,0.1689571575172604,1.0045483907757118,0.00021498016287780402,404.41198375694796,0.1689571575172604,1.0045483907757118,1.0094128149664883
341625.9765625,1.9901123046875,317.5732421875,0.34514160156250007,0.34353027343750003,68662.04726696014,8197.265625,0.1856042268854195,1.0052591184418511,0.00018205591960453006,441.1636981746597,0.2278923957364684,1.0043280760503137,0.00022425004048978563,358.8120878624631,0.2278923957364684,1.0043280760503137,1.0096099563567387
341845.703125,1.709228515625,71.455078125,0.12182617187500001,0.11948242187500001,99155.6487083435,7066.40625,0.15711042250765078,1.0049515886905906,0.0006478619212345533,458.24084931759256,0.16470267735270833,1.0049143384514172,0.0006792332737847778,437.8287795753024,0.16470267735270833,1.0049143384514172,1.0098902609247056
341918.9453125,0.8665771484375,183.7646484375,0.3864501953125,0.3625732421875001,87371.28150463104,7689.453125,0.15876744386206573,1.0049513306144766,0.00028604128680425977,455.04253759785524,0.16788386181691062,1.0051053799560863,0.0003037756484649833,430.87030180746126,0.16788386181691062,1.0051053799560863,1.010081988994638
342138.671875,1.332763671875,395.849609375,0.3805175781250001,0.21938476562500003,15774.631023406982,3589.84375,0.17382045046300051,1.0051937167682532,0.00016022495504685043,557.8878386958464,0.20056921733766844,1.0052119687414582,0.00018758027356562384,485.18998824201765,0.20056921733766844,1.0052119687414582,1.0104327549991596
342211.9140625,1.2430419921875,285.0341796875,0.1113525390625,0.27497558593750004,151226.04072093964,3212.890625,0.1731646726172664,1.0051259054350092,0.0001941293477131029,533.244705279036,0.19904391169813956,1.005103300246457,0.00022758190315314814,466.61868505528724,0.19904391169813956,1.005103300246457,1.0102553647159362
342431.640625,0.962158203125,187.666015625,0.33686523437500004,0.18686523437500002,36317.30794906616,4082.03125,0.15892678496182505,1.0050670612929196,0.0002867354656915346,535.7543654884064,0.16828367476309375,1.005065589801522,0.00030562440472625295,507.0688134982124,0.16828367476309375,1.005065589801522,1.0101583187484506
342504.8828125,1.6136474609375,131.3037109375,0.15266113281250002,0.31862792968750003,131201.37870311737,4705.078125,0.16335970771945796,1.0050102916392945,0.0003901789693410989,505.03168578377375,0.17764701827862692,1.00502385565845,0.00042908184063262335,465.7736056406266,0.17764701827862692,1.00502385565845,1.010059318279747
342724.609375,1.915771484375,168.076171875,0.293212890625,0.290283203125,55240.18049240112,3292.96875,0.16738804281225853,1.0051987828604587,0.00033005863750499843,560.7397534991118,0.18632549281902538,1.0050289656723694,0.00037331949548719657,506.11927405244086,0.18632549281902538,1.0050289656723694,1.0102538930333715
342797.8515625,0.5076904296875,66.5576171875,0.17756347656250002,0.19704589843750003,127033.94591808319,3916.015625,0.15235983710669548,1.0049636920240568,0.0006505674736535435,540.1547926718305,0.1547101975056879,1.0045934203147717,0.0006650904745562373,532.8950265995213,0.1547101975056879,1.0045934203147717,1.0095799126626082
343017.578125,0.789306640625,333.095703125,0.25190429687500004,0.265966796875,75691.54500961304,4785.15625,0.16509773042101616,1.0050154423356545,0.0001632319798117478,502.6305956799952,0.18100632256140964,1.0050326889304049,0.00018677668206208914,461.37711374773227,0.18100632256140964,1.0050326889304049,1.010073372427183
343090.8203125,1.6341552734375,262.1240234375,0.22121582031250003,0.24655761718750002,108828.15253734589,4408.203125,0.17463634859459423,1.0051036251694692,0.00021826596188567288,505.6372667780906,0.20239493228328873,1.0051167794497893,0.0002564376572712033,437.62320809451063,0.20239493228328873,1.0051167794497893,1.010246518743645
343310.546875,1.162841796875,136.865234375,0.24575195312500003,0.39165039062500007,162482.97452926636,8308.59375,0.15974908712284142,1.0050443391714596,0.0003682614669828181,440.49010965586353,0.17001353869130542,1.0049202182153218,0.00039394729057170457,414.35255915665806,0.17001353869130542,1.0049202182153218,1.009989376636257
343383.7890625,1.2606201171875,204.0185546875,0.28127441406250003,0.1097412109375,10640.305399894714,8931.640625,0.16365947281336352,1.0049001291443642,0.0002597589280270418,426.50883329897147,0.1782078400649623,1.0049110484154897,0.0002842580652412319,391.6197911272639,0.1782078400649623,1.0049110484154897,1.0098352423313242
343603.515625,1.542236328125,279.306640625,0.20444335937500002,0.35209960937500007,142573.06814193726,7800.78125,0.17825905347641255,1.0050259110314839,0.00018878303476327978,429.6394215714898,0.21030565040353508,1.0049646326206396,0.00022827978468713316,364.3334089873997,0.21030565040353508,1.0049646326206396,1.0100154954539788
343676.7578125,0.8812255859375,379.6630859375,0.3249267578125,0.1463623046875,28898.873209953308,7423.828125,0.16642703706503334,1.0047617599823815,0.0001475723202548209,450.31752976998877,0.18475765640358324,1.00490207682944,0.00016453002201114453,406.8004865277236,0.18475765640358324,1.00490207682944,1.0096871793250985
343896.484375,0.597412109375,142.841796875,0.186572265625,0.34536132812500003,97579.6275138855,4761.71875,0.15579797261509662,1.0050371649329446,0.0003514408228517883,513.5653069453692,0.16180243552575793,1.0051280558707083,0.0003663316344672513,495.11433388635754,0.16180243552575793,1.0051280558707083,1.010191051666859
343969.7265625,1.8143310546875,203.3544921875,0.3052978515625,0.13962402343750002,86343.5047864914,4384.765625,0.16764171467304667,1.0049237588784254,0.0002825838964562769,520.4818386465181,0.18774418953004904,1.0048828678002504,0.00031944499368833707,467.82982932069166,0.18774418953004904,1.0048828678002504,1.0098306687423595
344189.453125,1.720947265625,275.986328125,0.22729492187500003,0.39838867187500004,117930.45949935913,3253.90625,0.1786670387260094,1.0053293312321194,0.00021491583698331256,548.7645726796693,0.2114648724709978,1.0052984186805463,0.00025969801200050334,466.2205411192976,0.2114648724709978,1.0052984186805463,1.0106559869408207
344482.421875,1.344482421875,175.380859375,0.270361328125,0.263916015625,39015.84196090698,7777.34375,0.16305634458149157,1.005031578685439,0.000299437519665743,446.48423111090466,0.17702375504187126,1.0049735630473684,0.00032753464016264684,411.7168519223538,0.17702375504187126,1.0049735630473684,1.0100301666066271
344555.6640625,1.0672607421875,64.5654296875,0.24025878906250003,0.24450683593750003,133433.41529369354,7400.390625,0.15412521588871878,1.00499044078905,0.0007036578532605013,459.80976863076313,0.15838099397849306,1.0049406793190117,0.0007213543829208322,447.2715327823169,0.15838099397849306,1.0049406793190117,1.0099557762756608
344775.390625,0.973876953125,328.447265625,0.31108398437500007,0.292333984375,20690.5837059021,8269.53125,0.1675921860963944,1.0052274297504327,0.00016668552185519826,438.22219547361067,0.1869602218310256,1.0050311789523063,0.00018518115665808703,392.72295871440485,0.1869602218310256,1.0050311789523063,1.010284908837274
344848.6328125,1.4378662109375,272.0849609375,0.1971923828125,0.1990966796875,152262.322306633,8892.578125,0.17523576803489754,1.0047945968163519,0.00019079503455423253,413.29999452615,0.20335990177773136,1.0048428405281555,0.0002264266950539664,356.0580387535255,0.20335990177773136,1.0048428405281555,1.009660656812286
345068.359375,1.904052734375,393.857421875,0.35649414062500007,0.189501953125,77622.68781661987,7105.46875,0.1861670596032374,1.0044319687585563,0.0001583383829673283,459.16155484834377,0.2294476055912648,1.003177779361539,0.00019464757879828455,372.3283435244874,0.2294476055912648,1.003177779361539,1.0076238319389472
345141.6015625,0.6834716796875,292.3388671875,0.1705322265625,0.3212646484375,109587.84759044647,7728.515625,0.1635419199579918,1.0046636253197103,0.0001755421040599425,439.1621498780233,0.17807327056016847,1.0049896297222092,0.00019787724786433513,405.43013612790355,0.17807327056016847,1.0049896297222092,1.009676524805428
345361.328125,0.777587890625,197.626953125,0.3995605468750001,0.21674804687500002,59152.528285980225,8597.65625,0.1573756067891023,1.0049376878610923,0.0002669983825546949,440.35033665440494,0.16499490956398596,1.0049281264473053,0.0002812913602939548,420.349638230982,0.16499490956398596,1.0049281264473053,1.0098901478585345
345434.5703125,1.8099365234375,126.6552734375,0.1298095703125,0.2723388671875,130267.84980297089,8220.703125,0.16470046246068062,1.004842516706005,0.00038755475025946254,430.48417423840397,0.18050549386598413,1.0048257879266085,0.00043054473519379055,393.4072515545205,0.18050549386598413,1.0048257879266085,1.0096916735912678
345654.296875,1.151123046875,256.396484375,0.102783203125,0.12680664062500002,143583.6672782898,4121.09375,0.1690654121237285,1.0048802869580065,0.00021227028687778363,506.0461437666181,0.18917950775298065,1.004959399980354,0.0002418957265859099,452.41444874781945,0.18917950775298065,1.004959399980354,1.0098638902334043
345727.5390625,1.4364013671875,323.5498046875,0.36799316406250004,0.3698974609375001,26210.58738231659,4744.140625,0.17417237441048852,1.0051928321358214,0.00018701108980607995,520.6588065286635,0.2014264515018826,1.0052599870588401,0.00021852365732989677,451.1632631587148,0.2014264515018826,1.0052599870588401,1.0104801334244946
345947.265625,1.530517578125,80.087890625,0.14584960937500002,0.16694335937500002,162636.69729232788,3613.28125,0.15729907192323886,1.0049988431613013,0.0005866918259340193,545.6901347722695,0.16489148913175322,1.0049789671782297,0.0006186405365138194,521.5117818451588,0.16489148913175322,1.0049789671782297,1.0100026994155602
346020.5078125,1.0570068359375,180.4443359375,0.3272705078125,0.33620605468750003,5516.007304191589,3236.328125,0.16077319390058523,1.0051613465127787,0.0002972417731359459,568.9604976441808,0.17217621590221233,1.0051584409941852,0.00032192965746483896,533.3279978613176,0.17217621590221233,1.0051584409941852,1.0103464120084005
346240.234375,1.593505859375,294.248046875,0.37641601562500004,0.30083007812500007,119868.79682540894,2449.21875,0.172844016986357,1.0053272684786818,0.00020916103897371304,615.2308725722622,0.19838628383118734,1.0053191442112204,0.0002453807266363629,539.8725483332545,0.19838628383118734,1.0053191442112204,1.010674749199192
346313.4765625,0.9354248046875,365.3857421875,0.11545410156250001,0.20759277343750002,47526.74758434296,2822.265625,0.1723972415821994,1.0050653449433635,0.0001546400072191648,550.8979386827607,0.1966402902785416,1.0051017484968978,0.00018025247790585635,484.54682829540656,0.1966402902785416,1.0051017484968978,1.0101929355562125
346533.203125,1.217041015625,119.267578125,0.342138671875,0.25541992187500007,102594.58303451538,5941.40625,0.15755601608627393,1.0050302040982038,0.0004307564897006272,489.20118144016106,0.165432829767062,1.005070083194264,0.00045441214945729177,466.4778817303109,0.165432829767062,1.005070083194264,1.0101257908457297
346606.4453125,1.3118896484375,220.9521484375,0.1473876953125,0.23601074218750004,68925.43494701385,5314.453125,0.16805439621492155,1.0050062762299135,0.00024256452302896025,480.9548394793742,0.18763535339009466,1.005019939399488,0.00027470468538674634,431.7368309047533,0.18763535339009466,1.005019939399488,1.0100513468326928
346826.171875,0.840576171875,348.037109375,0.160205078125,0.3834472656250001,18831.027507781982,9464.84375,0.17528878170953532,1.0048620918454148,0.00014472857075337325,405.1123343536467,0.19790843684676487,1.0049759721210796,0.0001717937187035209,351.2649131792059,0.19790843684676487,1.0049759721210796,1.0098622575999672
346899.4140625,1.6883544921875,247.8466796875,0.35041503906250004,0.10153808593750001,171971.76826000214,9837.890625,0.1700225713619272,1.0048887513081808,0.00021911666966571974,416.69513308487484,0.19231283930006782,1.0048045921931457,0.00024858329301039907,368.5652720096236,0.19231283930006782,1.0048045921931457,1.009716831957696
347119.140625,1.969970703125,150.478515625,0.12592773437500002,0.36030273437500004,36486.68050765991,6957.03125,0.1699267018510436,1.0049781289041673,0.0003336115410936075,445.37164066999924,0.19190791713618702,1.0049369130200994,0.00038076763701384126,394.9852297989853,0.19190791713618702,1.0049369130200994,1.0099396185136693
347192.3828125,0.5589599609375,83.4912109375,0.3823486328125001,0.1545654296875,151667.01591014862,6330.078125,0.15252033613857677,1.0050296590987466,0.0005601386569623075,480.0833833176144,0.1550550153794051,1.0050436404720011,0.0005709627806456658,472.6729861370211,0.1550550153794051,1.0050436404720011,1.0100986673629386
347412.109375,0.907958984375,215.888671875,0.24165039062500002,0.16372070312500003,62932.288646698,9667.96875,0.16435975854071525,1.0042022119564629,0.00024071012533660683,415.85010821205594,0.17583895464962854,1.004973323475463,0.0002648935057926991,382.1435422919415,0.17583895464962854,1.004973323475463,1.0091964343912978
347485.3515625,1.5623779296875,103.7451171875,0.2853759765625,0.3329833984375,112100.1843214035,9041.015625,0.159219685196902,1.0049611423543652,0.00047532423511054145,432.7302440867486,0.16890614835240722,1.005013940193895,0.0005067597843007658,408.24563474781297,0.16890614835240722,1.005013940193895,1.0099999574193184
347705.078125,1.281494140625,370.283203125,0.20971679687500003,0.130029296875,80098.74105453491,6160.15625,0.17751841348280553,1.0050291723116895,0.0001532092663376766,456.6920935235813,0.20885485731631134,1.0049531355294028,0.00018403580186118106,388.994721403866,0.20885485731631134,1.0049531355294028,1.0100072180131527
347778.3203125,1.1888427734375,309.9365234375,0.31965332031250004,0.37312011718750004,92785.2600812912,6533.203125,0.17069108475748251,1.0051680798613907,0.0001821574883730423,471.0635138445362,0.1936871875108412,1.0050571185966328,0.0002080276326032949,415.5273024082105,0.1936871875108412,1.0050571185966328,1.0102513340507995
347998.046875,1.655029296875,99.677734375,0.287939453125,0.227587890625,161702.45695114136,2683.59375,0.1590128957836578,1.0051084794694425,0.0004946352799537098,590.979279211049,0.16848279327643198,1.0050946765314686,0.0005287832199672928,559.350369090649,0.16848279327643198,1.0050946765314686,1.0102291820513756
348071.2890625,0.8153076171875,156.2060546875,0.18283691406250002,0.2831787109375,22672.287821769714,2056.640625,0.1582746102681,1.0049921060738016,0.00031762150797596606,620.5910589926804,0.1669468629816339,1.0050949243629939,0.00033789333049504775,589.685056043693,0.1669468629816339,1.0050949243629939,1.0101124648396536
348291.015625,0.534423828125,231.494140625,0.25600585937500003,0.17866210937500002,141391.122341156,5175.78125,0.16192848568181856,1.0047247855642878,0.0002267928252759348,495.95109509527634,0.16906696359413595,1.0050444737505968,0.00025126805189961397,466.3432089400593,0.16906696359413595,1.0050444737505968,1.0097930933716408
348364.2578125,1.9359130859375,342.4755859375,0.21711425781250002,0.3104248046875,46019.17350292206,5548.828125,0.19057219445387505,1.0051395272691852,0.00017551160385484782,468.57477164017735,0.2396116606229652,1.003951358267986,0.0002222380655471705,372.32302067527377,0.2396116606229652,1.003951358267986,1.0091111936507398
348583.984375,1.792724609375,190.654296875,0.17250976562500003,0.115673828125,23072.608470916748,5886.71875,0.16982999605552804,1.0049524884152263,0.0002812507003240227,466.9512356599177,0.1916556259959703,1.0049798113892257,0.0003215502841494172,414.65698669149225,0.1916556259959703,1.0049798113892257,1.0099569622626672
348657.2265625,0.7596435546875,134.2919921875,0.35686035156250007,0.3974365234375,159262.66372203827,5259.765625,0.1563062983971857,1.0050427391460521,0.00038219380150817127,507.3660498211776,0.16284249675430507,1.005053498343915,0.0003998257067081122,487.7162721826688,0.16284249675430507,1.005053498343915,1.0101217209638904
348876.953125,0.666259765625,398.173828125,0.12885742187500002,0.14057617187500002,41277.13918685913,2378.90625,0.16614420215642908,1.004740530565837,0.00013961203155648196,581.0727192143154,0.18444531729085062,1.0050545327473368,0.00015679713518447372,527.9870909744599,0.18444531729085062,1.0050545327473368,1.0098190244801586
348950.1953125,1.8861083984375,287.3583984375,0.3981689453125,0.3461669921875,138881.11579418182,2751.953125,0.17621215019764233,1.0054255472293874,0.00022115370948625677,605.9225107634353,0.20594493646190898,1.0051732347501672,0.00026359200934938026,521.5945336887751,0.20594493646190898,1.0051732347501672,1.0106268496090203
349169.921875,1.039794921875,74.443359375,0.3687988281250001,0.20297851562500002,114733.40177536011,6902.34375,0.15398089902038323,1.0049669590079993,0.0006353952547125308,471.49962744406946,0.15807162518551116,1.004973979049796,0.0006524962211387261,459.46456111212774,0.15807162518551116,1.004973979049796,1.0099656436078424
349243.1640625,1.5125732421875,186.7529296875,0.1043212890625,0.29606933593750007,63938.89319896698,6275.390625,0.16874599020056408,1.0049758841277516,0.0002768471720892782,457.4668272109592,0.19004140377160653,1.0045670279615104,0.0003142562547156242,408.3575859942217,0.19004140377160653,1.0045670279615104,1.0095656370912067
349462.890625,1.419189453125,259.384765625,0.32514648437500004,0.24077148437500004,96826.11227035522,9394.53125,0.16962192210626428,1.0050748864961478,0.00020740804932510627,423.4693622286797,0.19131867166971633,1.0050664877303939,0.00023491614253824444,375.48902746651896,0.19131867166971633,1.0050664877303939,1.0101670860767076
349536.1328125,1.1331787109375,319.8974609375,0.1456298828125,0.26003417968750003,84815.40763378143,9767.578125,0.17481521997544153,1.0049157356139544,0.00015813591229340483,399.9688615502408,0.2030732296502625,1.0047832421470386,0.00018676341545657203,344.91682326311195,0.2030732296502625,1.0047832421470386,1.0097224909147655
349755.859375,0.708740234375,282.294921875,0.304931640625,0.26918945312500003,170348.82307052612,6230.46875,0.16069845425635068,1.0051080437275346,0.00019589015136490596,479.0893879173206,0.1720062105051068,1.0050435678499756,0.00021105756886277555,448.27707024422915,0.1720062105051068,1.0050435678499756,1.0101773743426308
349829.1015625,1.7381591796875,382.6513671875,0.18459472656250003,0.21345214843750002,13301.440119743347,6603.515625,0.19167770512086243,1.0050954658852815,0.00015424150156047154,439.5842494350216,0.24203959355131313,1.0045979664521152,0.00019751024731100137,347.11345112213314,0.24203959355131313,1.0045979664521152,1.0097168611185952
350048.828125,1.832275390625,139.189453125,0.26362304687500004,0.324560546875,151052.43062973022,9722.65625,0.16479559108523653,1.0050992154876446,0.00036365832058081574,419.6285178638336,0.1808400101615419,1.0048243750024486,0.00039938218064127455,382.1798822855142,0.1808400101615419,1.0048243750024486,1.0099481910178238
350122.0703125,0.6146240234375,206.3427734375,0.22824707031250002,0.19265136718750003,36283.87153148651,9095.703125,0.15994956803239915,1.0045529449910298,0.0002511292128476815,427.04487694048277,0.16740570098250826,1.0048025707527535,0.00027041008667076606,402.8830839066767,0.16740570098250826,1.0048025707527535,1.009377381584236
350341.796875,1.455810546875,336.083984375,0.23872070312500002,0.337744140625,52788.53178024292,5246.09375,0.1790600291595982,1.005201273531644,0.00017337998304531684,485.7242183050096,0.21230324022417907,1.0051550226655641,0.00020934969944589788,410.51679599139135,0.21230324022417907,1.0051550226655641,1.0103831088801536
350415.0390625,0.9910888671875,265.1123046875,0.26955566406250003,0.1683349609375,125316.40708446503,5619.140625,0.16380633425735688,1.0050653250127617,0.00021158506087928637,487.63950602204886,0.1782298623969387,1.005001641529265,0.0002332762216786958,448.52731944274973,0.1782298623969387,1.005001641529265,1.0100923014819698
350634.765625,1.085205078125,170.400390625,0.19741210937500003,0.368505859375,70404.794216156,2738.28125,0.16180799777084168,1.0051016356161384,0.0003083685891747965,582.59026961638,0.17438206205217516,1.0049992089307707,0.0003362776949346464,542.8617552602516,0.17438206205217516,1.0049992089307707,1.010126348689243
350708.0078125,1.3616943359375,68.8818359375,0.3132080078125,0.1252685546875,104593.50669384003,2111.328125,0.15481130390316286,1.0050183811618223,0.0006413043090553851,623.6071726499647,0.1597525817596831,1.0049694034373045,0.0006646404696098254,604.9194685078841,0.1597525817596831,1.0049694034373045,1.010012722959722
350927.734375,1.195068359375,373.935546875,0.287353515625,0.23989257812500003,27615.40937423706,3324.21875,0.17297806243023162,1.0051803582830652,0.0001641690559955746,556.0576978897776,0.19862069074852962,1.005179163059141,0.0001917375776772852,486.4558951562576,0.19862069074852962,1.005179163059141,1.010386351262459
351000.9765625,1.2869873046875,306.9482421875,0.24201660156250002,0.2591552734375,148150.81679821014,3947.265625,0.1717942004762016,1.0051242803281228,0.00019209849087432234,527.873754548493,0.19606891314328326,1.0050862251131076,0.00022173731456131334,464.0255822258731,0.19606891314328326,1.0050862251131076,1.010236568684522
351220.703125,1.568603515625,209.580078125,0.318701171875,0.20385742187500003,10070.321559906006,4816.40625,0.16603949228004916,1.0051098735096582,0.0002740802403106648,513.1014621737378,0.1834093479964767,1.0050666650425644,0.0003063110320237526,465.71502605622527,0.1834093479964767,1.0050666650425644,1.0102024285697058
351293.9453125,0.9134521484375,109.3896484375,0.20832519531250002,0.29694824218750004,168248.60084056854,4439.453125,0.15626589165491164,1.0050371475831652,0.0004549398530832558,524.999976772201,0.1627767387386237,1.0050087725139931,0.00047560005810740356,504.7231145344831,0.1627767387386237,1.0050087725139931,1.0100711500235218
351513.671875,1.942138671875,236.474609375,0.183642578125,0.15375976562500002,109460.36100387573,8339.84375,0.17858132594205223,1.004958979754677,0.00022417464547808228,419.2873961272362,0.21160715255238682,1.004925075805221,0.00027059459113452504,354.45265963000696,0.21160715255238682,1.004925075805221,1.0099084789111064
351586.9140625,0.5399169921875,338.1591796875,0.28947753906250007,0.3593505859375,77837.52143383026,8962.890625,0.16109700911522182,1.0049671788935115,0.00015820745527375508,431.46988001018775,0.17239354387356728,1.0052986072772399,0.0001714962117382463,402.5573025991876,0.17239354387356728,1.0052986072772399,1.010292105300984
351806.640625,0.821533203125,92.041015625,0.21499023437500003,0.102490234375,129535.99691390991,7832.03125,0.15449331279203163,1.0047580846504458,0.0005275748563489721,451.77670614181096,0.1588607566549222,1.0048739824423638,0.0005426503715258637,439.07536504326555,0.1588607566549222,1.0048739824423638,1.0096552579138551
351879.8828125,1.6605224609375,163.1787109375,0.25578613281250007,0.3842529296875,56445.671916007996,7455.078125,0.1661043840382026,1.0050918481591937,0.00032233838430329907,452.86133551615546,0.1836150149947992,1.0050658215467818,0.0003577354483432717,409.9557229226903,0.1836150149947992,1.0050658215467818,1.0101834641000933
352099.609375,1.306396484375,114.951171875,0.11508789062500001,0.3746582031250001,138835.15119552612,8542.96875,0.15984701781525631,1.0049728316222557,0.0004306879098502988,435.0880453607157,0.17024602411489184,1.0050508028425684,0.0004615754410793146,408.90861632190666,0.17024602411489184,1.0050508028425684,1.0100487512569174
352172.8515625,1.2108154296875,225.9326171875,0.37443847656250007,0.13142089843750002,42397.83751964569,8166.015625,0.16268699038942194,1.0049717040367574,0.00024705540199528573,447.1514715167726,0.17554906322812233,1.0049327241562118,0.0002684204899528957,413.247240385022,0.17554906322812233,1.0049327241562118,1.009928952237569
352392.578125,0.929931640625,301.220703125,0.14877929687500002,0.33159179687500007,158272.47762680054,7035.15625,0.1685104453163999,1.0048495890605245,0.00017357218095142405,446.17205272743394,0.18838174957805187,1.0049795058014097,0.00019969151422718814,400.02933837167666,0.18838174957805187,1.0049795058014097,1.0098532434187955
352465.8203125,1.5872802734375,357.7490234375,0.34309082031250004,0.16218261718750002,23420.925974845886,7658.203125,0.17739899079109242,1.0050844846409015,0.0001664106540869853,449.5757778792166,0.20865423574006287,1.0048751334522907,0.00019753353876101853,382.13249753505454,0.20865423574006287,1.0048751334522907,1.0099844056343528
352685.546875,0.553466796875,147.490234375,0.34887695312500006,0.30727539062500003,85647.95255661011,3558.59375,0.15507244068327766,1.0052841432399868,0.00034304325130524757,556.7303384032085,0.16025737408127252,1.0051116994059413,0.000357369577366343,539.9340884225696,0.16025737408127252,1.0051116994059413,1.0104228535977888
352758.7890625,1.9637451171875,87.1435546875,0.15939941406250002,0.17536621093750002,97011.18552684784,3181.640625,0.15996367386733562,1.0049116301273096,0.0005595838835536562,560.7338869411673,0.17047067359310608,1.0050318365535653,0.0006018296002122152,527.7318569111995,0.17047067359310608,1.0050318365535653,1.0099681812008872
352978.515625,1.682861328125,353.681640625,0.382568359375,0.286474609375,64926.278591156006,4050.78125,0.17771530051953313,1.0050715576665707,0.00018348328540668404,546.8424241324473,0.20950572972813783,1.0045141052254114,0.00021753893473231605,464.9871920005833,0.20950572972813783,1.0045141052254114,1.0096085564369457
353051.7578125,0.8343505859375,241.5380859375,0.1280517578125,0.23073730468750003,118416.72599315643,4673.828125,0.16301312698144724,1.0047471793099056,0.00022464732829856275,504.86611385030847,0.1763247405833661,1.004955168630004,0.00024509328568458644,466.3341282324557,0.1763247405833661,1.004955168630004,1.0097258710139072
353271.484375,1.394287109375,344.716796875,0.308447265625,0.148486328125,148807.83796310425,6511.71875,0.17466240325809743,1.004532987781892,0.00017109486452909127,466.2342487255324,0.20171573662129721,1.0049635269559145,0.00019971207456495464,402.5995970277522,0.20171573662129721,1.0049635269559145,1.0095190143448527
353344.7265625,1.1112060546875,235.2294921875,0.20217285156250003,0.3552490234375001,30907.68325328827,6134.765625,0.1658968788356052,1.0050689231410013,0.0002316939365565361,473.4467632748265,0.1831213847321691,1.0050709841668481,0.00025826875001547114,429.70269725479153,0.1831213847321691,1.0050709841668481,1.0101656117368405
353564.453125,1.017822265625,159.111328125,0.274169921875,0.10776367187500001,170146.46291732788,9003.90625,0.1587973382523438,1.0048677093134204,0.0003226856015657283,431.0647057414309,0.16808231096334478,1.0044855632011946,0.00034861570784007636,408.36385852155513,0.16808231096334478,1.0044855632011946,1.0093751069323855
353857.421875,0.641357421875,313.505859375,0.22348632812500002,0.23579101562500002,75577.60953903198,5527.34375,0.16523874923440418,1.0047980641739291,0.00017511892833089066,486.08320063976583,0.17747188086489468,1.005050628684452,0.0001963318740360958,446.2598602290251,0.17747188086489468,1.005050628684452,1.0098729260989279
353930.6640625,1.8641357421875,372.6904296875,0.26838378906250004,0.2538818359375,109640.38550853729,5150.390625,0.18794802598682436,1.0043497041361973,0.0001681629982285303,489.0860067566964,0.2335506288313123,1.0032130246805666,0.00020937416360448049,393.6540851457889,0.2335506288313123,1.0032130246805666,1.0075767045235067
354150.390625,1.770751953125,105.322265625,0.189208984375,0.20795898437500002,53561.7995262146,2019.53125,0.16100956798764648,1.0050312349926902,0.00046775771969534365,620.5173573721524,0.17267408629357578,1.0050892774461626,0.0005076039985421174,580.7090449798912,0.17267408629357578,1.0050892774461626,1.0101461177896274
354223.6328125,0.7347412109375,218.9599609375,0.30031738281250003,0.3022216796875,128340.50834178925,2642.578125,0.15923060088869684,1.0051147115601442,0.0002455959494994492,595.0867447711845,0.1689644981601121,1.0049517925112286,0.0002625881930359538,562.3190361749529,0.1689644981601121,1.0049517925112286,1.0100918310617735
354443.359375,1.107177734375,85.732421875,0.140869140625,0.311376953125,41021.06428146362,5355.46875,0.15620740571339337,1.0050009237680917,0.0005644817607649313,500.66113141830425,0.1626368025158508,1.0049794615616612,0.0005899659674194397,481.4350834236954,0.1626368025158508,1.0049794615616612,1.0100052872374288
354516.6015625,1.3865966796875,154.2138671875,0.32990722656250004,0.18063964843750002,138578.17351818085,5978.515625,0.16022229130360904,1.004990122100787,0.0003532401676830948,488.31275107619814,0.1709844762063837,1.0049869966639728,0.00037984910467545117,458.33162115593774,0.1709844762063837,1.0049869966639728,1.0100020044870295
354736.328125,1.480712890625,250.751953125,0.10893554687500001,0.28237304687500003,18442.018032073975,2847.65625,0.17386437027958673,1.0051439547297691,0.00022538896432215276,551.2191874909897,0.20056938630987223,1.0051454694059503,0.0002656769308270221,481.0182275819413,0.20056938630987223,1.0051454694059503,1.0103158921974071
354809.5703125,1.0130615234375,349.7802734375,0.36418457031250007,0.22546386718750003,159595.33393383026,2470.703125,0.1666755439284947,1.0051368529881104,0.00017231892351087031,609.9050961190325,0.18481600551957075,1.0051711866771893,0.0001942450860881275,553.2561514078837,0.18481600551957075,1.0051711866771893,1.0103346032910345
355029.296875,1.854248046875,224.521484375,0.393408203125,0.37993164062500007,99714.5266532898,6371.09375,0.17134811791780852,1.0052189515575183,0.0002590641076548689,486.8418323414396,0.19519474500802075,1.0052412225370795,0.00029627427232022005,427.71419068429884,0.19519474500802075,1.0052412225370795,1.010487527781121
355102.5390625,0.6395263671875,121.6748046875,0.13361816406250002,0.1355224609375,87400.83396434784,6994.140625,0.15460257229988897,1.0050343020895725,0.00041343424261104265,465.14315795948386,0.16243094762008045,1.0045226018719273,0.00042495392373631037,449.1902674499414,0.16243094762008045,1.0045226018719273,1.0095796721055539
355322.265625,0.733642578125,366.962890625,0.3614746093750001,0.32631835937500003,120226.41897201538,9863.28125,0.1642223958506182,1.005361042461894,0.0001502541283036814,424.3052459472558,0.17967990529627043,1.0049074633310093,0.000162477997464674,387.26332366487924,0.17967990529627043,1.0049074633310093,1.010294814912201
355395.5078125,1.7601318359375,297.3193359375,0.1678955078125,0.1580810546875,69567.70408153534,9486.328125,0.18404967456160526,1.0049426916402724,0.00018049917798368005,401.2404871026779,0.2238486799308936,1.0048597134946076,0.00022309546643757905,329.11542379639803,0.2238486799308936,1.0048597134946076,1.0098264252001439
355615.234375,0.796630859375,177.373046875,0.12329101562500001,0.19770507812500002,161989.64643478394,8199.21875,0.1587108838647673,1.0047511384131527,0.0002910882258757058,439.80460549136893,0.16771572310606495,1.0050203380726361,0.00031066881064129937,416.4921428409918,0.16771572310606495,1.0050203380726361,1.0097953288068526
355688.4765625,1.6385498046875,78.5107421875,0.3873291015625,0.2919677734375,26549.147486686707,8572.265625,0.15656124971013374,1.0045826300905853,0.0006179066546580481,446.21420022737493,0.16337038817095426,1.0049790682756898,0.0006468014321743128,427.95282232617046,0.16337038817095426,1.0049790682756898,1.0095845155943783
355908.203125,1.920166015625,321.142578125,0.16401367187500002,0.24604492187500002,143286.35549545288,7691.40625,0.19050388855500772,1.0050340682598105,0.00017689695721184444,422.75241730576903,0.23958667661817495,1.0047415233533854,0.00022378355400512028,335.06475892121983,0.23958667661817495,1.0047415233533854,1.0097994607654124
355981.4453125,0.5150146484375,252.8271484375,0.34426269531250003,0.2641357421875,45080.525279045105,7064.453125,0.15691000988892412,1.004866419273076,0.0002146122945413009,466.631850893526,0.1640123244961848,1.004902624249035,0.00022527751811354026,447.13717502572024,0.1640123244961848,1.004902624249035,1.0097929017472453
356201.171875,1.543701171875,124.912109375,0.33833007812500004,0.111572265625,62392.48991012573,3214.84375,0.15871905669172795,1.0049953989727463,0.00042419485825256366,570.6405279033929,0.16784688466161393,1.0050231299544965,0.00045235757658066675,541.0386743186939,0.16784688466161393,1.0050231299544965,1.0100436214654573
356274.4140625,0.8914794921875,194.7216796875,0.15354003906250002,0.39216308593750004,116559.14008617401,3587.890625,0.16140222104517518,1.0049852715318126,0.0002748919136111349,545.853380760153,0.17346580716925347,1.005082667010553,0.0002990141264238334,509.8460257528459,0.17346580716925347,1.005082667010553,1.010093277017519
356494.140625,1.173095703125,288.603515625,0.3790527343750001,0.144677734375,84274.46126937866,4707.03125,0.16478103087589666,1.0049890827448218,0.00020711936556910008,521.8746511145771,0.18034745356490484,1.0047000358419917,0.00023027166856655,477.4507362238085,0.18034745356490484,1.0047000358419917,1.0097125674545329
356567.3828125,1.2620849609375,391.6162109375,0.1104736328125,0.3514404296875,95562.4932050705,4080.078125,0.18316556816089377,1.0051169048481956,0.0001486459522932685,495.62642751870044,0.2216590727797123,1.0051421270416943,0.00018444210482943384,411.07547138887344,0.2216590727797123,1.0051421270416943,1.0102853436646795
356787.109375,1.704833984375,269.013671875,0.25102539062500007,0.34184570312500007,11500.159740447998,3917.96875,0.1758690935217014,1.0052511348234257,0.00022338057735007649,531.6421865726212,0.2051586341943926,1.0051891745911639,0.00026466464024550154,457.4021693205635,0.2051586341943926,1.0051891745911639,1.01046755846999
356860.3515625,0.8592529296875,326.8701171875,0.21975097656250003,0.17360839843750003,173085.35277843475,3291.015625,0.16529121367871724,1.0050270762530025,0.00017625794374596455,553.1294206704883,0.18164675509429243,1.0051118724803838,0.00019663995076543478,505.3215713774715,0.18164675509429243,1.0051118724803838,1.0101646465061407
357080.078125,0.578369140625,62.158203125,0.29409179687500003,0.3644042968750001,32213.120937347412,4410.15625,0.15298712828441835,1.0049357020590108,0.0007177986018435794,531.6891718120957,0.15601944675519533,1.0048433857277734,0.000733668813938719,521.7336569960966,0.15601944675519533,1.0048433857277734,1.0098029932956933
357153.3203125,1.9857177734375,171.8115234375,0.17902832031250002,0.1199951171875,154094.52521800995,4783.203125,0.1689217087975468,1.0049821577646123,0.00032249300919619034,498.36143371118135,0.18961753700669312,1.004894418990195,0.0003677797833385006,445.2386975607195,0.18961753700669312,1.004894418990195,1.0099009615223824
357373.046875,0.951904296875,386.552734375,0.20356445312500002,0.27446289062500007,129368.65568161011,8933.59375,0.1731732823663313,1.0049402022290013,0.0001386941393439824,419.42128938346826,0.19895330107844184,1.0049406677289938,0.00016222900804260747,365.14868621576596,0.19895330107844184,1.0049406677289938,1.0099052778557227
357446.2890625,1.6121826171875,273.0810546875,0.3234619140625,0.21755371093750003,55362.56492137909,8306.640625,0.1727401513895306,1.0050747206324586,0.0002056063009670219,440.41633704145346,0.1980873622243349,1.0050596256674649,0.00023883229708764576,384.12273437541455,0.1980873622243349,1.0050596256674649,1.0101600224866907
357666.015625,1.331298828125,199.619140625,0.24663085937500004,0.31928710937500004,108110.78786849976,7425.78125,0.16522010645990146,1.005053745942932,0.00027235000525796613,454.3228409237792,0.18166866081819286,1.0051658969473738,0.0003018203295874053,413.4946353675174,0.18166866081819286,1.0051658969473738,1.0102457500210453
357739.2578125,1.2327880859375,140.6005859375,0.28273925781250003,0.18854980468750002,75583.96232128143,7798.828125,0.1587802514933178,1.00462886746268,0.0003757038562681168,453.3621474992299,0.1683931610351161,1.0048209378466264,0.00039835168151063685,428.4718331124815,0.1683931610351161,1.0048209378466264,1.0094721207916442
357958.984375,0.995849609375,243.779296875,0.331884765625,0.387548828125,51894.690990448,7636.71875,0.16342840743662818,1.0050785236501034,0.00022705422380207046,457.8469919533763,0.1778353916583982,1.005078744500288,0.00024838924567835376,421.15682344038066,0.1778353916583982,1.005078744500288,1.010183060674449
358032.2265625,1.4627685546875,357.4169921875,0.1412353515625,0.1068115234375,126062.0106458664,7009.765625,0.18410411350642203,1.0048643851683687,0.0001569211266826341,431.8860521592501,0.22378186201651018,1.0045020454079487,0.00019322136639810924,354.6206962629485,0.22378186201651018,1.0045020454079487,1.0093883302592273
358251.953125,1.369384765625,90.048828125,0.36323242187500004,0.356201171875,73505.22756576538,8128.90625,0.1568175710743268,1.0050645938183431,0.0005520182673909406,453.6159397603408,0.16387633871956164,1.0049341959865632,0.0005788343721417974,434.42671453299977,0.16387633871956164,1.0049341959865632,1.0100237795033984
358544.921875,1.742919921875,361.318359375,0.134423828125,0.30610351562500004,176970.3402519226,4652.34375,0.1911644231981411,1.0051305361995313,0.0001667676364692199,477.54814517233285,0.24069940365458037,1.004543729959611,0.0002135165472534827,379.0696082165947,0.24069940365458037,1.004543729959611,1.009697577930181
358618.1640625,0.7156982421875,303.6279296875,0.39494628906250007,0.21169433593750003,14766.65198802948,4025.390625,0.1599955174983475,1.0050706980635902,0.0001902924939602138,544.6864426316814,0.17049472940737975,1.0048097857458373,0.00020468263916613989,512.4063733004389,0.17049472940737975,1.0048097857458373,1.0099048727806952
358837.890625,0.622314453125,227.509765625,0.165771484375,0.25014648437500003,156954.28609848022,3144.53125,0.1586992202489636,1.0049287226319235,0.00023376604838732653,563.7915528148403,0.16781347289804613,1.0050581101615665,0.00024927085778907805,534.4074530466708,0.16781347289804613,1.0050581101615665,1.010011762815518
358911.1328125,1.8363037109375,118.0224609375,0.36125488281250007,0.23190917968750002,34057.59513378143,3517.578125,0.16048166709002848,1.0050030695938557,0.0004538050765587901,562.937421157659,0.17155658087352685,1.0050174399027827,0.000489829565566995,528.210008043465,0.17155658087352685,1.0050174399027827,1.0100456120976549
359130.859375,1.505615234375,165.419921875,0.20180664062500003,0.22231445312500003,114677.98566818237,4480.46875,0.16390342011138267,1.0049879226653722,0.00033273504579529347,517.0195405568992,0.17881664822793847,1.0050267884700907,0.0003667426236479945,475.2083008546204,0.17881664822793847,1.0050267884700907,1.010039784367607
359204.1015625,1.0350341796875,95.7763671875,0.30646972656250004,0.27907714843750003,60955.64544200897,4853.515625,0.15566293485488913,1.0050385458737447,0.0005219793011932398,518.6964175275525,0.16154910570554096,1.0051753371125132,0.0005422840712920653,500.0806222814402,0.16154910570554096,1.0051753371125132,1.0102399591597113
359423.828125,1.129150390625,341.064453125,0.23549804687500003,0.18393554687500002,93815.91939926147,3972.65625,0.1704013539081528,1.005063109057164,0.00017505716627051678,527.3432478067101,0.19286315451111885,1.0051284277262755,0.00020134248750947091,467.50409474242235,0.19286315451111885,1.0051284277262755,1.0102175025723095
359497.0703125,1.4114990234375,238.2177734375,0.2751220703125,0.31452636718750004,81857.02216625214,3345.703125,0.16827103152028294,1.0051592483591945,0.0002462813948372832,560.6262888325323,0.18822825717784397,1.005032129433629,0.0002795669417547084,503.418099540952,0.18822825717784397,1.005032129433629,1.0102173397983472
359716.796875,0.752685546875,112.958984375,0.266845703125,0.15961914062500002,28788.89799118042,7496.09375,0.16158397755107742,1.0048616810870818,0.00044552215743279446,454.6675098133921,0.16633107994805915,1.0049452349420724,0.0004830917424190486,428.1047603874439,0.16633107994805915,1.0049452349420724,1.0098309581843434
359790.0390625,1.7879638671875,211.9873046875,0.22268066406250003,0.32770996093750004,166917.48130321503,7869.140625,0.1730870777128083,1.0050349771467293,0.00025265296684871217,439.45678173100055,0.19882585017806004,1.0049576121347084,0.0002944808599181379,382.8894664241877,0.19882585017806004,1.0049576121347084,1.0100175507452382
360009.765625,1.882080078125,308.525390625,0.300537109375,0.13413085937500002,49320.809841156006,8988.28125,0.17991074089293152,1.004976178737987,0.00018735351285693346,426.01910766436146,0.21428011510743825,1.004958366307203,0.00022641616858206425,357.00007071678925,0.21428011510743825,1.004958366307203,1.009959218762183
360083.0078125,0.6585693359375,377.0068359375,0.1913330078125,0.3783935546875,147474.24399852753,8361.328125,0.16673787969112833,1.004701586246937,0.0001415422916401858,433.21073070358983,0.1837261103058762,1.005055406978111,0.00015970200165674116,391.6867813199176,0.1837261103058762,1.005055406978111,1.009780761656969
360302.734375,1.991943359375,65.810546875,0.221728515625,0.26801757812500004,92023.24628829956,9074.21875,0.15744426674669457,1.0048687548131752,0.0007114857444628829,435.697883091226,0.16519424235085503,1.0049063499480093,0.0007484176415907892,415.3939349006729,0.16519424235085503,1.0049063499480093,1.009798992576109
360375.9765625,0.5838623046875,168.8232421875,0.25139160156250007,0.24978027343750003,105057.18886852264,9697.265625,0.15573566737953876,1.0052617642860948,0.00030491456054250417,425.945075323573,0.1641436182402278,1.0036803130674463,0.00031600345966732767,409.60461792236435,0.1641436182402278,1.0036803130674463,1.008961442293401
360595.703125,0.865478515625,262.705078125,0.17807617187500002,0.28823242187500003,71630.868434906,6566.40625,0.16383958728032627,1.0049478998595247,0.00020925134864832574,466.3159898721402,0.1784062733298148,1.0048848179273169,0.00022947851725615384,428.19646468820497,0.1784062733298148,1.0048848179273169,1.009856887376778
360668.9453125,1.7103271484375,332.5146484375,0.2927001953125,0.19382324218750002,123830.87623119354,6189.453125,0.17924216871461415,1.0050043619462865,0.00018176838442852966,472.82804867657023,0.21277178069762617,1.0045277893781934,0.00021848223261842708,398.4579458010951,0.21277178069762617,1.0045277893781934,1.009554810021345
360888.671875,1.239013671875,204.599609375,0.32426757812500007,0.35063476562500007,137684.54313278198,2089.84375,0.1641020351219205,1.0052361103905616,0.0002727428375065925,631.9812611644122,0.17932806494096634,1.0050808142724954,0.0003023102927730887,581.5793662527893,0.17932806494096634,1.0050808142724954,1.0103435283674618
360961.9140625,1.3367919921875,136.2841796875,0.20510253906250003,0.1437255859375,37216.214060783386,2712.890625,0.159887648234147,1.0049805255945863,0.00038492547220492755,584.6513418109048,0.17030523267285053,1.0050252378406013,0.00041383219861096073,550.5720537654979,0.17030523267285053,1.0050252378406013,1.0100307917608715
361181.640625,1.618408203125,378.916015625,0.280615234375,0.39311523437500007,159654.71029281616,5582.03125,0.1852908371607134,1.005124712970032,0.00016313124597071443,487.7720403291862,0.2270971481184672,1.0039450306389905,0.00020053066454404016,397.8482680630611,0.2270971481184672,1.0039450306389905,1.0090899607587054
361254.8828125,0.9573974609375,280.0537109375,0.24641113281250002,0.1123779296875,17839.25712108612,5205.078125,0.1635442608935526,1.0048559490006237,0.00020582435903239966,498.3717684578524,0.17799182465473146,1.004227395803807,0.00022548242685554892,458.76161819735097,0.17799182465473146,1.004227395803807,1.0091038728228594
361474.609375,0.509521484375,316.826171875,0.386962890625,0.12153320312500002,113399.97053146362,2792.96875,0.15737116316793945,1.0049222780153149,0.00017678962191692275,590.0397472093971,0.1649526529511313,1.0047963462536085,0.00018687248539104437,564.236328416837,0.1649526529511313,1.0047963462536085,1.0097422332186412
361547.8515625,1.9139404296875,257.8076171875,0.12131347656250001,0.36579589843750004,77791.39220714569,2416.015625,0.1817863736834835,1.0052869089925436,0.00023147375150222124,568.9531247051298,0.21842992037115416,1.0052689350544088,0.0002863156122164577,477.60775560314363,0.21842992037115416,1.0052689350544088,1.0105837004270728
361767.578125,1.633056640625,184.345703125,0.34565429687500004,0.17221679687500002,134840.59286117554,5285.15625,0.1636860603038346,1.0050107644564876,0.00031307732285329687,506.79596416916746,0.1783284783030638,1.0050696753800656,0.00034432037532311505,466.0362277000873,0.1783284783030638,1.0050696753800656,1.0101058427857537
361840.8203125,0.7904052734375,70.8740234375,0.1649658203125,0.3403076171875,60556.790232658386,5908.203125,0.15398951900198718,1.0047495182152384,0.00066400097526175,493.42702212482794,0.1580783952883583,1.0047733237497434,0.0006820248256907323,480.8678979034165,0.1580783952883583,1.0047733237497434,1.0095455129530784
362060.546875,1.256591796875,285.615234375,0.152001953125,0.18540039062500002,32298.160076141357,9808.59375,0.17340023070280042,1.0048143004393835,0.00018129514109042178,404.97902057384476,0.1995281607311917,1.004806686476843,0.00020943075109174024,351.50767531644647,0.1995281607311917,1.004806686476843,1.009644127749044
362133.7890625,1.1668701171875,395.2685546875,0.3375244140625,0.31599121093750004,150687.11936473846,9431.640625,0.1751586866960194,1.0049876076215487,0.00014351666601263526,428.8067825687973,0.2038699075509437,1.004834298787044,0.00016860467108176697,368.6467791733621,0.2038699075509437,1.004834298787044,1.0098460179940678
362353.515625,0.885986328125,130.556640625,0.11069335937500001,0.22084960937500003,7923.165798187256,6300.78125,0.15711450600468096,1.0049513715321374,0.00039492757137136477,477.7162467653104,0.16445656490108101,1.0049497320823744,0.0004165219846554639,457.25532973248653,0.16445656490108101,1.0049497320823744,1.009925611577036
362426.7578125,1.5374755859375,188.4130859375,0.38117675781250004,0.27761230468750003,171298.95865917206,6923.828125,0.16385303441581298,1.0051119656392755,0.0003013086942580623,475.3232256729149,0.1787281448408812,1.0050591690663078,0.00033037946247632666,436.11607430181596,0.1787281448408812,1.0050591690663078,1.0101969970040134
362646.484375,0.878662109375,334.091796875,0.16782226562500002,0.17661132812500002,180011.7564201355,2261.71875,0.17117435822220964,1.0052065059995905,0.00017100935246613615,590.9837479676289,0.1898705460388522,1.0051785359765826,0.00019983929968439253,527.6772031058638,0.1898705460388522,1.0051785359765826,1.0104120040548041
362719.7265625,1.5330810546875,267.1044921875,0.3615478515625,0.30837402343750003,12078.673243522644,2884.765625,0.17003832929265833,1.0051987253256212,0.00023047486151238797,593.2850134419793,0.19214001253409901,1.005257579976474,0.00026499204212498354,527.8634508840328,0.19214001253409901,1.005257579976474,1.0104836380162703
362939.453125,1.252197265625,169.736328125,0.133544921875,0.22963867187500003,158046.67043685913,5753.90625,0.16292155496979352,1.0049541487649163,0.00031814467826098017,482.90693863262806,0.1765016876864913,1.0050023085029705,0.00034766460507850864,446.10884625697463,0.1765016876864913,1.0050023085029705,1.0099812394483785
363232.421875,1.625732421875,281.630859375,0.364111328125,0.13266601562500002,52782.80973434448,9277.34375,0.171958572831937,1.004719460704789,0.00020339004505379236,431.3988320085519,0.19556019276370973,1.0050540735574143,0.00023483768397917023,377.82272515100806,0.19556019276370973,1.0050540735574143,1.0097973867637564
363305.6640625,0.7860107421875,383.3154296875,0.1090087890625,0.3757568359375001,130454.16724681854,9900.390625,0.17111161671543085,1.0049035688123955,0.0001341491529156517,404.1451272532691,0.19443632031101885,1.005032217645313,0.00015463413310120582,355.8301686277817,0.19443632031101885,1.005032217645313,1.0099604622832112
363525.390625,0.505126953125,137.197265625,0.329833984375,0.16108398437500002,74699.0065574646,6769.53125,0.15356119326103482,1.0045022260750482,0.000377932552532422,475.11041813370434,0.15720891674685147,1.0050590432980093,0.00038838655815623223,464.6325961708401,0.15720891674685147,1.0050590432980093,1.0095840463297088
363598.6328125,1.9066162109375,208.3349609375,0.14094238281250002,0.33034667968750003,105358.6357831955,6392.578125,0.175739069000922,1.0052000580640483,0.0002615251917346453,455.82850292502906,0.20481881761570775,1.0049403904275942,0.00030805347916235934,391.6100445953731,0.20481881761570775,1.0049403904275942,1.010166138808725
363818.359375,1.622802734375,75.107421875,0.30024414062500004,0.358251953125,29208.381175994873,9605.46875,0.1569667724648412,1.0050108831991633,0.0006403416238394521,432.2449724657755,0.16418249944825536,1.0049241122565291,0.0006718930441827125,413.5548227308505,0.16418249944825536,1.0049241122565291,1.0099596696070694
363891.6015625,0.9647216796875,186.0888671875,0.18928222656250002,0.1525146484375,169928.11858654022,9228.515625,0.16027497782822728,1.0045489714696847,0.0002855114651902337,428.36387326968344,0.17129242539585024,1.004626723758653,0.0003029250995356744,400.7659053088612,0.17129242539585024,1.004626723758653,1.009196742062714
364111.328125,1.246337890625,261.376953125,0.268310546875,0.385498046875,49313.905239105225,6097.65625,0.16866919055719976,1.0051254148008684,0.00021833144102715685,481.6684396007338,0.1892188934593695,1.0051740611523226,0.0002465869125251605,429.90426820725094,0.1892188934593695,1.0051740611523226,1.0103259951628016
364184.5703125,1.3411865234375,317.9052734375,0.2235595703125,0.1035888671875,147797.20771312714,6720.703125,0.17355568083726586,1.0048069078061796,0.00018107128201976864,456.0487707240309,0.19931366022649116,1.004926349366096,0.00021033224851525965,396.34076392568704,0.19931366022649116,1.004926349366096,1.0097569376794995
364404.296875,0.869873046875,192.646484375,0.23403320312500003,0.258056640625,117402.1487236023,2621.09375,0.15963554530237214,1.004997966378889,0.0002803699031639373,593.181867040529,0.16983641718785913,1.0050604633123823,0.0003004618795625825,559.1914292693223,0.16983641718785913,1.0050604633123823,1.0100837217167682
364477.5390625,1.7176513671875,132.2998046875,0.27424316406250004,0.23864746093750003,58975.84617137909,2244.140625,0.16220546006681008,1.0050782296119134,0.000402880984886388,616.0150939480066,0.17522943656599727,1.0051633288566717,0.0004403816788225992,572.6746497229535,0.17522943656599727,1.0051633288566717,1.0102677790380812
364697.265625,1.999267578125,398.837890625,0.20209960937500002,0.298193359375,93990.57912826538,5113.28125,0.1976060114216447,1.0047904356563675,0.00016264139062550285,478.4560410468265,0.25696289098067077,1.0034771316803563,0.00021206882756141638,366.5437701733426,0.25696289098067077,1.0034771316803563,1.0082842243123074
364770.5078125,0.5882568359375,286.6943359375,0.30852050781250007,0.20495605468750003,85392.22800731659,5736.328125,0.15849702745123603,1.0049223963338958,0.00019714061910329332,494.14359143152996,0.1673704811159865,1.0050899087475353,0.00020932814762491481,468.67882015638634,0.1673704811159865,1.0050899087475353,1.01003735962959
364990.234375,1.874755859375,145.498046875,0.28266601562500004,0.16958007812500003,138195.33491134644,4949.21875,0.16330975091875327,1.0050209176318747,0.00038511435736407907,511.79906175823334,0.17753822943476633,1.0050398391817417,0.00042271339189327317,471.794809650437,0.17753822943476633,1.0050398391817417,1.0100860614310259
365063.4765625,0.6541748046875,89.1357421875,0.24670410156250003,0.3388427734375,39955.45852184296,4322.265625,0.15409007119460058,1.004922855499939,0.0005443987446378829,534.3099351169683,0.15827637079900117,1.0050648684300958,0.0005614868953865311,520.8855988969506,0.15827637079900117,1.0050648684300958,1.0100126575454424
365283.203125,0.748291015625,353.017578125,0.32338867187500003,0.124169921875,162954.08010482788,3441.40625,0.16200043378091042,1.0048327879714845,0.00016818919418247063,559.9678678519149,0.17474471492916496,1.0050203528945452,0.00018342322155410795,520.9435913518703,0.17474471492916496,1.0050203528945452,1.009877403167111
365356.4453125,1.7806396484375,242.2021484375,0.20363769531250003,0.36726074218750004,15648.457407951355,3814.453125,0.17553276322023745,1.0052212874057036,0.0002452030891296887,531.3198430916576,0.20438604652358786,1.0051947275336963,0.00028970144155633594,458.0008520676439,0.20438604652358786,1.0051947275336963,1.0104431381048478
365576.171875,1.121826171875,114.287109375,0.178955078125,0.21469726562500002,94437.47282028198,7964.84375,0.1573725178314959,1.0048968493758623,0.00044268570688986506,450.6015126799147,0.165002131614888,1.0047412224206087,0.0004712092550418541,430.3069526271393,0.165002131614888,1.0047412224206087,1.0096612888485221
365649.4140625,1.4071044921875,226.5966796875,0.2941650390625,0.27028808593750003,104464.01679515839,7337.890625,0.16676372906357828,1.005053715227369,0.00024908329292358945,460.06774201622494,0.18507461276809106,1.0049721968482708,0.0002768261475031402,414.7492626838823,0.18507461276809106,1.0049721968482708,1.0100510401425655
365869.140625,1.501220703125,299.228515625,0.21967773437500002,0.19155273437500003,72097.03207015991,8457.03125,0.17641378760853793,1.0050556919141644,0.0001841603876799287,427.8003867596615,0.2061644453878209,1.004880838033504,0.00022071498127854144,366.1841267414603,0.2061644453878209,1.004880838033504,1.0099612059610488
365942.3828125,1.0277099609375,359.7412109375,0.2510986328125,0.32331542968750004,127489.22049999237,8830.078125,0.17177302172169198,1.0053694352714262,0.00015411073369699248,430.29002503806265,0.19668242481852868,1.0047575226936627,0.00017746034211307327,376.8852781626117,0.19668242481852868,1.0047575226936627,1.0101525031752447
366162.109375,0.626708984375,237.138671875,0.11040039062500001,0.29497070312500007,31304.481029510498,7167.96875,0.15954623218534977,1.004904668624375,0.0002258042539262748,458.4914568558255,0.1693852664351154,1.0050845772704442,0.00024391849368685014,432.43236518142635,0.1693852664351154,1.0050845772704442,1.0100141840614258
366235.3515625,1.8436279296875,337.4951171875,0.3791259765625,0.20173339843750002,150325.648188591,7541.015625,0.17836508095383893,1.005083154799009,0.00018462435909517524,463.25231763374273,0.21097108273773815,1.0043584023568013,0.00021872816815310134,391.426981895058,0.21097108273773815,1.0043584023568013,1.009463711589666
366455.078125,1.750244140625,94.033203125,0.153466796875,0.26127929687500007,9256.822109222412,8660.15625,0.15981678801301422,1.0047834102710955,0.0005315423399454634,438.35954411638403,0.17006618551942881,1.0048913731272542,0.000567847957467616,412.35531842191017,0.17006618551942881,1.0048913731272542,1.0096981808428063
366528.3203125,0.7200927734375,161.1865234375,0.33840332031250003,0.24187011718750004,175007.4280500412,8033.203125,0.15603614422386497,1.0048700655639489,0.0003257670583858454,453.91519530680563,0.16225654141240453,1.004974811546753,0.0003456658669501503,437.1773760353385,0.16225654141240453,1.004974811546753,1.0098691047691029
366748.046875,1.373779296875,375.927734375,0.34418945312500004,0.396337890625,114515.20109176636,4183.59375,0.1768669222431429,1.0053448025577483,0.0001704049119145611,541.5682157829016,0.20737852326515047,1.0052232568445494,0.00020306960255727795,463.00325007102015,0.20737852326515047,1.0052232568445494,1.0105959766788402
366821.2890625,1.0965576171875,304.9560546875,0.16408691406250003,0.11442871093750001,81888.29123973846,4556.640625,0.16965820791220185,1.004525942207904,0.00019066233810879958,504.0954709382884,0.19019078079832175,1.0049909413404607,0.00021725194537430774,448.64094344339765,0.19019078079832175,1.0049909413404607,1.0095394722604347
367041.015625,1.003173828125,210.244140625,0.38725585937500007,0.34741210937500006,137417.733669281,3675.78125,0.16097732848764226,1.005162436335382,0.00027175263084233106,561.4732298238367,0.17257050829852102,1.005130001668626,0.00029433225149593244,525.528770776324,0.17257050829852102,1.005130001668626,1.0103189213110226
367114.2578125,1.4671630859375,108.7255859375,0.12336425781250002,0.14167480468750002,57650.82633495331,3048.828125,0.1608989249137986,1.0047860348425468,0.0004678472077310184,565.2700693785689,0.17075118892288965,1.0049585928873617,0.0005082397089358245,531.1736283879101,0.17075118892288965,1.0049585928873617,1.0097683597282374
367333.984375,1.323974609375,254.404296875,0.19125976562500002,0.284423828125,78122.04694747925,3386.71875,0.16937272596216768,1.0051176640257877,0.0002304904913447959,549.155805445199,0.19066975597117936,1.005156187169324,0.0002635323682383479,490.0670121137787,0.19066975597117936,1.005156187169324,1.0103002388286983
367407.2265625,1.2283935546875,325.5419921875,0.30061035156250004,0.2286865234375,111436.12563610077,3759.765625,0.16965637382902732,1.0051605649928024,0.0001900239419730873,547.3666099766818,0.19128949149493482,1.0051071919007295,0.00021695623220504916,487.0550828020935,0.19128949149493482,1.0051071919007295,1.0102941128892664
367626.953125,0.947509765625,79.423828125,0.22260742187500004,0.309326171875,56514.81008529663,4878.90625,0.1548280958373499,1.005034785987863,0.0006122659592334503,519.1654341700682,0.1597870239816012,1.0050429355314736,0.0006338939697399487,503.5885466325998,0.1597870239816012,1.0050429355314736,1.0101031116204882
367700.1953125,1.6048583984375,181.1083984375,0.26691894531250004,0.1774169921875,135398.93805980682,4251.953125,0.1644652281270236,1.0050729360853625,0.00031815096095334815,530.1293273577905,0.18000917612282077,1.0051792091122702,0.0003523366455803201,485.8537041609613,0.18000917612282077,1.0051792091122702,1.010278418994432
367919.921875,0.571044921875,393.193359375,0.27504882812500003,0.334228515625,154214.6029472351,8402.34375,0.16330862120355102,1.005155100165838,0.00014226673362288133,442.49605825509343,0.1774137259274606,1.0051072772392307,0.0001552235745263658,407.2989040582375,0.1774137259274606,1.0051072772392307,1.0102887059308117
367993.1640625,1.9813232421875,293.0029296875,0.23557128906250002,0.16481933593750003,35939.80872631073,8775.390625,0.18306640239438476,1.0048986171650756,0.000196324256042404,423.60105693730486,0.22160214960117516,1.0049454599570948,0.00024098065039299468,349.05535898599084,0.22160214960117516,1.0049454599570948,1.0098683030372053
368212.890625,1.700439453125,195.634765625,0.306396484375,0.37202148437500004,178169.61812973022,7894.53125,0.16847282155737914,1.0051216948045827,0.0002827945876004554,453.4915449998968,0.1887915702164829,1.0050351176712888,0.00031765400613260864,404.7312293487805,0.1887915702164829,1.0050351176712888,1.010182600811889
368286.1328125,0.8519287109375,128.6474609375,0.20187988281250002,0.1287841796875,10333.535075187683,7267.578125,0.15587803507138295,1.005001116522399,0.0004072143635440165,464.30608094466214,0.16722420062529017,1.0042243125179262,0.00042142609606415026,443.3762018524867,0.16722420062529017,1.0042243125179262,1.0092465553194545
368505.859375,1.177490234375,176.044921875,0.361181640625,0.10043945312500001,102748.11506271362,8730.46875,0.15928581235209696,1.0049192367622666,0.00031442856119886733,443.7260160427427,0.168914460761116,1.004794790223712,0.0003347853662971353,418.3882158428365,0.168914460761116,1.004794790223712,1.0097376136943144
368579.1015625,1.2694091796875,63.9013671875,0.16584472656250002,0.3822021484375,92196.21551036835,8103.515625,0.15536367597127265,1.0049667463567657,0.000735593297375158,454.4369518108328,0.16088887852209013,1.0049238283346982,0.0007633300008510994,439.0934269184364,0.16088887852209013,1.0049238283346982,1.0099150300979067
368798.828125,1.551025390625,330.439453125,0.394873046875,0.155810546875,125484.68160629272,7222.65625,0.17167934954024772,1.0050525642978265,0.00018728807126785734,470.4343098300133,0.19591672903708646,1.0050080050802699,0.00021562075273715166,412.46528436277856,0.19591672903708646,1.0050080050802699,1.0100858726457682
368872.0703125,0.8958740234375,270.0927734375,0.13449707031250002,0.36140136718750004,69722.95844554901,7595.703125,0.16545768706750855,1.004976455771812,0.00019998577099831707,446.2560811234643,0.18218091719831844,1.0045484662801452,0.00022190396149616485,405.6470895116022,0.18218091719831844,1.0045484662801452,1.0095475572932298
369091.796875,1.924560546875,144.833984375,0.10747070312500001,0.20649414062500002,43031.20756149292,3746.09375,0.1668570762984978,1.0049340047104691,0.0003765771880559622,530.632684923382,0.18515866247549687,1.0049954439378166,0.00042354893141975875,480.03135262830807,0.18515866247549687,1.0049954439378166,1.0099540961922058
369165.0390625,0.5223388671875,201.3623046875,0.3633056640625001,0.29958496093750003,142539.36851024628,3119.140625,0.15600268641371665,1.005202071967369,0.00026712582010407227,578.349858390187,0.1622379804555643,1.005269528190985,0.00027940404729245855,557.1362150376499,0.1622379804555643,1.005269528190985,1.0104990126232376
369384.765625,0.803955078125,276.650390625,0.141162109375,0.23725585937500002,18600.594997406006,4238.28125,0.1635043080363378,1.0050084767275709,0.00020403986548200233,521.0508958071501,0.17780133179965266,1.0049469002422362,0.00022149291628417028,479.2643997011825,0.17780133179965266,1.0049469002422362,1.0099801534045438
369458.0078125,1.6429443359375,387.6318359375,0.33195800781250007,0.25651855468750007,167447.20542430878,4611.328125,0.1805323085300042,1.0046914615941565,0.0001696280072371238,523.2904832499277,0.21589609487952202,1.0037375618689426,0.000203912186210889,438.0575961154085,0.21589609487952202,1.0037375618689426,1.0084465580910629
369677.734375,0.726318359375,97.685546875,0.381103515625,0.37114257812500007,64650.80976486206,5824.21875,0.154481631850717,1.0051807630269742,0.0005168138479217827,499.5550049678756,0.15909363837670715,1.0051451930365645,0.0005330969350617047,485.50787801271133,0.15909363837670715,1.0051451930365645,1.010352612089389
369750.9765625,1.7557373046875,158.1982421875,0.11076660156250001,0.12790527343750002,122627.5624036789,5447.265625,0.16664490814051852,1.004929132923915,0.0003439664292353012,483.6733274219193,0.18445424129452032,1.0049609834389028,0.00038485024628778954,437.2766075249936,0.18445424129452032,1.0049609834389028,1.0099145697096215
369970.703125,1.849853515625,230.830078125,0.33745117187500007,0.33510742187500003,87853.280544281,2316.40625,0.17168207659526968,1.0053329573634422,0.00026640006370361934,622.9759178911625,0.1958175214547693,1.0053908644771055,0.0003101671284959736,550.1176089473203,0.1958175214547693,1.0053908644771055,1.0107525710909562
370043.9453125,0.6322021484375,343.1396484375,0.15207519531250002,0.1656982421875,97492.55836009979,2939.453125,0.16247423740562894,1.004999716224273,0.0001661067434509537,567.3785134950384,0.1765350976785425,1.0049021697787068,0.0001816592632337614,525.8308019159862,0.1765350976785425,1.0049021697787068,1.0099263954607565
370263.671875,1.473388671875,215.224609375,0.16489257812500002,0.322509765625,170245.15104293823,6839.84375,0.16951868691206518,1.0049107705399616,0.00025414583081684794,457.76832142641075,0.19099473317627527,1.0050265411071206,0.000289698318153445,406.8745784551097,0.19099473317627527,1.0050265411071206,1.009961995837069
370336.9140625,1.0086669921875,104.4091796875,0.34572753906250003,0.1906005859375,24394.52826976776,6462.890625,0.15515891254223,1.0048549340032096,0.0004963373177407837,484.7129031196525,0.16045763336942784,1.0049859313817895,0.0005156472135837263,469.1877694593522,0.16045763336942784,1.0049859313817895,1.0098650717528022
370556.640625,1.102783203125,368.291015625,0.121240234375,0.271240234375,147735.0935935974,9332.03125,0.17850161284540036,1.0046436938039964,0.0001455622287333152,408.59635399031515,0.21039982443487065,1.0048792505145177,0.0001741917685552526,345.2323767313678,0.21039982443487065,1.0048792505145177,1.0095456020638964
370629.8828125,1.3792724609375,311.9287109375,0.38703613281250004,0.2155029296875,49984.734416007996,9955.078125,0.17019755933381486,1.005069635655171,0.0001841492524208632,429.24156230560516,0.1924291222653965,1.0047547656637728,0.0002100997213573768,379.41877672055375,0.1924291222653965,1.0047547656637728,1.0098485062484848
370849.609375,1.775146484375,348.701171875,0.24633789062500003,0.24340820312500003,134360.54182052612,6042.96875,0.18429116629429465,1.0051238606349084,0.00017659217568454278,471.7703297481511,0.22450202544535433,1.0041312524007282,0.00021721820704901642,386.95029910706387,0.22450202544535433,1.0041312524007282,1.0092762809971856
370922.8515625,0.7420654296875,247.1826171875,0.28068847656250007,0.2626708984375,54289.50011730194,6666.015625,0.15971602924943096,1.0048222274928746,0.00022751997106974233,475.99632977696984,0.16992008294390076,1.0050212718543035,0.0002439449987513588,448.0869311903574,0.16992008294390076,1.0050212718543035,1.0098677130623632
371142.578125,0.648681640625,152.470703125,0.20502929687500002,0.20034179687500003,111907.73153305054,9535.15625,0.16006376567094202,1.0037507883506802,0.0003423735871667996,428.3492345841705,0.16694260942357814,1.0049725754426253,0.0003683407409487445,403.9845324513781,0.16694260942357814,1.0049725754426253,1.0087420148713486
371215.8203125,1.8685302734375,81.4990234375,0.3243408203125,0.2934326171875,80797.81806468964,9158.203125,0.1578942563808611,1.0039016424520733,0.0006115721275964333,440.42532583337703,0.16613842668047243,1.0050231692878493,0.0006461308555503203,419.0326079199509,0.16613842668047243,1.0050231692878493,1.00894441035046
371435.546875,1.022216796875,296.240234375,0.29262695312500003,0.13852539062500002,11850.955486297607,5058.59375,0.1642986589106943,1.005045805386294,0.00020081155545258295,508.3968274690604,0.1795926029608789,1.0050193205598692,0.00022262532134237993,466.16610816371497,0.1795926029608789,1.0050193205598692,1.0100904524608798
371508.7890625,1.4949951171875,363.3935546875,0.1781494140625,0.34411621093750006,182017.53318309784,5681.640625,0.18375346110588886,1.0050904443209547,0.00016447684939694686,471.15801928288835,0.22306830135277672,1.004812137365237,0.00020334874137061616,388.0481680046509,0.22306830135277672,1.004812137365237,1.0099270776035143
371728.515625,1.401611328125,119.931640625,0.251318359375,0.11772460937500001,32894.174098968506,2550.78125,0.15876576272640816,1.0047016926378205,0.00043677742763910946,598.168749226719,0.16765486484077374,1.0050512486424927,0.00046585846652981184,567.3178612403239,0.16765486484077374,1.0050512486424927,1.0097766906988674
371801.7578125,1.1156005859375,220.2880859375,0.22180175781250003,0.39948730468750004,158225.19767284393,2173.828125,0.16506364932006545,1.0052354714236589,0.00025605310751256077,617.9191579197666,0.1813851939091626,1.0052339158837063,0.00028524733118087935,565.6024839676263,0.1813851939091626,1.0052339158837063,1.0104967893244081
372021.484375,1.675537109375,110.966796875,0.32719726562500007,0.317236328125,123519.87409591675,8011.71875,0.15967596292154712,1.0050520878937628,0.0004758897433365139,457.65234502328974,0.16986343803102832,1.0050017447514028,0.0005080358139115258,430.4941907513676,0.16986343803102832,1.0050017447514028,1.0100791018992719
372094.7265625,0.8299560546875,213.9794921875,0.1459228515625,0.18649902343750002,67671.23305797577,8634.765625,0.16075211363269962,1.0049046622476923,0.00025061096692598407,436.48943198628206,0.17173853138564735,1.004905995705423,0.00026804347947502927,407.79062395396755,0.17173853138564735,1.004905995705423,1.0098347202050388
372314.453125,0.549072265625,307.861328125,0.367919921875,0.27651367187500003,100930.52053451538,7503.90625,0.15962288676348363,1.0051454824017265,0.000183851387314219,463.5935972814189,0.16944150870652241,1.0050347479250445,0.0001964798879631256,436.7459167560312,0.16944150870652241,1.0050347479250445,1.0102061365336166
372607.421875,0.922607421875,164.755859375,0.12973632812500002,0.367041015625,20656.955242156982,3027.34375,0.16000656633775345,1.0051305911590311,0.0003243628413084652,571.6177071160577,0.17055731278076816,1.004969537636713,0.00034849901543027457,537.815542535273,0.17055731278076816,1.004969537636713,1.0101256254616076
372680.6640625,1.5828857421875,96.4404296875,0.3996337890625,0.12263183593750002,171844.67017650604,3650.390625,0.15642498444303804,1.0049205392601694,0.0005415359608434235,561.2355631333044,0.16305368877299345,1.0050044307535444,0.0005680870496030582,539.4061978921267,0.16305368877299345,1.0050044307535444,1.0099495945117114
372900.390625,1.302001953125,339.072265625,0.170458984375,0.339208984375,46715.3639793396,4519.53125,0.17682750052852195,1.0051390376690192,0.00017576534810942422,503.66726829258744,0.20713885844751748,1.0051399022810341,0.00021036344760135402,431.2684329184018,0.20713885844751748,1.0051399022810341,1.0103053541014906
372973.6328125,1.2034912109375,240.2099609375,0.3565673828125,0.17097167968750002,146910.6377363205,4142.578125,0.16279097553659264,1.0050650616336323,0.0002495975826478198,542.843828944825,0.1764096657229548,1.0049939413938778,0.00027324001945500115,502.2656447597155,0.1764096657229548,1.0049939413938778,1.0100842976484647
373193.359375,0.825927734375,361.982421875,0.19711914062500002,0.142626953125,53199.16486740112,3855.46875,0.165858200885354,1.0049296615711605,0.00016476769912678402,533.872240742687,0.18361845991162293,1.0050564727685845,0.00018358255994127602,484.83754740658634,0.18361845991162293,1.0050564727685845,1.0100110610392379
373266.6015625,1.6678466796875,302.9638671875,0.3111572265625,0.34938964843750003,133824.26726818085,3478.515625,0.17598433038915282,1.0052502550812592,0.00021189760119408403,563.1051770997534,0.20535600278187474,1.0052663806287385,0.0002517935805925671,484.34708946160623,0.20535600278187474,1.0052663806287385,1.0105442855516535
373486.328125,1.949462890625,229.501953125,0.24018554687500002,0.11362304687500001,77644.28853988647,4347.65625,0.17215142294240338,1.0050628740224967,0.00026529558209126665,518.7649589185768,0.19682083779649565,1.0050502021533756,0.00030669713435370853,454.82941317701574,0.19682083779649565,1.0050502021533756,1.010138644713163
373559.5703125,0.5443115234375,116.0302734375,0.27043457031250007,0.39421386718750007,111455.07514476776,4970.703125,0.15443216805104837,1.0050038834943062,0.00044355545674276236,519.3558698088651,0.15902216056852278,1.005102142414528,0.00045687299169725235,504.6172109073197,0.15902216056852278,1.005102142414528,1.010131556435048
373779.296875,1.572998046875,245.771484375,0.26215820312500004,0.24868164062500003,183847.3391532898,8871.09375,0.17144895618208844,1.0050525993766763,0.0002254331897892775,432.9519639007782,0.19515501080910705,1.0050799046550916,0.00026043056693352863,380.4499067941477,0.19515501080910705,1.0050799046550916,1.0101581707548617
373852.5390625,0.9207763671875,355.4248046875,0.22736816406250002,0.26677246093750007,14549.33249950409,8494.140625,0.16926847028181408,1.0047785642425227,0.0001553029878651614,435.2644548693285,0.19085369853766748,1.0050242818148056,0.00017786744072663754,387.1440572036878,0.19085369853766748,1.0050242818148056,1.009826854910753
374072.265625,1.202392578125,90.712890625,0.30522460937500007,0.195068359375,159225.44240951538,7363.28125,0.1555032353805101,1.0049700205505803,0.0005629156118428009,468.35157348989026,0.16114418098507646,1.0049914088514493,0.0005851562583014872,452.24041602803914,0.16114418098507646,1.0049914088514493,1.0099862368065977
374145.5078125,1.2913818359375,148.5693359375,0.1866455078125,0.28933105468750003,38373.30710887909,7986.328125,0.16110302512921326,1.0048013745488868,0.000361735487232995,450.5964716263698,0.17284202980544378,1.0045935522200706,0.0003897026030424472,420.2956418848213,0.17284202980544378,1.0045935522200706,1.0094169821336758
374365.234375,1.077880859375,283.623046875,0.21704101562500003,0.328955078125,113949.36323165894,6699.21875,0.16764224279231094,1.0049536584900485,0.0002014064004736721,467.8344896898636,0.18728566209545705,1.0050235115705208,0.0002250944880341551,419.4346043401881,0.18728566209545705,1.0050235115705208,1.0100020548213104
374438.4765625,1.3572998046875,397.2607421875,0.2560791015625,0.16071777343750002,81918.71535778046,6072.265625,0.17804293141322225,1.0050871032196964,0.00015440808698607479,473.91877394130313,0.20996253261464823,1.0050758471088244,0.00018570571987196628,402.2197115498774,0.20996253261464823,1.0050758471088244,1.0101887716866909
374658.203125,1.451416015625,129.892578125,0.18276367187500003,0.377294921875,139924.29494857788,9191.40625,0.16139659586230842,1.0049121650687325,0.00040181268363125613,433.95970201741613,0.17349493793241716,1.0050019792601814,0.00043387685422120693,403.78435283225707,0.17349493793241716,1.0050019792601814,1.0099387148767103
374731.4453125,0.9837646484375,189.0771484375,0.28801269531250007,0.13288574218750002,60222.187876701355,9564.453125,0.16035379904503239,1.004633956734103,0.0002902934156753624,430.7692222283831,0.16988060775311356,1.004774522373019,0.0003073016541762055,403.5445633748831,0.16988060775311356,1.004774522373019,1.0094306040372245
374951.171875,1.824951171875,316.162109375,0.319580078125,0.28032226562500007,33138.70573043823,5714.84375,0.17896545412069928,1.005190781348883,0.00019948634535220681,495.03278803700135,0.21239304707345485,1.0044121384939237,0.0002368836121963575,417.2019967524687,0.21239304707345485,1.0044121384939237,1.0096258222890095
375024.4140625,0.6102294921875,258.4716796875,0.20979003906250002,0.22341308593750003,157360.5316877365,5087.890625,0.1587291752288379,1.0050640758727862,0.00021898964493988717,508.56470355927775,0.16786719420055335,1.004912523001266,0.00023283610002367564,481.73647328055887,0.16786719420055335,1.004912523001266,1.0100014762632576
375244.140625,0.704345703125,182.353515625,0.28530273437500003,0.31342773437500004,6100.022792816162,2207.03125,0.1577132993407522,1.0052709973599931,0.00029183768530745936,621.8857016817918,0.1657173847661451,1.0049270881141623,0.0003096520452809985,593.8617935311042,0.1657173847661451,1.0049270881141623,1.0102240561425977
375317.3828125,1.7308349609375,72.8662109375,0.24172363281250003,0.18269042968750002,180745.3545331955,2580.078125,0.15685798541087415,1.0050032717031547,0.0006568426690530343,599.3070100375945,0.16398320989012474,1.0050600179369036,0.0006901494537566729,574.3625406464947,0.16398320989012474,1.0050600179369036,1.0100886062846195
375537.109375,1.423583984375,205.263671875,0.38227539062500004,0.21059570312500003,93120.765209198,5417.96875,0.16287668097411892,1.0050751137798346,0.00028981434788824073,511.1144117996019,0.17661887511049454,1.0050973507428853,0.0003167246535504263,472.09129734532667,0.17661887511049454,1.0050973507428853,1.0101983341577159
375610.3515625,1.1405029296875,135.6201171875,0.1260009765625,0.30485839843750007,102619.349360466,5791.015625,0.15949950281236386,1.0049760019014697,0.0003946613604546673,491.0274156445646,0.1694859561337549,1.0050110018678367,0.0004222367336428621,462.9159915549118,0.1694859561337549,1.0050110018678367,1.010011938524129
375830.078125,1.047119140625,380.908203125,0.350341796875,0.23315429687500003,67137.92562484741,2910.15625,0.1683622426364904,1.0048353399325962,0.0001671272579614645,591.0970775631365,0.18847134985491484,1.0051543865047805,0.00018999479570928725,530.5952001046039,0.18847134985491484,1.0051543865047805,1.0100146496482714
375903.3203125,1.5169677734375,278.0615234375,0.1602783203125,0.25124511718750003,126983.8684797287,2283.203125,0.174449143705046,1.0052008906883554,0.00021886311538467626,592.1407794309778,0.20183585751311234,1.0051864278054523,0.00025886997556481606,515.7300979083202,0.20183585751311234,1.0051864278054523,1.010414292537887
376123.046875,0.670654296875,67.802734375,0.14731445312500002,0.105712890625,146645.3890800476,6433.59375,0.15279544064700099,1.004923412711087,0.0006971342220228446,484.68240503388336,0.1579480256572306,1.0048809845359703,0.0007165704702814125,474.5440877798072,0.1579480256572306,1.0048809845359703,1.0098284283483645
376196.2890625,1.8934326171875,166.8310546875,0.34221191406250007,0.38630371093750004,45534.68406200409,6806.640625,0.16660569213354703,1.0051104248038856,0.00034161489425038117,480.0642804317616,0.1847135116383052,1.0049535860380403,0.00038030510889376396,433.08046942361,0.1847135116383052,1.0049535860380403,1.010089325770883
376416.015625,1.800048828125,263.369140625,0.115380859375,0.150537109375,170362.37478256226,9925.78125,0.18194132590340095,1.004816088491403,0.00020236505561894573,399.9319504105644,0.21910510182835244,1.0046566573355422,0.00024638674103297535,331.3944747869813,0.21910510182835244,1.0046566573355422,1.0094951727007473
376489.2578125,0.7640380859375,331.8505859375,0.3764892578125001,0.3572998046875,24283.791422843933,9298.828125,0.16308848695627415,1.0048849785092024,0.00017186122582997884,439.89313758609217,0.1770368740723938,1.0052373668161583,0.00018826318738208284,405.56210147474405,0.1770368740723938,1.0052373668161583,1.0101479297497025
376708.984375,0.527099609375,222.529296875,0.31313476562500003,0.218798828125,44227.698802948,9136.71875,0.1572243171732781,1.004754049278062,0.0002467633911292753,438.9641413487056,0.16355203870520005,1.0052027548019697,0.0002587021038768945,419.33920966144603,0.16355203870520005,1.0052027548019697,1.009981538232742
376782.2265625,1.9315185546875,123.6669921875,0.19748535156250002,0.27556152343750007,144500.54824352264,9509.765625,0.16373072948180384,1.00492649968636,0.00041954043115768457,427.80263962864126,0.1785118482318535,1.0049667270105658,0.000459132334998974,392.45509711135736,0.1785118482318535,1.0049667270105658,1.0099176952759856
377001.953125,1.650634765625,366.298828125,0.26948242187500004,0.18745117187500002,19327.98147201538,6628.90625,0.18136372853149554,1.0051044257075823,0.0001697485214848084,465.8123623180842,0.21778486043933198,1.0043178881908794,0.00020507877109190696,387.5865352513103,0.21778486043933198,1.0043178881908794,1.0094443542379457
377294.921875,1.274169921875,85.068359375,0.22817382812500003,0.174853515625,104597.17130661011,2152.34375,0.15603859315142427,1.0050345355625048,0.0005671085672967366,622.5882517535439,0.1622960133128199,1.005057557430489,0.0005924037340102147,599.4741316605525,0.1622960133128199,1.005057557430489,1.010117555445737
377368.1640625,1.1844482421875,154.8779296875,0.26369628906250003,0.34294433593750007,95377.49183177948,2525.390625,0.16068611964399768,1.0051546870829802,0.0003524814442680096,604.6009624547977,0.1719715483459263,1.0050350680365272,0.0003809688093168729,567.1158227525735,0.1719715483459263,1.0050350680365272,1.010215709319677
377587.890625,0.903564453125,248.759765625,0.18452148437500002,0.118896484375,131112.61129379272,5644.53125,0.16304884412609016,1.0049187551158703,0.00022986714403242282,489.5882965681761,0.17653639624466538,1.004751752766986,0.0002526673453413646,452.53630096072015,0.17653639624466538,1.004751752766986,1.0096938805910882
377661.1328125,1.5550537109375,351.7724609375,0.30500488281250004,0.3631591796875,71389.50431346893,5017.578125,0.1789036042888744,1.0052582486559853,0.00018125846388183977,512.5573580954996,0.21214131648043186,1.0045060136873982,0.00021596154811470095,432.6136786355504,0.21214131648043186,1.0045060136873982,1.0097879560837992
377880.859375,1.974365234375,314.169921875,0.145556640625,0.39106445312500004,154890.14387130737,2980.46875,0.18834982226375266,1.0053284848828954,0.00020428499420906222,546.3766671703996,0.2338676917692624,1.004355420326854,0.0002583168004945939,441.3741110450902,0.2338676917692624,1.004355420326854,1.0097071130011197
377954.1015625,0.5662841796875,372.0263671875,0.32521972656250003,0.11032714843750001,27276.141047477722,2353.515625,0.15981911393450732,1.0048227619073566,0.00015726670818256894,612.0502108082059,0.1698803172622288,1.0049512840589214,0.00016921231499080825,577.2731537556327,0.1698803172622288,1.0049512840589214,1.0097979248304298
378173.828125,0.847900390625,107.314453125,0.104248046875,0.3526855468750001,179673.09713363647,5472.65625,0.1561116611187327,1.0050578109501578,0.0004814720976151682,503.39099133743446,0.16242423067000963,1.0050053850195935,0.0005032116982949482,484.57037802240484,0.16242423067000963,1.0050053850195935,1.0100885122609131
378247.0703125,1.6927490234375,216.9677734375,0.3688720703125,0.1457763671875,7232.815623283386,5845.703125,0.16543938374917797,1.0050788741740324,0.00028050618351331644,499.6291722005146,0.18212990665853276,1.0050097078091789,0.00031095172699768277,454.3031791235326,0.18212990665853276,1.0050097078091789,1.0101140256588228
378466.796875,1.221435546875,346.708984375,0.3980957031250001,0.290869140625,88149.85990524292,9996.09375,0.17048140223153305,1.00514364415439,0.00016821668782940376,433.80152921446023,0.1931713486715811,1.0050721496539907,0.00019166040376957443,382.5982897220366,0.1931713486715811,1.0050721496539907,1.0102418831412987
378540.0390625,1.3192138671875,233.2373046875,0.1289306640625,0.1964599609375,119479.37095165253,9369.140625,0.16999305555697602,1.0047839075598741,0.00022928809330201896,418.59419503013197,0.1921197303166433,1.0048136804874879,0.00025454534118386096,369.18181573084075,0.1921197303166433,1.0048136804874879,1.009620616249837
378759.765625,1.600830078125,159.775390625,0.356787109375,0.265380859375,61052.133083343506,6488.28125,0.16214247594244735,1.0051078843925176,0.0003586589059793184,487.37406307945616,0.17507864997099287,1.0050881860893812,0.0003895321476325405,451.93058940907645,0.17507864997099287,1.0050881860893812,1.010222060348211
378833.0078125,0.9398193359375,100.7568359375,0.17258300781250002,0.24714355468750002,143376.58774852753,6861.328125,0.1555965681180713,1.0050070384980077,0.0005054550659600981,475.43617113057536,0.1613772898545634,1.0048893656307494,0.0005301642298783365,458.86348215138685,0.1613772898545634,1.0048893656307494,1.0099208853707011
379052.734375,1.523193359375,384.560546875,0.127978515625,0.136767578125,16192.06953048706,7574.21875,0.18745409840966634,1.0048343158213737,0.00015237218187018624,427.47494500852076,0.23186290735754164,1.0049009640206468,0.00019107886150605946,344.4594449291659,0.23186290735754164,1.0049009640206468,1.0097589726499254
379125.9765625,1.0526123046875,275.0732421875,0.38264160156250004,0.38103027343750007,188984.19082164764,7197.265625,0.16469088645475616,1.0051934826740196,0.00021472741762944218,476.0575890719029,0.180549550366034,1.0052562217974328,0.00023716032227322955,434.49710258054677,0.180549550366034,1.0052562217974328,1.0104770025682883
379345.703125,1.146728515625,198.955078125,0.159326171875,0.156982421875,42028.939723968506,8066.40625,0.1634917398694267,1.0043212936723487,0.0002768420228252999,445.4328746877687,0.17750394936548108,1.004842551068668,0.00030152056451266036,409.3131359634188,0.17750394936548108,1.004842551068668,1.0091847708263078
379418.9453125,1.4290771484375,141.2646484375,0.34895019531250004,0.3250732421875,164916.44752025604,8689.453125,0.16024112301374294,1.005069868834937,0.00038757838187182395,450.2504118843338,0.17107577110411193,1.0050638825204647,0.00041500086407029584,421.9166493763937,0.17107577110411193,1.0050638825204647,1.010159424575576
379638.671875,0.770263671875,268.349609375,0.343017578125,0.181884765625,133834.44547653198,4589.84375,0.16508042424709812,1.0051102168250357,0.00021581140311460447,523.2443619719365,0.17583770258005704,1.0044874057822186,0.0002437323692383402,482.49942647162254,0.17583770258005704,1.0044874057822186,1.0096205542237833
379711.9140625,1.8055419921875,327.5341796875,0.1488525390625,0.3124755859375,51847.378611564636,4212.890625,0.18624041574832584,1.0051794251209905,0.00019027522359105502,503.3530169070164,0.2289280613898462,1.0044450775653475,0.0002376054285924569,409.7877820547732,0.2289280613898462,1.0044450775653475,1.0096475256327446
379931.640625,1.899658203125,60.166015625,0.374365234375,0.22436523437500003,109207.93294906616,3082.03125,0.15571495936639124,1.004988054250066,0.0007819377213871101,584.0962519323512,0.16161993754271042,1.0050129425848637,0.0008150630380893296,563.72191796824,0.16161993754271042,1.0050129425848637,1.0100260016644955
380004.8828125,0.6761474609375,173.8037109375,0.11516113281250001,0.2811279296875,75340.41678905487,3705.078125,0.15744771110032205,1.0049164850921048,0.00030993629531738634,548.7115362054809,0.1651717582642076,1.0046996801866717,0.0003283559894099857,524.3656885402398,0.1651717582642076,1.0046996801866717,1.009639271186352
380224.609375,0.978271484375,125.576171875,0.255712890625,0.252783203125,177863.47150802612,4292.96875,0.15678056813665908,1.0049840837768274,0.0004272717630005645,537.2113556607973,0.1638248619449091,1.0048314186978857,0.00044841772222901693,514.8505159639755,0.1638248619449091,1.0048314186978857,1.0098395826702642
380297.8515625,1.4451904296875,194.0576171875,0.21506347656250002,0.23454589843750004,25311.53380870819,4916.015625,0.16506767322699376,1.0050718892104544,0.0002989406117197984,510.863814139202,0.18130142956020928,1.0050021369079787,0.00033138972827958765,466.09452237464285,0.18130142956020928,1.0050021369079787,1.010099396402646
380517.578125,1.351806640625,290.595703125,0.289404296875,0.303466796875,153018.69344711304,3785.15625,0.1701060944520345,1.0051915666093347,0.00021473998638381342,550.5436980114315,0.19232843835140243,1.005071858887848,0.0002452121192403716,488.32021689515415,0.19232843835140243,1.005071858887848,1.010289756390432
380590.8203125,1.0716552734375,389.6240234375,0.1837158203125,0.20905761718750002,50084.378123283386,3408.203125,0.17303150374566958,1.0050754689998604,0.0001593025598614256,544.3648863114521,0.19867452334469723,1.0050731862490172,0.0001863297867534109,476.2094920586921,0.19867452334469723,1.0050731862490172,1.010174404048415
380810.546875,1.725341796875,179.365234375,0.20825195312500003,0.3541503906250001,65688.54093551636,7308.59375,0.1681567114967079,1.004995111306754,0.0003086032000208573,458.93804692097353,0.1880617369518974,1.0049570856813819,0.00034681677025938054,410.52161429712066,0.1880617369518974,1.0049570856813819,1.0099769581828715
380883.7890625,0.6981201171875,76.5185546875,0.31877441406250007,0.1472412109375,123916.55051708221,7931.640625,0.1529684178240374,1.0048514184961357,0.0006404020857203568,460.99484787730927,0.15576760467850562,1.0050472139536188,0.0006531479157230319,452.12305513109703,0.15576760467850562,1.0050472139536188,1.009923118596883
381103.515625,0.604736328125,321.806640625,0.24194335937500003,0.38959960937500004,90002.99978256226,8800.78125,0.16228505373230623,1.0048954173590752,0.00017466145972354585,441.40257290265043,0.17442867298512088,1.0051563570636821,0.00018914955555994007,408.74947864507794,0.17442867298512088,1.0051563570636821,1.0100770169426365
381176.7578125,1.8187255859375,252.1630859375,0.28742675781250004,0.10886230468750001,100529.00016307831,8423.828125,0.17249958842804514,1.0049638048929697,0.00023011562892454957,441.484721162291,0.19748110351085948,1.0049999384421822,0.0002676709587611844,385.6135198270348,0.19748110351085948,1.0049999384421822,1.0099885620540556
381396.484375,1.534912109375,185.341796875,0.22407226562500004,0.38286132812500007,37443.1529045105,3761.71875,0.16636870193064873,1.0051368022158929,0.000314114251514504,548.2607724099827,0.1841277369630651,1.005153978580303,0.000351605929054309,497.0441105959921,0.1841277369630651,1.005153978580303,1.0103172557647877
381469.7265625,0.8768310546875,75.8544921875,0.2677978515625,0.1021240234375,165257.8114271164,3384.765625,0.15349881722811576,1.0049740412435222,0.0006365624226191944,567.5676464922187,0.1571331915775234,1.0049651613218742,0.000651000646838876,554.7113685005096,0.1571331915775234,1.0049651613218742,1.0099638994825921
381689.453125,1.158447265625,318.486328125,0.18979492187500002,0.36088867187500007,14366.98293685913,4253.90625,0.17159702163392568,1.0051597647290378,0.0001896352643814623,522.3188874683866,0.195598964690814,1.005118499738319,0.00021870794194372536,459.48096780150854,0.195598964690814,1.005118499738319,1.010304674721772
381982.421875,0.781982421875,132.880859375,0.307861328125,0.30141601562500003,111717.50211715698,8777.34375,0.15565936184214807,1.004599750846915,0.0004020273381679011,448.3940591301114,0.1614889663221865,1.0048909824645178,0.00041848970678414567,432.5564092904534,0.1614889663221865,1.0048909824645178,1.0095132306121664
382055.6640625,1.6297607421875,192.0654296875,0.2027587890625,0.20700683593750002,79516.30103588104,8400.390625,0.16760423677268552,1.0049825343873475,0.0002854390912501352,439.7016370487605,0.18758544151849604,1.0045360883343755,0.0003216233233669659,394.59825331550076,0.18758544151849604,1.0045360883343755,1.009541223937833
382275.390625,1.911376953125,285.947265625,0.27358398437500003,0.25483398437500004,136102.9372215271,7269.53125,0.1792612341771811,1.0051266520178623,0.00021070456827199783,459.24975906287136,0.21282495202291993,1.0047043248033314,0.0002528924616304346,386.49443267132295,0.21282495202291993,1.0047043248033314,1.0098550942574394
382348.6328125,0.5003662109375,399.5849609375,0.23469238281250002,0.23659667968750003,54026.238322257996,7892.578125,0.16116251304092521,1.0049776467127947,0.0001437398305018817,453.0083184675085,0.17342138640332033,1.0050238946164651,0.0001552900712572373,422.20529447159214,0.17342138640332033,1.0050238946164651,1.010026548501783
382568.359375,0.966552734375,266.357421875,0.39399414062500004,0.22700195312500002,154880.98859786987,8105.46875,0.16148318878395299,1.005028865931916,0.00022053125740195727,460.3057015974383,0.17408440211327622,1.0050035587337411,0.00023856880054188822,428.07580572975564,0.17408440211327622,1.0050035587337411,1.0100575868917117
382641.6015625,1.6209716796875,334.8388671875,0.13303222656250002,0.28376464843750004,53083.81927013397,8728.515625,0.18647339149512498,1.0049127138224905,0.00016982159355736253,417.28006724477484,0.22957785946508455,1.0046915404286192,0.00021220284785329827,337.7365854641803,0.22957785946508455,1.0046915404286192,1.009627302446622
382861.328125,1.340087890625,70.126953125,0.362060546875,0.179248046875,179133.24117660522,7597.65625,0.15443549767836218,1.0049947253648277,0.0007069975015642246,468.5991602713403,0.15897626556948613,1.0048926549750041,0.0007294745721225083,455.45308130212476,0.15897626556948613,1.0048926549750041,1.0099118178077369
382934.5703125,1.2474365234375,169.1552734375,0.16730957031250002,0.30983886718750003,28767.117381095886,7220.703125,0.16237025638292046,1.0050342104683432,0.0003256137696495011,463.55868279966234,0.17554288323936432,1.0049453954480907,0.0003545137024083564,429.21826948429924,0.17554288323936432,1.0049453954480907,1.0100045020779687
383154.296875,1.713623046875,383.896484375,0.140283203125,0.164306640625,88239.1848564148,3121.09375,0.1878776615895116,1.0050715636993055,0.00017130900109857397,534.8258878280192,0.23297438958487338,1.0040620292021127,0.00021527888079198287,432.3400656656061,0.23297438958487338,1.0040620292021127,1.0091541937412651
383227.5390625,0.8739013671875,281.0498046875,0.33049316406250007,0.3323974609375,98183.48777294159,3744.140625,0.1627028973563709,1.005015866637616,0.00021368301453786654,558.4651084625586,0.176314444680423,1.005188987004952,0.00023373985875158656,516.8280578270883,0.176314444680423,1.005188987004952,1.0102308809093692
383447.265625,0.593017578125,207.587890625,0.108349609375,0.129443359375,63359.35354232788,4613.28125,0.15755536111485613,1.004987388194594,0.0002659952934061646,519.4376248255971,0.16560175914919323,1.0049304987677927,0.00028216513074537744,495.73214206329436,0.16560175914919323,1.0049304987677927,1.0099424772737349
383520.5078125,1.9945068359375,137.9443359375,0.3647705078125001,0.37370605468750007,123956.80320262909,4236.328125,0.16396187542926408,1.0051753174809035,0.00041926126127501235,547.6972824825668,0.17895254659281903,1.0051364977190755,0.00046202497966388355,503.08874034288635,0.17895254659281903,1.0051364977190755,1.0103383982064151
383740.234375,0.656005859375,336.748046875,0.33891601562500007,0.26333007812500003,17191.550731658936,5449.21875,0.16080558181723206,1.005041322917852,0.00017723246006513056,508.06899226431716,0.17219575633807452,1.0049156215913622,0.0001912134161562346,475.11667371028415,0.17219575633807452,1.0049156215913622,1.0099817257449983
383813.4765625,1.8729248046875,237.8857421875,0.1529541015625,0.24509277343750002,170963.14895153046,5822.265625,0.17678807233608965,1.0050451415143575,0.00024359748065784699,472.50247470222513,0.20700795564308191,1.0050109569366843,0.0002909621780910933,404.06242707505976,0.20700795564308191,1.0050109569366843,1.0100813794379098
384033.203125,1.779541015625,161.767578125,0.379638671875,0.29291992187500004,41254.98342514038,2941.40625,0.16366197657154574,1.0051934156808515,0.0003638023169549763,596.5778979258357,0.17832757484547176,1.0051416859558937,0.00040095314101045847,549.7814441323063,0.17832757484547176,1.0051416859558937,1.0103618045492146
384106.4453125,0.7493896484375,93.4521484375,0.1098876953125,0.19851074218750003,145313.37440013885,2314.453125,0.1544901819567309,1.004982129257256,0.0005173065054840618,611.9115587922479,0.1590852346592541,1.0048121004272168,0.000534645340467441,595.0626451067169,0.1590852346592541,1.0048121004272168,1.0098182041908002
384326.171875,1.403076171875,305.537109375,0.122705078125,0.34594726562500006,133134.98258590698,6464.84375,0.1777556936940395,1.0050220421621754,0.00018694489685644418,456.78845239826575,0.2094706540386735,1.0048768156627559,0.00022387901161157893,388.11261961761926,0.2094706540386735,1.0048768156627559,1.0099233493988067
384399.4140625,1.1258544921875,375.3466796875,0.3879150390625,0.1390380859375,74674.16083812714,6837.890625,0.16730644463350233,1.0050556400171666,0.00016757294637496388,481.0333263029655,0.187137489700869,1.005018279496031,0.00018817180368809762,432.0218881330736,0.187137489700869,1.005018279496031,1.010099290127835
384619.140625,1.032470703125,107.978515625,0.16342773437500002,0.397802734375,110660.50863265991,9957.03125,0.1569528059833974,1.0049727548988259,0.00047909119889836665,431.04041456509077,0.1641988041534613,1.0048836867886217,0.0005018145515665031,412.0019851737426,0.1641988041534613,1.0048836867886217,1.00988072706485
384692.3828125,1.4964599609375,210.9912109375,0.34484863281250006,0.1170654296875,99721.09305858612,9330.078125,0.16384007727644603,1.0049766503827984,0.0002733344946482719,438.76755275766834,0.17875774174846937,1.0047801602109818,0.0002999970025366185,402.31055019700455,0.17875774174846937,1.0047801602109818,1.009780599779924
384912.109375,1.845458984375,88.388671875,0.204150390625,0.126220703125,183112.220287323,6667.96875,0.15827708633652093,1.0049628464319567,0.0005921334954016635,478.9976009685211,0.1669168567153422,1.0049658225385518,0.0006270689351873301,454.65382580232324,0.1669168567153422,1.0049658225385518,1.0099533135851757
384985.3515625,0.6248779296875,146.2451171875,0.3228759765625,0.3704833984375,6177.576899528503,6041.015625,0.15547395385082147,1.004975649738857,0.00037296657244842934,497.7062021685706,0.16121584004504358,1.0053048828020372,0.000385449336216878,479.7691694334373,0.16121584004504358,1.0053048828020372,1.0103069277796228
385205.078125,0.718994140625,242.783203125,0.24721679687500003,0.167529296875,158834.0926170349,9160.15625,0.15948644385336005,1.0048616424918417,0.00023155500788038568,438.1346309113028,0.16932949825595392,1.0049411636113161,0.0002466521433907704,412.569834484461,0.16932949825595392,1.0049411636113161,1.0098268282741298
385278.3203125,1.7513427734375,352.4365234375,0.28215332031250007,0.33562011718750007,35237.7747297287,9533.203125,0.18516125863131624,1.0052254710503012,0.00017065531707266158,429.95336299776426,0.22662985883772896,1.004866225587636,0.0002105384858099147,349.8573295698695,0.22662985883772896,1.004866225587636,1.0101171249588696
385498.046875,1.092529296875,227.177734375,0.25043945312500004,0.19008789062500003,62406.07023239136,5683.59375,0.16348551824498006,1.0044774245154506,0.0002582946727031367,496.5968654862997,0.17774672599122324,1.0049853469916739,0.00028230729577907076,456.7404928330299,0.17774672599122324,1.0049853469916739,1.009485093021963
385571.2890625,1.3778076171875,113.7060546875,0.22033691406250003,0.3206787109375,144890.9157514572,5056.640625,0.15899654029401689,1.0048276593278878,0.00047461898109382624,515.7280972005776,0.16847982123927002,1.005183159025917,0.0005051686281007154,487.49154936788915,0.16847982123927002,1.005183159025917,1.0100358408798242
385791.015625,1.471923828125,358.994140625,0.29350585937500007,0.21616210937500002,84405.038356781,2175.78125,0.17508929684898789,1.0052184165410643,0.00018532284571066092,624.1253774350279,0.20326017336675903,1.0051754397159565,0.00022021861291721568,541.6393337461791,0.20326017336675903,1.0051754397159565,1.0104208638572418
385864.2578125,0.9984130859375,299.9755859375,0.1796142578125,0.2729248046875,119632.69889354706,2548.828125,0.16708334546415549,1.0051664514247527,0.0001996675301405234,590.2932011438756,0.18567835005670366,1.0051395830460261,0.0002251826833706007,534.0982047885435,0.18567835005670366,1.0051395830460261,1.0103325878769296
386083.984375,1.230224609375,63.154296875,0.135009765625,0.15317382812500002,141139.25886154175,2886.71875,0.1545404198814746,1.0049719122287628,0.0007354443127916965,585.5924785911126,0.15921745223505349,1.0050129714592715,0.0007590000381839749,569.0226831027948,0.15921745223505349,1.0050129714592715,1.0100098077421351
386157.2265625,1.3221435546875,176.7919921875,0.39436035156250004,0.35993652343750004,56812.71255016327,2259.765625,0.16207076518948849,1.005242758821267,0.0003248023205590909,633.5494068658795,0.17496325015526276,1.0052817796448554,0.00035458491458220795,589.6655434853463,0.17496325015526276,1.0052817796448554,1.0105522295629474
386376.953125,1.603759765625,270.673828125,0.16635742187500002,0.10307617187500001,118266.39699935913,5378.90625,0.17425961912991839,1.0050162099429218,0.00021926019448730678,483.77480003480485,0.2015257896292846,1.0049625945689322,0.000258475281783728,419.49608834730293,0.2015257896292846,1.0049625945689322,1.0100036979280735
386450.1953125,0.9486083984375,329.8583984375,0.36066894531250004,0.3836669921875,84064.09919261932,5751.953125,0.16591013592196996,1.0050487002032649,0.00018606796325151213,505.689128540463,0.18317791241411457,1.005191862297206,0.0002064033179599952,458.49846968198483,0.18317791241411457,1.005191862297206,1.0102667746567062
386669.921875,1.977294921875,201.943359375,0.331298828125,0.24047851562500003,13216.311931610107,9902.34375,0.1700278193622728,1.0050731808905322,0.0002781798807217221,431.0844764703672,0.19208098389821154,1.00503750876813,0.00031757020639782183,381.429430455996,0.19208098389821154,1.00503750876813,1.0101362458518806
386743.1640625,0.5750732421875,144.2529296875,0.14182128906250002,0.25856933593750003,187393.84925365448,9275.390625,0.15507648015631825,1.0051437420992992,0.00036814560668309434,438.9544953286056,0.16026924740783854,1.0049964366125113,0.00038183975366810506,425.03616983288697,0.16026924740783854,1.0049964366125113,1.0101658790931607
386962.890625,0.856689453125,386.884765625,0.362646484375,0.20327148437500003,35170.106410980225,6394.53125,0.16476212677112384,1.0048400664642596,0.00015975170921172884,488.84285735478113,0.18070387047181802,1.0050151427749463,0.000175934568703207,445.9336635100877,0.18070387047181802,1.0050151427749463,1.0098794828635644
387036.1328125,1.6956787109375,277.3974609375,0.10812988281250001,0.29753417968750007,161739.47989940643,6767.578125,0.1808192585359336,1.0049579015846462,0.00020546097604456337,447.64967704723483,0.21631254259630417,1.0049346509069537,0.0002498531223555958,374.0320390253718,0.21631254259630417,1.0049346509069537,1.009917018005151
387255.859375,1.271240234375,324.794921875,0.267431640625,0.30668945312500007,73427.43635177612,9230.46875,0.17318364340662015,1.0050754527779804,0.0001759742865849361,433.2717624761249,0.19919820323563828,1.0050378971281317,0.0002056209886747403,376.81549872265725,0.19919820323563828,1.0050378971281317,1.0101389195150863
387329.1015625,1.1756591796875,255.1513671875,0.2220947265625,0.1759521484375,131966.35711193085,9603.515625,0.1667207748391716,1.0049351048416109,0.0002206826333784944,427.15572715110324,0.1850471157976257,1.004772877740935,0.0002449123908558783,384.7956925528245,0.1850471157976257,1.004772877740935,1.0097315372345936
387548.828125,0.894775390625,181.689453125,0.301123046875,0.28706054687500004,96503.84664535522,6722.65625,0.15842913401279424,1.004978329186109,0.00031298886530998593,482.7522215966206,0.16725636064108454,1.0048195012667316,0.0003315320461042649,457.6081464745099,0.16725636064108454,1.0048195012667316,1.0098218235166592
387622.0703125,1.5521240234375,78.8427734375,0.19074707031250002,0.2301513671875,107240.17035961151,6095.703125,0.1568048177975228,1.0049724497984065,0.0006478417519785285,493.2466872453898,0.16386054721709686,1.004963927699437,0.0006796830288176144,472.58025997778316,0.16386054721709686,1.004963927699437,1.009961060379132
387841.796875,0.518310546875,293.583984375,0.201220703125,0.375244140625,175670.61185836792,2246.09375,0.15963366064497583,1.0049572026511233,0.00019166212022332486,616.2446861748426,0.1698517872806249,1.00500915419368,0.00020484705086738433,580.9399148819854,0.1698517872806249,1.00500915419368,1.009991188237252
387915.0390625,1.9285888671875,392.6123046875,0.30705566406250007,0.13083496093750002,18081.299662590027,2619.140625,0.182410003832939,1.0051650190566166,0.0001842044667814614,598.9043624318479,0.21986766887274892,1.0035957594175786,0.00022552938504735793,498.838246018457,0.21986766887274892,1.0035957594175786,1.00877935064011
388134.765625,1.647705078125,127.900390625,0.23491210937500004,0.33100585937500004,150203.622341156,5738.28125,0.16164214406515212,1.0050618093029249,0.0004355145081245303,499.8051430274676,0.17401297663344106,1.0050431198634593,0.00047185721065801854,464.9717829552358,0.17401297663344106,1.0050431198634593,1.0101304564774247
388208.0078125,0.7991943359375,196.3818359375,0.27570800781250004,0.1627685546875,46038.20884227753,5111.328125,0.15774977059557926,1.0047017235472426,0.0002905158049952225,514.9328626387512,0.1660638179767117,1.0049852948358777,0.00030781372892869316,490.5794075718319,0.1660638179767117,1.0049852948358777,1.0097104578612401
388427.734375,1.757568359375,246.435546875,0.32485351562500003,0.202392578125,102328.78828048706,4324.21875,0.1696033346742197,1.0051133985095813,0.0002582858354935818,538.1955013061879,0.19120840759150765,1.0051044491856607,0.00029384928601601317,478.23677822115513,0.19120840759150765,1.0051044491856607,1.0102439487781
388500.9765625,0.7244873046875,349.4482421875,0.2045166015625,0.29665527343750003,93082.33535289764,4947.265625,0.16435197297670465,1.0049271898489514,0.00017080923900020695,510.97583239025965,0.179553606914033,1.0050860057642899,0.00018868827387857683,468.25431485004515,0.179553606914033,1.0050860057642899,1.0100382553292147
388720.703125,0.631103515625,82.080078125,0.28120117187500004,0.24135742187500003,128767.831325531,3816.40625,0.1532658848752374,1.0049653412766777,0.0005987252114466949,554.7906174478268,0.1565417164583025,1.0048040501414741,0.0006170378796230345,544.6293311308926,0.1565417164583025,1.0048040501414741,1.0097932451666145
388793.9453125,1.8509521484375,151.8896484375,0.24582519531250002,0.25944824218750007,66796.69654369354,3439.453125,0.16467965280463526,1.0051252587677355,0.0003830004874998263,563.0033149454636,0.1804715629960257,1.005100872321072,0.0004244535771442685,515.5781379946274,0.1804715629960257,1.005100872321072,1.010252274379394
389013.671875,1.004638671875,363.974609375,0.22114257812500002,0.11625976562500001,50201.81608200073,7339.84375,0.1705258228013595,1.0046607141893316,0.00016334346098810222,455.77244893360324,0.19300748843442114,1.0043527903275005,0.00018456756272605657,401.68034457738685,0.19300748843442114,1.0043527903275005,1.0090337916284746
389086.9140625,1.4774169921875,295.6591796875,0.25197753906250003,0.3968505859375,154958.85932445526,7962.890625,0.17558226437395938,1.005133474810278,0.0001962339187521884,451.03319394175503,0.2043087458416059,1.0050738957249203,0.00023320635697085805,387.55428875029514,0.2043087458416059,1.0050738957249203,1.0102334172510923
389306.640625,1.384033203125,219.541015625,0.177490234375,0.13999023437500002,27250.840663909912,8832.03125,0.16720682059237013,1.0047640843918488,0.00025381335582123904,434.0707253718896,0.18632164551619457,1.0045518158713158,0.00028308045517378355,390.0411287942651,0.18632164551619457,1.0045518158713158,1.0093375854981117
389379.8828125,1.0980224609375,120.6787109375,0.29328613281250004,0.34675292968750004,179003.6553144455,8455.078125,0.15728233661725383,1.0050269435420043,0.000447197230709082,455.54780122930475,0.16486500168430757,1.0049637434225618,0.00046994435160392347,434.8138461881924,0.16486500168430757,1.0049637434225618,1.0100156394225084
389599.609375,0.743896484375,157.451171875,0.152587890625,0.337158203125,82976.02033615112,7542.96875,0.1571151825739869,1.0041989606633952,0.0003476906480607356,465.14056377190997,0.16462196772795393,1.0052098894798007,0.00036438648752609666,444.0630926855329,0.16462196772795393,1.0052098894798007,1.0094307262641822
389672.8515625,1.7733154296875,98.4326171875,0.33693847656250003,0.16892089843750002,115800.42541027069,7166.015625,0.15785382858941213,1.005008197924933,0.0005499030846624607,476.7558279264861,0.1660489132935985,1.0049123904719548,0.0005802590030848547,453.5236772897905,0.1660489132935985,1.0049123904719548,1.009945190620656
389892.578125,1.867431640625,343.720703125,0.111279296875,0.36909179687500004,58322.28231430054,8035.15625,0.19384755695549635,1.0050105814985637,0.0001728329007147421,423.21834738305614,0.24780638532816804,1.004910879460847,0.00022314754393557365,329.46914185579,0.24780638532816804,1.004910879460847,1.0099460673211789
389965.8203125,0.6497802734375,230.2490234375,0.3805908203125,0.12468261718750001,142533.5968732834,8658.203125,0.15693234931322206,1.0047838811450627,0.00024899748586779114,451.5774703865012,0.1643278391741012,1.0048960466257877,0.0002606261621703628,431.7786132885104,0.1643278391741012,1.0048960466257877,1.0097033498759889
390185.546875,1.490966796875,104.990234375,0.3863769531250001,0.269775390625,166531.2533378601,4558.59375,0.1575369103388446,1.0050511725974844,0.0005205395171944039,538.2711530385885,0.1653984789854375,1.0050621680058291,0.0005490467794599596,513.4817159993985,0.1653984789854375,1.0050621680058291,1.0101389104876286
390258.7890625,1.0262451171875,214.6435546875,0.12189941406250002,0.21286621093750002,36021.80564403534,4181.640625,0.16291041103419618,1.0049872983878132,0.0002688394508199183,528.596420923174,0.17652569212053387,1.0050288421248925,0.00029347539367445915,488.53924835129834,0.17652569212053387,1.0050288421248925,1.0100412208489278
390478.515625,1.120361328125,311.181640625,0.345068359375,0.323974609375,191016.366481781,3050.78125,0.16710079765256336,1.0052523066285162,0.0002034188523557127,589.9080371942139,0.1857092537004713,1.0052688225890356,0.000229084996928913,533.0074121154335,0.1857092537004713,1.0052688225890356,1.0105488026893605
390551.7578125,1.3968505859375,369.0380859375,0.16555175781250003,0.1932373046875,10737.282633781433,3673.828125,0.17971817306468282,1.0051168377488604,0.0001734697384873611,529.412797469209,0.21302931718071816,1.0050102244094632,0.00020982645918297287,446.60488799491446,0.21302931718071816,1.0050102244094632,1.0101526986637122
390771.484375,0.831787109375,302.216796875,0.27094726562500004,0.110986328125,95278.78522872925,9511.71875,0.16298925955550458,1.0049215890863248,0.0001918714111281894,433.4008244689891,0.1768713194453374,1.0047122878604187,0.0002060538039378542,398.639074368145,0.1768713194453374,1.0047122878604187,1.009657068891249
390844.7265625,1.6737060546875,362.7294921875,0.23967285156250004,0.39274902343750007,106053.43520641327,9134.765625,0.18668087396827296,1.0051742808140098,0.00016591022273756455,431.8348689530491,0.23019466285129048,1.0049514464750526,0.00020681603434535685,348.64386144847936,0.23019466285129048,1.0049514464750526,1.01015134746356
391064.453125,1.955322265625,116.611328125,0.31166992187500003,0.145263671875,69581.03322982788,6003.90625,0.16022918063078692,1.0050063254248043,0.0004836686978167253,497.57979736924074,0.17099882596951627,1.0049891604663228,0.0005189815399268844,466.7405647247458,0.17099882596951627,1.0049891604663228,1.010020463252018
391357.421875,1.578857421875,356.005859375,0.18598632812500002,0.198291015625,153898.41032028198,2527.34375,0.17993764757590083,1.0050031317071266,0.00018623001564058977,581.4623622711534,0.2141418266880198,1.0051567589856025,0.00022744842667803635,491.546656856816,0.2141418266880198,1.0051567589856025,1.010185690637116
391430.6640625,0.9266357421875,245.1904296875,0.3058837890625,0.2913818359375,47280.88843822479,2150.390625,0.16194413522499387,1.0050362918797424,0.00023915930924431843,630.7100009005735,0.17467759563137436,1.0051399044379554,0.0002607835803013548,587.585321286466,0.17467759563137436,1.0051399044379554,1.0102020823766813
391650.390625,1.208251953125,147.822265625,0.22670898437500003,0.24545898437500002,180452.6686668396,5019.53125,0.15951932884286268,1.0049550589169987,0.000382330871748289,517.19684839337,0.16952138194066793,1.0048394897351447,0.00040892317738224187,487.5569784360174,0.16952138194066793,1.0048394897351447,1.0098185286089092
391723.6328125,1.2972412109375,91.4599609375,0.2628173828125,0.26472167968750004,23800.713419914246,5642.578125,0.15641277003855975,1.0050028030375502,0.0005762445624203933,506.61172115002347,0.16306640493758112,1.0049651477433796,0.0006031099296234886,486.48619858162726,0.16306640493758112,1.0049651477433796,1.0099927904371422
391943.359375,1.669677734375,213.232421875,0.10336914062500001,0.27387695312500004,115140.69318771362,2355.46875,0.17166508514756618,1.0050936808414235,0.00027745352467567393,587.1019050485597,0.19569256311051578,1.0051501241499161,0.00032236067443799346,518.5362454405124,0.19569256311051578,1.0051501241499161,1.010270038080053
392016.6015625,0.8240966796875,111.7138671875,0.3674072265625,0.21813964843750003,80030.19988536835,2978.515625,0.1547385327530914,1.004907776485853,0.0004699390478958391,589.9116083613434,0.15961229570075117,1.0050273369924965,0.00048618312749847576,572.5982649403983,0.15961229570075117,1.0050273369924965,1.0099597865246277
392236.328125,0.543212890625,378.251953125,0.14643554687500002,0.31987304687500007,141768.43404769897,5847.65625,0.16225105601602963,1.0050406087020898,0.00015498369547873613,489.07020854378294,0.17665082672009574,1.0049251315395944,0.00016689942412553995,451.7034025937816,0.17665082672009574,1.0049251315395944,1.0099905659025816
392309.5703125,1.9505615234375,307.2802734375,0.32668457031250003,0.18796386718750002,57564.32807445526,5470.703125,0.17706331959317237,1.0050466293023521,0.00021438013351059073,506.0511908975038,0.207954503500705,1.004178388190473,0.00025252078229203877,431.0036392428529,0.207954503500705,1.004178388190473,1.0092461042691037
392529.296875,0.916748046875,97.021484375,0.35590820312500004,0.34243164062500003,41219.653606414795,9371.09375,0.15492396653413476,1.0050590479955592,0.0005377187571231379,445.17486218067455,0.15996348896517487,1.005004460243822,0.0005562579292541428,431.37301200516873,0.15996348896517487,1.005004460243822,1.0100888260439465
392602.5390625,1.5770263671875,164.1748046875,0.17111816406250002,0.1730224609375,167691.11716747284,9994.140625,0.16478411852706135,1.0047098378100419,0.0003311546978098942,423.3780317893437,0.18101289089026898,1.0046479812849851,0.00036242301566554873,385.6503705717946,0.18101289089026898,1.0046479812849851,1.0093797103330233
392822.265625,1.296142578125,239.462890625,0.39897460937500007,0.36381835937500007,13064.30959701538,6863.28125,0.16491717970810024,1.0050955345219623,0.00025368655333846753,488.34529454951826,0.18105293782299547,1.005134027264119,0.0002802042897425014,445.0913518145415,0.18105293782299547,1.005134027264119,1.0102557223992423
392895.5078125,1.1976318359375,339.8193359375,0.1303955078125,0.12058105468750001,193062.21091747284,6486.328125,0.17502076514851483,1.0049568588394786,0.00017164284286253571,458.99785095933953,0.20196561563572382,1.0047156236690853,0.00020302732839341038,396.51512345042596,0.20196561563572382,1.0047156236690853,1.0096958571894317
393115.234375,1.359130859375,134.873046875,0.160791015625,0.23520507812500002,60548.728466033936,7199.21875,0.16065490892220224,1.0047973947892404,0.00040876877773615326,468.54784018961107,0.17197053671557208,1.0048586973793232,0.00044010498132644954,438.2418508812277,0.17197053671557208,1.0048586973793232,1.0096794012580537
393188.4765625,1.0760498046875,206.0107421875,0.3498291015625,0.25446777343750004,145785.3535413742,7572.265625,0.16043811175933845,1.005007572013535,0.00028412956912027363,470.68348029186365,0.1714880717215535,1.0049938691160991,0.00030487503518810685,440.6368643684584,0.1714880717215535,1.0049938691160991,1.010026448288859
393408.203125,0.982666015625,278.642578125,0.126513671875,0.208544921875,87917.45901107788,8691.40625,0.16736963219894457,1.0048879018906298,0.0002016823284551369,434.82529001265044,0.18597810564553213,1.004891177635734,0.000222139184500755,389.7982931804723,0.18597810564553213,1.004891177635734,1.009802987122777
393481.4453125,1.4525146484375,380.3271484375,0.38176269531250007,0.3016357421875,120781.9412946701,8064.453125,0.17614479577459713,1.0051835181966793,0.00016652885262471791,466.1557593955403,0.20583218018154525,1.0049446899525727,0.00019587384561118088,398.4283453338366,0.20583218018154525,1.0049446899525727,1.010153839039598
393701.171875,0.606201171875,167.412109375,0.375830078125,0.149072265625,189796.05436325073,4214.84375,0.1581587249746182,1.0048533728298588,0.00033344297708978585,541.3714893057139,0.16295047074000318,1.004758589429206,0.0003553915865111373,518.0288766888165,0.16295047074000318,1.004758589429206,1.0096350574677089
393774.4140625,1.8289794921875,67.2216796875,0.1160400390625,0.35466308593750007,8860.165476799011,4587.890625,0.15783235338260915,1.0049881264151364,0.000737404755651973,528.8748734836164,0.16599908328356935,1.0049420727044678,0.0007791288668372732,503.6452797922555,0.16599908328356935,1.0049420727044678,1.0099548508030067
393994.140625,1.735595703125,331.103515625,0.341552734375,0.107177734375,164813.52376937866,3707.03125,0.17318083675655763,1.0050303910866325,0.00020713801810905944,560.0673978916905,0.19904612293000193,1.0049899161415723,0.0002412355874506338,488.40816318572854,0.19904612293000193,1.0049899161415723,1.0100454084578865
394067.3828125,0.6995849609375,264.1162109375,0.1479736328125,0.3889404296875001,32201.531291007996,3080.078125,0.1616132334356186,1.0051224098773939,0.00021874861074204648,572.8309504089436,0.17394836979598238,1.005016509286071,0.00023804758759356036,534.2758134632826,0.17394836979598238,1.005016509286071,1.0101646157801818
394287.109375,1.142333984375,396.513671875,0.28852539062500004,0.37934570312500004,133412.513256073,4917.96875,0.17397729913047166,1.0052666241834594,0.00016153433384145723,518.8456993669224,0.20080330307093677,1.0052081239645654,0.00018951593663477656,450.2527936811921,0.20080330307093677,1.0052081239645654,1.010502177379647
394360.3515625,1.4217529296875,284.3701171875,0.1822509765625,0.1361083984375,70737.94066905975,4291.015625,0.17179107069004906,1.0048599270526843,0.00021708691687482955,519.5057218348651,0.19582099834262848,1.0049503156237083,0.0002513774508840634,456.72052551732327,0.19582099834262848,1.0049503156237083,1.0098343008492117
394580.078125,1.515869140625,189.658203125,0.256591796875,0.326904296875,107071.51937484741,3410.15625,0.16534844558204165,1.005135824044035,0.00031596787320180465,567.2609139986852,0.18193758113011552,1.0051907973236955,0.00035151324288199004,517.3953101065504,0.18193758113011552,1.0051907973236955,1.0103532803894333
394653.3203125,1.0482177734375,129.3115234375,0.21652832031250002,0.1574951171875,97483.56330394745,3783.203125,0.15702623545578648,1.0049226182634219,0.0004247713142947449,553.5433976766312,0.16436327084430055,1.004990726779263,0.00044707566649095705,529.9818835271277,0.16436327084430055,1.004990726779263,1.0099379124854764
394873.046875,1.889404296875,259.052734375,0.24106445312500002,0.31196289062500004,23941.409587860107,7933.59375,0.17766492506855003,1.005094469237968,0.00022779497092728464,450.5340956283247,0.20910582134796057,1.0049915655404915,0.0002721206626533675,382.40096392615834,0.20910582134796057,1.0049915655404915,1.0101114641555549
394946.2890625,0.6746826171875,315.5810546875,0.28596191406250004,0.1800537109375,178670.0600385666,7306.640625,0.16030545946271796,1.0050050519584477,0.0001885855528205489,469.96203331826956,0.17244107810265547,1.0049691193065833,0.00020220261829537178,439.9909799085261,0.17244107810265547,1.0049691193065833,1.0099990419653482
395166.015625,0.768798828125,72.119140625,0.20913085937500003,0.28178710937500007,48603.219509124756,8425.78125,0.15349274771392918,1.004985249655821,0.0006850775885609957,457.2056212839168,0.1570494819320439,1.0051304222925093,0.0007024625765052092,447.0575780194036,0.1570494819320439,1.0051304222925093,1.0101412483842982
395239.2578125,1.7952880859375,183.1005859375,0.32023925781250007,0.22604980468750002,154425.02677440643,8798.828125,0.1657889887513528,1.0050184740885413,0.0003147531698269296,448.9197117033113,0.18296839995557776,1.004923199457162,0.0003477253646446465,406.684380662676,0.18296839995557776,1.004923199457162,1.0099663804946117
395458.984375,1.933349609375,371.279296875,0.369384765625,0.35004882812500004,175662.513256073,8636.71875,0.18589430938021972,1.0049308853557983,0.00017508356732860055,460.26973278955273,0.22877280459463353,1.0038850781123831,0.00021431677439648884,372.7999720078573,0.22877280459463353,1.0038850781123831,1.008835120342952
395532.2265625,0.5252685546875,314.9169921875,0.10373535156250001,0.1443115234375,20749.754786491394,8009.765625,0.1616044885412066,1.0049200341423263,0.0001813004737672535,450.1523228668668,0.17168801850808277,1.0048859442203912,0.0001959899354677626,419.6568813164487,0.17168801850808277,1.0048859442203912,1.0098300173750994
395751.953125,0.806884765625,217.548828125,0.32573242187500007,0.3937011718750001,151586.28225326538,7128.90625,0.1595832576560107,1.0053270949832145,0.0002673767097253517,478.7027418279235,0.16961919748913812,1.0052286131674841,0.0002853929562731325,450.92612853621114,0.16961919748913812,1.0052286131674841,1.0105835614696723
396044.921875,1.180419921875,233.818359375,0.171923828125,0.26860351562500007,73978.64103317261,3652.34375,0.16545912217354794,1.0050201263214995,0.00025574801912389467,548.7162984693796,0.1825166747769287,1.0050593008815698,0.00028484340779644885,499.8776468663654,0.1825166747769287,1.0050593008815698,1.0101048255325933
396118.1640625,1.2781982421875,346.1279296875,0.3574462890625001,0.24919433593750004,136872.97523021698,3025.390625,0.16971252333082007,1.0051977875205538,0.00019168814808326486,593.4601989495079,0.19140796942116367,1.0051703208603204,0.00021916305454526804,528.2408875331769,0.19140796942116367,1.0051703208603204,1.0103949826101193
396337.890625,1.559814453125,100.009765625,0.12827148437500002,0.28764648437500007,100683.04586410522,4144.53125,0.1593105125433335,1.0050382930894923,0.000534585295926856,539.1323975765399,0.16909273478949194,1.005028522132892,0.0005707886595549475,509.0409744705622,0.16909273478949194,1.005028522132892,1.010092150390697
396411.1328125,0.8988037109375,160.5224609375,0.39875488281250004,0.19440917968750002,110771.70646190643,4517.578125,0.1564173871865319,1.0050046628240896,0.000357708303121941,539.3681371536372,0.1630145595896474,1.0047327326380182,0.0003751894196234436,518.3436279712496,0.1630145595896474,1.0047327326380182,1.0097610811931976
396630.859375,0.568115234375,122.919921875,0.23930664062500004,0.184814453125,4336.677074432373,3480.46875,0.15391609562607664,1.0046934234222642,0.00042897956347068153,566.4036372063329,0.15803082579449154,1.0049908921582207,0.000442283398383617,552.3921135117226,0.15803082579449154,1.0049908921582207,1.0097077399506382
396704.1015625,1.9725341796875,223.2763671875,0.26896972656250007,0.31657714843750007,187857.86712169647,3853.515625,0.1725650205757966,1.0051696585471475,0.0002839618421071098,549.9477972219846,0.19773331139269418,1.0052039246052527,0.00032942184669898614,481.1684449038464,0.19773331139269418,1.0052039246052527,1.0104004856657143
396923.828125,1.691650390625,298.564453125,0.197998046875,0.22143554687500003,31331.788539886475,4972.65625,0.17755409372976083,1.00500862521978,0.00020949386613662235,500.56744170573023,0.20873078106433426,1.0049327024581658,0.000251480399011385,426.4098497345937,0.20873078106433426,1.0049327024581658,1.0099660337358796
396997.0703125,0.8489990234375,365.7177734375,0.3126220703125,0.27702636718750007,163564.29755687714,4345.703125,0.1651302718139287,1.005127855966662,0.0001723590713403374,539.2105347830314,0.1814660686762122,1.0051652049881998,0.0001909334002752322,491.58989703385527,0.1814660686762122,1.0051652049881998,1.0103195473820796
397216.796875,1.315185546875,155.458984375,0.30434570312500003,0.12211914062500001,150801.83744430542,8496.09375,0.15970289519797598,1.0047746977333822,0.00036567600339701097,454.00660822980285,0.17003480868725687,1.004973034724326,0.0003919800604049846,426.95057493079554,0.17003480868725687,1.004973034724326,1.0097714771953346
397290.0390625,1.2254638671875,84.4873046875,0.1851806640625,0.3652099609375,65718.50669384003,8869.140625,0.15624474150898948,1.0049030732983562,0.000610954471682529,450.74734253187836,0.16272985915557237,1.0050276599487662,0.0006366951916681725,432.8285387519757,0.16272985915557237,1.0050276599487662,1.0099553842323703
397509.765625,0.944580078125,351.025390625,0.263037109375,0.171630859375,124516.122341156,7988.28125,0.16686284103032506,1.0050161972284648,0.0001699658695848629,454.3199117938025,0.1851219827160766,1.0050615147109938,0.0001897265275515234,409.2859605707438,0.1851219827160766,1.0050615147109938,1.0101031014955237
397583.0078125,1.5960693359375,249.5068359375,0.22883300781250002,0.34089355468750004,90691.40708446503,7361.328125,0.17260815820248993,1.00508215843214,0.00023439346391567883,461.4798436601672,0.19774975740107847,1.005062462759287,0.00027225716144790857,402.947200049415,0.19774975740107847,1.005062462759287,1.0101703494292267
397802.734375,1.054443359375,193.310546875,0.18422851562500003,0.305517578125,171879.20331954956,6074.21875,0.16148528460897071,1.0050046041531795,0.00029955884808958506,491.334758706723,0.1745965042259209,1.004969617003165,0.0003208157927689559,456.18597548779115,0.1745965042259209,1.004969617003165,1.0099990921222382
397875.9765625,1.5213623046875,126.3232421875,0.28889160156250004,0.21228027343750003,42132.262110710144,6697.265625,0.15920057929277942,1.0043500114012514,0.00044680552721576024,485.7407310173865,0.16894185272019713,1.0049945046852373,0.00047619529047871324,458.06376784872816,0.16894185272019713,1.0049945046852373,1.009366242238813
398095.703125,1.427978515625,390.205078125,0.21557617187500003,0.250732421875,198955.331325531,9566.40625,0.18307986120520947,1.0049108806717306,0.00015313879330026826,423.78618031915545,0.22140396706903928,1.004643638785959,0.00018715476650249882,348.75541844195135,0.22140396706903928,1.004643638785959,1.00957732381365
398168.9453125,1.1478271484375,290.0146484375,0.25520019531250004,0.23132324218750003,18786.198496818542,9189.453125,0.16763787553477236,1.0050199505132378,0.00019848811027337585,437.5267258119859,0.18692101184924323,1.0049408804730227,0.00022311850267309321,392.5092738414231,0.18692101184924323,1.0049408804730227,1.0099856339617268
398388.671875,1.801513671875,77.099609375,0.28676757812500003,0.38813476562500004,79869.35758590698,5089.84375,0.1579463701428119,1.0050539964699547,0.0006756806523781433,523.437185225076,0.16624821597393447,1.00485718123459,0.0007140300207195163,497.91163100483317,0.16624821597393447,1.00485718123459,1.0099357258813582
398461.9140625,0.7742919921875,178.7841796875,0.24260253906250004,0.1062255859375,115842.43476390839,5712.890625,0.1621635586512273,1.0049056637677876,0.00031592431206020394,497.26715209418006,0.17020866081586736,1.004523908330883,0.00034861736208310917,465.43875388771585,0.17020866081586736,1.004523908330883,1.0094517648718582
398681.640625,0.680908203125,251.416015625,0.318115234375,0.3556152343750001,52828.53841781616,2582.03125,0.15953757570752453,1.0051479726822599,0.00023254376236008306,609.6053205779575,0.16966166309915326,1.005273950966893,0.0002484985934746486,574.6531927395675,0.16966166309915326,1.005273950966893,1.010449073804658
398754.8828125,1.8948974609375,322.5537109375,0.2089111328125,0.14987792968750002,139638.45145702362,2205.078125,0.18047379637474587,1.0050703940932353,0.0002114207915779356,604.4077341930348,0.21531201745358888,1.0050977482019747,0.00025930438227358705,510.1612793483107,0.21531201745358888,1.0050977482019747,1.010193989887582
398974.609375,1.447021484375,274.326171875,0.349462890625,0.15903320312500002,53554.51154708862,5792.96875,0.1668334608490096,1.0050580836148497,0.00023245068411315898,504.7239439997203,0.1855169468167235,1.0050314715734276,0.0002594125166981,454.88580507096043,0.1855169468167235,1.0050314715734276,1.0101150047922014
399047.8515625,0.9764404296875,385.3076171875,0.1588134765625,0.32829589843750007,160237.9254102707,5416.015625,0.17216208862882373,1.005220163199668,0.00015816079395113998,491.5179920546402,0.19777667283900224,1.0050884923300742,0.00018213735946957357,429.82916875125244,0.19777667283900224,1.0050884923300742,1.0103352182901455
399267.578125,1.070556640625,141.845703125,0.383154296875,0.13471679687500002,24544.694423675537,2285.15625,0.15657536269959693,1.005027292372072,0.0003898263362540653,626.4011098023535,0.16340060203542559,1.005011633462626,0.0004092803753572297,601.6494622071286,0.16340060203542559,1.005011633462626,1.0100641207813763
399340.8203125,1.3529052734375,198.3740234375,0.1274658203125,0.3778076171875,187324.7345685959,2908.203125,0.1664539354228166,1.0051671674951914,0.0002954938607902652,574.9211997971718,0.18431943355729222,1.005150442755144,0.00033133896415883684,521.6120111153018,0.18431943355729222,1.005150442755144,1.0103442234507258
399560.546875,0.694091796875,328.115234375,0.114501953125,0.22290039062500003,104519.35148239136,6808.59375,0.16423158462746404,1.0048820076055593,0.00017837804296520115,468.5535641650683,0.17972409597270111,1.0044110338647525,0.00019542840259734098,428.7583613009848,0.17972409597270111,1.0044110338647525,1.009314576171188
399633.7890625,1.7293701171875,267.7685546875,0.3750244140625001,0.27849121093750007,93067.85666942596,6431.640625,0.1709262873164035,1.0051405778758582,0.00023812937466438912,496.14302308496156,0.19440870887776485,1.0049996566015136,0.00027200207174175883,436.7433025075452,0.19440870887776485,1.0049996566015136,1.0101659356014845
399853.515625,1.823486328125,173.056640625,0.148193359375,0.183349609375,130210.51931381226,9300.78125,0.1684606195317563,1.0049018272479424,0.0003150530273119542,428.9292146982821,0.1886662043514865,1.004883025577944,0.000355715580839967,382.9948809144673,0.1886662043514865,1.004883025577944,1.0098087885737168
399926.7578125,0.5999755859375,60.9130859375,0.34367675781250007,0.31511230468750007,70378.30436229706,9923.828125,0.1524995600982972,1.0052097246446763,0.0007777305337271687,438.9305000477269,0.15504613249539845,1.0050651899411904,0.0007892695688933946,431.58371196715694,0.15504613249539845,1.0050651899411904,1.0103013028307333
